{
"type": "FeatureCollection",
"name": "06005",
"crs": { "type": "name", "properties": { "name": "urn:ogc:def:crs:OGC:1.3:CRS84" } },
"features": [
{ "type": "Feature", "properties": { "csb_id": "061825005113727", "acres": 4.4779001990185101, "geoid": "06005" }, "geometry": { "type": "Polygon", "coordinates": [ [ [ -120.808389360160092, 38.370888648688904 ], [ -120.80874868570622, 38.370888649228554 ], [ -120.80874868575971, 38.371427638002309 ], [ -120.808119864971374, 38.371427637948734 ], [ -120.808119865301819, 38.37205645838948 ], [ -120.807760538975813, 38.372505616128585 ], [ -120.807221550393862, 38.372505616513941 ], [ -120.807221550095889, 38.372325953503307 ], [ -120.807491044285172, 38.372325953490574 ], [ -120.807491045081122, 38.372056458511899 ], [ -120.806592729504743, 38.372056458196276 ], [ -120.806592729056746, 38.372325953346113 ], [ -120.806323235142429, 38.372595448032833 ], [ -120.80596390868557, 38.372595448110772 ], [ -120.805963908618878, 38.372056458964998 ], [ -120.806323234824859, 38.371697132226977 ], [ -120.807491044281818, 38.371697132253267 ], [ -120.807491045055528, 38.37115814337281 ], [ -120.808389360132566, 38.371158143277832 ], [ -120.808389360160092, 38.370888648688904 ] ] ] } },
{ "type": "Feature", "properties": { "csb_id": "061825005113730", "acres": 23.917576006306799, "geoid": "06005" }, "geometry": { "type": "Polygon", "coordinates": [ [ [ -120.655855424803988, 38.361725833200424 ], [ -120.655855424539652, 38.36100718078135 ], [ -120.655496098977849, 38.361097011745542 ], [ -120.655496098205347, 38.361456338704258 ], [ -120.655316435202039, 38.361456338454957 ], [ -120.655136772644397, 38.361276675555835 ], [ -120.65513677260742, 38.360827517971089 ], [ -120.655316434891574, 38.360827517391591 ], [ -120.655316436014033, 38.360647854770576 ], [ -120.655136772756705, 38.360647854716731 ], [ -120.65513677260742, 38.360827517971089 ], [ -120.654867277619985, 38.36082751728415 ], [ -120.654867278229588, 38.361097012251157 ], [ -120.654687615285695, 38.361097012175016 ], [ -120.654058794000278, 38.360378359774124 ], [ -120.654058794555269, 38.360198696974187 ], [ -120.654597783160611, 38.359569876120716 ], [ -120.655136772237157, 38.359929201914866 ], [ -120.655136772719729, 38.360198697120552 ], [ -120.655496098493202, 38.360108865424422 ], [ -120.655496098879425, 38.359929201935898 ], [ -120.655136772237157, 38.359929201914866 ], [ -120.655136772682795, 38.359749539516173 ], [ -120.655585929930481, 38.359480044414063 ], [ -120.658640202263683, 38.359569875665457 ], [ -120.658640202186987, 38.361725832395443 ], [ -120.658280875839509, 38.361725833229514 ], [ -120.658280876578146, 38.362534316793749 ], [ -120.657382560669959, 38.36253431688376 ], [ -120.656214750651785, 38.362174990171297 ], [ -120.655855424803988, 38.361725833200424 ] ] ] } },
{ "type": "Feature", "properties": { "csb_id": "061825005113734", "acres": 8.8711978666298101, "geoid": "06005" }, "geometry": { "type": "Polygon", "coordinates": [ [ [ -120.968738637572628, 38.308455736301134 ], [ -120.967893485188981, 38.30877839271583 ], [ -120.96694200733215, 38.308815063077134 ], [ -120.967121670171181, 38.308186241978824 ], [ -120.967391165361079, 38.30791674745182 ], [ -120.967391165638631, 38.307108263490804 ], [ -120.967750491715094, 38.307108263220663 ], [ -120.967391164837096, 38.306389611472866 ], [ -120.967989807599949, 38.306509620669999 ], [ -120.968918301803654, 38.307108263797595 ], [ -120.96891830153038, 38.307916747556412 ], [ -120.969367458751805, 38.307916747663668 ], [ -120.96945729099717, 38.307557421365964 ], [ -120.96981661674613, 38.308006578334201 ], [ -120.969816616066382, 38.308455736595391 ], [ -120.968738637572628, 38.308455736301134 ] ], [ [ -120.968289480110641, 38.307737083925076 ], [ -120.968019986356992, 38.307916747191591 ], [ -120.968289480984893, 38.308006578749449 ], [ -120.968289480110641, 38.307737083925076 ] ] ] } },
{ "type": "Feature", "properties": { "csb_id": "061825005113745", "acres": 3.6593286785776802, "geoid": "06005" }, "geometry": { "type": "Polygon", "coordinates": [ [ [ -120.90882100918553, 38.300730224813726 ], [ -120.909180334368685, 38.300730224962692 ], [ -120.909449829696868, 38.300999719647287 ], [ -120.909449829460542, 38.301359046180117 ], [ -120.908821008300464, 38.301628540073949 ], [ -120.907024378140363, 38.301628540224229 ], [ -120.907024378610302, 38.301359045497598 ], [ -120.907293872345591, 38.300999719392422 ], [ -120.908821008318981, 38.300999720075609 ], [ -120.90882100918553, 38.300730224813726 ] ] ] } },
{ "type": "Feature", "properties": { "csb_id": "061825005113748", "acres": 62.798825956874303, "geoid": "06005" }, "geometry": { "type": "Polygon", "coordinates": [ [ [ -120.963887734110827, 38.298753931572328 ], [ -120.96406739853974, 38.299113257798957 ], [ -120.964336893689463, 38.299113257373165 ], [ -120.964336892985941, 38.298933594559259 ], [ -120.964067398195681, 38.298933594123497 ], [ -120.964067398151357, 38.298753931307694 ], [ -120.964516555507942, 38.298753931915797 ], [ -120.964786050105872, 38.298214942611317 ], [ -120.965145375634393, 38.298214942872349 ], [ -120.96559453315156, 38.298933595089089 ], [ -120.966582683333655, 38.299652246925142 ], [ -120.966492849822515, 38.300011573409044 ], [ -120.966043691516745, 38.300281067413593 ], [ -120.966043691678266, 38.300909888409159 ], [ -120.966313185401361, 38.300909888090111 ], [ -120.966313185905051, 38.30064039345195 ], [ -120.966942006385111, 38.300640394177748 ], [ -120.966942007888903, 38.300909887954347 ], [ -120.966582680838826, 38.300909888671882 ], [ -120.966942007462976, 38.301179383051625 ], [ -120.966942007338403, 38.301538708825326 ], [ -120.967211502301765, 38.301808203811376 ], [ -120.968469143359542, 38.302257360954094 ], [ -120.969097964172306, 38.302077698278211 ], [ -120.969097963975742, 38.301808203527976 ], [ -120.96963695247841, 38.301808203920281 ], [ -120.969636950906576, 38.302437024223117 ], [ -120.969097961720351, 38.303065845702903 ], [ -120.969097961617067, 38.303335339571781 ], [ -120.968738637108487, 38.303335339899114 ], [ -120.968738637101367, 38.303604834393624 ], [ -120.96909796292843, 38.303604834066228 ], [ -120.969097961617067, 38.303335339571781 ], [ -120.969636952923665, 38.303335339863011 ], [ -120.969636952568536, 38.303604834191098 ], [ -120.969996279295103, 38.303604833823421 ], [ -120.969996278418705, 38.304503149069618 ], [ -120.969636952056192, 38.304503149371932 ], [ -120.969636952411321, 38.304233655057871 ], [ -120.968738637356367, 38.304233654499853 ], [ -120.968738637349247, 38.304503148980302 ], [ -120.969097965341732, 38.304503149116329 ], [ -120.969097962902595, 38.304862475646189 ], [ -120.968738636789269, 38.305131970147109 ], [ -120.967840322663619, 38.305131969788569 ], [ -120.967211501109972, 38.304233655163685 ], [ -120.966852175252257, 38.304053991627811 ], [ -120.965684366682225, 38.303964160036259 ], [ -120.965684366026849, 38.303784496578572 ], [ -120.965414871877385, 38.303604833652592 ], [ -120.964157230481476, 38.30360483431862 ], [ -120.964157228573015, 38.302437024033594 ], [ -120.963797903738183, 38.302437023838969 ], [ -120.963797904383426, 38.301628540375368 ], [ -120.963618241534064, 38.301538708639313 ], [ -120.963618239998709, 38.301179382894723 ], [ -120.963258913513187, 38.301179382746675 ], [ -120.96325891347638, 38.300909888706563 ], [ -120.962360599270497, 38.300909888629782 ], [ -120.962360598444548, 38.300281067858563 ], [ -120.962091103852984, 38.300281067565805 ], [ -120.962091103409051, 38.299382752141859 ], [ -120.960743631493202, 38.299382752417152 ], [ -120.960743630551192, 38.298933594701474 ], [ -120.961731778300688, 38.298484437192371 ], [ -120.962719926241917, 38.298574268550226 ], [ -120.962719925519451, 38.298753931766193 ], [ -120.963887734110827, 38.298753931572328 ] ] ] } },
{ "type": "Feature", "properties": { "csb_id": "061825005113749", "acres": 7.6577457990048403, "geoid": "06005" }, "geometry": { "type": "Polygon", "coordinates": [ [ [ -120.953916435300386, 38.299652247516057 ], [ -120.953916435931347, 38.299382753044505 ], [ -120.952928289475722, 38.299292920824364 ], [ -120.952838457718769, 38.298574268486433 ], [ -120.953107952016992, 38.298574268417283 ], [ -120.953287615690968, 38.298304774304533 ], [ -120.953287613571703, 38.297855616115385 ], [ -120.953557109633209, 38.297675952957604 ], [ -120.954635088537216, 38.298214942503087 ], [ -120.955084246000538, 38.298214942676765 ], [ -120.955263909583479, 38.29893359497688 ], [ -120.955623234610798, 38.298933594335843 ], [ -120.955623233011949, 38.299472584113389 ], [ -120.955263908692132, 38.29947258405965 ], [ -120.955263908023028, 38.299203089752027 ], [ -120.954635087517275, 38.299203090070343 ], [ -120.953916435300386, 38.299652247516057 ] ] ] } },
{ "type": "Feature", "properties": { "csb_id": "061825005113758", "acres": 24.0392789608416, "geoid": "06005" }, "geometry": { "type": "Polygon", "coordinates": [ [ [ -120.958408012979618, 38.296687806473827 ], [ -120.957240202575747, 38.296687806171427 ], [ -120.957240202275912, 38.296328480082991 ], [ -120.955443570776069, 38.296328480488377 ], [ -120.955263908683733, 38.295519996560863 ], [ -120.954455425109416, 38.295160669856095 ], [ -120.954185930789578, 38.29462168070031 ], [ -120.954365593690312, 38.294262354692883 ], [ -120.955443572111591, 38.294262354568367 ], [ -120.955982560280958, 38.294082691950081 ], [ -120.956521550088354, 38.29435218615253 ], [ -120.958048684688364, 38.294531849794538 ], [ -120.958947001928934, 38.294531849751593 ], [ -120.959306327128019, 38.294262354705864 ], [ -120.959935148451294, 38.294262354798121 ], [ -120.95993514852745, 38.294801344486707 ], [ -120.960294474939488, 38.294801344183504 ], [ -120.960294474282833, 38.295430163641065 ], [ -120.959665653593788, 38.295430165024896 ], [ -120.959665653712591, 38.295789490864365 ], [ -120.959036833075885, 38.295789491153663 ], [ -120.958408012979618, 38.296687806473827 ] ], [ [ -120.959485990254791, 38.294801344366398 ], [ -120.959306327348472, 38.294801344329414 ], [ -120.95930632648934, 38.295250501628423 ], [ -120.959485990494301, 38.295250501665336 ], [ -120.959485990254791, 38.294801344366398 ] ] ] } },
{ "type": "Feature", "properties": { "csb_id": "061825005113784", "acres": 26.761877294532901, "geoid": "06005" }, "geometry": { "type": "Polygon", "coordinates": [ [ [ -120.935680635145758, 38.291926735258457 ], [ -120.935411140539856, 38.291657240368018 ], [ -120.934602657778925, 38.291657240763861 ], [ -120.934602657060452, 38.291297914555301 ], [ -120.934961983699154, 38.29129791447 ], [ -120.934961983310288, 38.291028419734552 ], [ -120.934063668445106, 38.290399599260084 ], [ -120.932177206236418, 38.290399599695228 ], [ -120.932177205925214, 38.290669094313365 ], [ -120.930380575810076, 38.290669094134032 ], [ -120.93011108060476, 38.290399599190053 ], [ -120.930111081208963, 38.290130104232361 ], [ -120.929482260092982, 38.290130104871267 ], [ -120.929482260526001, 38.290399599134815 ], [ -120.929212765189092, 38.290399599129614 ], [ -120.929212765071611, 38.28977077854401 ], [ -120.928853439189879, 38.289501284115218 ], [ -120.928044955844172, 38.289411452295305 ], [ -120.928044956125248, 38.289052126020913 ], [ -120.929572092260557, 38.28878263149187 ], [ -120.929931418161431, 38.289052126417353 ], [ -120.929931418310034, 38.288782631668411 ], [ -120.930200912323087, 38.288423305341766 ], [ -120.930560239345837, 38.288243643337509 ], [ -120.930560238646649, 38.287255497126047 ], [ -120.93082973367855, 38.287255495541864 ], [ -120.930829733182136, 38.287524990149144 ], [ -120.931458553724411, 38.287524990117831 ], [ -120.931728048804445, 38.287345327304344 ], [ -120.931728048800295, 38.288153811004257 ], [ -120.932536532411859, 38.287974147615387 ], [ -120.932536532453028, 38.289231789669387 ], [ -120.93038057547281, 38.289231789157 ], [ -120.930380575857299, 38.289501284129727 ], [ -120.931009396077812, 38.289770779034413 ], [ -120.93163821681182, 38.28977077833963 ], [ -120.931638216870979, 38.289501284169177 ], [ -120.932536532046029, 38.289501283676849 ], [ -120.932536531938368, 38.289770778541438 ], [ -120.933704341839558, 38.289770778272192 ], [ -120.933704342720446, 38.289501284205286 ], [ -120.934063668074359, 38.289501284264041 ], [ -120.934063667708386, 38.290130104342133 ], [ -120.934602656900736, 38.290130104563481 ], [ -120.934602657271384, 38.290669093597216 ], [ -120.934961983362967, 38.290669093910815 ], [ -120.934961983699921, 38.290130104182815 ], [ -120.935231477629245, 38.289770778499211 ], [ -120.935590804683599, 38.289770778634249 ], [ -120.935860298742384, 38.290130105047169 ], [ -120.935860298906448, 38.291208083352757 ], [ -120.936309456480402, 38.291208083142912 ], [ -120.935680635145758, 38.291926735258457 ] ] ] } },
{ "type": "Feature", "properties": { "csb_id": "061825005113786", "acres": 12.306372664911301, "geoid": "06005" }, "geometry": { "type": "Polygon", "coordinates": [ [ [ -120.93595012985638, 38.28968094686121 ], [ -120.934961983363706, 38.289501283577884 ], [ -120.934961983027506, 38.28887246294827 ], [ -120.934063668140979, 38.28887246329959 ], [ -120.934063668452339, 38.289231789099581 ], [ -120.933704342187283, 38.28923178950366 ], [ -120.933704341686322, 38.288602968361225 ], [ -120.933434847418539, 38.288602968595399 ], [ -120.933434846963038, 38.288872463307712 ], [ -120.933165353120629, 38.288872463581427 ], [ -120.932806027216202, 38.288602968435022 ], [ -120.932806026851978, 38.287884316527709 ], [ -120.932536532047735, 38.287524990183357 ], [ -120.93352467861763, 38.287704653284017 ], [ -120.933524679276786, 38.287884316281904 ], [ -120.933884004699593, 38.287704653739858 ], [ -120.933884005390965, 38.287524990277163 ], [ -120.93415349964684, 38.287524990087455 ], [ -120.934153499282928, 38.287884316149203 ], [ -120.935051814793965, 38.287704653212117 ], [ -120.935051815148441, 38.288153811062386 ], [ -120.937477266773612, 38.288153811163632 ], [ -120.937477264345091, 38.288423305676851 ], [ -120.93657894923399, 38.288782631851717 ], [ -120.936129793804511, 38.289231789398926 ], [ -120.93612979371953, 38.289501284228571 ], [ -120.93595012985638, 38.28968094686121 ] ] ] } },
{ "type": "Feature", "properties": { "csb_id": "061825005113805", "acres": 45.7801312036623, "geoid": "06005" }, "geometry": { "type": "Polygon", "coordinates": [ [ [ -120.937028108459799, 38.288153811356601 ], [ -120.935411141280852, 38.288153811195599 ], [ -120.935231478026026, 38.287704653609353 ], [ -120.934422994041697, 38.287884316461785 ], [ -120.934422994828921, 38.287704653631316 ], [ -120.934153499282928, 38.287884316149203 ], [ -120.93415349964684, 38.287524990087455 ], [ -120.933884005390965, 38.287524990277163 ], [ -120.933884004699593, 38.287704653739858 ], [ -120.932536532047735, 38.287524990183357 ], [ -120.932177205619666, 38.28698600144466 ], [ -120.932356868979895, 38.285997854199763 ], [ -120.932626363722719, 38.285997854245927 ], [ -120.932985689522553, 38.285458865151632 ], [ -120.932985689599889, 38.284830045016157 ], [ -120.933255184001254, 38.284830044713033 ], [ -120.933524678576021, 38.285099539457349 ], [ -120.933884004775365, 38.2850995390911 ], [ -120.934422993701446, 38.284201223597393 ], [ -120.935860299254145, 38.284201223693458 ], [ -120.935950129660725, 38.284021560597047 ], [ -120.936309456533962, 38.283931728848628 ], [ -120.937207771932663, 38.284021560599278 ], [ -120.938285750391984, 38.283752065821631 ], [ -120.938375581088223, 38.283572403237116 ], [ -120.938734907136578, 38.283572402877184 ], [ -120.939004402322084, 38.284560549781112 ], [ -120.938734908062045, 38.284560549930205 ], [ -120.938734907718597, 38.284830044106045 ], [ -120.938375581391327, 38.284830044170349 ], [ -120.93801625581456, 38.284560549471472 ], [ -120.938016255525227, 38.285458864757757 ], [ -120.937656928759679, 38.285548696650999 ], [ -120.937656929623699, 38.286357180875974 ], [ -120.937207771291725, 38.28662667507276 ], [ -120.937477266367239, 38.287255495696208 ], [ -120.937477266673341, 38.287884316247144 ], [ -120.937028108459799, 38.288153811356601 ] ] ] } },
{ "type": "Feature", "properties": { "csb_id": "061825008587205", "acres": 3.2320983752597998, "geoid": "06005" }, "geometry": { "type": "Polygon", "coordinates": [ [ [ -120.792871150431324, 38.550462516838905 ], [ -120.792242329046559, 38.550462516597378 ], [ -120.792242329392877, 38.549833696536318 ], [ -120.792601655753018, 38.549833695670387 ], [ -120.792601655439668, 38.549294706501726 ], [ -120.792871150091358, 38.549294707090347 ], [ -120.792871149952106, 38.548935380386609 ], [ -120.793140644698752, 38.548935381018495 ], [ -120.793140644743076, 38.549294707090375 ], [ -120.793499970771506, 38.549294706826153 ], [ -120.793589802436557, 38.55019302244844 ], [ -120.792871150431324, 38.550462516838905 ] ] ] } },
{ "type": "Feature", "properties": { "csb_id": "061825008587207", "acres": 4.2355536692048998, "geoid": "06005" }, "geometry": { "type": "Polygon", "coordinates": [ [ [ -120.820718923187684, 38.549564201347955 ], [ -120.82071892265968, 38.548665887722343 ], [ -120.820988418827199, 38.548037065218303 ], [ -120.821886733987924, 38.548037065345689 ], [ -120.821886734014939, 38.549833696857348 ], [ -120.821347744029268, 38.54983369650283 ], [ -120.821347742980549, 38.549564202026659 ], [ -120.820718923187684, 38.549564201347955 ] ], [ [ -120.821617238446919, 38.54866588665427 ], [ -120.82134774622466, 38.548665886959178 ], [ -120.821347743916377, 38.548935382122188 ], [ -120.821617237950733, 38.54893538072502 ], [ -120.821617238446919, 38.54866588665427 ] ] ] } },
{ "type": "Feature", "properties": { "csb_id": "061825008587211", "acres": 2.7401453896826902, "geoid": "06005" }, "geometry": { "type": "Polygon", "coordinates": [ [ [ -120.769514951477106, 38.54740824471606 ], [ -120.769514952043707, 38.546240434788068 ], [ -120.769604784281839, 38.54650992922474 ], [ -120.770143773203685, 38.54650992918517 ], [ -120.770143773321138, 38.546869256032245 ], [ -120.770772594398338, 38.547408244922948 ], [ -120.770772593648104, 38.547767570741271 ], [ -120.769874279112102, 38.547767571146053 ], [ -120.769514951477106, 38.54740824471606 ] ] ] } },
{ "type": "Feature", "properties": { "csb_id": "061825008587213", "acres": 20.1135770865647, "geoid": "06005" }, "geometry": { "type": "Polygon", "coordinates": [ [ [ -120.783438839792353, 38.54776757117093 ], [ -120.783169344725849, 38.54776757061228 ], [ -120.783169344589396, 38.548037065958518 ], [ -120.783438839230314, 38.548037065885197 ], [ -120.783438839792353, 38.54776757117093 ], [ -120.783798165433041, 38.548306559740631 ], [ -120.784965975667731, 38.548306560235346 ], [ -120.784965976141422, 38.549294707251754 ], [ -120.784696480450734, 38.549294707154552 ], [ -120.784696481119866, 38.54893538114775 ], [ -120.78442698621302, 38.548665886145322 ], [ -120.784067660444435, 38.548665886422611 ], [ -120.783438839865227, 38.54929470692435 ], [ -120.783169345369217, 38.54929470693947 ], [ -120.78316934510373, 38.548935380818932 ], [ -120.782271029280054, 38.548935381082401 ], [ -120.782271029910945, 38.549294707144789 ], [ -120.781642208426859, 38.549294706672818 ], [ -120.781642208644541, 38.548935381070478 ], [ -120.780474399059116, 38.549025212180368 ], [ -120.77984557900588, 38.548665886377222 ], [ -120.779845578194099, 38.548306560032891 ], [ -120.780115073269229, 38.548037065092231 ], [ -120.780743893348969, 38.548037065875256 ], [ -120.780564231149285, 38.546869255540599 ], [ -120.781103219633863, 38.546779424098681 ], [ -120.781642208647241, 38.546959086849455 ], [ -120.781642208919337, 38.546509929864804 ], [ -120.782079786400971, 38.546318686898253 ], [ -120.783169345500227, 38.546240434956886 ], [ -120.783169345330592, 38.546869255539768 ], [ -120.782899850811305, 38.546869256806573 ], [ -120.783438839323082, 38.547408244829867 ], [ -120.783438839792353, 38.54776757117093 ] ] ] } },
{ "type": "Feature", "properties": { "csb_id": "061825008587214", "acres": 25.5392510854597, "geoid": "06005" }, "geometry": { "type": "Polygon", "coordinates": [ [ [ -120.793769463797432, 38.547138750142807 ], [ -120.793589801038991, 38.547138751833728 ], [ -120.793589802408079, 38.547408244597634 ], [ -120.79376946530644, 38.547408244860755 ], [ -120.793769463797432, 38.547138750142807 ], [ -120.794667780653285, 38.547138750061379 ], [ -120.794667780923291, 38.547767570557156 ], [ -120.795566095483068, 38.548306560625385 ], [ -120.795925421588009, 38.548306560594845 ], [ -120.795925420977113, 38.548665886838563 ], [ -120.793769463917471, 38.548665886781322 ], [ -120.793769464781562, 38.547767570751567 ], [ -120.792871149612125, 38.547767570669365 ], [ -120.79287115035082, 38.548037065791966 ], [ -120.793140645147417, 38.548037065733432 ], [ -120.793140644698752, 38.548935381018495 ], [ -120.792871149952106, 38.548935380386609 ], [ -120.792871150091358, 38.549294707090347 ], [ -120.792601655439668, 38.549294706501726 ], [ -120.792062666385675, 38.548935380361129 ], [ -120.792242328984003, 38.548755717400546 ], [ -120.792242328826333, 38.548306560046335 ], [ -120.790445697654206, 38.548306559950497 ], [ -120.790176204572077, 38.547498076633154 ], [ -120.7902660362451, 38.547138751012447 ], [ -120.789996540901853, 38.545342120054464 ], [ -120.791613508560985, 38.545342119915716 ], [ -120.791613509145819, 38.54561161410691 ], [ -120.790715193505633, 38.545611614021972 ], [ -120.790715193320111, 38.545881108616086 ], [ -120.791433845832898, 38.545701445550712 ], [ -120.79197283487531, 38.546240435025425 ], [ -120.793769465350195, 38.54650992994241 ], [ -120.793769463797432, 38.547138750142807 ] ] ] } },
{ "type": "Feature", "properties": { "csb_id": "061825008587218", "acres": 3.6568007540647098, "geoid": "06005" }, "geometry": { "type": "Polygon", "coordinates": [ [ [ -120.80230346082709, 38.546240434568581 ], [ -120.79960851452708, 38.546330266839021 ], [ -120.799518683217741, 38.545791277561555 ], [ -120.802572955789103, 38.545701446072037 ], [ -120.802572954865937, 38.54597094056269 ], [ -120.80230346082709, 38.546240434568581 ] ] ] } },
{ "type": "Feature", "properties": { "csb_id": "061825008587221", "acres": 4.2453717163297702, "geoid": "06005" }, "geometry": { "type": "Polygon", "coordinates": [ [ [ -120.769604784281839, 38.54650992922474 ], [ -120.769604784832921, 38.545342119946362 ], [ -120.771401414287055, 38.545342119909016 ], [ -120.77140141443445, 38.545881109308318 ], [ -120.770772594563908, 38.545970940407464 ], [ -120.770772594001244, 38.546240434764442 ], [ -120.770503099649062, 38.546509929287332 ], [ -120.769604784281839, 38.54650992922474 ] ] ] } },
{ "type": "Feature", "properties": { "csb_id": "061825008587222", "acres": 3.0199943103488698, "geoid": "06005" }, "geometry": { "type": "Polygon", "coordinates": [ [ [ -120.779576083582839, 38.545701445881548 ], [ -120.780743893283145, 38.545701445588264 ], [ -120.781103219974497, 38.546240434685252 ], [ -120.781103219647861, 38.546599760672976 ], [ -120.77957608332791, 38.546509929247129 ], [ -120.779576083582839, 38.545701445881548 ] ] ] } },
{ "type": "Feature", "properties": { "csb_id": "061825008587226", "acres": 23.995850989312402, "geoid": "06005" }, "geometry": { "type": "Polygon", "coordinates": [ [ [ -120.795566095483068, 38.548306560625385 ], [ -120.794667780923291, 38.547767570557156 ], [ -120.794667780653285, 38.547138750061379 ], [ -120.793769463797432, 38.547138750142807 ], [ -120.793769463706226, 38.546869256057917 ], [ -120.794667780612087, 38.546869255286104 ], [ -120.795296600945591, 38.54650993003051 ], [ -120.795296601167834, 38.545881109259312 ], [ -120.795027106621859, 38.545881109143906 ], [ -120.795027106376807, 38.54561161414415 ], [ -120.795296601049685, 38.545611614029369 ], [ -120.796554242791998, 38.544803130962521 ], [ -120.796554242818715, 38.544533635678711 ], [ -120.796284747562183, 38.544533635783203 ], [ -120.796284747827059, 38.544174310196105 ], [ -120.797093232424174, 38.544713298912434 ], [ -120.797093231844855, 38.544982793795405 ], [ -120.797991547471099, 38.544982793874198 ], [ -120.79799154728012, 38.544713299392846 ], [ -120.798350873581086, 38.544713298787968 ], [ -120.798710199660491, 38.544982793170284 ], [ -120.798979694117151, 38.545611614572515 ], [ -120.7988898622514, 38.545881108932385 ], [ -120.798350872854769, 38.545881109098701 ], [ -120.798350873576837, 38.546509929531396 ], [ -120.799249188475017, 38.546509929998123 ], [ -120.799249187279656, 38.547228581784474 ], [ -120.798889860941273, 38.547228582473828 ], [ -120.798710197732902, 38.546959087359234 ], [ -120.798081378304047, 38.546959087574272 ], [ -120.79772205280527, 38.547138750308569 ], [ -120.797722052900582, 38.547767570695882 ], [ -120.797362726529542, 38.547767571017211 ], [ -120.797362725979056, 38.547408244490221 ], [ -120.797093232506839, 38.547138750889296 ], [ -120.796823737730833, 38.547138750099634 ], [ -120.796464411329538, 38.547408245514632 ], [ -120.795925421588009, 38.548306560594845 ], [ -120.795566095483068, 38.548306560625385 ] ], [ [ -120.797722052315848, 38.545881108691916 ], [ -120.797991547834371, 38.545881109184513 ], [ -120.797991547344566, 38.545611613837259 ], [ -120.797722053116985, 38.545611614206607 ], [ -120.797722052315848, 38.545881108691916 ], [ -120.797452558513939, 38.545881109104336 ], [ -120.797362726361186, 38.545611614013502 ], [ -120.797093231313397, 38.545611614101411 ], [ -120.797183063593025, 38.54588110915833 ], [ -120.797722052093235, 38.546240434808013 ], [ -120.797722052315848, 38.545881108691916 ] ] ] } },
{ "type": "Feature", "properties": { "csb_id": "061825008587234", "acres": 16.366214486279802, "geoid": "06005" }, "geometry": { "type": "Polygon", "coordinates": [ [ [ -120.802093619989719, 38.545581436612956 ], [ -120.799339019830171, 38.545611613964425 ], [ -120.799339019766762, 38.544623467657701 ], [ -120.802475667333383, 38.544298793161701 ], [ -120.802303460406961, 38.544084478211609 ], [ -120.800416997559992, 38.544353972998749 ], [ -120.800416997169364, 38.544084479494799 ], [ -120.801315312078117, 38.544084478184949 ], [ -120.802303461203238, 38.543814983959344 ], [ -120.802842449587729, 38.54300650043654 ], [ -120.803471270639221, 38.542916668684946 ], [ -120.803740764855661, 38.543006499909865 ], [ -120.80374076504215, 38.543186162704792 ], [ -120.804100091241708, 38.543186163225982 ], [ -120.804100091064569, 38.543814983818081 ], [ -120.803740765434213, 38.543814983468138 ], [ -120.803471269828421, 38.544084478238048 ], [ -120.803471270611496, 38.545072624781881 ], [ -120.803201775576284, 38.545342119541445 ], [ -120.802093619989719, 38.545581436612956 ] ] ] } },
{ "type": "Feature", "properties": { "csb_id": "061825008587239", "acres": 19.197572476449299, "geoid": "06005" }, "geometry": { "type": "Polygon", "coordinates": [ [ [ -120.794398284747018, 38.545881108692939 ], [ -120.794488116509569, 38.545611614561736 ], [ -120.793140644269613, 38.545611614038819 ], [ -120.793140645075667, 38.545342119328929 ], [ -120.79349997110053, 38.545342119692506 ], [ -120.793499969894583, 38.544713298707372 ], [ -120.793140643599244, 38.544713299034186 ], [ -120.793140644047938, 38.543814983812489 ], [ -120.793499969589632, 38.543814983657256 ], [ -120.793499969676503, 38.544443804863413 ], [ -120.793769464748991, 38.544443804347857 ], [ -120.793769463764875, 38.543814983773586 ], [ -120.795386432700383, 38.543814983314682 ], [ -120.795296599839702, 38.543186163507116 ], [ -120.796913567536293, 38.543275995056796 ], [ -120.797362725665991, 38.542916668196661 ], [ -120.797362726330462, 38.54354548871202 ], [ -120.797991545797871, 38.543814984329664 ], [ -120.798350873253838, 38.544353973082409 ], [ -120.797722051266902, 38.544443805570964 ], [ -120.797722052608535, 38.544084479235181 ], [ -120.797362726037164, 38.544084478699155 ], [ -120.797362725169791, 38.54444380457452 ], [ -120.797722051266902, 38.544443805570964 ], [ -120.79799154728012, 38.544713299392846 ], [ -120.797991547471099, 38.544982793874198 ], [ -120.797093231844855, 38.544982793795405 ], [ -120.797093232424174, 38.544713298912434 ], [ -120.796284747827059, 38.544174310196105 ], [ -120.796284747562183, 38.544533635783203 ], [ -120.796554242818715, 38.544533635678711 ], [ -120.796554242791998, 38.544803130962521 ], [ -120.795296601049685, 38.545611614029369 ], [ -120.794667778953027, 38.545611614550275 ], [ -120.794667778994253, 38.545881109319929 ], [ -120.794398284747018, 38.545881108692939 ] ] ] } },
{ "type": "Feature", "properties": { "csb_id": "061825008587241", "acres": 3.9271654368267601, "geoid": "06005" }, "geometry": { "type": "Polygon", "coordinates": [ [ [ -120.784965975933034, 38.542916668381494 ], [ -120.78478631258065, 38.542287848146131 ], [ -120.785055807655056, 38.54174885866464 ], [ -120.78532530209624, 38.541389532527219 ], [ -120.785954122541611, 38.541479364342528 ], [ -120.785864290633029, 38.542018353420296 ], [ -120.786223616749368, 38.542018353134978 ], [ -120.786223617029975, 38.542557342747045 ], [ -120.785864290794393, 38.542916668599389 ], [ -120.784965975933034, 38.542916668381494 ] ] ] } },
{ "type": "Feature", "properties": { "csb_id": "061825008587246", "acres": 12.2349253701032, "geoid": "06005" }, "geometry": { "type": "Polygon", "coordinates": [ [ [ -120.789277888914, 38.543545488938072 ], [ -120.786852436424425, 38.543635321052967 ], [ -120.786852437853213, 38.543186162823424 ], [ -120.786493110467319, 38.542916668980688 ], [ -120.785864290794393, 38.542916668599389 ], [ -120.786223617029975, 38.542557342747045 ], [ -120.786223616749368, 38.542018353134978 ], [ -120.785864290633029, 38.542018353420296 ], [ -120.785864291463696, 38.541659027168102 ], [ -120.786493111002187, 38.541659027202883 ], [ -120.78649311102005, 38.54201835391514 ], [ -120.786852436614708, 38.542018353752376 ], [ -120.786852436033627, 38.541389532408914 ], [ -120.787391425317182, 38.541389532299114 ], [ -120.787391426201793, 38.542557343199377 ], [ -120.787840583966428, 38.542557342622494 ], [ -120.788020247871486, 38.542108184584301 ], [ -120.788289741458414, 38.542018353209379 ], [ -120.789277888117255, 38.542018353366579 ], [ -120.789816878629864, 38.542557342162368 ], [ -120.789816878101462, 38.542916668652829 ], [ -120.789547382909021, 38.542916668178954 ], [ -120.789547383199135, 38.54318616270298 ], [ -120.789277888914, 38.543545488938072 ] ] ] } },
{ "type": "Feature", "properties": { "csb_id": "061825008587257", "acres": 3.4583827456018699, "geoid": "06005" }, "geometry": { "type": "Polygon", "coordinates": [ [ [ -120.793769465332431, 38.541030206328017 ], [ -120.793499970395942, 38.54085054343178 ], [ -120.793499970998113, 38.540581048511918 ], [ -120.792332160433588, 38.540581048937284 ], [ -120.792332161299385, 38.541120038431032 ], [ -120.792043366580913, 38.541079858974655 ], [ -120.791972834563325, 38.540491217810079 ], [ -120.791613508850006, 38.540491217831175 ], [ -120.791613508990125, 38.540131891467126 ], [ -120.792242328970147, 38.540221723009033 ], [ -120.792242329679425, 38.539862396818094 ], [ -120.792601655141638, 38.539862396229204 ], [ -120.792601656007136, 38.540131891087754 ], [ -120.792871150190848, 38.540491217057465 ], [ -120.793769464851337, 38.540491217349796 ], [ -120.793769465077432, 38.540131890638669 ], [ -120.794398285537355, 38.540131890892944 ], [ -120.794398286041641, 38.540940374445377 ], [ -120.793769465332431, 38.541030206328017 ] ] ] } },
{ "type": "Feature", "properties": { "csb_id": "061825008587262", "acres": 3.3579865574789398, "geoid": "06005" }, "geometry": { "type": "Polygon", "coordinates": [ [ [ -120.791164351372942, 38.540491217147213 ], [ -120.791164349904946, 38.5402217225759 ], [ -120.790805022609717, 38.539952228086008 ], [ -120.790176204622057, 38.539862397034568 ], [ -120.790176204138717, 38.53923357536128 ], [ -120.790445698455983, 38.539233576470487 ], [ -120.790445699334811, 38.538964081042103 ], [ -120.790715194077677, 38.538964082194411 ], [ -120.791972834389114, 38.539862396587544 ], [ -120.791972834058711, 38.540131891215957 ], [ -120.791613508990125, 38.540131891467126 ], [ -120.791613508850006, 38.540491217831175 ], [ -120.791164351372942, 38.540491217147213 ] ] ] } },
{ "type": "Feature", "properties": { "csb_id": "061825008587263", "acres": 3.8404535726561102, "geoid": "06005" }, "geometry": { "type": "Polygon", "coordinates": [ [ [ -120.775892991238479, 38.540491217523623 ], [ -120.77589299124206, 38.53986239603389 ], [ -120.77571332752791, 38.539592901615613 ], [ -120.775892991544168, 38.539233575412048 ], [ -120.777150632725267, 38.53923357536133 ], [ -120.777420127430901, 38.539592902079534 ], [ -120.777420127502126, 38.540131891318765 ], [ -120.776521811836261, 38.540131891283274 ], [ -120.77652181177659, 38.540491217176545 ], [ -120.775892991238479, 38.540491217523623 ] ] ] } },
{ "type": "Feature", "properties": { "csb_id": "061825008587266", "acres": 5.3653060657561999, "geoid": "06005" }, "geometry": { "type": "Polygon", "coordinates": [ [ [ -120.77984557881318, 38.539233576126037 ], [ -120.779665915642198, 38.53833526023945 ], [ -120.779845577825554, 38.537706439590551 ], [ -120.780115073791805, 38.53743694572438 ], [ -120.7807438935384, 38.537436945404757 ], [ -120.780743894170129, 38.538065766072037 ], [ -120.781372714618755, 38.538065766283196 ], [ -120.781372714459621, 38.5386945863821 ], [ -120.781072340819492, 38.539025138690924 ], [ -120.780564230259472, 38.539233575486548 ], [ -120.77984557881318, 38.539233576126037 ] ] ] } },
{ "type": "Feature", "properties": { "csb_id": "061825008587269", "acres": 2.9913651414131999, "geoid": "06005" }, "geometry": { "type": "Polygon", "coordinates": [ [ [ -120.797362726334285, 38.538335260369173 ], [ -120.796823736171547, 38.53833526083195 ], [ -120.796823736314337, 38.538694586847562 ], [ -120.7973627268847, 38.538694586845111 ], [ -120.797362726334285, 38.538335260369173 ], [ -120.797991547185163, 38.538335260291767 ], [ -120.797991547166433, 38.53869458659625 ], [ -120.797722052310377, 38.538964081083876 ], [ -120.795925420386013, 38.538964081589789 ], [ -120.79646441072434, 38.538065766221983 ], [ -120.797362726220243, 38.538065766375425 ], [ -120.797362726334285, 38.538335260369173 ] ] ] } },
{ "type": "Feature", "properties": { "csb_id": "061825008587270", "acres": 3.9466945771250299, "geoid": "06005" }, "geometry": { "type": "Polygon", "coordinates": [ [ [ -120.802572954721384, 38.538694586562691 ], [ -120.802572954811154, 38.538065765965449 ], [ -120.802213629127706, 38.538065766061017 ], [ -120.802213628648332, 38.537436945298019 ], [ -120.803201775881234, 38.537436944827078 ], [ -120.803471270754869, 38.537706439579566 ], [ -120.804369585148237, 38.537706439741584 ], [ -120.804369584131933, 38.538065766224527 ], [ -120.802572954721384, 38.538694586562691 ] ] ] } },
{ "type": "Feature", "properties": { "csb_id": "061825008587272", "acres": 3.9948927891735599, "geoid": "06005" }, "geometry": { "type": "Polygon", "coordinates": [ [ [ -120.819910440252826, 38.539323407379641 ], [ -120.819910439720758, 38.53905391300863 ], [ -120.819551114303337, 38.539053912683812 ], [ -120.819551113512645, 38.539323407054823 ], [ -120.819910440252826, 38.539323407379641 ], [ -120.819910440475184, 38.53995222810029 ], [ -120.819551114304218, 38.539952227946358 ], [ -120.819012124687063, 38.53905391284971 ], [ -120.818652799047882, 38.539053912724512 ], [ -120.818652798960144, 38.538425092361408 ], [ -120.819191787609157, 38.538335260469175 ], [ -120.81919178830465, 38.538065765470449 ], [ -120.818922293926988, 38.538065766184886 ], [ -120.818922293945548, 38.537526776881592 ], [ -120.819551113510883, 38.537526776557677 ], [ -120.819551113675189, 38.537886102434953 ], [ -120.81928161965989, 38.537886103072381 ], [ -120.819281619710495, 38.538784417628705 ], [ -120.820539260383782, 38.538784417936874 ], [ -120.820539260992973, 38.539053912767557 ], [ -120.820179934263848, 38.539323407382213 ], [ -120.819910440252826, 38.539323407379641 ] ] ] } },
{ "type": "Feature", "properties": { "csb_id": "061825008587273", "acres": 19.260520429720799, "geoid": "06005" }, "geometry": { "type": "Polygon", "coordinates": [ [ [ -120.793140643397251, 38.538694587023222 ], [ -120.793769466057782, 38.538694587491037 ], [ -120.793769464866187, 38.538335260157417 ], [ -120.793140643352899, 38.538335261011852 ], [ -120.793140643397251, 38.538694587023222 ], [ -120.792871149271804, 38.538694586629354 ], [ -120.792691487308346, 38.537706439341598 ], [ -120.791972834336065, 38.537167451051474 ], [ -120.791972834950414, 38.536808124244331 ], [ -120.792960981568399, 38.536808124770168 ], [ -120.793140645114718, 38.536897955662305 ], [ -120.793230476088652, 38.537257282011382 ], [ -120.793769464909929, 38.537436945365066 ], [ -120.794128791751746, 38.537167450647807 ], [ -120.795027107109675, 38.537167450795472 ], [ -120.795027107110116, 38.536538629711785 ], [ -120.79619491579146, 38.536538628759757 ], [ -120.795925422111679, 38.536808125808442 ], [ -120.795566095671305, 38.53680812458834 ], [ -120.795566095534724, 38.537167450307471 ], [ -120.795296601881674, 38.537167450730799 ], [ -120.795296600582148, 38.53743694529431 ], [ -120.795566095218518, 38.537706440297612 ], [ -120.795925420696022, 38.5377064398523 ], [ -120.795925421204174, 38.538065765806081 ], [ -120.796194915404783, 38.538065766423458 ], [ -120.795925421401265, 38.539233576160214 ], [ -120.795566094321629, 38.539233576316704 ], [ -120.79502710588244, 38.538964081426585 ], [ -120.795027105637445, 38.538694586455556 ], [ -120.794667780980589, 38.538694586811552 ], [ -120.794398285828308, 38.538964080816726 ], [ -120.794398286488217, 38.539862396147448 ], [ -120.794667780214056, 38.539862396941828 ], [ -120.794667779956526, 38.540131890825322 ], [ -120.793769465077432, 38.540131890638669 ], [ -120.793769464851337, 38.540491217349796 ], [ -120.792871150190848, 38.540491217057465 ], [ -120.792601656007136, 38.540131891087754 ], [ -120.792601655141638, 38.539862396229204 ], [ -120.792871149611713, 38.539862396178194 ], [ -120.793140643397251, 38.538694587023222 ] ], [ [ -120.793769465121173, 38.539233575823182 ], [ -120.793769465715329, 38.539592901437508 ], [ -120.794038960388264, 38.53959290228326 ], [ -120.794038959291584, 38.539233575576866 ], [ -120.793769465121173, 38.539233575823182 ], [ -120.793769464731255, 38.538964080909707 ], [ -120.793499970433984, 38.538964080797449 ], [ -120.793499970950791, 38.539233575480793 ], [ -120.793769465121173, 38.539233575823182 ] ], [ [ -120.795027107300996, 38.537706439864998 ], [ -120.794667780183147, 38.537706439877866 ], [ -120.794667780411885, 38.538065765542889 ], [ -120.795027105936612, 38.538065766220441 ], [ -120.795027107300996, 38.537706439864998 ] ] ] } },
{ "type": "Feature", "properties": { "csb_id": "061825008587276", "acres": 3.4478847672965198, "geoid": "06005" }, "geometry": { "type": "Polygon", "coordinates": [ [ [ -120.81955111351175, 38.538425091800448 ], [ -120.819551113675189, 38.537886102434953 ], [ -120.820179934272346, 38.537526776475957 ], [ -120.819551113510883, 38.537526776557677 ], [ -120.819551114137198, 38.536897956319329 ], [ -120.820179934271977, 38.536897956178123 ], [ -120.820539260613231, 38.537257281979407 ], [ -120.82080875573827, 38.538155597229952 ], [ -120.820539260952614, 38.538155597798706 ], [ -120.820539261262724, 38.538425091765063 ], [ -120.81955111351175, 38.538425091800448 ] ] ] } },
{ "type": "Feature", "properties": { "csb_id": "061825008587277", "acres": 3.6958492297890002, "geoid": "06005" }, "geometry": { "type": "Polygon", "coordinates": [ [ [ -120.797183063701041, 38.537436945541948 ], [ -120.797093232233948, 38.537167450636964 ], [ -120.796464411120951, 38.537167451022853 ], [ -120.795925420696022, 38.5377064398523 ], [ -120.795566095218518, 38.537706440297612 ], [ -120.795296600582148, 38.53743694529431 ], [ -120.795296601881674, 38.537167450730799 ], [ -120.795925422321062, 38.537167450895744 ], [ -120.795925422111679, 38.536808125808442 ], [ -120.79619491579146, 38.536538628759757 ], [ -120.796823737396693, 38.536538629458811 ], [ -120.797362726968004, 38.5368979557472 ], [ -120.79781188449023, 38.536897956098926 ], [ -120.797722053200602, 38.537526776792127 ], [ -120.797183063701041, 38.537436945541948 ] ] ] } },
{ "type": "Feature", "properties": { "csb_id": "061825008587278", "acres": 6.2434097122381802, "geoid": "06005" }, "geometry": { "type": "Polygon", "coordinates": [ [ [ -120.803471270754869, 38.537706439579566 ], [ -120.803201775881234, 38.537436944827078 ], [ -120.803201774788363, 38.537167451233302 ], [ -120.803740764124512, 38.536808124297124 ], [ -120.803740765131096, 38.535909809088601 ], [ -120.804728911676364, 38.535909808907199 ], [ -120.804728911601529, 38.535730146532771 ], [ -120.80526790155966, 38.535640314618526 ], [ -120.805357732211021, 38.536628461295628 ], [ -120.804639079059442, 38.536808124734456 ], [ -120.804639078737424, 38.5374369453261 ], [ -120.804100090025599, 38.537436945398902 ], [ -120.804100089949671, 38.537706439914572 ], [ -120.803471270754869, 38.537706439579566 ] ] ] } },
{ "type": "Feature", "properties": { "csb_id": "061825008587279", "acres": 4.8538466745203603, "geoid": "06005" }, "geometry": { "type": "Polygon", "coordinates": [ [ [ -120.798889862893063, 38.537257282200883 ], [ -120.797991546630954, 38.537167450633966 ], [ -120.797991547405374, 38.535909808918902 ], [ -120.799518682651026, 38.535909809215141 ], [ -120.799518682820818, 38.537167450592221 ], [ -120.799249188417861, 38.537167450570294 ], [ -120.799249188463975, 38.537436945079747 ], [ -120.798889862141579, 38.53743694549464 ], [ -120.798889862893063, 38.537257282200883 ] ] ] } },
{ "type": "Feature", "properties": { "csb_id": "061825008587285", "acres": 4.5547516223777302, "geoid": "06005" }, "geometry": { "type": "Polygon", "coordinates": [ [ [ -120.796823737396693, 38.536538629458811 ], [ -120.796823736730147, 38.5362691350701 ], [ -120.797093231926908, 38.536269134929995 ], [ -120.797093231879103, 38.535909809558255 ], [ -120.796554243012068, 38.535909809479904 ], [ -120.796194916138148, 38.535640314269891 ], [ -120.797093232458323, 38.535640314711522 ], [ -120.797722051999344, 38.535370820006662 ], [ -120.799339020357451, 38.535370819991549 ], [ -120.799339019615317, 38.53564031472461 ], [ -120.798889862122934, 38.535640315050415 ], [ -120.798889861965236, 38.535909809324053 ], [ -120.797991547405374, 38.535909808918902 ], [ -120.7979915473679, 38.536628461505337 ], [ -120.796823737396693, 38.536538629458811 ] ] ] } },
{ "type": "Feature", "properties": { "csb_id": "061825008587287", "acres": 3.58012309686332, "geoid": "06005" }, "geometry": { "type": "Polygon", "coordinates": [ [ [ -120.808322173496379, 38.536269135408872 ], [ -120.806795037488726, 38.53626913559156 ], [ -120.806795036680001, 38.535101325752926 ], [ -120.80661537383358, 38.535011493597182 ], [ -120.807064531566425, 38.534741999883479 ], [ -120.807423857504617, 38.534741998870928 ], [ -120.80778318405082, 38.535909809006284 ], [ -120.808322173091454, 38.535909808928899 ], [ -120.808322173496379, 38.536269135408872 ] ] ] } },
{ "type": "Feature", "properties": { "csb_id": "061825008587289", "acres": 2.4831620448913898, "geoid": "06005" }, "geometry": { "type": "Polygon", "coordinates": [ [ [ -120.804728911676364, 38.535909808907199 ], [ -120.803471270951704, 38.535909809039012 ], [ -120.803201775679511, 38.535640314812532 ], [ -120.803256779901588, 38.534886878608084 ], [ -120.803471270965574, 38.534831831126461 ], [ -120.803471270958624, 38.535370820080807 ], [ -120.804998406482639, 38.535370820350764 ], [ -120.80526790155966, 38.535640314618526 ], [ -120.804728911601529, 38.535730146532771 ], [ -120.804728911676364, 38.535909808907199 ] ] ] } },
{ "type": "Feature", "properties": { "csb_id": "061825008587292", "acres": 9.1383165538278508, "geoid": "06005" }, "geometry": { "type": "Polygon", "coordinates": [ [ [ -120.791074519433906, 38.537167450730792 ], [ -120.791074519981592, 38.53680812484405 ], [ -120.790715193845216, 38.536808124206317 ], [ -120.790715192951524, 38.53716745072493 ], [ -120.791074519433906, 38.537167450730792 ], [ -120.791074520060093, 38.53833526076528 ], [ -120.790715193739231, 38.538335260470873 ], [ -120.790715193699484, 38.537706439615 ], [ -120.790445699249062, 38.537526776783274 ], [ -120.790266035984189, 38.537526776742304 ], [ -120.790176204318783, 38.53788610288656 ], [ -120.789906709323319, 38.538065765571716 ], [ -120.789277888266412, 38.538065765586765 ], [ -120.789277889202339, 38.537706439582301 ], [ -120.788379573790763, 38.537436945018939 ], [ -120.788379573926704, 38.537257281616228 ], [ -120.789008394421586, 38.537167450713483 ], [ -120.789816877842739, 38.537436945287503 ], [ -120.789816878343387, 38.536538630229174 ], [ -120.790176204200165, 38.53653862957534 ], [ -120.790176204131868, 38.536269135479323 ], [ -120.79053553011012, 38.535999640947573 ], [ -120.790805024915869, 38.53537082049084 ], [ -120.791344014057103, 38.53537081988447 ], [ -120.791613508052194, 38.535460651317543 ], [ -120.791433845903569, 38.535460651943708 ], [ -120.791433845847379, 38.536358966360602 ], [ -120.791703340027823, 38.536358967191468 ], [ -120.791703340534212, 38.536808124634071 ], [ -120.791344013755207, 38.537167451082873 ], [ -120.791074519433906, 38.537167450730792 ] ] ] } },
{ "type": "Feature", "properties": { "csb_id": "061825008587297", "acres": 4.53552373989179, "geoid": "06005" }, "geometry": { "type": "Polygon", "coordinates": [ [ [ -120.803471270958624, 38.535370820080807 ], [ -120.803471270965574, 38.534831831126461 ], [ -120.803740765279386, 38.534472504708901 ], [ -120.803740764887365, 38.533843684029797 ], [ -120.804369586041332, 38.533843684072238 ], [ -120.804369585635854, 38.534382673539007 ], [ -120.804998406422612, 38.534382673250924 ], [ -120.805267900687539, 38.534741999648631 ], [ -120.80526790125495, 38.535011493983184 ], [ -120.804998406650313, 38.535011493420569 ], [ -120.804998406482639, 38.535370820350764 ], [ -120.803471270958624, 38.535370820080807 ] ] ] } },
{ "type": "Feature", "properties": { "csb_id": "061825008587298", "acres": 12.6993443913627, "geoid": "06005" }, "geometry": { "type": "Polygon", "coordinates": [ [ [ -120.792242329665342, 38.536808124127766 ], [ -120.792242329349946, 38.535909809588468 ], [ -120.791613508604854, 38.535909810478692 ], [ -120.791613508052194, 38.535460651317543 ], [ -120.791344014057103, 38.53537081988447 ], [ -120.791344014033257, 38.534382673752347 ], [ -120.791972834865689, 38.534382674290661 ], [ -120.791972834897365, 38.534113178821649 ], [ -120.792242330201049, 38.53438267405712 ], [ -120.792242329193115, 38.534741999358765 ], [ -120.79314064449143, 38.53411317924693 ], [ -120.793769465081553, 38.534203010169705 ], [ -120.793769464946649, 38.534831830886432 ], [ -120.794038960000847, 38.535370820261711 ], [ -120.794667780638463, 38.535640314665891 ], [ -120.794667780908441, 38.536269135051526 ], [ -120.793769465066717, 38.536358967238314 ], [ -120.793140644713077, 38.5359098092176 ], [ -120.792871150170981, 38.535909809170917 ], [ -120.792871150071036, 38.536808124459057 ], [ -120.792242329665342, 38.536808124127766 ] ], [ [ -120.793140645161685, 38.535011494111892 ], [ -120.793140645147417, 38.534742000536298 ], [ -120.792871149831043, 38.534741999686183 ], [ -120.792871150569624, 38.535011494755565 ], [ -120.793140645161685, 38.535011494111892 ] ] ] } },
{ "type": "Feature", "properties": { "csb_id": "061825008587303", "acres": 2.4800707325859501, "geoid": "06005" }, "geometry": { "type": "Polygon", "coordinates": [ [ [ -120.794038960321828, 38.535011494208227 ], [ -120.794038960415534, 38.534113178765907 ], [ -120.793769465697508, 38.53411317838448 ], [ -120.794398285692665, 38.533843683731718 ], [ -120.79448811786105, 38.533484357457638 ], [ -120.7947576125772, 38.533574189547359 ], [ -120.794667780597251, 38.53537081993742 ], [ -120.794398286024133, 38.535370820871222 ], [ -120.794038960321828, 38.535011494208227 ] ] ] } },
{ "type": "Feature", "properties": { "csb_id": "061825008587307", "acres": 4.1784995650561596, "geoid": "06005" }, "geometry": { "type": "Polygon", "coordinates": [ [ [ -120.774096359185492, 38.535011494212043 ], [ -120.773916698099057, 38.533843684092332 ], [ -120.774365855061831, 38.53384368389316 ], [ -120.774994676188157, 38.533484357937773 ], [ -120.775623496297001, 38.533484358199573 ], [ -120.775623496650951, 38.534382673255031 ], [ -120.775084507520418, 38.534472504712703 ], [ -120.775084506269295, 38.534741999656895 ], [ -120.774725180288343, 38.534741999741385 ], [ -120.774725179952398, 38.535011494226573 ], [ -120.774096359185492, 38.535011494212043 ] ] ] } },
{ "type": "Feature", "properties": { "csb_id": "061825008587312", "acres": 7.4885596703395603, "geoid": "06005" }, "geometry": { "type": "Polygon", "coordinates": [ [ [ -120.79044569865593, 38.533843683671932 ], [ -120.790445698751682, 38.532945368999655 ], [ -120.790715193568175, 38.532586042959437 ], [ -120.791344014335124, 38.53258604261967 ], [ -120.791613508511475, 38.532945368936396 ], [ -120.792242329745534, 38.533214862988679 ], [ -120.792871150470788, 38.533214863370652 ], [ -120.79287114963229, 38.533843683560626 ], [ -120.793140644998616, 38.533843683720427 ], [ -120.79314064449143, 38.53411317924693 ], [ -120.792601655475366, 38.534382674439449 ], [ -120.792242330201049, 38.53438267405712 ], [ -120.791972834897365, 38.534113178821649 ], [ -120.790805024412151, 38.534113178604947 ], [ -120.79044569865593, 38.533843683671932 ] ] ] } },
{ "type": "Feature", "properties": { "csb_id": "061825008587315", "acres": 2.7310287230064101, "geoid": "06005" }, "geometry": { "type": "Polygon", "coordinates": [ [ [ -120.75595039027283, 38.533125032102078 ], [ -120.756219886146582, 38.53267587390949 ], [ -120.757477527409449, 38.532586043168116 ], [ -120.75774702238563, 38.53294536852205 ], [ -120.757747022567727, 38.533484357480546 ], [ -120.757208032336948, 38.533484358412409 ], [ -120.757118201214283, 38.533214863734365 ], [ -120.75595039027283, 38.533125032102078 ] ] ] } },
{ "type": "Feature", "properties": { "csb_id": "061825008587327", "acres": 5.8770820122459702, "geoid": "06005" }, "geometry": { "type": "Polygon", "coordinates": [ [ [ -120.758645337374489, 38.533035200220731 ], [ -120.757747022203546, 38.532406379567185 ], [ -120.757477527733727, 38.53195722278128 ], [ -120.757477528075171, 38.531687728421559 ], [ -120.758016517462366, 38.531687727462455 ], [ -120.758016516514331, 38.531058906393071 ], [ -120.758375843664481, 38.531058906705958 ], [ -120.758375843316273, 38.53141823278424 ], [ -120.75900466407046, 38.531957221771961 ], [ -120.759902979092203, 38.531957221785042 ], [ -120.759902979226922, 38.532316548384109 ], [ -120.759543652842254, 38.53231654832495 ], [ -120.759543653404705, 38.532945368483738 ], [ -120.758645337374489, 38.533035200220731 ] ] ] } },
{ "type": "Feature", "properties": { "csb_id": "061825008587332", "acres": 20.690533639285398, "geoid": "06005" }, "geometry": { "type": "Polygon", "coordinates": [ [ [ -120.764394555416104, 38.532945368404519 ], [ -120.764394555168565, 38.532586042837785 ], [ -120.763226745735324, 38.532586043023457 ], [ -120.763226745025577, 38.532945368532793 ], [ -120.762867419985056, 38.533214863611079 ], [ -120.762597924631777, 38.533214863345663 ], [ -120.761969104766607, 38.532586042728852 ], [ -120.761699609451441, 38.532047053388801 ], [ -120.761430114517623, 38.532047053215521 ], [ -120.760801294323599, 38.532675873972593 ], [ -120.759543653404705, 38.532945368483738 ], [ -120.759543652842254, 38.53231654832495 ], [ -120.759902979226922, 38.532316548384109 ], [ -120.759902979092203, 38.531957221785042 ], [ -120.759274158300968, 38.531957222704193 ], [ -120.759274158742954, 38.531687726965593 ], [ -120.759543653147105, 38.531418233065637 ], [ -120.760441968641985, 38.531418232314699 ], [ -120.76044196777147, 38.530519917812654 ], [ -120.760262304325821, 38.530519917348187 ], [ -120.760172472301775, 38.530160592035706 ], [ -120.761430115321602, 38.530160591512242 ], [ -120.761430115640877, 38.53051991775844 ], [ -120.762867419624655, 38.530519917894885 ], [ -120.763226745748241, 38.531418232830177 ], [ -120.763226746248989, 38.532316547972989 ], [ -120.763496240011321, 38.53231654835885 ], [ -120.763496240219027, 38.531957221760372 ], [ -120.764304724326237, 38.531957221684173 ], [ -120.765023376378608, 38.532316548236061 ], [ -120.765023376286678, 38.532586042711756 ], [ -120.764753881529387, 38.532945368872824 ], [ -120.764394555416104, 38.532945368404519 ] ], [ [ -120.761070789401487, 38.531777558762919 ], [ -120.760891126226497, 38.531777558524901 ], [ -120.760891125545001, 38.532047053688792 ], [ -120.761160619882148, 38.532047053315502 ], [ -120.761070789401487, 38.531777558762919 ] ] ] } },
{ "type": "Feature", "properties": { "csb_id": "061825008587333", "acres": 5.3367439322281296, "geoid": "06005" }, "geometry": { "type": "Polygon", "coordinates": [ [ [ -120.809489981594297, 38.531687727910139 ], [ -120.809310319734607, 38.531418233983182 ], [ -120.808591668164382, 38.531058907321196 ], [ -120.808591667447331, 38.530789413283337 ], [ -120.808950993492473, 38.530879243912487 ], [ -120.809220488714658, 38.530789412725589 ], [ -120.809220487621715, 38.53051991736605 ], [ -120.809489983004354, 38.53051991714679 ], [ -120.810388297493304, 38.530519917183682 ], [ -120.810747622559276, 38.530789412073638 ], [ -120.811376446593457, 38.53078941196059 ], [ -120.811376443537625, 38.531058907037981 ], [ -120.811017117297595, 38.531418233217643 ], [ -120.810388297208362, 38.531687727894266 ], [ -120.809489981594297, 38.531687727910139 ] ] ] } },
{ "type": "Feature", "properties": { "csb_id": "061825008587344", "acres": 5.1244981435482302, "geoid": "06005" }, "geometry": { "type": "Polygon", "coordinates": [ [ [ -120.811376446593457, 38.53078941196059 ], [ -120.810747622559276, 38.530789412073638 ], [ -120.810388297493304, 38.530519917183682 ], [ -120.809489983004354, 38.53051991714679 ], [ -120.809489983059791, 38.530160591265407 ], [ -120.810388297955328, 38.529711434150208 ], [ -120.810747624498291, 38.529262276412453 ], [ -120.811376444964623, 38.529262276180987 ], [ -120.811376444619441, 38.529621602176995 ], [ -120.811645939607743, 38.529621602188698 ], [ -120.811645939813786, 38.530519917645812 ], [ -120.811376445174162, 38.530519917805186 ], [ -120.811376446593457, 38.53078941196059 ] ] ] } },
{ "type": "Feature", "properties": { "csb_id": "061825008587345", "acres": 3.5803896391296002, "geoid": "06005" }, "geometry": { "type": "Polygon", "coordinates": [ [ [ -120.808681499323669, 38.530879243355606 ], [ -120.808591667251278, 38.530519917292139 ], [ -120.807962847256491, 38.530519918552535 ], [ -120.80796284737724, 38.529891096800199 ], [ -120.808322170074888, 38.529621602348037 ], [ -120.809220488530386, 38.529621602264093 ], [ -120.809489982691431, 38.529891097401539 ], [ -120.809489983004354, 38.53051991714679 ], [ -120.809220487621715, 38.53051991736605 ], [ -120.809220488714658, 38.530789412725589 ], [ -120.808681499323669, 38.530879243355606 ] ] ] } },
{ "type": "Feature", "properties": { "csb_id": "061825008587348", "acres": 21.5787906057312, "geoid": "06005" }, "geometry": { "type": "Polygon", "coordinates": [ [ [ -120.75900466407046, 38.531957221771961 ], [ -120.758375843316273, 38.53141823278424 ], [ -120.758375843664481, 38.531058906705958 ], [ -120.757836853055849, 38.530879244012304 ], [ -120.758016516514331, 38.531058906393071 ], [ -120.758016517462366, 38.531687727462455 ], [ -120.756848707285002, 38.531687727608016 ], [ -120.756848706046199, 38.531957222599992 ], [ -120.756579211367537, 38.531957222000749 ], [ -120.756579213201519, 38.530789411983804 ], [ -120.756040222383021, 38.530879243382373 ], [ -120.756040223825266, 38.5299809284231 ], [ -120.755141906940125, 38.529980928724648 ], [ -120.755141907449371, 38.529711434255709 ], [ -120.756219886061956, 38.529621601952954 ], [ -120.756579211296213, 38.529262276716068 ], [ -120.757118201850133, 38.529262275775537 ], [ -120.75711820040209, 38.529621602651197 ], [ -120.758016515412976, 38.52962160220941 ], [ -120.758106347943183, 38.52908261328021 ], [ -120.758645336948675, 38.528992781993971 ], [ -120.759274157385747, 38.528633455915092 ], [ -120.760172472952107, 38.528633455634306 ], [ -120.76017247187329, 38.528992781816889 ], [ -120.760441967574764, 38.528992781347682 ], [ -120.760172470824472, 38.529621602467643 ], [ -120.759543651220653, 38.529621602173535 ], [ -120.759004663078528, 38.529891097031332 ], [ -120.758645336289106, 38.529891096883333 ], [ -120.758645338008236, 38.530160591696848 ], [ -120.759543652286368, 38.530789412056521 ], [ -120.760441968015229, 38.530879244003081 ], [ -120.760441968641985, 38.531418232314699 ], [ -120.759543653147105, 38.531418233065637 ], [ -120.759274158742954, 38.531687726965593 ], [ -120.759274158300968, 38.531957222704193 ], [ -120.75900466407046, 38.531957221771961 ] ] ] } },
{ "type": "Feature", "properties": { "csb_id": "061825008587349", "acres": 7.7397538745677297, "geoid": "06005" }, "geometry": { "type": "Polygon", "coordinates": [ [ [ -120.755591065927007, 38.531687727398257 ], [ -120.754153761729896, 38.531418232828159 ], [ -120.753255446149581, 38.530160591623705 ], [ -120.753255446292343, 38.529891096808655 ], [ -120.754692750921549, 38.529980928232654 ], [ -120.754692750698254, 38.530160591270011 ], [ -120.75505207605174, 38.530160591495552 ], [ -120.755141906940125, 38.529980928724648 ], [ -120.755141907549799, 38.530250422964713 ], [ -120.755411402883851, 38.530250422509418 ], [ -120.755591065544863, 38.530519917383721 ], [ -120.755591065868188, 38.53078941294708 ], [ -120.756040222383021, 38.530879243382373 ], [ -120.755950392131112, 38.53141823231384 ], [ -120.755591065927007, 38.531687727398257 ] ] ] } },
{ "type": "Feature", "properties": { "csb_id": "061825008587353", "acres": 5.7614712612271797, "geoid": "06005" }, "geometry": { "type": "Polygon", "coordinates": [ [ [ -120.801045819370103, 38.52926227801062 ], [ -120.801315314739043, 38.528633457028782 ], [ -120.801944134103806, 38.528633455055406 ], [ -120.801944134387341, 38.528992781550549 ], [ -120.802213629735235, 38.52899278222754 ], [ -120.802303460878647, 38.529621602175439 ], [ -120.80257295488596, 38.529621601895983 ], [ -120.802842449559861, 38.529891097181533 ], [ -120.802842449628812, 38.530160591612272 ], [ -120.803022113175899, 38.53016059172176 ], [ -120.803022112558281, 38.530519917650395 ], [ -120.801674639657065, 38.530430086221337 ], [ -120.801674640231383, 38.530160591618404 ], [ -120.80104581953637, 38.530160591639842 ], [ -120.801045819370103, 38.52926227801062 ] ] ] } },
{ "type": "Feature", "properties": { "csb_id": "061825008587354", "acres": 4.1980583138348502, "geoid": "06005" }, "geometry": { "type": "Polygon", "coordinates": [ [ [ -120.784157491955341, 38.530519917727275 ], [ -120.783798165659945, 38.530160591383002 ], [ -120.783798165257423, 38.529621601863887 ], [ -120.784426986810971, 38.52962160183985 ], [ -120.784426986564867, 38.529262276395571 ], [ -120.784696481248901, 38.529262275978482 ], [ -120.784696480836857, 38.528992781508201 ], [ -120.785325302137892, 38.528992781386435 ], [ -120.785684627903251, 38.529262275982404 ], [ -120.785684628002528, 38.529891097107395 ], [ -120.78469648058379, 38.5301605919202 ], [ -120.784696481033635, 38.530519917598276 ], [ -120.784157491955341, 38.530519917727275 ] ] ] } },
{ "type": "Feature", "properties": { "csb_id": "061825008587355", "acres": 3.36812233951076, "geoid": "06005" }, "geometry": { "type": "Polygon", "coordinates": [ [ [ -120.81200526608977, 38.529891096859899 ], [ -120.812005265712244, 38.529621602016455 ], [ -120.811645939607743, 38.529621602188698 ], [ -120.811645939749084, 38.529262275962331 ], [ -120.811376444964623, 38.529262276180987 ], [ -120.811376445009273, 38.528633455806634 ], [ -120.812544254891506, 38.528363961394952 ], [ -120.812544254770927, 38.529891097915623 ], [ -120.81200526608977, 38.529891096859899 ] ] ] } },
{ "type": "Feature", "properties": { "csb_id": "061825008587356", "acres": 12.8450168899349, "geoid": "06005" }, "geometry": { "type": "Polygon", "coordinates": [ [ [ -120.773916697932506, 38.530609749346581 ], [ -120.774096360617577, 38.530519917282824 ], [ -120.77328787685299, 38.53060974935088 ], [ -120.773287877055679, 38.530789413365852 ], [ -120.773467539820089, 38.530789411754249 ], [ -120.773467539927509, 38.531058907030349 ], [ -120.773018381847749, 38.531058906775712 ], [ -120.772928551090601, 38.530519917310613 ], [ -120.771131919720858, 38.53060974925652 ], [ -120.770503099160706, 38.530519917482067 ], [ -120.769964109886686, 38.530160591815005 ], [ -120.7701437729513, 38.529980928502496 ], [ -120.772299730019711, 38.529891096447443 ], [ -120.772569224159739, 38.529262276184525 ], [ -120.772928550858524, 38.528992781820982 ], [ -120.773198045441362, 38.528992781411844 ], [ -120.773826865741427, 38.529082613180819 ], [ -120.774725181001443, 38.529621602167701 ], [ -120.775084507204781, 38.530250423313113 ], [ -120.774994675878247, 38.531058906501208 ], [ -120.774096360389095, 38.531058907029923 ], [ -120.773916697932506, 38.530609749346581 ] ], [ [ -120.774365855244739, 38.530250423185741 ], [ -120.774455686470418, 38.530609748967123 ], [ -120.774455687122028, 38.53025042323663 ], [ -120.774365855244739, 38.530250423185741 ] ], [ [ -120.773557371641317, 38.529980928360175 ], [ -120.773287876479515, 38.529980928002523 ], [ -120.773287877044538, 38.530250423046141 ], [ -120.773557371780925, 38.530250422771708 ], [ -120.773557371641317, 38.529980928360175 ] ] ] } },
{ "type": "Feature", "properties": { "csb_id": "061825008587358", "acres": 2.95313431567955, "geoid": "06005" }, "geometry": { "type": "Polygon", "coordinates": [ [ [ -120.809220488530386, 38.529621602264093 ], [ -120.809310319505485, 38.52890295052233 ], [ -120.809849309059643, 38.528633456387439 ], [ -120.810388297799918, 38.528633455711457 ], [ -120.810388297996596, 38.529262277059615 ], [ -120.810208635464164, 38.529352108028917 ], [ -120.810208635121427, 38.529621602582026 ], [ -120.810388297955328, 38.529711434150208 ], [ -120.810118803929626, 38.529891097146447 ], [ -120.809489982691431, 38.529891097401539 ], [ -120.809220488530386, 38.529621602264093 ] ] ] } },
{ "type": "Feature", "properties": { "csb_id": "061825008587359", "acres": 7.4889571747006096, "geoid": "06005" }, "geometry": { "type": "Polygon", "coordinates": [ [ [ -120.760801293774506, 38.530160591537779 ], [ -120.76080129478666, 38.529891096379934 ], [ -120.76044196752774, 38.530160591623762 ], [ -120.760172472301775, 38.530160592035706 ], [ -120.760172470824472, 38.529621602467643 ], [ -120.760441967574764, 38.528992781347682 ], [ -120.762328430322981, 38.528992782437662 ], [ -120.762687756583659, 38.529352107867567 ], [ -120.762687756104597, 38.530519917285154 ], [ -120.761430115640877, 38.53051991775844 ], [ -120.761430115321602, 38.530160591512242 ], [ -120.760801293774506, 38.530160591537779 ] ] ] } },
{ "type": "Feature", "properties": { "csb_id": "061825008587360", "acres": 3.54493747113208, "geoid": "06005" }, "geometry": { "type": "Polygon", "coordinates": [ [ [ -120.80257295488596, 38.529621601895983 ], [ -120.802572955470339, 38.529262276431574 ], [ -120.802303460249249, 38.529262276309467 ], [ -120.802213629735235, 38.52899278222754 ], [ -120.802303460117173, 38.52863345538637 ], [ -120.802662786944012, 38.528184297945586 ], [ -120.803471270328316, 38.528184297750457 ], [ -120.803201776168748, 38.529711433514471 ], [ -120.802842449559861, 38.529891097181533 ], [ -120.80257295488596, 38.529621601895983 ] ] ] } },
{ "type": "Feature", "properties": { "csb_id": "061825008587361", "acres": 8.0679238585829598, "geoid": "06005" }, "geometry": { "type": "Polygon", "coordinates": [ [ [ -120.777689622442509, 38.530789412395421 ], [ -120.777689621636227, 38.530160591674992 ], [ -120.778138779876443, 38.530160591298461 ], [ -120.778138779034151, 38.529980928663214 ], [ -120.777150632286805, 38.5298910969464 ], [ -120.77715063244932, 38.530160591301154 ], [ -120.777420127141625, 38.53025042298529 ], [ -120.777420127177194, 38.530519917571176 ], [ -120.776611643420281, 38.530519917233953 ], [ -120.776252317668238, 38.529980928403113 ], [ -120.776252317122015, 38.529352107402332 ], [ -120.777779453580749, 38.529352107449633 ], [ -120.777779453800363, 38.529711433579877 ], [ -120.778408273806633, 38.529711433320514 ], [ -120.778408274156064, 38.529352107362229 ], [ -120.778947262837505, 38.529352107584799 ], [ -120.778947263720141, 38.529621602225774 ], [ -120.778677768238254, 38.529621601977915 ], [ -120.778767599858526, 38.530519917180818 ], [ -120.779306589676381, 38.531148738340121 ], [ -120.779935410137526, 38.531418232932275 ], [ -120.779935409883365, 38.531687727637888 ], [ -120.778677768664963, 38.531328401160813 ], [ -120.77840827419331, 38.531058906251758 ], [ -120.777689622442509, 38.530789412395421 ] ] ] } },
{ "type": "Feature", "properties": { "csb_id": "061825008587363", "acres": 4.6227378959064902, "geoid": "06005" }, "geometry": { "type": "Polygon", "coordinates": [ [ [ -120.783438840009069, 38.529621601874908 ], [ -120.782989682457654, 38.528992781696509 ], [ -120.782989681792913, 38.528184297431203 ], [ -120.783169344955382, 38.528184297836638 ], [ -120.783169344938813, 38.528363960412321 ], [ -120.78379816546223, 38.528363960661601 ], [ -120.783887997440701, 38.528094465869749 ], [ -120.78406766068133, 38.528094465828765 ], [ -120.7840676601963, 38.528363960928246 ], [ -120.784426985762536, 38.528363960521219 ], [ -120.784426986600039, 38.528633455621588 ], [ -120.784696481505819, 38.528633455606382 ], [ -120.784696481248901, 38.529262275978482 ], [ -120.784426986564867, 38.529262276395571 ], [ -120.784426986810971, 38.52962160183985 ], [ -120.783438840009069, 38.529621601874908 ] ] ] } },
{ "type": "Feature", "properties": { "csb_id": "061825008587369", "acres": 5.0378085429349602, "geoid": "06005" }, "geometry": { "type": "Polygon", "coordinates": [ [ [ -120.795925422147533, 38.527735140028824 ], [ -120.795925422042828, 38.527555477505842 ], [ -120.795386432691174, 38.527555476765137 ], [ -120.79538643289078, 38.527735139919898 ], [ -120.795925422147533, 38.527735140028824 ], [ -120.795925421536808, 38.5280944661679 ], [ -120.795296601038871, 38.528363960611941 ], [ -120.794398286352134, 38.528363960497948 ], [ -120.794398286159108, 38.527735140633496 ], [ -120.795566095782831, 38.526836825059824 ], [ -120.796194916563124, 38.526836824921325 ], [ -120.796464411076343, 38.527196151248162 ], [ -120.796464410882919, 38.527735139736571 ], [ -120.795925422147533, 38.527735140028824 ] ] ] } },
{ "type": "Feature", "properties": { "csb_id": "061825008587375", "acres": 4.2078897567342599, "geoid": "06005" }, "geometry": { "type": "Polygon", "coordinates": [ [ [ -120.790445699170235, 38.527465645772828 ], [ -120.790266035328884, 38.526926656168357 ], [ -120.789906710023828, 38.526926657437777 ], [ -120.789906709900066, 38.526208003746611 ], [ -120.790535529472763, 38.52593850954684 ], [ -120.791613508223534, 38.525938509225114 ], [ -120.79161350896679, 38.526567330508833 ], [ -120.791344014052882, 38.526567330581273 ], [ -120.791074518038513, 38.526836825049756 ], [ -120.791074520027067, 38.527196151294383 ], [ -120.790715193138212, 38.527465645767457 ], [ -120.790445699170235, 38.527465645772828 ] ] ] } },
{ "type": "Feature", "properties": { "csb_id": "061825008587376", "acres": 6.7022249268766201, "geoid": "06005" }, "geometry": { "type": "Polygon", "coordinates": [ [ [ -120.802842449322412, 38.526926656543459 ], [ -120.802213629125205, 38.526836825114323 ], [ -120.80221362947384, 38.525938509387316 ], [ -120.802572954787209, 38.525758846922763 ], [ -120.802572955554098, 38.525309688487695 ], [ -120.80284244972853, 38.525309688936446 ], [ -120.802842449347992, 38.52566901461573 ], [ -120.804279754516898, 38.52566901468991 ], [ -120.803740764789794, 38.527465645320589 ], [ -120.803201775412816, 38.52746564562888 ], [ -120.802842449322412, 38.526926656543459 ] ], [ [ -120.802662786311146, 38.526028340904915 ], [ -120.803201775185101, 38.525938509617554 ], [ -120.80266278698106, 38.52593850964255 ], [ -120.802662786311146, 38.526028340904915 ] ] ] } },
{ "type": "Feature", "properties": { "csb_id": "061825008587377", "acres": 15.579605726244599, "geoid": "06005" }, "geometry": { "type": "Polygon", "coordinates": [ [ [ -120.785864291313672, 38.528992781210064 ], [ -120.78586429108887, 38.528363960723425 ], [ -120.786852437561393, 38.528184297413333 ], [ -120.786852438169632, 38.527735140368591 ], [ -120.787121932679426, 38.527735139996039 ], [ -120.787121931768993, 38.527465645643936 ], [ -120.78802024697768, 38.527465645589302 ], [ -120.788020247687072, 38.526208004175032 ], [ -120.788649067901787, 38.526208004575381 ], [ -120.789277888296795, 38.525938509259575 ], [ -120.789727046549231, 38.526028340926523 ], [ -120.789637215135429, 38.528094466190815 ], [ -120.789277888886858, 38.528633455143996 ], [ -120.788020246830101, 38.528992781204821 ], [ -120.787391426942634, 38.528992781847094 ], [ -120.787391427290075, 38.528633455138589 ], [ -120.786493111330628, 38.528633455208784 ], [ -120.786493111063251, 38.529262275985658 ], [ -120.785864291313672, 38.528992781210064 ] ] ] } },
{ "type": "Feature", "properties": { "csb_id": "061825008587382", "acres": 7.6340062045135797, "geoid": "06005" }, "geometry": { "type": "Polygon", "coordinates": [ [ [ -120.800776324832214, 38.527735140421896 ], [ -120.799518682965029, 38.527735141387254 ], [ -120.799518683695993, 38.526208004358999 ], [ -120.79978817808302, 38.525669014950232 ], [ -120.800147504015797, 38.525669014891299 ], [ -120.800776323799127, 38.526208004823552 ], [ -120.801045819487172, 38.526208004026131 ], [ -120.801315313311093, 38.52683682498116 ], [ -120.801674639457488, 38.526836825302347 ], [ -120.801674639238414, 38.527196150698245 ], [ -120.800776324832214, 38.527735140421896 ] ] ] } },
{ "type": "Feature", "properties": { "csb_id": "061825008587384", "acres": 18.9160993394642, "geoid": "06005" }, "geometry": { "type": "Polygon", "coordinates": [ [ [ -120.7840676601963, 38.528363960928246 ], [ -120.783887997303495, 38.527735140029684 ], [ -120.784067660695797, 38.526567330586509 ], [ -120.784696481150021, 38.52566901471539 ], [ -120.785594795868164, 38.525669014966091 ], [ -120.785594795931573, 38.525938509254814 ], [ -120.78802024712526, 38.525938509999051 ], [ -120.78802024697768, 38.527465645589302 ], [ -120.78685243795249, 38.527465645154471 ], [ -120.786852438169632, 38.527735140368591 ], [ -120.785594796131278, 38.527735140682047 ], [ -120.785594796215804, 38.528094466408398 ], [ -120.785325301768211, 38.528363960958039 ], [ -120.7840676601963, 38.528363960928246 ] ], [ [ -120.786493112155057, 38.527196151208116 ], [ -120.786223617391514, 38.52719615066696 ], [ -120.786223616711609, 38.527465646512212 ], [ -120.786493112168444, 38.527465646191395 ], [ -120.786493112155057, 38.527196151208116 ] ], [ [ -120.784965975499716, 38.527465646736339 ], [ -120.784965976034783, 38.527196150949308 ], [ -120.784696481346842, 38.527196150749553 ], [ -120.784696480640093, 38.527465645444479 ], [ -120.784965975499716, 38.527465646736339 ] ] ] } },
{ "type": "Feature", "properties": { "csb_id": "061825008587388", "acres": 3.5324038516223402, "geoid": "06005" }, "geometry": { "type": "Polygon", "coordinates": [ [ [ -120.833475001306454, 38.525399520477556 ], [ -120.833385169106975, 38.524411372986343 ], [ -120.833475000447223, 38.52414187938146 ], [ -120.833744495368279, 38.524141878685278 ], [ -120.833744494099435, 38.523782553522537 ], [ -120.834013989115775, 38.523782552868973 ], [ -120.834642810591617, 38.524411373339305 ], [ -120.83464281067576, 38.524770699656727 ], [ -120.834103821981202, 38.525040194537198 ], [ -120.834013989970174, 38.525669014692724 ], [ -120.833475001306454, 38.525399520477556 ] ] ] } },
{ "type": "Feature", "properties": { "csb_id": "061825008587389", "acres": 4.9607880547532996, "geoid": "06005" }, "geometry": { "type": "Polygon", "coordinates": [ [ [ -120.802842449347992, 38.52566901461573 ], [ -120.802842449590599, 38.524770700104121 ], [ -120.803201775221453, 38.52477069953666 ], [ -120.803471270897973, 38.5244113735083 ], [ -120.803471270752041, 38.524141878633749 ], [ -120.804639080012493, 38.524141878829191 ], [ -120.804279754516898, 38.52566901468991 ], [ -120.802842449347992, 38.52566901461573 ] ], [ [ -120.804100090833145, 38.524231710308676 ], [ -120.803561101914255, 38.524231710527722 ], [ -120.803561101958692, 38.524411374141586 ], [ -120.804100091081366, 38.52441137415277 ], [ -120.804100090833145, 38.524231710308676 ] ] ] } },
{ "type": "Feature", "properties": { "csb_id": "061825008587393", "acres": 5.25037228068995, "geoid": "06005" }, "geometry": { "type": "Polygon", "coordinates": [ [ [ -120.828264772456762, 38.525309690163041 ], [ -120.828264772772755, 38.524770699645984 ], [ -120.827995278307185, 38.524770699803987 ], [ -120.827995277142648, 38.523782552870109 ], [ -120.828893592985409, 38.523782553207646 ], [ -120.828893592806025, 38.523513058469049 ], [ -120.829163087142476, 38.523243564136081 ], [ -120.829522413909274, 38.523243563606385 ], [ -120.829522414023728, 38.524411373266595 ], [ -120.829163088134479, 38.52477069969369 ], [ -120.829163087888006, 38.525040193804188 ], [ -120.828893593130331, 38.525309688713413 ], [ -120.828264772456762, 38.525309690163041 ] ] ] } },
{ "type": "Feature", "properties": { "csb_id": "061825008587394", "acres": 15.742645730866601, "geoid": "06005" }, "geometry": { "type": "Polygon", "coordinates": [ [ [ -120.82009010312558, 38.526567329930124 ], [ -120.816766337155414, 38.526567330565648 ], [ -120.816766336037176, 38.526208004054666 ], [ -120.818293472923784, 38.526208004190408 ], [ -120.818293473096446, 38.5256690158865 ], [ -120.817395157068432, 38.525669014884521 ], [ -120.816766336486765, 38.525309688500187 ], [ -120.816766336860795, 38.525040194524991 ], [ -120.817664652656532, 38.524501205716462 ], [ -120.818652799163573, 38.523513058380146 ], [ -120.819191787831102, 38.523513058585984 ], [ -120.819191787955404, 38.523782552445702 ], [ -120.819461282051535, 38.523782553303811 ], [ -120.819461282873675, 38.523513058121416 ], [ -120.81991044001154, 38.523513058146335 ], [ -120.819820608154387, 38.524141879216849 ], [ -120.819461282893613, 38.524141878892138 ], [ -120.819461282913593, 38.524770699666647 ], [ -120.819820608723887, 38.52477069959027 ], [ -120.819820608925227, 38.525040193914016 ], [ -120.819461281792428, 38.525040193990492 ], [ -120.81946128210889, 38.525938509728554 ], [ -120.820449429024876, 38.525938510051802 ], [ -120.820449429004313, 38.526208003977636 ], [ -120.82009010312558, 38.526567329930124 ] ] ] } },
{ "type": "Feature", "properties": { "csb_id": "061825008587396", "acres": 3.0981371795973098, "geoid": "06005" }, "geometry": { "type": "Polygon", "coordinates": [ [ [ -120.830061403596915, 38.524141879506935 ], [ -120.830061402946868, 38.523782552399581 ], [ -120.830690223559557, 38.523243563449149 ], [ -120.830690223777722, 38.522884237377227 ], [ -120.831588537731179, 38.523243565304611 ], [ -120.831588539652515, 38.523782553928577 ], [ -120.831319044666856, 38.523872384867524 ], [ -120.831319043926811, 38.524141878865073 ], [ -120.830061403596915, 38.524141879506935 ] ] ] } },
{ "type": "Feature", "properties": { "csb_id": "061825008587397", "acres": 3.0402366199402899, "geoid": "06005" }, "geometry": { "type": "Polygon", "coordinates": [ [ [ -120.817395156861167, 38.524141878909873 ], [ -120.817125662932526, 38.523243563343797 ], [ -120.817395157475545, 38.522884237157264 ], [ -120.818562967420675, 38.522884237918539 ], [ -120.818562967509394, 38.523243563674562 ], [ -120.817664652202524, 38.52414188001552 ], [ -120.817395156861167, 38.524141878909873 ] ] ] } },
{ "type": "Feature", "properties": { "csb_id": "061825008587399", "acres": 2.6734860851336899, "geoid": "06005" }, "geometry": { "type": "Polygon", "coordinates": [ [ [ -120.833115674731587, 38.523782552583988 ], [ -120.83338516784643, 38.522614743332042 ], [ -120.834013990387362, 38.522614742946899 ], [ -120.83437331675168, 38.522884237742623 ], [ -120.834373316467364, 38.523513058170742 ], [ -120.83383432700073, 38.523513059827948 ], [ -120.833834324553251, 38.523782553313353 ], [ -120.833115674731587, 38.523782552583988 ] ] ] } },
{ "type": "Feature", "properties": { "csb_id": "061825008587404", "acres": 17.546337187842401, "geoid": "06005" }, "geometry": { "type": "Polygon", "coordinates": [ [ [ -120.820090103697524, 38.522884237675797 ], [ -120.819820608953705, 38.522884237158955 ], [ -120.819820608502184, 38.523243564297204 ], [ -120.820090103150875, 38.523243564182472 ], [ -120.820090103697524, 38.522884237675797 ], [ -120.820718924319621, 38.522884237607187 ], [ -120.820808755608226, 38.522345247957844 ], [ -120.8216172388167, 38.522345248560733 ], [ -120.821617239242244, 38.522884237144829 ], [ -120.822246060318093, 38.522884237508229 ], [ -120.822246060220721, 38.524770699852404 ], [ -120.822515553855496, 38.524770699498411 ], [ -120.822515554428406, 38.525040193941379 ], [ -120.822246059382806, 38.525309688739206 ], [ -120.821347744087745, 38.52530968865338 ], [ -120.821347744232412, 38.526567330408163 ], [ -120.820988418776309, 38.526567330274446 ], [ -120.820988417999132, 38.525669015384523 ], [ -120.820718924192462, 38.525669014526805 ], [ -120.820449430086654, 38.525040195227348 ], [ -120.819820608925227, 38.525040193914016 ], [ -120.820090103573023, 38.524141878700931 ], [ -120.819820608154387, 38.524141879216849 ], [ -120.81991044001154, 38.523513058146335 ], [ -120.819461282873675, 38.523513058121416 ], [ -120.819461282876162, 38.523243564031972 ], [ -120.819191787407831, 38.523243563865037 ], [ -120.819191787888229, 38.522884238279836 ], [ -120.819820608551012, 38.522345248523337 ], [ -120.820090103548338, 38.52234524857942 ], [ -120.820090103697524, 38.522884237675797 ] ] ] } },
{ "type": "Feature", "properties": { "csb_id": "061825008587411", "acres": 9.4586394524358699, "geoid": "06005" }, "geometry": { "type": "Polygon", "coordinates": [ [ [ -120.816137516301538, 38.523513058479196 ], [ -120.816137516154697, 38.523243563245586 ], [ -120.815868021139707, 38.52324356403409 ], [ -120.815868021918902, 38.522614742994072 ], [ -120.81559852668201, 38.522614742792463 ], [ -120.815598526580558, 38.522345248883738 ], [ -120.815239201119795, 38.522345248273517 ], [ -120.815239200484854, 38.52198592229756 ], [ -120.815598526419606, 38.521985922447087 ], [ -120.816496842647709, 38.521446933354987 ], [ -120.816496841681683, 38.520818112496258 ], [ -120.816586674241364, 38.52108760725914 ], [ -120.817125662278585, 38.52108760740667 ], [ -120.817125662623809, 38.52144693349851 ], [ -120.817754483310466, 38.521985922336356 ], [ -120.818023977727762, 38.521985922136686 ], [ -120.818023978386563, 38.522884237840309 ], [ -120.817395157475545, 38.522884237157264 ], [ -120.817125662932526, 38.523243563343797 ], [ -120.817125663061276, 38.523513058406458 ], [ -120.816137516301538, 38.523513058479196 ] ] ] } },
{ "type": "Feature", "properties": { "csb_id": "061825008587412", "acres": 15.0949293024439, "geoid": "06005" }, "geometry": { "type": "Polygon", "coordinates": [ [ [ -120.801674639931946, 38.524770700308117 ], [ -120.800147503606851, 38.524770699929725 ], [ -120.800147503304274, 38.525040194227785 ], [ -120.799878008856979, 38.525040194614995 ], [ -120.799518682734657, 38.524770699879689 ], [ -120.799518683602841, 38.523782553151634 ], [ -120.80041699786085, 38.523333395121853 ], [ -120.801045818965633, 38.523243563754519 ], [ -120.801045818968078, 38.522614743218526 ], [ -120.801674639453665, 38.522614742833696 ], [ -120.801674638879419, 38.522884237415141 ], [ -120.80194413419531, 38.522884237754887 ], [ -120.801944134896402, 38.522614742943219 ], [ -120.802213629220475, 38.522614742694024 ], [ -120.80347126982322, 38.522884237485307 ], [ -120.803471270752041, 38.524141878633749 ], [ -120.80194413459769, 38.524411373826048 ], [ -120.801674639931946, 38.524770700308117 ] ] ] } },
{ "type": "Feature", "properties": { "csb_id": "061825008587422", "acres": 3.06928530572719, "geoid": "06005" }, "geometry": { "type": "Polygon", "coordinates": [ [ [ -120.833115675010788, 38.521985922138605 ], [ -120.833115674751184, 38.52144693271218 ], [ -120.832217359117905, 38.521446932969411 ], [ -120.832217359676335, 38.520458785978136 ], [ -120.833115675270193, 38.520458786001718 ], [ -120.833385169495969, 38.521087606665454 ], [ -120.833385169453308, 38.521716428055335 ], [ -120.833834327526176, 38.52180625915787 ], [ -120.833834327411978, 38.521985922397171 ], [ -120.833115675010788, 38.521985922138605 ] ] ] } },
{ "type": "Feature", "properties": { "csb_id": "061825008587424", "acres": 3.1079091813475199, "geoid": "06005" }, "geometry": { "type": "Polygon", "coordinates": [ [ [ -120.831049549684948, 38.520279123075795 ], [ -120.831049550047737, 38.520458786653535 ], [ -120.831139381717719, 38.52045878639278 ], [ -120.83104954924336, 38.520189292264071 ], [ -120.831319044679205, 38.520189291917248 ], [ -120.831588539295581, 38.520189292073781 ], [ -120.831588538428832, 38.520458786292735 ], [ -120.832217359676335, 38.520458785978136 ], [ -120.832307191232843, 38.520818112544156 ], [ -120.831588538963956, 38.520818112186191 ], [ -120.831588538396318, 38.521087607268484 ], [ -120.831319043782258, 38.521177438325125 ], [ -120.830420728962039, 38.521087607271461 ], [ -120.830510560987378, 38.520279123265787 ], [ -120.831049549684948, 38.520279123075795 ] ] ] } },
{ "type": "Feature", "properties": { "csb_id": "061825008587425", "acres": 29.485905927587901, "geoid": "06005" }, "geometry": { "type": "Polygon", "coordinates": [ [ [ -120.822515554164923, 38.523513058159423 ], [ -120.822335891349312, 38.522974069412861 ], [ -120.822515554292451, 38.522345248391197 ], [ -120.822874881119404, 38.521985922326259 ], [ -120.822874880684523, 38.521446932765407 ], [ -120.82251555499289, 38.521446933069392 ], [ -120.822515554601878, 38.521087607080993 ], [ -120.823054543479699, 38.520458786355 ], [ -120.823144374945798, 38.521087607225304 ], [ -120.824042690664129, 38.521087606557415 ], [ -120.824312185565034, 38.520818112547005 ], [ -120.825300331305158, 38.520638449138239 ], [ -120.827635950965757, 38.52117743828871 ], [ -120.827635951938291, 38.521985922309234 ], [ -120.82709696307154, 38.521985922574508 ], [ -120.827096962077135, 38.522345248864653 ], [ -120.825300331524545, 38.522345248365177 ], [ -120.825839321269228, 38.522884238459277 ], [ -120.825839320814922, 38.523243563369881 ], [ -120.825300331573544, 38.523243564112448 ], [ -120.824941005291436, 38.523513058796048 ], [ -120.824671511001156, 38.524411373251901 ], [ -120.824042690898892, 38.524411374041179 ], [ -120.824042690597565, 38.524141879309731 ], [ -120.823144375298085, 38.52414187863814 ], [ -120.822515554164923, 38.523513058159423 ] ] ] } },
{ "type": "Feature", "properties": { "csb_id": "061825008587428", "acres": 4.2951179525608998, "geoid": "06005" }, "geometry": { "type": "Polygon", "coordinates": [ [ [ -120.812813748702951, 38.521087606826896 ], [ -120.812544254343209, 38.520818112087028 ], [ -120.812544255148651, 38.520458786695258 ], [ -120.812813749606377, 38.52045878655656 ], [ -120.812813749091333, 38.519919797493969 ], [ -120.813442569589213, 38.519919796985789 ], [ -120.813712064746596, 38.519560470699197 ], [ -120.813712064278405, 38.519290976455828 ], [ -120.814161222291105, 38.519380808381754 ], [ -120.814161221876191, 38.519650302224044 ], [ -120.814340885824663, 38.519650302618089 ], [ -120.814340885497572, 38.520189291396782 ], [ -120.814071389694107, 38.520548618427767 ], [ -120.813712063228351, 38.520818112503576 ], [ -120.813173075245814, 38.520818112610783 ], [ -120.81317307514783, 38.521087607489356 ], [ -120.812813748702951, 38.521087606826896 ] ] ] } },
{ "type": "Feature", "properties": { "csb_id": "061825008587429", "acres": 20.6907956935333, "geoid": "06005" }, "geometry": { "type": "Polygon", "coordinates": [ [ [ -120.801674639453665, 38.522614742833696 ], [ -120.80041699826009, 38.52261474321341 ], [ -120.800416998689471, 38.522345248691472 ], [ -120.798979693968732, 38.522345248333529 ], [ -120.798979693864823, 38.521446934438899 ], [ -120.799249188810421, 38.521446934114316 ], [ -120.799249188243195, 38.520458786613673 ], [ -120.799518683586314, 38.520189292045416 ], [ -120.801764471622164, 38.519829965153967 ], [ -120.80248312386162, 38.52018929168046 ], [ -120.80314141923138, 38.520878468287982 ], [ -120.803201774493317, 38.52144693298262 ], [ -120.802662787055141, 38.521446933189665 ], [ -120.801674639453665, 38.522614742833696 ] ] ] } },
{ "type": "Feature", "properties": { "csb_id": "061825008587432", "acres": 7.3838108956780903, "geoid": "06005" }, "geometry": { "type": "Polygon", "coordinates": [ [ [ -120.749572353259452, 38.520458787638852 ], [ -120.749572353457623, 38.520189291929185 ], [ -120.749302858972541, 38.519919797131251 ], [ -120.748763869606009, 38.51991979718678 ], [ -120.748674038387989, 38.519021482115953 ], [ -120.751099489493797, 38.519021482270212 ], [ -120.751368983579951, 38.519380807781332 ], [ -120.751099489024526, 38.520189292385147 ], [ -120.750829995513229, 38.520189292495616 ], [ -120.750829994573891, 38.520458786538008 ], [ -120.749572353259452, 38.520458787638852 ] ] ] } },
{ "type": "Feature", "properties": { "csb_id": "061825008587433", "acres": 4.0731729518578099, "geoid": "06005" }, "geometry": { "type": "Polygon", "coordinates": [ [ [ -120.752267299235768, 38.520189291462074 ], [ -120.751099489024526, 38.520189292385147 ], [ -120.751368983654487, 38.519111313511729 ], [ -120.751728308214354, 38.518482493121525 ], [ -120.752267298625739, 38.518392661160419 ], [ -120.752357131138922, 38.520009628496737 ], [ -120.752267299235768, 38.520189291462074 ] ] ] } },
{ "type": "Feature", "properties": { "csb_id": "061825008587437", "acres": 3.3359537056031101, "geoid": "06005" }, "geometry": { "type": "Polygon", "coordinates": [ [ [ -120.801764471511305, 38.519650302468555 ], [ -120.799788178064446, 38.519919796658691 ], [ -120.799608514176981, 38.519290976331789 ], [ -120.799788177290324, 38.519021481803676 ], [ -120.800147504315333, 38.519021482195171 ], [ -120.800147504012799, 38.519290976479105 ], [ -120.800776324519717, 38.519290976643397 ], [ -120.800776323626692, 38.519021482129325 ], [ -120.801405145251664, 38.519021482074869 ], [ -120.801889832082239, 38.519470639507198 ], [ -120.801764471511305, 38.519650302468555 ] ] ] } },
{ "type": "Feature", "properties": { "csb_id": "061825008587439", "acres": 3.79326833811291, "geoid": "06005" }, "geometry": { "type": "Polygon", "coordinates": [ [ [ -120.812813749091333, 38.519919797493969 ], [ -120.812813749394067, 38.519560471012795 ], [ -120.812544254587678, 38.519560470980444 ], [ -120.812544254762656, 38.519290976566012 ], [ -120.813442569866055, 38.519290976662496 ], [ -120.813712064928851, 38.519021481982683 ], [ -120.813712064478224, 38.518662155675209 ], [ -120.81496970663143, 38.518662156076104 ], [ -120.814969706267306, 38.519290976343811 ], [ -120.814340885824663, 38.519650302618089 ], [ -120.814161221876191, 38.519650302224044 ], [ -120.814161222291105, 38.519380808381754 ], [ -120.813712064278405, 38.519290976455828 ], [ -120.813712064746596, 38.519560470699197 ], [ -120.813442569589213, 38.519919796985789 ], [ -120.812813749091333, 38.519919797493969 ] ] ] } },
{ "type": "Feature", "properties": { "csb_id": "061825008587442", "acres": 4.4302985104756498, "geoid": "06005" }, "geometry": { "type": "Polygon", "coordinates": [ [ [ -120.756219887021643, 38.51991979705987 ], [ -120.7551419085231, 38.519919797056829 ], [ -120.754782582447959, 38.519650302416537 ], [ -120.754782582751943, 38.519290977242022 ], [ -120.755321571357712, 38.518751987922236 ], [ -120.756219886456137, 38.518751987932568 ], [ -120.756669043671664, 38.519021481503735 ], [ -120.7566690443076, 38.519290976863303 ], [ -120.756219887021643, 38.51991979705987 ] ] ] } },
{ "type": "Feature", "properties": { "csb_id": "061825008587443", "acres": 27.283015007410999, "geoid": "06005" }, "geometry": { "type": "Polygon", "coordinates": [ [ [ -120.819012125175234, 38.521446932622268 ], [ -120.818922293431356, 38.521087606918869 ], [ -120.816586674241364, 38.52108760725914 ], [ -120.816496842748606, 38.520548617670556 ], [ -120.816137514419083, 38.520458786637384 ], [ -120.81613751457121, 38.520189292273244 ], [ -120.816856168761433, 38.520279123350832 ], [ -120.816856167501442, 38.519919797723361 ], [ -120.816137515543019, 38.519919796817398 ], [ -120.816137515577566, 38.519021482066101 ], [ -120.816496841063795, 38.519021482236333 ], [ -120.817125662614501, 38.518662156228622 ], [ -120.821347744827662, 38.518662156773054 ], [ -120.82116808157879, 38.519560471304885 ], [ -120.819730777460052, 38.521716427938152 ], [ -120.819012125175234, 38.521446932622268 ] ] ] } },
{ "type": "Feature", "properties": { "csb_id": "061825008587444", "acres": 2.6060807167895699, "geoid": "06005" }, "geometry": { "type": "Polygon", "coordinates": [ [ [ -120.751099489493797, 38.519021482270212 ], [ -120.749841847506985, 38.519021482093073 ], [ -120.749841847592151, 38.518662155480968 ], [ -120.750201174523113, 38.51839266086423 ], [ -120.751728308214354, 38.518482493121525 ], [ -120.751189321404524, 38.519290976697945 ], [ -120.751099489493797, 38.519021482270212 ] ] ] } },
{ "type": "Feature", "properties": { "csb_id": "061825008587447", "acres": 14.333394866954601, "geoid": "06005" }, "geometry": { "type": "Polygon", "coordinates": [ [ [ -120.828264771944006, 38.521087607089797 ], [ -120.827635952088841, 38.519919797178751 ], [ -120.827096962692409, 38.51991979699212 ], [ -120.827635951556928, 38.519560470665915 ], [ -120.828624098295293, 38.519290976357325 ], [ -120.828624098493279, 38.518392661425459 ], [ -120.829791908117699, 38.518392661228631 ], [ -120.829791907970659, 38.518033335231891 ], [ -120.82889359343821, 38.518033335380956 ], [ -120.828624098698228, 38.517763840132197 ], [ -120.828624098392154, 38.517494345638227 ], [ -120.828893592567269, 38.517135019997198 ], [ -120.829163087050802, 38.517135019471191 ], [ -120.82916308729726, 38.516865525379458 ], [ -120.830061402421521, 38.516865524811386 ], [ -120.830061402531186, 38.518123166829916 ], [ -120.830780055341549, 38.518482492934112 ], [ -120.830061402517217, 38.519560471114531 ], [ -120.830061403219048, 38.520279123578966 ], [ -120.829612245461789, 38.520009628789353 ], [ -120.829612245077826, 38.519650303018317 ], [ -120.828893592763734, 38.519560471899744 ], [ -120.828713930101358, 38.519650302480933 ], [ -120.828713929732046, 38.520009628422528 ], [ -120.828983424639716, 38.520279123369335 ], [ -120.829163087410379, 38.520907944342547 ], [ -120.828983424751925, 38.521087606931623 ], [ -120.828264771944006, 38.521087607089797 ] ] ] } },
{ "type": "Feature", "properties": { "csb_id": "061825008587452", "acres": 3.9574396157348302, "geoid": "06005" }, "geometry": { "type": "Polygon", "coordinates": [ [ [ -120.791972835245218, 38.518392661083261 ], [ -120.791972835039388, 38.518033335441615 ], [ -120.791433845154017, 38.517763840641173 ], [ -120.791344013903768, 38.517135019369022 ], [ -120.792871149655483, 38.517135019464469 ], [ -120.79314064461245, 38.518033335753948 ], [ -120.792691485489556, 38.518123166510996 ], [ -120.792691486685428, 38.518392661303018 ], [ -120.791972835245218, 38.518392661083261 ] ] ] } },
{ "type": "Feature", "properties": { "csb_id": "061825008587454", "acres": 4.1697307100462702, "geoid": "06005" }, "geometry": { "type": "Polygon", "coordinates": [ [ [ -120.828264772728048, 38.519290977095132 ], [ -120.828264772187381, 38.519111314039989 ], [ -120.82808510969501, 38.519111313585377 ], [ -120.828264772289586, 38.519380808307055 ], [ -120.827635951556928, 38.519560470665915 ], [ -120.827635951531846, 38.51929097685931 ], [ -120.826737636501008, 38.519290976699025 ], [ -120.826737636127206, 38.519021482722451 ], [ -120.827366456869584, 38.519021482537745 ], [ -120.827366457959116, 38.51866215688942 ], [ -120.82709696240731, 38.518662156245767 ], [ -120.827096962524934, 38.518033334900316 ], [ -120.827995278533237, 38.517763841447227 ], [ -120.827995277344598, 38.518033334849449 ], [ -120.827635951536365, 38.518033335999739 ], [ -120.82763595176921, 38.518392661646232 ], [ -120.828624098495609, 38.518482492636764 ], [ -120.828624098295293, 38.519290976357325 ], [ -120.828264772728048, 38.519290977095132 ] ] ] } },
{ "type": "Feature", "properties": { "csb_id": "061825008587462", "acres": 3.0790960047039602, "geoid": "06005" }, "geometry": { "type": "Polygon", "coordinates": [ [ [ -120.832217359114495, 38.51749434551482 ], [ -120.832217359148473, 38.517135019801636 ], [ -120.832037696055693, 38.517135019763174 ], [ -120.831947865172125, 38.516865525203727 ], [ -120.834013991207357, 38.51713501941002 ], [ -120.8340139903043, 38.518033335172944 ], [ -120.833744495636765, 38.518033334573644 ], [ -120.833744495878491, 38.517763840701001 ], [ -120.832217359114495, 38.51749434551482 ] ] ] } },
{ "type": "Feature", "properties": { "csb_id": "061825008587463", "acres": 15.762189267301601, "geoid": "06005" }, "geometry": { "type": "Polygon", "coordinates": [ [ [ -120.821617238163014, 38.518482493083845 ], [ -120.816766335832583, 38.518392660944535 ], [ -120.816766336207053, 38.517763840272863 ], [ -120.817125662181937, 38.517494345857692 ], [ -120.818922292827892, 38.516955356609664 ], [ -120.818922293213106, 38.51659603041211 ], [ -120.819191788083131, 38.516596030870332 ], [ -120.819820608656755, 38.517135019427833 ], [ -120.819820609024873, 38.517494345456051 ], [ -120.820090103025592, 38.517494345734605 ], [ -120.820090103348477, 38.51632653564112 ], [ -120.820988418710868, 38.516236703977455 ], [ -120.820718924129096, 38.517763840297981 ], [ -120.82188673395757, 38.517763840815164 ], [ -120.821886733964305, 38.51821299851666 ], [ -120.821617238163014, 38.518482493083845 ] ] ] } },
{ "type": "Feature", "properties": { "csb_id": "061825008587464", "acres": 14.9319372091978, "geoid": "06005" }, "geometry": { "type": "Polygon", "coordinates": [ [ [ -120.804639080373448, 38.520189292087657 ], [ -120.80320177567431, 38.520009628949111 ], [ -120.802213629265836, 38.519290976965841 ], [ -120.80194413479272, 38.519290976069172 ], [ -120.801944134972658, 38.519021483220193 ], [ -120.802572955332991, 38.519021483935802 ], [ -120.802572955110762, 38.518033335465567 ], [ -120.802213629127166, 38.518033334613321 ], [ -120.802213628844399, 38.517494345874987 ], [ -120.802572955044525, 38.517224851007192 ], [ -120.802842449521876, 38.517224851734305 ], [ -120.802842449590798, 38.517494346132068 ], [ -120.803471270114898, 38.517494345998976 ], [ -120.803471270765684, 38.517135019655356 ], [ -120.804100090770831, 38.51623670468264 ], [ -120.804639080435578, 38.516236704618343 ], [ -120.804639080443209, 38.516596030156485 ], [ -120.804100090593764, 38.516865525077719 ], [ -120.804100090517892, 38.51713501953364 ], [ -120.80436958556092, 38.51713501950956 ], [ -120.804369585460819, 38.517763840369334 ], [ -120.804639080251306, 38.518033335134994 ], [ -120.80499840608914, 38.518033335414707 ], [ -120.804998406316784, 38.518662155475958 ], [ -120.804100091505219, 38.518662155426277 ], [ -120.804100091404024, 38.519021481372739 ], [ -120.804639080702955, 38.519919797164647 ], [ -120.804639080373448, 38.520189292087657 ] ], [ [ -120.803201775693353, 38.519021481445243 ], [ -120.803201775429287, 38.518662155557742 ], [ -120.802842449715939, 38.518662155846911 ], [ -120.802842449335415, 38.519021481504211 ], [ -120.803201775693353, 38.519021481445243 ] ] ] } },
{ "type": "Feature", "properties": { "csb_id": "061825008587467", "acres": 21.929785703642199, "geoid": "06005" }, "geometry": { "type": "Polygon", "coordinates": [ [ [ -120.825569825505156, 38.520458786290163 ], [ -120.825300330593095, 38.52000962928463 ], [ -120.825569825744765, 38.51991979712917 ], [ -120.825569824895553, 38.519650303210987 ], [ -120.825300332096887, 38.519560470646468 ], [ -120.825030837868468, 38.519560471922361 ], [ -120.824941005650103, 38.519919798436554 ], [ -120.824671510998158, 38.520189292154832 ], [ -120.824312185125422, 38.520099460566826 ], [ -120.824312184735874, 38.519919797630095 ], [ -120.823144375710157, 38.519919797132964 ], [ -120.823144374769669, 38.519560471550434 ], [ -120.824042690543351, 38.51902148206716 ], [ -120.824042689968124, 38.518662156427609 ], [ -120.823773194870498, 38.51866215673887 ], [ -120.82377319571016, 38.518033334659769 ], [ -120.824042690728405, 38.517763840033417 ], [ -120.825300331179363, 38.517763840309208 ], [ -120.825659658304232, 38.517584177108141 ], [ -120.825569826153611, 38.516596031063294 ], [ -120.826198647351575, 38.516236704517837 ], [ -120.827096961904047, 38.516236704677851 ], [ -120.82709696260585, 38.516865524922231 ], [ -120.827366457437435, 38.516865525275598 ], [ -120.827456288805053, 38.515787546634861 ], [ -120.827995277023788, 38.515787546615812 ], [ -120.827995277718244, 38.516865525553733 ], [ -120.827366456769823, 38.517135019938848 ], [ -120.82619864745655, 38.517135019706878 ], [ -120.825929153114899, 38.517494346003964 ], [ -120.826557973571795, 38.517584177064123 ], [ -120.82673763619627, 38.518033335387521 ], [ -120.826737636501008, 38.519290976699025 ], [ -120.827635951531846, 38.51929097685931 ], [ -120.827635951556928, 38.519560470665915 ], [ -120.827096962692409, 38.51991979699212 ], [ -120.826737636653405, 38.519919797359641 ], [ -120.825839320282014, 38.520458786251517 ], [ -120.825569825505156, 38.520458786290163 ] ], [ [ -120.825659657372825, 38.519380807792764 ], [ -120.825659658049304, 38.518751987024167 ], [ -120.824941005845389, 38.518662155983883 ], [ -120.824941006307, 38.519290977093398 ], [ -120.825659657372825, 38.519380807792764 ] ], [ [ -120.826288478963662, 38.518662156584291 ], [ -120.826557973319311, 38.518662155547077 ], [ -120.826557973311552, 38.518482492322271 ], [ -120.826288478199544, 38.518482492728069 ], [ -120.826288478963662, 38.518662156584291 ] ], [ [ -120.826737636561489, 38.516596030635995 ], [ -120.826468142201222, 38.516596030862722 ], [ -120.826468141583277, 38.516865524834181 ], [ -120.826737635816784, 38.516865524837847 ], [ -120.826737636561489, 38.516596030635995 ] ] ] } },
{ "type": "Feature", "properties": { "csb_id": "061825008587469", "acres": 2.94399083929176, "geoid": "06005" }, "geometry": { "type": "Polygon", "coordinates": [ [ [ -120.82071892427642, 38.517494346162479 ], [ -120.820988418279839, 38.516685862475953 ], [ -120.820988417866445, 38.51596720984503 ], [ -120.822246059656251, 38.515967209701387 ], [ -120.822246059835308, 38.516236705847689 ], [ -120.821886734071015, 38.516326537261186 ], [ -120.821617237604045, 38.516596030621059 ], [ -120.821347742769561, 38.517494345799086 ], [ -120.82071892427642, 38.517494346162479 ] ] ] } },
{ "type": "Feature", "properties": { "csb_id": "061825008587470", "acres": 16.2062347220328, "geoid": "06005" }, "geometry": { "type": "Polygon", "coordinates": [ [ [ -120.806795036842004, 38.519021481953068 ], [ -120.804998406149153, 38.519021482343348 ], [ -120.80499840608914, 38.518033335414707 ], [ -120.804639080251306, 38.518033335134994 ], [ -120.804369585460819, 38.517763840369334 ], [ -120.80436958556092, 38.51713501950956 ], [ -120.804639079784152, 38.517135019988721 ], [ -120.805537394507994, 38.516236704928154 ], [ -120.806166214686272, 38.515967210444416 ], [ -120.8061662164327, 38.51560788392792 ], [ -120.80706453033018, 38.5156078844905 ], [ -120.807064531695147, 38.516955356550007 ], [ -120.806795037009863, 38.517135019459225 ], [ -120.806795037525987, 38.517763840785243 ], [ -120.807423857415259, 38.518392661198163 ], [ -120.807423858185317, 38.518751987551099 ], [ -120.806795036842004, 38.519021481953068 ] ], [ [ -120.806166215886307, 38.516955356672327 ], [ -120.805896721785203, 38.516865525860617 ], [ -120.805896721427885, 38.516955356944351 ], [ -120.806166215886307, 38.516955356672327 ] ] ] } },
{ "type": "Feature", "properties": { "csb_id": "061825008587482", "acres": 20.781640244301101, "geoid": "06005" }, "geometry": { "type": "Polygon", "coordinates": [ [ [ -120.791433845077435, 38.518033334742093 ], [ -120.79017620385055, 38.518033335538554 ], [ -120.79017620460229, 38.517763840404008 ], [ -120.789547383731545, 38.517763840677219 ], [ -120.789547383289587, 38.518392661278178 ], [ -120.787840584570077, 38.518392661281581 ], [ -120.787840584271279, 38.517584177089496 ], [ -120.787481257749718, 38.517584177278216 ], [ -120.787481257954894, 38.517224851470594 ], [ -120.788020247018494, 38.517135019744963 ], [ -120.788289742146759, 38.516596030804543 ], [ -120.788289741740769, 38.516236704309307 ], [ -120.788020247930021, 38.51623670471232 ], [ -120.78802024706971, 38.515967209698132 ], [ -120.788918562632787, 38.515967210029025 ], [ -120.788918563189483, 38.515068894657269 ], [ -120.788289742267438, 38.515068894211865 ], [ -120.788289742160018, 38.514709568582603 ], [ -120.790176204547407, 38.514709568631268 ], [ -120.790266035257574, 38.515428220783534 ], [ -120.791074519171445, 38.517135019491889 ], [ -120.791074520041136, 38.517494345934594 ], [ -120.79143384510553, 38.517584177620151 ], [ -120.791433845077435, 38.518033334742093 ] ] ] } },
{ "type": "Feature", "properties": { "csb_id": "061825008587485", "acres": 5.0483001277147697, "geoid": "06005" }, "geometry": { "type": "Polygon", "coordinates": [ [ [ -120.825569826183965, 38.515967209676887 ], [ -120.82530033026184, 38.515967209997171 ], [ -120.825300330418287, 38.51623670476944 ], [ -120.824671511074484, 38.516236705522125 ], [ -120.824312185114508, 38.515967211244792 ], [ -120.824312184805919, 38.515068894408074 ], [ -120.82467151104558, 38.514709568856077 ], [ -120.82530033189424, 38.514709568786003 ], [ -120.825300331644229, 38.515607883615068 ], [ -120.825569825424523, 38.51560788438708 ], [ -120.825569826513288, 38.515338389155218 ], [ -120.825839320816399, 38.515068894738413 ], [ -120.826468142070581, 38.515068894806788 ], [ -120.826468141133731, 38.515607883606059 ], [ -120.825839321441819, 38.515607884109357 ], [ -120.825839320890537, 38.516236704231204 ], [ -120.82556982621368, 38.51623670467955 ], [ -120.825569826183965, 38.515967209676887 ] ] ] } },
{ "type": "Feature", "properties": { "csb_id": "061825008587499", "acres": 19.6528478298221, "geoid": "06005" }, "geometry": { "type": "Polygon", "coordinates": [ [ [ -120.801674639844549, 38.515967209471789 ], [ -120.801315313975479, 38.515607884036605 ], [ -120.800147503604336, 38.515068894948712 ], [ -120.799518681978626, 38.514440074086664 ], [ -120.799518683177922, 38.514170579180814 ], [ -120.800416998362124, 38.514170579023137 ], [ -120.800776324480964, 38.514260410897506 ], [ -120.800776324703449, 38.514440073977099 ], [ -120.801045819222139, 38.514440073742406 ], [ -120.80104581875473, 38.514170579869855 ], [ -120.801315313698979, 38.514170579678037 ], [ -120.801315314263789, 38.513811253690996 ], [ -120.803471271006387, 38.513811253365539 ], [ -120.803740764836149, 38.513901084758537 ], [ -120.803740764556494, 38.5141705789786 ], [ -120.804100091053883, 38.514170579685619 ], [ -120.804369585852228, 38.51417057931338 ], [ -120.80436958574964, 38.513811253149647 ], [ -120.805267900347147, 38.513811252884274 ], [ -120.805267901517766, 38.514709568528367 ], [ -120.804639079991574, 38.51470956817505 ], [ -120.804639079815274, 38.515158726285584 ], [ -120.804100090649158, 38.515607883428579 ], [ -120.802572955509547, 38.515607883829148 ], [ -120.802572955224036, 38.515967210109729 ], [ -120.801674639844549, 38.515967209471789 ] ] ] } },
{ "type": "Feature", "properties": { "csb_id": "061825008587501", "acres": 5.51173460415795, "geoid": "06005" }, "geometry": { "type": "Polygon", "coordinates": [ [ [ -120.811645939760353, 38.515158726506854 ], [ -120.811645939098113, 38.514709568956604 ], [ -120.811017117180384, 38.514709568884491 ], [ -120.8103882972581, 38.514440074307146 ], [ -120.810388297543, 38.513272263783705 ], [ -120.811645939663308, 38.513272264252421 ], [ -120.811645939836964, 38.513541758825887 ], [ -120.811915434344129, 38.513541758169417 ], [ -120.811915434248363, 38.514709568129106 ], [ -120.812274760793827, 38.514709568638494 ], [ -120.812274760083511, 38.515068894645673 ], [ -120.811645939760353, 38.515158726506854 ] ] ] } },
{ "type": "Feature", "properties": { "csb_id": "061825008587516", "acres": 18.890481548615, "geoid": "06005" }, "geometry": { "type": "Polygon", "coordinates": [ [ [ -120.75927415786569, 38.515967209649098 ], [ -120.759274158579046, 38.515607883566986 ], [ -120.759543653620895, 38.5153383894244 ], [ -120.759543653369306, 38.515068894590939 ], [ -120.758375843438529, 38.514260410486521 ], [ -120.758016517246986, 38.513811252843851 ], [ -120.758016517318836, 38.513272263527192 ], [ -120.758555506067836, 38.512912937765996 ], [ -120.7595436531183, 38.512643443468249 ], [ -120.759543652509393, 38.512284117394138 ], [ -120.759902978895184, 38.512284117573159 ], [ -120.759902979186819, 38.512912938303771 ], [ -120.760801294101697, 38.51291293827947 ], [ -120.760801294691504, 38.513272263780003 ], [ -120.761699609091508, 38.513272263763277 ], [ -120.762597924697019, 38.513811253184471 ], [ -120.762597924854632, 38.514170579663862 ], [ -120.761969104280567, 38.514170579489587 ], [ -120.760441968310232, 38.514709568114704 ], [ -120.76044196855392, 38.515068894251883 ], [ -120.760801294060812, 38.515068894801189 ], [ -120.760801294167521, 38.515338389691891 ], [ -120.75990297954877, 38.515967209886426 ], [ -120.75927415786569, 38.515967209649098 ] ] ] } },
{ "type": "Feature", "properties": { "csb_id": "061825008587526", "acres": 6.5613977578799298, "geoid": "06005" }, "geometry": { "type": "Polygon", "coordinates": [ [ [ -120.820449429290491, 38.514350242447485 ], [ -120.818652799106331, 38.513901084470007 ], [ -120.819281619403526, 38.513901085144752 ], [ -120.819281619768233, 38.513631590214416 ], [ -120.819012125380908, 38.513362095602339 ], [ -120.818652798871355, 38.513362095761494 ], [ -120.818652798042947, 38.51300276917177 ], [ -120.819281619053996, 38.513002769957829 ], [ -120.819281619014433, 38.51336209551485 ], [ -120.819551114065405, 38.513362095469923 ], [ -120.819551114392127, 38.51228411701797 ], [ -120.819820608929248, 38.512014622258882 ], [ -120.820718923935701, 38.512284117118504 ], [ -120.820449429290491, 38.514350242447485 ] ] ] } },
{ "type": "Feature", "properties": { "csb_id": "061825008587527", "acres": 4.3631411700837504, "geoid": "06005" }, "geometry": { "type": "Polygon", "coordinates": [ [ [ -120.816766336516508, 38.513272264223161 ], [ -120.815598526605058, 38.513272264156264 ], [ -120.815598527300253, 38.512284117216588 ], [ -120.815868021311871, 38.512014622193831 ], [ -120.816766336221932, 38.511745128350327 ], [ -120.816766337265335, 38.512014622928177 ], [ -120.817395156868827, 38.51201462264121 ], [ -120.817395157690342, 38.512284116818272 ], [ -120.816766336890922, 38.512643443574426 ], [ -120.816766336516508, 38.513272264223161 ] ] ] } },
{ "type": "Feature", "properties": { "csb_id": "061825008587528", "acres": 6.7957014748778199, "geoid": "06005" }, "geometry": { "type": "Polygon", "coordinates": [ [ [ -120.812364591506991, 38.512733274688351 ], [ -120.81200526528572, 38.512643443820345 ], [ -120.812813749196877, 38.511745128381342 ], [ -120.814700211248365, 38.511745128248144 ], [ -120.814700211328883, 38.512284117456467 ], [ -120.814340885865931, 38.51228411700707 ], [ -120.814340885719318, 38.513182432739804 ], [ -120.812544255387294, 38.513002769508482 ], [ -120.812364591506991, 38.512733274688351 ] ] ] } },
{ "type": "Feature", "properties": { "csb_id": "061825008587535", "acres": 15.232402276161199, "geoid": "06005" }, "geometry": { "type": "Polygon", "coordinates": [ [ [ -120.80769335217262, 38.513811253061107 ], [ -120.807423857327038, 38.512912937808238 ], [ -120.806795036383676, 38.512643443025205 ], [ -120.806525542876628, 38.512643443124659 ], [ -120.806525542197207, 38.513272264200523 ], [ -120.806795036525841, 38.513362095643124 ], [ -120.806795037195329, 38.513541758898462 ], [ -120.805896721720728, 38.513541758220768 ], [ -120.804728911748398, 38.51264344326021 ], [ -120.804459416954828, 38.512284117454449 ], [ -120.804369586246082, 38.511565465334193 ], [ -120.806166216654475, 38.511565465138261 ], [ -120.807064531100409, 38.511834959444315 ], [ -120.808591667499797, 38.511745128233436 ], [ -120.808591667512118, 38.513272264156647 ], [ -120.808322172756888, 38.513541759130476 ], [ -120.808322172482065, 38.513811253125475 ], [ -120.80769335217262, 38.513811253061107 ] ], [ [ -120.807783183761899, 38.512104454253205 ], [ -120.807693351854411, 38.512014622975364 ], [ -120.807693352582405, 38.512104454286394 ], [ -120.807783183761899, 38.512104454253205 ] ] ] } },
{ "type": "Feature", "properties": { "csb_id": "061825008587536", "acres": 16.236276863215199, "geoid": "06005" }, "geometry": { "type": "Polygon", "coordinates": [ [ [ -120.801764471056629, 38.513002769603887 ], [ -120.801674639724681, 38.512733275232186 ], [ -120.801405144699288, 38.512733274544267 ], [ -120.801405145669179, 38.513002769506407 ], [ -120.801764471056629, 38.513002769603887 ], [ -120.801764471577101, 38.513362095819232 ], [ -120.801135651040255, 38.513362095478136 ], [ -120.800866155521859, 38.513631589839065 ], [ -120.800866155964684, 38.513811252917982 ], [ -120.801315314263789, 38.513811253690996 ], [ -120.801315313698979, 38.514170579678037 ], [ -120.800776324929004, 38.514170579242645 ], [ -120.800776324036065, 38.513901084738862 ], [ -120.799608514550741, 38.51390108439351 ], [ -120.799518683004067, 38.512014622884593 ], [ -120.79987800863772, 38.511745127886151 ], [ -120.80167463937606, 38.511834959267922 ], [ -120.801674639950221, 38.511565464709228 ], [ -120.803471270758507, 38.511745127545439 ], [ -120.803471270399598, 38.512643443573502 ], [ -120.803201775901073, 38.512912937753079 ], [ -120.802662786545199, 38.513272263736468 ], [ -120.802033965584783, 38.513272264528062 ], [ -120.802033965955189, 38.513002769736808 ], [ -120.801764471056629, 38.513002769603887 ] ], [ [ -120.79987800877835, 38.513362095579119 ], [ -120.799788177778041, 38.513002769789814 ], [ -120.799788178147409, 38.51336209588753 ], [ -120.79987800877835, 38.513362095579119 ] ] ] } },
{ "type": "Feature", "properties": { "csb_id": "061825008587546", "acres": 10.5731392698217, "geoid": "06005" }, "geometry": { "type": "Polygon", "coordinates": [ [ [ -120.810158980650399, 38.511944047537149 ], [ -120.809939140536912, 38.511385801715782 ], [ -120.811376445083326, 38.510846813067715 ], [ -120.811645939327974, 38.50985866597712 ], [ -120.812544255140324, 38.509858666193956 ], [ -120.812544254633863, 38.510217992420692 ], [ -120.813712064352941, 38.510307824085203 ], [ -120.813712064170701, 38.510846812769032 ], [ -120.814071390111991, 38.510846812576517 ], [ -120.814071389665429, 38.511116307264544 ], [ -120.812634086058608, 38.511116307095023 ], [ -120.812274760241138, 38.511385801577646 ], [ -120.812274759781488, 38.512014622608589 ], [ -120.810158980650399, 38.511944047537149 ] ] ] } },
{ "type": "Feature", "properties": { "csb_id": "061825008587548", "acres": 6.1490990992497396, "geoid": "06005" }, "geometry": { "type": "Polygon", "coordinates": [ [ [ -120.805896721937515, 38.511385801991793 ], [ -120.805896721779533, 38.510487487340519 ], [ -120.807064531972458, 38.510487486969701 ], [ -120.807154362853282, 38.510846813267513 ], [ -120.807064531509397, 38.509589171283871 ], [ -120.807962846620626, 38.509679002622043 ], [ -120.808052677863373, 38.510577318196994 ], [ -120.808322173114718, 38.510846812310199 ], [ -120.808322173138706, 38.511116307162652 ], [ -120.807154363053868, 38.511116307198954 ], [ -120.807154363553209, 38.511385801992724 ], [ -120.805896721937515, 38.511385801991793 ] ] ] } },
{ "type": "Feature", "properties": { "csb_id": "061825008587552", "acres": 18.658491083458902, "geoid": "06005" }, "geometry": { "type": "Polygon", "coordinates": [ [ [ -120.76475388192803, 38.512284117425395 ], [ -120.762418261585751, 38.512373948743239 ], [ -120.7623284302922, 38.512643443143958 ], [ -120.761430112453695, 38.512912938029608 ], [ -120.759902979186819, 38.512912938303771 ], [ -120.759902978895184, 38.512284117573159 ], [ -120.759543652509393, 38.512284117394138 ], [ -120.760352137351248, 38.511385803542566 ], [ -120.760891126467456, 38.511475634434554 ], [ -120.760891126081162, 38.511834959299719 ], [ -120.761430115014534, 38.51174512879394 ], [ -120.761430115515708, 38.51138580151531 ], [ -120.763226746364438, 38.509948497763752 ], [ -120.764753881786476, 38.511385802216729 ], [ -120.76475388192803, 38.512284117425395 ] ], [ [ -120.764125060779477, 38.511116307692426 ], [ -120.763855566652481, 38.511116307242496 ], [ -120.763855566055852, 38.511745127737683 ], [ -120.764125061378181, 38.511745128417473 ], [ -120.764125060779477, 38.511116307692426 ] ], [ [ -120.760801294417035, 38.512014622778743 ], [ -120.760801294608555, 38.511745128755976 ], [ -120.760441969152168, 38.511745129700188 ], [ -120.760441968458807, 38.512014622631057 ], [ -120.760801294417035, 38.512014622778743 ] ] ] } },
{ "type": "Feature", "properties": { "csb_id": "061825008587556", "acres": 3.5138047314166401, "geoid": "06005" }, "geometry": { "type": "Polygon", "coordinates": [ [ [ -120.807154363405559, 38.510487486934082 ], [ -120.805267900483841, 38.510487486527111 ], [ -120.805267901586376, 38.509948497521215 ], [ -120.805088237515022, 38.509858666343739 ], [ -120.806525540996688, 38.509858666296452 ], [ -120.806525541270403, 38.509319677404626 ], [ -120.807064531340629, 38.509319676492744 ], [ -120.807154363405559, 38.510487486934082 ] ] ] } },
{ "type": "Feature", "properties": { "csb_id": "061825008587557", "acres": 2.6948436066109198, "geoid": "06005" }, "geometry": { "type": "Polygon", "coordinates": [ [ [ -120.752896120037889, 38.510846812735267 ], [ -120.752986653688097, 38.510398356503167 ], [ -120.753524940330692, 38.510038328833843 ], [ -120.754423256447154, 38.509858666176044 ], [ -120.75442325579705, 38.510217991959472 ], [ -120.754692750498791, 38.510487486815549 ], [ -120.754153761211441, 38.510577318619454 ], [ -120.754153761838879, 38.510846812986983 ], [ -120.752896120037889, 38.510846812735267 ] ] ] } },
{ "type": "Feature", "properties": { "csb_id": "061825008587564", "acres": 3.15666276375799, "geoid": "06005" }, "geometry": { "type": "Polygon", "coordinates": [ [ [ -120.814969705982833, 38.50985866642548 ], [ -120.81496970572482, 38.508960351051932 ], [ -120.815239200381072, 38.508960350711234 ], [ -120.815239200184564, 38.50869085619729 ], [ -120.816137515411114, 38.508690856036544 ], [ -120.816227346979971, 38.509589171205803 ], [ -120.815868021437481, 38.509858665590009 ], [ -120.814969705982833, 38.50985866642548 ] ] ] } },
{ "type": "Feature", "properties": { "csb_id": "061825008587569", "acres": 12.6358995942995, "geoid": "06005" }, "geometry": { "type": "Polygon", "coordinates": [ [ [ -120.810208633522549, 38.51138580254559 ], [ -120.80847165817633, 38.51135562372275 ], [ -120.808322173138706, 38.511116307162652 ], [ -120.808591667292859, 38.511116307387546 ], [ -120.808950993854523, 38.509858666290555 ], [ -120.809579814729091, 38.509589170882265 ], [ -120.810118803315618, 38.508960350375965 ], [ -120.810208634616259, 38.508511192825544 ], [ -120.810478130223487, 38.508511193119169 ], [ -120.810747624042122, 38.509319677727134 ], [ -120.811645939327974, 38.50985866597712 ], [ -120.811645939186661, 38.510217992144526 ], [ -120.811376445083326, 38.510846813067715 ], [ -120.810208633522549, 38.51138580254559 ] ] ] } },
{ "type": "Feature", "properties": { "csb_id": "061825008587570", "acres": 19.789869499617598, "geoid": "06005" }, "geometry": { "type": "Polygon", "coordinates": [ [ [ -120.800776325405153, 38.510217993209764 ], [ -120.801045819525328, 38.510217991706391 ], [ -120.801045819175428, 38.509858666188357 ], [ -120.80077632466157, 38.509858666197957 ], [ -120.800776325405153, 38.510217993209764 ], [ -120.800147503304402, 38.510217991860912 ], [ -120.800147504419058, 38.510487486760219 ], [ -120.799788177429548, 38.510487486667614 ], [ -120.799518682995767, 38.510217992477294 ], [ -120.799518682531485, 38.5098586657545 ], [ -120.799249189120289, 38.50931967699885 ], [ -120.799249188813633, 38.508690856071219 ], [ -120.80050683054273, 38.508780687633681 ], [ -120.800776324219768, 38.50905018224833 ], [ -120.800776325112665, 38.509319676744354 ], [ -120.803201776018781, 38.509319676656169 ], [ -120.803740764702596, 38.509858665939717 ], [ -120.803740765020365, 38.511206138504519 ], [ -120.803201775673401, 38.511385801927233 ], [ -120.800776324874633, 38.511385802684956 ], [ -120.800416998902037, 38.511116307050685 ], [ -120.800416998442586, 38.510936644204925 ], [ -120.800506829810232, 38.51057731855078 ], [ -120.800776324134148, 38.51057731786652 ], [ -120.800776325405153, 38.510217993209764 ] ], [ [ -120.801315313561773, 38.5096790031469 ], [ -120.801135650893698, 38.509679003324067 ], [ -120.801135650580449, 38.509858665766913 ], [ -120.801315313689258, 38.509858665589753 ], [ -120.801315313561773, 38.5096790031469 ] ] ] } },
{ "type": "Feature", "properties": { "csb_id": "061825008587582", "acres": 2.6330244783896801, "geoid": "06005" }, "geometry": { "type": "Polygon", "coordinates": [ [ [ -120.76376573437625, 38.509948497260233 ], [ -120.763190076141569, 38.509536009419399 ], [ -120.762957250917424, 38.508960351783116 ], [ -120.762328430931788, 38.508960350508914 ], [ -120.762328430395527, 38.50878068750449 ], [ -120.764125061304014, 38.508690857609352 ], [ -120.764125060964048, 38.508960350477906 ], [ -120.763855566641965, 38.508960350774913 ], [ -120.763855565800313, 38.509679002793845 ], [ -120.764214892006706, 38.509679002592591 ], [ -120.764214892398144, 38.509858665655216 ], [ -120.76376573437625, 38.509948497260233 ] ] ] } },
{ "type": "Feature", "properties": { "csb_id": "061825008587586", "acres": 2.9153610820881202, "geoid": "06005" }, "geometry": { "type": "Polygon", "coordinates": [ [ [ -120.814340885358362, 38.508960350992972 ], [ -120.814340884959876, 38.507792540597897 ], [ -120.815239200275144, 38.50779254100005 ], [ -120.815239201106465, 38.508421361453472 ], [ -120.815868021174111, 38.508421362504365 ], [ -120.815868020849905, 38.508690855754708 ], [ -120.815239200184564, 38.50869085619729 ], [ -120.815239200381072, 38.508960350711234 ], [ -120.814340885358362, 38.508960350992972 ] ] ] } },
{ "type": "Feature", "properties": { "csb_id": "061825008587599", "acres": 8.1843422680520703, "geoid": "06005" }, "geometry": { "type": "Polygon", "coordinates": [ [ [ -120.757836852472124, 38.508870519904384 ], [ -120.755950392407172, 38.508690856443593 ], [ -120.755950392178505, 38.508421361562547 ], [ -120.756309718301736, 38.50806203528456 ], [ -120.756579212078734, 38.508062035214913 ], [ -120.756848706393541, 38.50752304600362 ], [ -120.758016517090724, 38.50752304599942 ], [ -120.758645337335281, 38.507163720152661 ], [ -120.759004664102818, 38.507163720479497 ], [ -120.759094495122014, 38.507882372009483 ], [ -120.758645337948266, 38.508421361754422 ], [ -120.757836852472124, 38.508870519904384 ] ] ] } },
{ "type": "Feature", "properties": { "csb_id": "061825008587600", "acres": 5.1839857456518903, "geoid": "06005" }, "geometry": { "type": "Polygon", "coordinates": [ [ [ -120.794667780061133, 38.508421361292363 ], [ -120.793140644711229, 38.508421361646946 ], [ -120.793140644666906, 38.508062035739691 ], [ -120.792871149918142, 38.507792540423701 ], [ -120.792601654960961, 38.507792540845372 ], [ -120.792601655577428, 38.507163720395809 ], [ -120.793230476372003, 38.506894225502485 ], [ -120.79349997115645, 38.506894225832269 ], [ -120.793499970255979, 38.50716371980193 ], [ -120.794038959869837, 38.50716372001672 ], [ -120.794038959548928, 38.507523045980982 ], [ -120.79439828652842, 38.507523045984151 ], [ -120.794398285577984, 38.507792540645035 ], [ -120.794667780909734, 38.507792540836917 ], [ -120.794667780950931, 38.508062035498092 ], [ -120.794667780061133, 38.508421361292363 ] ] ] } },
{ "type": "Feature", "properties": { "csb_id": "061825008587602", "acres": 9.6245151428974598, "geoid": "06005" }, "geometry": { "type": "Polygon", "coordinates": [ [ [ -120.812813749072149, 38.50985866644303 ], [ -120.811645939327974, 38.50985866597712 ], [ -120.810747624042122, 38.509319677727134 ], [ -120.810478130223487, 38.508511193119169 ], [ -120.810208634616259, 38.508511192825544 ], [ -120.810118803988829, 38.508690855868942 ], [ -120.810118803869159, 38.508062035086233 ], [ -120.811017119040031, 38.508062035558389 ], [ -120.811735771215083, 38.507523046496232 ], [ -120.811915433909576, 38.507163719997209 ], [ -120.812274760495072, 38.507163720262774 ], [ -120.812274760395468, 38.508421361206175 ], [ -120.812813749675612, 38.509319677189779 ], [ -120.812813749072149, 38.50985866644303 ] ] ] } },
{ "type": "Feature", "properties": { "csb_id": "061825008587604", "acres": 3.04090917813321, "geoid": "06005" }, "geometry": { "type": "Polygon", "coordinates": [ [ [ -120.824042690921232, 38.507792540935029 ], [ -120.824042690373432, 38.507612879105217 ], [ -120.82341387010689, 38.507523046071611 ], [ -120.823413869831256, 38.506534899806809 ], [ -120.824312185130054, 38.506534899276119 ], [ -120.824402016505573, 38.50716371974427 ], [ -120.824761343080795, 38.507253552641529 ], [ -120.824671511289907, 38.50779254116987 ], [ -120.824042690921232, 38.507792540935029 ] ] ] } },
{ "type": "Feature", "properties": { "csb_id": "061825008587609", "acres": 19.143007491118802, "geoid": "06005" }, "geometry": { "type": "Polygon", "coordinates": [ [ [ -120.812544254633863, 38.510217992420692 ], [ -120.812544255140324, 38.509858666193956 ], [ -120.812813749072149, 38.50985866644303 ], [ -120.812813749675612, 38.509319677189779 ], [ -120.812274760395468, 38.508421361206175 ], [ -120.812274760495072, 38.507163720262774 ], [ -120.812813749553754, 38.507163719790121 ], [ -120.813173074994879, 38.506624730777737 ], [ -120.813712065083521, 38.506265405441411 ], [ -120.814700211784412, 38.50626540459519 ], [ -120.814790042996449, 38.50689422519001 ], [ -120.815598527259723, 38.506984056893636 ], [ -120.815598525505692, 38.50806203655474 ], [ -120.815239200471652, 38.508062035512772 ], [ -120.815239200275144, 38.50779254100005 ], [ -120.814340884959876, 38.507792540597897 ], [ -120.814340885358362, 38.508960350992972 ], [ -120.814700211068583, 38.508960350803633 ], [ -120.81496970615585, 38.509319676763951 ], [ -120.814969706479133, 38.509589171048376 ], [ -120.814340885121524, 38.509679003220249 ], [ -120.813712065220599, 38.509319676827808 ], [ -120.813442570138719, 38.509319676416844 ], [ -120.813442569390446, 38.509858665729375 ], [ -120.813712065038359, 38.509858665508759 ], [ -120.813712064352941, 38.510307824085203 ], [ -120.812544254633863, 38.510217992420692 ] ] ] } },
{ "type": "Feature", "properties": { "csb_id": "061825008587616", "acres": 16.112045703549601, "geoid": "06005" }, "geometry": { "type": "Polygon", "coordinates": [ [ [ -120.801135650168476, 38.508511192938819 ], [ -120.80113565051812, 38.507882372238917 ], [ -120.799339019594683, 38.507882372328169 ], [ -120.799339020336518, 38.507612877662631 ], [ -120.796194916137608, 38.507523046156777 ], [ -120.796464411055524, 38.50716372042038 ], [ -120.797362726043687, 38.507163720248641 ], [ -120.797362726497937, 38.506534899733829 ], [ -120.798081379122152, 38.505995910799498 ], [ -120.798350872767642, 38.505995910239356 ], [ -120.798350873164395, 38.505367089840412 ], [ -120.798889862614644, 38.505367089250143 ], [ -120.799249188912142, 38.505636584145137 ], [ -120.799249188874029, 38.505995909768522 ], [ -120.800147504014447, 38.505995910339649 ], [ -120.800147504119082, 38.505636583795543 ], [ -120.800416998234454, 38.505636583891537 ], [ -120.800416999022687, 38.506265404927873 ], [ -120.800776324311627, 38.50662473105055 ], [ -120.800866156499737, 38.507523046588318 ], [ -120.801674640135587, 38.507523046265113 ], [ -120.801674639561455, 38.507792540817967 ], [ -120.802033966083343, 38.507792541099427 ], [ -120.801405144795311, 38.508511192947061 ], [ -120.801135650168476, 38.508511192938819 ] ], [ [ -120.800237335092035, 38.507523046623362 ], [ -120.80041699862349, 38.506984056755101 ], [ -120.799608514379472, 38.506984057569831 ], [ -120.7996085143306, 38.507253551372614 ], [ -120.799878009016226, 38.507612878159911 ], [ -120.800237335092035, 38.507523046623362 ] ], [ [ -120.799518683633437, 38.506265404767568 ], [ -120.799249189218784, 38.506265405063871 ], [ -120.799339019974497, 38.506624730885051 ], [ -120.799518682680613, 38.506624730852252 ], [ -120.799518683633437, 38.506265404767568 ] ] ] } },
{ "type": "Feature", "properties": { "csb_id": "061825008587617", "acres": 3.7553313777016499, "geoid": "06005" }, "geometry": { "type": "Polygon", "coordinates": [ [ [ -120.814969704885542, 38.506894226035676 ], [ -120.814969705680681, 38.50662473152439 ], [ -120.814700210296522, 38.50653489996796 ], [ -120.814700210216017, 38.505995910775646 ], [ -120.814969706433303, 38.505636584507755 ], [ -120.816137515765803, 38.505636584043998 ], [ -120.816137515883355, 38.506265404379761 ], [ -120.815688358033881, 38.506894225648942 ], [ -120.814969704885542, 38.506894226035676 ] ] ] } },
{ "type": "Feature", "properties": { "csb_id": "061825008587618", "acres": 14.191017285010799, "geoid": "06005" }, "geometry": { "type": "Polygon", "coordinates": [ [ [ -120.808322172215071, 38.505726415817371 ], [ -120.808412003234295, 38.505995910514017 ], [ -120.808322173203493, 38.50509759522042 ], [ -120.808591667656202, 38.505097594518155 ], [ -120.808591667346448, 38.504738268767099 ], [ -120.808950994181203, 38.504738268829094 ], [ -120.809489983513572, 38.50563658441655 ], [ -120.809849308343942, 38.505636584104401 ], [ -120.810118803412621, 38.505995910475058 ], [ -120.810118803304306, 38.507163720030647 ], [ -120.810388298426986, 38.50716371959944 ], [ -120.81038829830517, 38.507523046334434 ], [ -120.809939140902316, 38.507792540884964 ], [ -120.808591667371047, 38.50779254051379 ], [ -120.80859166726826, 38.508062035592211 ], [ -120.808052677873533, 38.508062035710928 ], [ -120.807693352288396, 38.507523046204227 ], [ -120.807693351811182, 38.506534899335257 ], [ -120.808052678803833, 38.50572641523992 ], [ -120.808322172215071, 38.505726415817371 ] ] ] } },
{ "type": "Feature", "properties": { "csb_id": "061825008587621", "acres": 6.4101204538961802, "geoid": "06005" }, "geometry": { "type": "Polygon", "coordinates": [ [ [ -120.796464411412771, 38.506894225241368 ], [ -120.795566095929672, 38.506894225191452 ], [ -120.795566096364823, 38.506534900433252 ], [ -120.795925422226361, 38.506534899835927 ], [ -120.795925422433598, 38.505995910400365 ], [ -120.796464411809211, 38.505995910298473 ], [ -120.796464410893876, 38.505636583989251 ], [ -120.797362726539589, 38.505636584444844 ], [ -120.797722053121944, 38.505367089811564 ], [ -120.798350873164395, 38.505367089840412 ], [ -120.798350872767642, 38.505995910239356 ], [ -120.798081379122152, 38.505995910799498 ], [ -120.797362726497937, 38.506534899733829 ], [ -120.797362726043687, 38.507163720248641 ], [ -120.796464411055524, 38.50716372042038 ], [ -120.796464411412771, 38.506894225241368 ] ], [ [ -120.797722052899488, 38.505726415777481 ], [ -120.797452558008743, 38.505726415423595 ], [ -120.797452557633463, 38.505995910429789 ], [ -120.797722052098749, 38.505995910151796 ], [ -120.797722052899488, 38.505726415777481 ] ] ] } },
{ "type": "Feature", "properties": { "csb_id": "061825008587624", "acres": 4.8461919846974597, "geoid": "06005" }, "geometry": { "type": "Polygon", "coordinates": [ [ [ -120.821617239817641, 38.507523046453855 ], [ -120.821617239258543, 38.506894225749804 ], [ -120.821886733929162, 38.506894225934865 ], [ -120.821886734087641, 38.506534899580139 ], [ -120.821347744035634, 38.506534899312165 ], [ -120.821347744105879, 38.506265404734172 ], [ -120.822246059675336, 38.505636584585304 ], [ -120.822874880988749, 38.505636584433056 ], [ -120.823144375404596, 38.505995910407499 ], [ -120.823144374637138, 38.506265404643671 ], [ -120.82287488104167, 38.506534899489502 ], [ -120.822515554089435, 38.506534899425468 ], [ -120.82251555393475, 38.507163720017417 ], [ -120.822246059577964, 38.507523046700435 ], [ -120.821617239817641, 38.507523046453855 ] ] ] } },
{ "type": "Feature", "properties": { "csb_id": "061825008587625", "acres": 10.8314492061069, "geoid": "06005" }, "geometry": { "type": "Polygon", "coordinates": [ [ [ -120.802842449560444, 38.508062035548022 ], [ -120.802842449491521, 38.507792541166161 ], [ -120.802213629100677, 38.507612877515108 ], [ -120.802033966131134, 38.507612877336044 ], [ -120.802033966083343, 38.507792541099427 ], [ -120.801674639561455, 38.507792540817967 ], [ -120.801674640135587, 38.507523046265113 ], [ -120.800866156499737, 38.507523046588318 ], [ -120.800776324086087, 38.506894225773671 ], [ -120.801045819356276, 38.506984056837162 ], [ -120.801045819476144, 38.506265404720935 ], [ -120.803471270728181, 38.506265405221548 ], [ -120.80436958592837, 38.506534898956467 ], [ -120.804369585217771, 38.506984056815796 ], [ -120.803740764886811, 38.507163719746593 ], [ -120.803740765577416, 38.507792541140347 ], [ -120.803201776063773, 38.508062035472875 ], [ -120.802842449560444, 38.508062035548022 ] ] ] } },
{ "type": "Feature", "properties": { "csb_id": "061825008587635", "acres": 26.306529722185701, "geoid": "06005" }, "geometry": { "type": "Polygon", "coordinates": [ [ [ -120.818652797503475, 38.508690856529768 ], [ -120.818293471340581, 38.508151867477451 ], [ -120.817125663056359, 38.508062034960233 ], [ -120.8167663361574, 38.507523046408281 ], [ -120.81649684229717, 38.506534898979382 ], [ -120.816496842593494, 38.505097595106108 ], [ -120.817125663258565, 38.504468774567613 ], [ -120.81802397808778, 38.504468774090611 ], [ -120.818023977847915, 38.505097595062516 ], [ -120.818562967676613, 38.505097594797412 ], [ -120.818562966904381, 38.505367089254946 ], [ -120.819191788053033, 38.505367089896119 ], [ -120.819191787629862, 38.505097595208241 ], [ -120.819820608479816, 38.505097594998077 ], [ -120.819820608681141, 38.505367089284768 ], [ -120.820449429386514, 38.505367089144684 ], [ -120.820449429762874, 38.505995910587281 ], [ -120.819820608083319, 38.506894225479023 ], [ -120.819461281535524, 38.507163720284552 ], [ -120.81946128269378, 38.508421361449898 ], [ -120.819191788274651, 38.508690855998147 ], [ -120.818652797503475, 38.508690856529768 ] ] ] } },
{ "type": "Feature", "properties": { "csb_id": "061825008587642", "acres": 3.8519501992607701, "geoid": "06005" }, "geometry": { "type": "Polygon", "coordinates": [ [ [ -120.81434088512529, 38.505367089262243 ], [ -120.81416122180525, 38.505097594833416 ], [ -120.813712065166698, 38.505097595179279 ], [ -120.814340884997463, 38.504738269337189 ], [ -120.814340885570729, 38.50446877442706 ], [ -120.814071391186474, 38.504468774305117 ], [ -120.814071390390296, 38.504109448660138 ], [ -120.815868021126448, 38.504109448534741 ], [ -120.815868021465832, 38.504738269267982 ], [ -120.815688357815745, 38.504558606076252 ], [ -120.815239200973423, 38.504558605319751 ], [ -120.815239200546898, 38.50509759543025 ], [ -120.81496970581118, 38.505367089366345 ], [ -120.81434088512529, 38.505367089262243 ] ] ] } },
{ "type": "Feature", "properties": { "csb_id": "061825008587643", "acres": 31.2395050894207, "geoid": "06005" }, "geometry": { "type": "Polygon", "coordinates": [ [ [ -120.806166215865943, 38.508421362003411 ], [ -120.806166216493736, 38.508062035733573 ], [ -120.805896722171809, 38.508062035326653 ], [ -120.805896721340261, 38.508421361366267 ], [ -120.806166215865943, 38.508421362003411 ], [ -120.806166216084563, 38.508690856102533 ], [ -120.805537395598279, 38.50869085597845 ], [ -120.805267901544383, 38.508960350823571 ], [ -120.80526790128178, 38.509319677036018 ], [ -120.80410009152348, 38.509319677064497 ], [ -120.804100091477679, 38.508421361395733 ], [ -120.804369585933344, 38.508511192899888 ], [ -120.804369585728168, 38.507792540596547 ], [ -120.804189922540161, 38.507792540742649 ], [ -120.804189922285502, 38.507523046302204 ], [ -120.804639079633262, 38.506894225343402 ], [ -120.804998405853539, 38.506894225375859 ], [ -120.805537396025656, 38.505636584491832 ], [ -120.806166216551674, 38.504828100482861 ], [ -120.806525542538708, 38.504468773992649 ], [ -120.807423857817511, 38.504109448442208 ], [ -120.808950993424816, 38.504109448405771 ], [ -120.808950993260652, 38.504468774616505 ], [ -120.808591667748033, 38.504468774554439 ], [ -120.808591667656202, 38.505097594518155 ], [ -120.808322173203493, 38.50509759522042 ], [ -120.808322172215071, 38.505726415817371 ], [ -120.808052678803833, 38.50572641523992 ], [ -120.807693351811182, 38.506534899335257 ], [ -120.807693352288396, 38.507523046204227 ], [ -120.808052677873533, 38.508062035710928 ], [ -120.807962846341226, 38.508421361295255 ], [ -120.806166215865943, 38.508421362003411 ] ], [ [ -120.805537395216746, 38.508062035036836 ], [ -120.804639079770894, 38.508062035333992 ], [ -120.804639078958786, 38.508421361946311 ], [ -120.80553739515787, 38.508421361477886 ], [ -120.805537395216746, 38.508062035036836 ] ] ] } },
{ "type": "Feature", "properties": { "csb_id": "061825008587644", "acres": 6.6810907793651504, "geoid": "06005" }, "geometry": { "type": "Polygon", "coordinates": [ [ [ -120.805178069188472, 38.50563658373342 ], [ -120.803471270114542, 38.505636584292539 ], [ -120.80311194466131, 38.504648437452808 ], [ -120.804519070635052, 38.504528428135075 ], [ -120.805896721416559, 38.504199280124759 ], [ -120.806075507363246, 38.504289725039918 ], [ -120.805178069188472, 38.50563658373342 ] ] ] } },
{ "type": "Feature", "properties": { "csb_id": "061825008587649", "acres": 7.4433329205807599, "geoid": "06005" }, "geometry": { "type": "Polygon", "coordinates": [ [ [ -120.82503083748361, 38.505097595145855 ], [ -120.824671511067265, 38.50383995397187 ], [ -120.8246715118011, 38.503211133149392 ], [ -120.824941005722749, 38.502941637819504 ], [ -120.827096962669714, 38.503031469517722 ], [ -120.82709696188715, 38.503570459204774 ], [ -120.826468141293816, 38.503570459460214 ], [ -120.825569825993568, 38.505097594999739 ], [ -120.82503083748361, 38.505097595145855 ] ] ] } },
{ "type": "Feature", "properties": { "csb_id": "061825008587650", "acres": 3.4561345164401902, "geoid": "06005" }, "geometry": { "type": "Polygon", "coordinates": [ [ [ -120.812813749729813, 38.505097595101297 ], [ -120.812813749518526, 38.504109447815033 ], [ -120.814071390390296, 38.504109448660138 ], [ -120.814071391186474, 38.504468774305117 ], [ -120.814340885570729, 38.50446877442706 ], [ -120.814340884997463, 38.504738269337189 ], [ -120.813712065166698, 38.505097595179279 ], [ -120.813712064516395, 38.505367089629431 ], [ -120.812813749729813, 38.505097595101297 ] ] ] } },
{ "type": "Feature", "properties": { "csb_id": "061825008587653", "acres": 19.2763441230415, "geoid": "06005" }, "geometry": { "type": "Polygon", "coordinates": [ [ [ -120.810388298426986, 38.50716371959944 ], [ -120.810478129035786, 38.506624730890266 ], [ -120.810747623891217, 38.506624731167385 ], [ -120.810747624785719, 38.506265404835155 ], [ -120.810118803857847, 38.506265404748468 ], [ -120.810118803412621, 38.505995910475058 ], [ -120.809849308343942, 38.505636584104401 ], [ -120.809489983513572, 38.50563658441655 ], [ -120.808950994181203, 38.504738268829094 ], [ -120.808591667346448, 38.504738268767099 ], [ -120.808591667748033, 38.504468774554439 ], [ -120.808950993260652, 38.504468774616505 ], [ -120.808950993424816, 38.504109448405771 ], [ -120.81164593935182, 38.50410944784349 ], [ -120.812005265474369, 38.504468774243051 ], [ -120.812394768683191, 38.505247080832696 ], [ -120.812813749338602, 38.506534899808067 ], [ -120.811645939828452, 38.507163719857658 ], [ -120.810388298426986, 38.50716371959944 ] ], [ [ -120.809939140880289, 38.504558605523506 ], [ -120.809489983381056, 38.504558606123247 ], [ -120.809489983353345, 38.504738269028174 ], [ -120.809939140835965, 38.50473826865867 ], [ -120.809939140880289, 38.504558605523506 ] ] ] } },
{ "type": "Feature", "properties": { "csb_id": "061825008587658", "acres": 7.4336172216472001, "geoid": "06005" }, "geometry": { "type": "Polygon", "coordinates": [ [ [ -120.818562966904381, 38.505367089254946 ], [ -120.818562967676613, 38.505097594797412 ], [ -120.818023977847915, 38.505097595062516 ], [ -120.81802397808778, 38.504468774090611 ], [ -120.817395157498112, 38.504468774508361 ], [ -120.817395156949175, 38.50410944822454 ], [ -120.81856296689277, 38.503211133030192 ], [ -120.818922293860183, 38.503211132938858 ], [ -120.81892229290662, 38.503839953796565 ], [ -120.819191787445192, 38.503839953889795 ], [ -120.819820609028838, 38.50446877447915 ], [ -120.819820608479816, 38.505097594998077 ], [ -120.819191787629862, 38.505097595208241 ], [ -120.819191788053033, 38.505367089896119 ], [ -120.818562966904381, 38.505367089254946 ] ] ] } },
{ "type": "Feature", "properties": { "csb_id": "061825008587663", "acres": 4.6919661485354203, "geoid": "06005" }, "geometry": { "type": "Polygon", "coordinates": [ [ [ -120.821347744808278, 38.503570458970565 ], [ -120.82134774425603, 38.503211133311694 ], [ -120.821078250237733, 38.503211132758942 ], [ -120.820718923561969, 38.502941638525236 ], [ -120.820718923554765, 38.502043323377642 ], [ -120.821617239030587, 38.502312817547043 ], [ -120.822246059544753, 38.50231281765803 ], [ -120.822515554354865, 38.502941638134708 ], [ -120.822246059380234, 38.503570458763328 ], [ -120.821347744808278, 38.503570458970565 ] ], [ [ -120.821617238503023, 38.50276197497989 ], [ -120.821347744396533, 38.502672144162773 ], [ -120.821347745019025, 38.502761975246621 ], [ -120.821617238503023, 38.50276197497989 ] ] ] } },
{ "type": "Feature", "properties": { "csb_id": "061825008587666", "acres": 32.823509005846098, "geoid": "06005" }, "geometry": { "type": "Polygon", "coordinates": [ [ [ -120.795925422630646, 38.50716372040489 ], [ -120.795296600888705, 38.507163719957596 ], [ -120.794488117229506, 38.507523046266996 ], [ -120.794038959548928, 38.507523045980982 ], [ -120.794038959869837, 38.50716372001672 ], [ -120.793499970255979, 38.50716371980193 ], [ -120.793499971069593, 38.506265404866539 ], [ -120.794128791174387, 38.505097595228378 ], [ -120.794038960471639, 38.50410944839475 ], [ -120.794398286139398, 38.504109447992121 ], [ -120.79466778107647, 38.503839953581611 ], [ -120.794667780508036, 38.503211132506223 ], [ -120.795027107191814, 38.502941637912372 ], [ -120.795925422245773, 38.50267214377233 ], [ -120.796464411476151, 38.502761975600016 ], [ -120.796464411784513, 38.502941638321694 ], [ -120.797362726664502, 38.502941638596774 ], [ -120.797452557491354, 38.502672143382149 ], [ -120.797452558482163, 38.503031469746091 ], [ -120.79781188356327, 38.503031469509274 ], [ -120.797811884510139, 38.503300964512682 ], [ -120.798889862979934, 38.503211133054158 ], [ -120.798889862071135, 38.503660290495645 ], [ -120.798710199627621, 38.503660290131371 ], [ -120.798620367969974, 38.504109448240946 ], [ -120.796823736850655, 38.504109448314992 ], [ -120.796823736993403, 38.504468774220449 ], [ -120.797722052505577, 38.505097594806102 ], [ -120.797991547618068, 38.505097594972597 ], [ -120.797991546690568, 38.505367089576424 ], [ -120.797722053121944, 38.505367089811564 ], [ -120.797362726539589, 38.505636584444844 ], [ -120.795925421925702, 38.505636584551446 ], [ -120.795925422226361, 38.506534899835927 ], [ -120.795566096364823, 38.506534900433252 ], [ -120.795566095929672, 38.506894225191452 ], [ -120.796464411412771, 38.506894225241368 ], [ -120.796464411055524, 38.50716372042038 ], [ -120.796194916137608, 38.507523046156777 ], [ -120.79601525413824, 38.507523046288561 ], [ -120.795925422630646, 38.50716372040489 ] ], [ [ -120.794038959714015, 38.506085742357428 ], [ -120.794128791589074, 38.505726415387642 ], [ -120.79403895973627, 38.505726415533459 ], [ -120.794038959714015, 38.506085742357428 ] ], [ [ -120.795566096185865, 38.505187426503568 ], [ -120.795386432956121, 38.505097595106626 ], [ -120.795386432906582, 38.505187426238074 ], [ -120.795566096185865, 38.505187426503568 ] ] ] } },
{ "type": "Feature", "properties": { "csb_id": "061825008587672", "acres": 3.9969043094713199, "geoid": "06005" }, "geometry": { "type": "Polygon", "coordinates": [ [ [ -120.811376444690609, 38.502672143355966 ], [ -120.811376443616936, 38.502043323331925 ], [ -120.811645939884627, 38.502043322501002 ], [ -120.811645938907589, 38.501683996576126 ], [ -120.811915433332459, 38.50168399711032 ], [ -120.81191543328562, 38.501414502321495 ], [ -120.813173075972273, 38.501414502425874 ], [ -120.813173074457211, 38.501683996642377 ], [ -120.812813747760558, 38.501683997165792 ], [ -120.812903580530275, 38.502402648930733 ], [ -120.812544254085708, 38.502672144089985 ], [ -120.811376444690609, 38.502672143355966 ] ] ] } },
{ "type": "Feature", "properties": { "csb_id": "061825008587674", "acres": 7.9454322685446899, "geoid": "06005" }, "geometry": { "type": "Polygon", "coordinates": [ [ [ -120.815868020761755, 38.50375012190954 ], [ -120.813712064465435, 38.503750121899564 ], [ -120.813712064730808, 38.502043322983752 ], [ -120.815239201003337, 38.502043322864445 ], [ -120.815239200716277, 38.502672143533935 ], [ -120.815868021383721, 38.502672143530219 ], [ -120.815868020761755, 38.50375012190954 ] ] ] } },
{ "type": "Feature", "properties": { "csb_id": "061825008587677", "acres": 3.0121636396563898, "geoid": "06005" }, "geometry": { "type": "Polygon", "coordinates": [ [ [ -120.827635950579506, 38.502312818009855 ], [ -120.82628847720602, 38.502312817511026 ], [ -120.826288479027539, 38.501504333304069 ], [ -120.827995277347938, 38.501683997309016 ], [ -120.827995278225231, 38.502043323153941 ], [ -120.827635950579506, 38.502312818009855 ] ] ] } },
{ "type": "Feature", "properties": { "csb_id": "061825008587681", "acres": 9.2392970307710893, "geoid": "06005" }, "geometry": { "type": "Polygon", "coordinates": [ [ [ -120.813712064730808, 38.502043322983752 ], [ -120.813712064280296, 38.501683996710064 ], [ -120.813442570077314, 38.501683997286534 ], [ -120.813442570302016, 38.501414502208057 ], [ -120.814071390851936, 38.50078568138958 ], [ -120.814700211870388, 38.500516187025745 ], [ -120.816047684605607, 38.50051618651063 ], [ -120.815957853234892, 38.502941638424716 ], [ -120.815868021383721, 38.502672143530219 ], [ -120.815239200716277, 38.502672143533935 ], [ -120.815239201003337, 38.502043322864445 ], [ -120.813712064730808, 38.502043322983752 ] ] ] } },
{ "type": "Feature", "properties": { "csb_id": "061825008587687", "acres": 6.82571666287821, "geoid": "06005" }, "geometry": { "type": "Polygon", "coordinates": [ [ [ -120.817484988239144, 38.501683996844783 ], [ -120.816137515856212, 38.501683996564701 ], [ -120.816137515586604, 38.501324670573872 ], [ -120.816496841714766, 38.500516187472705 ], [ -120.81856296700839, 38.500516187282173 ], [ -120.818562967653364, 38.500785682367265 ], [ -120.818922293384489, 38.500785681926537 ], [ -120.818922293182666, 38.501234839579823 ], [ -120.817664651259904, 38.501863659772418 ], [ -120.817484988239144, 38.501683996844783 ] ] ] } },
{ "type": "Feature", "properties": { "csb_id": "061825008587688", "acres": 26.684339498200401, "geoid": "06005" }, "geometry": { "type": "Polygon", "coordinates": [ [ [ -120.800776324851455, 38.504109448228469 ], [ -120.801045817599032, 38.504109448845533 ], [ -120.80104581683301, 38.503839954125375 ], [ -120.80077632395863, 38.503839953738549 ], [ -120.800776324851455, 38.504109448228469 ], [ -120.8004169962676, 38.50410944842573 ], [ -120.799518681384271, 38.50357045969735 ], [ -120.79924918695815, 38.50366029043888 ], [ -120.799249187134478, 38.50410944811123 ], [ -120.798620367969974, 38.504109448240946 ], [ -120.798710199627621, 38.503660290131371 ], [ -120.798889862071135, 38.503660290495645 ], [ -120.798889862979934, 38.503211133054158 ], [ -120.797452558234468, 38.502941638155086 ], [ -120.797452557491354, 38.502672143382149 ], [ -120.79772205210557, 38.50267214425034 ], [ -120.797991547367417, 38.502043322874556 ], [ -120.797991546076901, 38.501414502542971 ], [ -120.798350871034302, 38.501145009063976 ], [ -120.799249187746156, 38.501145009151777 ], [ -120.799249187501516, 38.502043322766092 ], [ -120.799788175367354, 38.502133155006845 ], [ -120.799788175539561, 38.501683997508785 ], [ -120.799518681210486, 38.501414503509643 ], [ -120.799518680992577, 38.501145007988661 ], [ -120.799249187746156, 38.501145009151777 ], [ -120.799249186497548, 38.500965346142216 ], [ -120.799788175919318, 38.50096534512214 ], [ -120.799788175954646, 38.501145007730138 ], [ -120.80077632203934, 38.501145008333346 ], [ -120.800866153613853, 38.500875513904802 ], [ -120.800866153718815, 38.501145008622444 ], [ -120.801315311817405, 38.501145008223887 ], [ -120.80131531167882, 38.501683997488335 ], [ -120.801045818012383, 38.501683996716025 ], [ -120.800776322033073, 38.502043323906783 ], [ -120.8007763226272, 38.502312817533095 ], [ -120.803201775118424, 38.502312817376563 ], [ -120.803201774835443, 38.502941638929698 ], [ -120.802572952638116, 38.502941638818612 ], [ -120.802572955070588, 38.503211132504596 ], [ -120.802213627983292, 38.503211132995929 ], [ -120.802213626574243, 38.502941638448021 ], [ -120.801944134990705, 38.502941638257852 ], [ -120.801944132053066, 38.503211133496393 ], [ -120.802213627983292, 38.503211132995929 ], [ -120.802213627634771, 38.504109448580316 ], [ -120.801944132872748, 38.504109448160008 ], [ -120.801944133573642, 38.503839953381075 ], [ -120.801135648156645, 38.503929785696826 ], [ -120.801315313211504, 38.505097595072819 ], [ -120.801674639113102, 38.50509759473109 ], [ -120.801764470679643, 38.50563658438675 ], [ -120.801135649344587, 38.50581624730895 ], [ -120.800776323873009, 38.505367089320444 ], [ -120.800776324851455, 38.504109448228469 ] ], [ [ -120.799518680915938, 38.502312817815131 ], [ -120.7992491878462, 38.502312818057611 ], [ -120.799249186735778, 38.502941638336914 ], [ -120.799518681000777, 38.502941638324614 ], [ -120.799518680915938, 38.502312817815131 ] ] ] } },
{ "type": "Feature", "properties": { "csb_id": "061825008587696", "acres": 4.7886674212495803, "geoid": "06005" }, "geometry": { "type": "Polygon", "coordinates": [ [ [ -120.836439441824396, 38.501414502346393 ], [ -120.8361699464472, 38.500516186842894 ], [ -120.836439440881165, 38.499617872210514 ], [ -120.837068262035771, 38.499617872174682 ], [ -120.837697083253531, 38.499887366638262 ], [ -120.837697082871813, 38.500516187341375 ], [ -120.836798767254564, 38.501414502223426 ], [ -120.836439441824396, 38.501414502346393 ] ] ] } },
{ "type": "Feature", "properties": { "csb_id": "061825008587701", "acres": 26.180410074313201, "geoid": "06005" }, "geometry": { "type": "Polygon", "coordinates": [ [ [ -120.80499840519451, 38.503839955069637 ], [ -120.804639078883397, 38.50330096478956 ], [ -120.804639080024913, 38.502672143289097 ], [ -120.805357732392338, 38.502043323264182 ], [ -120.805537396165192, 38.500246692760669 ], [ -120.806525542307995, 38.500246692800786 ], [ -120.806525542291283, 38.499887366311356 ], [ -120.807423858298264, 38.4998873666053 ], [ -120.807693351926957, 38.500246692684762 ], [ -120.808322172872664, 38.500516186572909 ], [ -120.808861162365886, 38.500516186751177 ], [ -120.808861162136296, 38.500785682052687 ], [ -120.808591667826221, 38.501145007774248 ], [ -120.808501835593518, 38.502043323372355 ], [ -120.807244194908549, 38.503300964434651 ], [ -120.80661537410451, 38.503839954505622 ], [ -120.80499840519451, 38.503839955069637 ] ] ] } },
{ "type": "Feature", "properties": { "csb_id": "061825008587709", "acres": 15.3506316271753, "geoid": "06005" }, "geometry": { "type": "Polygon", "coordinates": [ [ [ -120.803201775118424, 38.502312817376563 ], [ -120.8007763226272, 38.502312817533095 ], [ -120.800776322033073, 38.502043323906783 ], [ -120.801045818012383, 38.501683996716025 ], [ -120.80131531167882, 38.501683997488335 ], [ -120.801315311817405, 38.501145008223887 ], [ -120.800866153718815, 38.501145008622444 ], [ -120.800866153613853, 38.500875513904802 ], [ -120.802213627918505, 38.500246692574073 ], [ -120.803111944523252, 38.499617871415431 ], [ -120.804100091045541, 38.499617871523689 ], [ -120.804100091091343, 38.500516187163043 ], [ -120.804369585906883, 38.500516186602773 ], [ -120.804369585704251, 38.500785681266571 ], [ -120.803830595970879, 38.500875512815611 ], [ -120.804100090990175, 38.500875513074583 ], [ -120.804100090914289, 38.501145007508427 ], [ -120.80347127056821, 38.501145007385212 ], [ -120.803471270859987, 38.501683997056531 ], [ -120.804100091061258, 38.5016839972387 ], [ -120.804100090960119, 38.502043323151334 ], [ -120.803201775964098, 38.502043322540331 ], [ -120.803201775118424, 38.502312817376563 ] ] ] } },
{ "type": "Feature", "properties": { "csb_id": "061825008587710", "acres": 15.6265544299032, "geoid": "06005" }, "geometry": { "type": "Polygon", "coordinates": [ [ [ -120.802842449716323, 38.504109448917795 ], [ -120.80293228165668, 38.50366029065583 ], [ -120.802842449948727, 38.503660290319523 ], [ -120.802842449348645, 38.503839953678401 ], [ -120.802213627344074, 38.503839953801389 ], [ -120.802213628171756, 38.503570458792503 ], [ -120.802572955070588, 38.503211132504596 ], [ -120.802842449361464, 38.503211132814073 ], [ -120.802842450410907, 38.502941638207247 ], [ -120.803201774835443, 38.502941638929698 ], [ -120.803201775964098, 38.502043322540331 ], [ -120.804100090960119, 38.502043323151334 ], [ -120.804100091061258, 38.5016839972387 ], [ -120.803471270859987, 38.501683997056531 ], [ -120.80347127056821, 38.501145007385212 ], [ -120.804100090914289, 38.501145007508427 ], [ -120.804100091015457, 38.500785681596668 ], [ -120.804369585704251, 38.500785681266571 ], [ -120.804369585906883, 38.500516186602773 ], [ -120.804100091091343, 38.500516187163043 ], [ -120.804100090969655, 38.499887365956759 ], [ -120.804100091121413, 38.499348377090868 ], [ -120.804369585592681, 38.499348377563777 ], [ -120.8050882379939, 38.499977197900414 ], [ -120.805088238053557, 38.501234839227756 ], [ -120.803830597083035, 38.501234839128983 ], [ -120.803830596015615, 38.501504333563084 ], [ -120.804728911785162, 38.501504333613404 ], [ -120.804728911413832, 38.501863660216564 ], [ -120.804459416933483, 38.501863659549123 ], [ -120.804459417061366, 38.502133154213936 ], [ -120.80526790124037, 38.502133154909608 ], [ -120.804728912535424, 38.502672144672111 ], [ -120.804728912235632, 38.502402648914675 ], [ -120.804459417189207, 38.502402648878956 ], [ -120.804459417732488, 38.502761975022658 ], [ -120.804189923035679, 38.503031469464979 ], [ -120.803830596454659, 38.503031470128498 ], [ -120.804639078883397, 38.50330096478956 ], [ -120.80499840519451, 38.503839955069637 ], [ -120.804998406666215, 38.504199279721348 ], [ -120.802572955488529, 38.504468775037743 ], [ -120.80257295547527, 38.504109447917642 ], [ -120.802842449716323, 38.504109448917795 ] ], [ [ -120.803201775927789, 38.503211132444321 ], [ -120.803201775945126, 38.503031469947729 ], [ -120.802932280898233, 38.503031469791871 ], [ -120.802932281636899, 38.503211132920164 ], [ -120.803201775927789, 38.503211132444321 ] ] ] } },
{ "type": "Feature", "properties": { "csb_id": "061825008587728", "acres": 5.5418683025551099, "geoid": "06005" }, "geometry": { "type": "Polygon", "coordinates": [ [ [ -120.833744495543456, 38.498989051323846 ], [ -120.833744495486087, 38.498719556614603 ], [ -120.833115674827084, 38.498719556886492 ], [ -120.833115674428015, 38.499078882627728 ], [ -120.832486854149124, 38.498989051416707 ], [ -120.832217359657406, 38.498719556317504 ], [ -120.832217359691356, 38.498360230636607 ], [ -120.832846180136357, 38.498090735697339 ], [ -120.835002137001197, 38.49791107231453 ], [ -120.834912305556188, 38.498719556779712 ], [ -120.83446314757181, 38.498989051356808 ], [ -120.833744495543456, 38.498989051323846 ] ] ] } },
{ "type": "Feature", "properties": { "csb_id": "061825008587738", "acres": 4.0357575994900898, "geoid": "06005" }, "geometry": { "type": "Polygon", "coordinates": [ [ [ -120.81649684246868, 38.49719242059053 ], [ -120.818023978287684, 38.497192420650435 ], [ -120.81802397842759, 38.49836023022425 ], [ -120.816856168476122, 38.498360230097646 ], [ -120.81649684201733, 38.497821240740123 ], [ -120.81649684246868, 38.49719242059053 ] ] ] } },
{ "type": "Feature", "properties": { "csb_id": "061825008587739", "acres": 2.68407114528179, "geoid": "06005" }, "geometry": { "type": "Polygon", "coordinates": [ [ [ -120.808950993092026, 38.497821240902184 ], [ -120.808950993256175, 38.497461914697716 ], [ -120.811017119328469, 38.497461915006035 ], [ -120.811376444498151, 38.497551746306762 ], [ -120.81137644539767, 38.498090735820739 ], [ -120.810388298044813, 38.498090735646151 ], [ -120.810388297726433, 38.497821241149005 ], [ -120.808950993092026, 38.497821240902184 ] ] ] } },
{ "type": "Feature", "properties": { "csb_id": "061825008587777", "acres": 6.10209072887384, "geoid": "06005" }, "geometry": { "type": "Polygon", "coordinates": [ [ [ -120.820988418420441, 38.496563599445857 ], [ -120.820988419103145, 38.494766969517443 ], [ -120.821437576039372, 38.494587305874269 ], [ -120.822246059840651, 38.494587306526071 ], [ -120.822515554649414, 38.494766969149474 ], [ -120.822515554103902, 38.495036463779179 ], [ -120.822246059515422, 38.495036463781503 ], [ -120.822246060349187, 38.496563599898693 ], [ -120.820988418420441, 38.496563599445857 ] ] ] } },
{ "type": "Feature", "properties": { "csb_id": "061825008587780", "acres": 5.1558731276631198, "geoid": "06005" }, "geometry": { "type": "Polygon", "coordinates": [ [ [ -120.812544254866751, 38.496563600089146 ], [ -120.812274760402161, 38.495665285153969 ], [ -120.81254425448094, 38.495395790093546 ], [ -120.812813749407908, 38.495395791184066 ], [ -120.812813749925652, 38.49566528470659 ], [ -120.813173076325924, 38.495665285551311 ], [ -120.813442570210569, 38.494766969538418 ], [ -120.814700211956364, 38.49476696953888 ], [ -120.814700211288113, 38.495036463811509 ], [ -120.814340885360195, 38.495036463338245 ], [ -120.81434088578682, 38.495665284110579 ], [ -120.813712064509374, 38.495665284223215 ], [ -120.813442570325961, 38.496563599964027 ], [ -120.812544254866751, 38.496563600089146 ] ] ] } },
{ "type": "Feature", "properties": { "csb_id": "061825008587793", "acres": 13.584901143287899, "geoid": "06005" }, "geometry": { "type": "Polygon", "coordinates": [ [ [ -120.824941005652462, 38.496833094349007 ], [ -120.824941005699827, 38.496563599829699 ], [ -120.824671510628193, 38.49629410515297 ], [ -120.824402016926314, 38.496294105037812 ], [ -120.824042689064825, 38.496833094690402 ], [ -120.823413868239498, 38.496833095028734 ], [ -120.822964712540312, 38.496383936901658 ], [ -120.822964711813569, 38.495934778954478 ], [ -120.823503701409791, 38.495485621410914 ], [ -120.823503701242288, 38.495126296270421 ], [ -120.822515554103902, 38.495036463779179 ], [ -120.822515554649414, 38.494766969149474 ], [ -120.822246059840651, 38.494587306526071 ], [ -120.821347744165166, 38.494497474436706 ], [ -120.822246060054084, 38.494497474120948 ], [ -120.822246059867012, 38.49413814840883 ], [ -120.824042690603164, 38.494138150550839 ], [ -120.824312184556035, 38.494766968866003 ], [ -120.825300331811704, 38.494766969204733 ], [ -120.825569826412604, 38.495036463769559 ], [ -120.825569826352591, 38.495395790121755 ], [ -120.825300331704284, 38.495395790075733 ], [ -120.825300331454358, 38.496294104834718 ], [ -120.825569826053027, 38.496294105571998 ], [ -120.825569825783802, 38.496563599690099 ], [ -120.825300331767181, 38.496833094333972 ], [ -120.824941005652462, 38.496833094349007 ] ] ] } },
{ "type": "Feature", "properties": { "csb_id": "061825008587815", "acres": 17.920218451285201, "geoid": "06005" }, "geometry": { "type": "Polygon", "coordinates": [ [ [ -120.819820608496101, 38.496743262620917 ], [ -120.81865279873, 38.496383936806289 ], [ -120.818652799318869, 38.49602461087121 ], [ -120.818922293252569, 38.495934778850753 ], [ -120.818922292721282, 38.495126295267056 ], [ -120.818652798255769, 38.495126295632943 ], [ -120.818562967585677, 38.495395790055191 ], [ -120.81775448352829, 38.495395790246675 ], [ -120.817395157072326, 38.495036463719941 ], [ -120.81712566301448, 38.495036464425773 ], [ -120.817125663055904, 38.494497475241644 ], [ -120.818293473649632, 38.494138150246712 ], [ -120.818293472280317, 38.493868653670873 ], [ -120.81892229296021, 38.493599159354339 ], [ -120.81892229334531, 38.493239833189641 ], [ -120.819191788650869, 38.492970340480987 ], [ -120.819461282491545, 38.492970339278578 ], [ -120.819461282489058, 38.493239833328076 ], [ -120.819820608705513, 38.493599159695336 ], [ -120.820718924756946, 38.493868655817977 ], [ -120.820718923195486, 38.494497475349227 ], [ -120.820449428132036, 38.494497474701177 ], [ -120.820449429827391, 38.494766970073556 ], [ -120.820988419103145, 38.494766969517443 ], [ -120.821078250565762, 38.496024610751064 ], [ -120.820179934370969, 38.496024610767826 ], [ -120.820179935682276, 38.496383937854709 ], [ -120.819820608496101, 38.496743262620917 ] ], [ [ -120.82009010299798, 38.495755116479046 ], [ -120.819551113536789, 38.495755116265705 ], [ -120.819551113864776, 38.496024610315736 ], [ -120.82009010307253, 38.496024610989778 ], [ -120.82009010299798, 38.495755116479046 ] ], [ [ -120.81991044054098, 38.495126295359839 ], [ -120.819281620516577, 38.495126296869607 ], [ -120.81928161955426, 38.49539579005755 ], [ -120.819910440552306, 38.495395791594241 ], [ -120.81991044054098, 38.495126295359839 ] ] ] } },
{ "type": "Feature", "properties": { "csb_id": "061825008587836", "acres": 11.0652435071684, "geoid": "06005" }, "geometry": { "type": "Polygon", "coordinates": [ [ [ -120.822874880740969, 38.494138148326385 ], [ -120.821347744731156, 38.494138148553837 ], [ -120.821347743683219, 38.493868654214261 ], [ -120.820718924154903, 38.493329665013952 ], [ -120.820988418094814, 38.493239833299363 ], [ -120.820988418617915, 38.492431349418986 ], [ -120.821347744727035, 38.492341517877477 ], [ -120.82098841731802, 38.492341518567038 ], [ -120.820988418411261, 38.492072023135201 ], [ -120.822874878999372, 38.492161855409194 ], [ -120.823413869370853, 38.492611012590068 ], [ -120.823413869396589, 38.492970338591988 ], [ -120.823773195572258, 38.492970339110848 ], [ -120.823773196000161, 38.49323983356966 ], [ -120.823144375626086, 38.493868653984109 ], [ -120.82287487996453, 38.493868653696815 ], [ -120.822874880740969, 38.494138148326385 ] ] ] } },
{ "type": "Feature", "properties": { "csb_id": "061825008587864", "acres": 3.3505894784360701, "geoid": "06005" }, "geometry": { "type": "Polygon", "coordinates": [ [ [ -120.820988418752592, 38.49117370817244 ], [ -120.819820608984031, 38.490814381905366 ], [ -120.819820608414787, 38.490185561631307 ], [ -120.82009010349374, 38.48991606678009 ], [ -120.82071892427912, 38.490185562477087 ], [ -120.820718923828679, 38.489916066643943 ], [ -120.821347744240967, 38.489916066978331 ], [ -120.821347744722885, 38.49054488720094 ], [ -120.820988418819979, 38.490544887548936 ], [ -120.820988418752592, 38.49117370817244 ] ] ] } },
{ "type": "Feature", "properties": { "csb_id": "061825008587876", "acres": 4.5865573866921796, "geoid": "06005" }, "geometry": { "type": "Polygon", "coordinates": [ [ [ -120.830420729161389, 38.490544887148239 ], [ -120.829252919155152, 38.490634719272677 ], [ -120.828893593139924, 38.490185561306696 ], [ -120.828893592960668, 38.489916066608458 ], [ -120.83131904356479, 38.489916066352549 ], [ -120.831588539385905, 38.490814384062226 ], [ -120.830420729069232, 38.490814382136776 ], [ -120.830420729161389, 38.490544887148239 ] ] ] } },
{ "type": "Feature", "properties": { "csb_id": "061825008587890", "acres": 6.7350576440427901, "geoid": "06005" }, "geometry": { "type": "Polygon", "coordinates": [ [ [ -120.820179934607992, 38.489916066899703 ], [ -120.8196941074238, 38.488605263704009 ], [ -120.819910439545851, 38.487131289179544 ], [ -120.820808755453086, 38.487490615179347 ], [ -120.820988417879036, 38.488388930705192 ], [ -120.820988418862441, 38.489646571723561 ], [ -120.820808755877863, 38.489646571965586 ], [ -120.820808754942959, 38.489916066305348 ], [ -120.820179934607992, 38.489916066899703 ] ] ] } },
{ "type": "Feature", "properties": { "csb_id": "061825008587909", "acres": 2.78097318833044, "geoid": "06005" }, "geometry": { "type": "Polygon", "coordinates": [ [ [ -120.819012124746806, 38.488748256813501 ], [ -120.817484988570484, 38.488658425228806 ], [ -120.817395157656634, 38.48838893093815 ], [ -120.817664652137722, 38.488119436447398 ], [ -120.818293472829254, 38.487939772548359 ], [ -120.818562966734362, 38.488119436039291 ], [ -120.819191788043156, 38.488119435697222 ], [ -120.819371451421944, 38.488388930940509 ], [ -120.819012124746806, 38.488748256813501 ] ] ] } },
{ "type": "Feature", "properties": { "csb_id": "061825008588020", "acres": 14.997525976800601, "geoid": "06005" }, "geometry": { "type": "Polygon", "coordinates": [ [ [ -120.83616994690378, 38.480843081912973 ], [ -120.836439441864542, 38.480843082191221 ], [ -120.8364394414358, 38.480573587357696 ], [ -120.836169946360229, 38.480663419495713 ], [ -120.83616994690378, 38.480843081912973 ], [ -120.835810620241816, 38.480843082790166 ], [ -120.835541125580065, 38.480843081999033 ], [ -120.835271631730308, 38.480573587338618 ], [ -120.835271631824156, 38.479675272323959 ], [ -120.835541124707177, 38.479315946913843 ], [ -120.835900452803244, 38.479405778026269 ], [ -120.836169946386363, 38.479675272806318 ], [ -120.836169946941737, 38.479944767410302 ], [ -120.836529273149807, 38.479944766517804 ], [ -120.836529272843023, 38.47976510386944 ], [ -120.837427587843905, 38.479765103634882 ], [ -120.837427588254542, 38.480034598298978 ], [ -120.838056408463288, 38.480034598470802 ], [ -120.838056408652022, 38.480304092733768 ], [ -120.838325903125309, 38.480304093196992 ], [ -120.83832590318741, 38.48057358769023 ], [ -120.837697083291729, 38.480663419525513 ], [ -120.83733775699524, 38.481202408778728 ], [ -120.838864891980563, 38.481202408140973 ], [ -120.838864893007184, 38.482100723692675 ], [ -120.838595397450462, 38.48237021797727 ], [ -120.838236071566101, 38.482370218678767 ], [ -120.838236071824184, 38.482010892402663 ], [ -120.837966577260488, 38.482010892314086 ], [ -120.837697082330124, 38.482370218313314 ], [ -120.836439441559875, 38.482370218601183 ], [ -120.836169946602283, 38.482010892107127 ], [ -120.836169947164834, 38.481741397274668 ], [ -120.83643944177706, 38.481741397382571 ], [ -120.836439441175358, 38.481112577255033 ], [ -120.836169946341229, 38.481112576746341 ], [ -120.83616994690378, 38.480843081912973 ] ] ] } },
{ "type": "Feature", "properties": { "csb_id": "061825008588031", "acres": 9.2613295858647398, "geoid": "06005" }, "geometry": { "type": "Polygon", "coordinates": [ [ [ -120.811017118645651, 38.480843082710294 ], [ -120.81101711828255, 38.480663419114933 ], [ -120.809849309404015, 38.480573587734632 ], [ -120.809849308815146, 38.480214261694798 ], [ -120.81011880305779, 38.480214261932339 ], [ -120.810118802986977, 38.479675272295907 ], [ -120.809849308490882, 38.479675272518904 ], [ -120.809849308721354, 38.479315945385586 ], [ -120.810208635155163, 38.478776956869623 ], [ -120.810747624622309, 38.478776957421459 ], [ -120.81101711904283, 38.479046451461869 ], [ -120.811645939160627, 38.479046451651662 ], [ -120.812274759715123, 38.479675272230843 ], [ -120.812274760624234, 38.480573588032158 ], [ -120.811645939572429, 38.480843082215877 ], [ -120.811017118645651, 38.480843082710294 ] ] ] } },
{ "type": "Feature", "properties": { "csb_id": "061825008588040", "acres": 5.10880266056121, "geoid": "06005" }, "geometry": { "type": "Polygon", "coordinates": [ [ [ -120.81496970561264, 38.47904645138987 ], [ -120.814969706299749, 38.478687125452822 ], [ -120.814700211853719, 38.478687125938286 ], [ -120.814700211105119, 38.478417631026289 ], [ -120.814969705653482, 38.478148136891654 ], [ -120.815598527007211, 38.477788809882036 ], [ -120.816766336749296, 38.477878641720984 ], [ -120.816766336225442, 38.478687125261395 ], [ -120.815868021140503, 38.479046452126639 ], [ -120.81496970561264, 38.47904645138987 ] ] ] } },
{ "type": "Feature", "properties": { "csb_id": "061825008588047", "acres": 28.505631443371701, "geoid": "06005" }, "geometry": { "type": "Polygon", "coordinates": [ [ [ -120.829791908821292, 38.482370219462659 ], [ -120.829881739818958, 38.479315946265999 ], [ -120.831678370649769, 38.479315945964885 ], [ -120.831678370162066, 38.47913628303538 ], [ -120.829791907719695, 38.479136282939649 ], [ -120.830061403117242, 38.478237969012874 ], [ -120.831947864913687, 38.478058304570055 ], [ -120.832666516997961, 38.478237967666587 ], [ -120.833115674824128, 38.479136284454668 ], [ -120.833205505054039, 38.479675273181286 ], [ -120.832936011466145, 38.48030409341974 ], [ -120.832576685666652, 38.480304093548725 ], [ -120.832576686199175, 38.480573588202212 ], [ -120.83338516943013, 38.480843081928853 ], [ -120.833205506678866, 38.481471902546289 ], [ -120.831678370486927, 38.481561735248746 ], [ -120.831319044391506, 38.481741398888936 ], [ -120.83131904428194, 38.482370219336133 ], [ -120.829791908821292, 38.482370219462659 ] ] ] } },
{ "type": "Feature", "properties": { "csb_id": "061825008588048", "acres": 10.3922741099558, "geoid": "06005" }, "geometry": { "type": "Polygon", "coordinates": [ [ [ -120.838595398522926, 38.481112577011011 ], [ -120.838595398587429, 38.480843082287784 ], [ -120.838236071748767, 38.480663419309465 ], [ -120.83859539753405, 38.480573587794787 ], [ -120.838595398928248, 38.479944768054999 ], [ -120.838236072264905, 38.479944766752531 ], [ -120.838236071951926, 38.479136283500587 ], [ -120.837786914575503, 38.479136283533869 ], [ -120.83769708225644, 38.480034598182705 ], [ -120.837427588254542, 38.480034598298978 ], [ -120.837427587843905, 38.479765103634882 ], [ -120.836529272843023, 38.47976510386944 ], [ -120.836529273149807, 38.479944766517804 ], [ -120.836169946941737, 38.479944767410302 ], [ -120.836439441393566, 38.479405778189623 ], [ -120.836439440921566, 38.479046452030147 ], [ -120.835361462619247, 38.479046451591465 ], [ -120.836259778658217, 38.478507462720003 ], [ -120.838325903505492, 38.477968473438466 ], [ -120.838415735242222, 38.478687125640405 ], [ -120.838056408758433, 38.478507462487855 ], [ -120.837966577622666, 38.479046451977588 ], [ -120.838685229365396, 38.479046451768774 ], [ -120.839224218743183, 38.47994476680929 ], [ -120.839224218755803, 38.480214261994497 ], [ -120.838595398522926, 38.481112577011011 ] ] ] } },
{ "type": "Feature", "properties": { "csb_id": "061825008588051", "acres": 5.1668398299465101, "geoid": "06005" }, "geometry": { "type": "Polygon", "coordinates": [ [ [ -120.815868021579945, 38.47778881041954 ], [ -120.81586802126607, 38.476890495567204 ], [ -120.816227347445221, 38.476351505684818 ], [ -120.817125662959214, 38.476351506150344 ], [ -120.817125662789152, 38.476621000321813 ], [ -120.81739515761538, 38.476621000277056 ], [ -120.817664652316921, 38.476890495136821 ], [ -120.817664651652663, 38.477249821024692 ], [ -120.817125663221447, 38.477788810615785 ], [ -120.815868021579945, 38.47778881041954 ] ] ] } },
{ "type": "Feature", "properties": { "csb_id": "061825008588056", "acres": 3.4919752456156998, "geoid": "06005" }, "geometry": { "type": "Polygon", "coordinates": [ [ [ -120.829861386777793, 38.478046944280479 ], [ -120.831947864872419, 38.476710833129381 ], [ -120.832217359702241, 38.476890495447975 ], [ -120.832217359144167, 38.47787864234958 ], [ -120.829861386777793, 38.478046944280479 ] ] ] } },
{ "type": "Feature", "properties": { "csb_id": "061825008588066", "acres": 2.7910759549279498, "geoid": "06005" }, "geometry": { "type": "Polygon", "coordinates": [ [ [ -120.834732642691762, 38.47724982131772 ], [ -120.834732642167126, 38.476890495044572 ], [ -120.834013989603562, 38.476890495208949 ], [ -120.833744495488034, 38.47662100049228 ], [ -120.833744494981588, 38.475992179559597 ], [ -120.83446314797618, 38.475992179984424 ], [ -120.835271632077252, 38.476890495303451 ], [ -120.835271631592576, 38.477249821406183 ], [ -120.834732642691762, 38.47724982131772 ] ] ] } },
{ "type": "Feature", "properties": { "csb_id": "061825008588071", "acres": 10.0034256663238, "geoid": "06005" }, "geometry": { "type": "Polygon", "coordinates": [ [ [ -120.835002136775813, 38.477878641758636 ], [ -120.835541125771087, 38.477788810496286 ], [ -120.835541126410732, 38.477519316120386 ], [ -120.835271631107886, 38.477609147508311 ], [ -120.835271630865535, 38.477788810559126 ], [ -120.834642811161132, 38.477788811133706 ], [ -120.834642810625525, 38.477249822271354 ], [ -120.835900452637603, 38.477249821010986 ], [ -120.836169946721171, 38.476980326459412 ], [ -120.836439440841787, 38.476261674229669 ], [ -120.837337756968239, 38.476351505433414 ], [ -120.837337757048445, 38.476621000101559 ], [ -120.837068261796574, 38.476890494912006 ], [ -120.837697082396048, 38.476980326618119 ], [ -120.837697082665045, 38.477519315551476 ], [ -120.837966577255401, 38.477519315587436 ], [ -120.837966577412772, 38.477788810715069 ], [ -120.836169946963224, 38.478327799090671 ], [ -120.835361462641316, 38.478866788541637 ], [ -120.835002137117854, 38.478507462174598 ], [ -120.835002136775813, 38.477878641758636 ] ], [ [ -120.835810620599489, 38.478148136406446 ], [ -120.835900452629588, 38.478237967880666 ], [ -120.835900452129266, 38.478148136786388 ], [ -120.835810620599489, 38.478148136406446 ] ] ] } },
{ "type": "Feature", "properties": { "csb_id": "061825008588086", "acres": 7.7648011486650397, "geoid": "06005" }, "geometry": { "type": "Polygon", "coordinates": [ [ [ -120.838236071876509, 38.47778881039234 ], [ -120.838236072144795, 38.477519315895989 ], [ -120.837966577255401, 38.477519315587436 ], [ -120.837966578294086, 38.47724982390686 ], [ -120.838236072413068, 38.477249821399298 ], [ -120.838236071553254, 38.476890495346503 ], [ -120.837697083046635, 38.4768904948317 ], [ -120.837697083061684, 38.476621000795269 ], [ -120.837337757048445, 38.476621000101559 ], [ -120.837337757459267, 38.475992180932458 ], [ -120.83832590490303, 38.475722688028078 ], [ -120.839493713348176, 38.475722684984952 ], [ -120.839763208174119, 38.475992179900707 ], [ -120.839763208158544, 38.476621002357597 ], [ -120.839224218656824, 38.476890495091183 ], [ -120.83895472530773, 38.477609149168742 ], [ -120.838236071876509, 38.47778881039234 ] ] ] } },
{ "type": "Feature", "properties": { "csb_id": "061825008588091", "acres": 5.8461158558101198, "geoid": "06005" }, "geometry": { "type": "Polygon", "coordinates": [ [ [ -120.830690223212187, 38.477339653084655 ], [ -120.830690223130532, 38.476890495385831 ], [ -120.831049549791587, 38.476621000746981 ], [ -120.831319043220873, 38.475363359217923 ], [ -120.831588537190356, 38.474824369798107 ], [ -120.831947864535636, 38.474734538337621 ], [ -120.832217357857317, 38.475093864623453 ], [ -120.832936011265474, 38.475363358780704 ], [ -120.832679937974689, 38.475958054372512 ], [ -120.830690223212187, 38.477339653084655 ] ] ] } },
{ "type": "Feature", "properties": { "csb_id": "061825008588096", "acres": 26.588061375520599, "geoid": "06005" }, "geometry": { "type": "Polygon", "coordinates": [ [ [ -120.817395157363435, 38.475992179584544 ], [ -120.818023978049894, 38.475992179581262 ], [ -120.818023978269679, 38.475722684717859 ], [ -120.817484988739437, 38.475722685533853 ], [ -120.817395157111477, 38.475363358890057 ], [ -120.817395157363435, 38.475992179584544 ], [ -120.816766336754085, 38.475992180057816 ], [ -120.816586673913889, 38.475363358928433 ], [ -120.817125662181894, 38.474824369785516 ], [ -120.818023976792162, 38.474824370190674 ], [ -120.818293473190565, 38.473836223305987 ], [ -120.818562967566677, 38.473566728077834 ], [ -120.819461282418729, 38.473566728632676 ], [ -120.819461282416228, 38.473836222696846 ], [ -120.819820608065228, 38.474195548984106 ], [ -120.820718922955834, 38.474195549341466 ], [ -120.821347741985974, 38.474824370214549 ], [ -120.82134774415151, 38.475093864336316 ], [ -120.820988418695606, 38.475183695632381 ], [ -120.820988418037942, 38.477249820843198 ], [ -120.819461282812227, 38.477249821133661 ], [ -120.819012124629396, 38.476890494682877 ], [ -120.818293472115997, 38.476621000508963 ], [ -120.817754483504274, 38.476621000029013 ], [ -120.817664652316921, 38.476890495136821 ], [ -120.81739515761538, 38.476621000277056 ], [ -120.817395157363435, 38.475992179584544 ] ] ] } },
{ "type": "Feature", "properties": { "csb_id": "061825008588106", "acres": 3.45757244880572, "geoid": "06005" }, "geometry": { "type": "Polygon", "coordinates": [ [ [ -120.837966577475925, 38.474824369462475 ], [ -120.837966576819909, 38.474465043635654 ], [ -120.837786913770472, 38.474465043988126 ], [ -120.837697082520677, 38.47419554904917 ], [ -120.838595398259116, 38.473926054439445 ], [ -120.839134387276559, 38.473566728513703 ], [ -120.839134387588075, 38.473387065338457 ], [ -120.839403881369222, 38.473387065728943 ], [ -120.839583545369933, 38.473746391725001 ], [ -120.839583544577678, 38.474465043391341 ], [ -120.838864892743331, 38.474465043347209 ], [ -120.838685229656789, 38.474554875072791 ], [ -120.83868522992266, 38.474824369803677 ], [ -120.837966577475925, 38.474824369462475 ] ] ] } },
{ "type": "Feature", "properties": { "csb_id": "061825008588141", "acres": 11.300097068307799, "geoid": "06005" }, "geometry": { "type": "Polygon", "coordinates": [ [ [ -120.837337756572069, 38.474015885822553 ], [ -120.835810620707193, 38.474195548957368 ], [ -120.835810621083283, 38.473836223249741 ], [ -120.836169947074922, 38.473836222813112 ], [ -120.836169947381009, 38.473297234220205 ], [ -120.836169946813882, 38.472937907418334 ], [ -120.835810620457281, 38.472937907915096 ], [ -120.835810620871968, 38.472398918918451 ], [ -120.83643944127914, 38.471770098122576 ], [ -120.836798767576084, 38.47177009831789 ], [ -120.837068261533048, 38.471500603447204 ], [ -120.837068262540797, 38.470871782766324 ], [ -120.837337756234277, 38.470871783014076 ], [ -120.837337756202643, 38.47177009773916 ], [ -120.838236071873851, 38.472398918731585 ], [ -120.838864892597201, 38.47239891870548 ], [ -120.838864892206942, 38.473297233663025 ], [ -120.838595398236365, 38.473297234048303 ], [ -120.838595397850128, 38.472937907526777 ], [ -120.838236071605593, 38.472668413235333 ], [ -120.837697083298877, 38.472668413543175 ], [ -120.837966577391981, 38.472758244495203 ], [ -120.837966577407684, 38.473297233901825 ], [ -120.837427588563756, 38.473387065620898 ], [ -120.837337756572069, 38.474015885822553 ] ] ] } },
{ "type": "Feature", "properties": { "csb_id": "061825008588823", "acres": 2.91984671185224, "geoid": "06005" }, "geometry": { "type": "Polygon", "coordinates": [ [ [ -120.940374519331897, 38.396760772097522 ], [ -120.940105025777598, 38.396760771849316 ], [ -120.940105025045582, 38.39586245614489 ], [ -120.940374520064594, 38.395862456328892 ], [ -120.940374519666264, 38.395592961537041 ], [ -120.940105025137981, 38.39523363584361 ], [ -120.939745698749505, 38.395233635872358 ], [ -120.939745699545185, 38.394964141306858 ], [ -120.941003340199813, 38.394964141556549 ], [ -120.941272835189409, 38.3958624560941 ], [ -120.940644013967272, 38.395862456154475 ], [ -120.940374519346605, 38.396131951350057 ], [ -120.940374519331897, 38.396760772097522 ] ] ] } },
{ "type": "Feature", "properties": { "csb_id": "061825008588835", "acres": 3.4033382143965598, "geoid": "06005" }, "geometry": { "type": "Polygon", "coordinates": [ [ [ -120.939476204720194, 38.393167510826878 ], [ -120.939745699088959, 38.393437004884269 ], [ -120.939745699545185, 38.394964141306858 ], [ -120.939116877776527, 38.394964140820562 ], [ -120.939116878649884, 38.394694646715827 ], [ -120.9388473835361, 38.394335320342975 ], [ -120.938847383910812, 38.39343700476573 ], [ -120.939116878106418, 38.393167510241831 ], [ -120.939476204720194, 38.393167510826878 ] ] ] } },
{ "type": "Feature", "properties": { "csb_id": "061825008588941", "acres": 3.22002414759331, "geoid": "06005" }, "geometry": { "type": "Polygon", "coordinates": [ [ [ -120.739960379517285, 38.38580132550009 ], [ -120.739870548106708, 38.385531830281259 ], [ -120.739601052992342, 38.385531830347034 ], [ -120.739601052240758, 38.385172504393481 ], [ -120.739870546584569, 38.38490300988898 ], [ -120.74022987278002, 38.384903010225123 ], [ -120.740229873550547, 38.385172504663849 ], [ -120.740768863445993, 38.385172504408047 ], [ -120.741128190016894, 38.384903009810394 ], [ -120.741128189594221, 38.384633515542376 ], [ -120.741667179194309, 38.384543683628408 ], [ -120.741397684329471, 38.385531830411693 ], [ -120.739960379517285, 38.38580132550009 ] ] ] } },
{ "type": "Feature", "properties": { "csb_id": "061825008589178", "acres": 6.9927148535996997, "geoid": "06005" }, "geometry": { "type": "Polygon", "coordinates": [ [ [ -120.977205445806689, 38.370619796714536 ], [ -120.97747494107108, 38.370619797082092 ], [ -120.977474940617739, 38.369811312920007 ], [ -120.97729527750171, 38.36927232382633 ], [ -120.977025782723075, 38.36927232399254 ], [ -120.977025783333474, 38.368912998279256 ], [ -120.977924098657184, 38.368284176719399 ], [ -120.979091908340209, 38.368284176789551 ], [ -120.979091908621044, 38.36864350350433 ], [ -120.978552919864995, 38.368643503592622 ], [ -120.978552918784601, 38.369272323774702 ], [ -120.977924098808629, 38.369272323882733 ], [ -120.977924099006202, 38.369721481729286 ], [ -120.978103762104226, 38.369721481543337 ], [ -120.978103762175408, 38.369451987214205 ], [ -120.97873258287548, 38.369451987281529 ], [ -120.978732582218967, 38.370080807676082 ], [ -120.977834267308467, 38.37008080769084 ], [ -120.977834266658633, 38.37124861743068 ], [ -120.977205446653457, 38.371248617745941 ], [ -120.977205445806689, 38.370619796714536 ] ] ] } },
{ "type": "Feature", "properties": { "csb_id": "061825008589197", "acres": 5.9386670842577596, "geoid": "06005" }, "geometry": { "type": "Polygon", "coordinates": [ [ [ -120.950345819269842, 38.367924850823279 ], [ -120.948549188358044, 38.367745187731899 ], [ -120.948549188562666, 38.367385862393895 ], [ -120.948818683390655, 38.367385862157917 ], [ -120.948818683092099, 38.366846872932655 ], [ -120.950076324890844, 38.366846872426052 ], [ -120.950076324912231, 38.366487547409513 ], [ -120.950974639941492, 38.366487546825432 ], [ -120.951244134503284, 38.366846872390902 ], [ -120.951244134183753, 38.367116367564932 ], [ -120.95061531394029, 38.367296030623365 ], [ -120.950615314294069, 38.367745187946802 ], [ -120.950345819269842, 38.367924850823279 ] ] ] } },
{ "type": "Feature", "properties": { "csb_id": "061825008589201", "acres": 5.1069191901525901, "geoid": "06005" }, "geometry": { "type": "Polygon", "coordinates": [ [ [ -120.949178008947555, 38.366218051786554 ], [ -120.949178009450591, 38.366487547069475 ], [ -120.949447503810845, 38.366487546716712 ], [ -120.949447503733765, 38.366218052063829 ], [ -120.949178008947555, 38.366218051786554 ], [ -120.94917800898088, 38.36576889433416 ], [ -120.949627167484053, 38.36576889471268 ], [ -120.949716998405606, 38.366846873143672 ], [ -120.948818683092099, 38.366846872932655 ], [ -120.948818683390655, 38.367385862157917 ], [ -120.948549188562666, 38.367385862393895 ], [ -120.948549188358044, 38.367745187731899 ], [ -120.948459356721671, 38.367296030163835 ], [ -120.94818986230193, 38.367026535894666 ], [ -120.947830536418508, 38.366757041061376 ], [ -120.947291547001527, 38.366757041219792 ], [ -120.947291547185642, 38.366397715302526 ], [ -120.947920368518993, 38.365948557100573 ], [ -120.94845935684431, 38.365948557801708 ], [ -120.949178008947555, 38.366218051786554 ] ], [ [ -120.948279693747693, 38.366846872647479 ], [ -120.948549189158015, 38.366757041143515 ], [ -120.948549188732684, 38.366487546326432 ], [ -120.948279693856321, 38.366487546666917 ], [ -120.948279693747693, 38.366846872647479 ] ] ] } },
{ "type": "Feature", "properties": { "csb_id": "061825008589550", "acres": 6.4529584585406496, "geoid": "06005" }, "geometry": { "type": "Polygon", "coordinates": [ [ [ -120.95088480839236, 38.34888056725319 ], [ -120.950255987554058, 38.348521241378513 ], [ -120.949986493523411, 38.348521240496495 ], [ -120.949986492882758, 38.348251746272147 ], [ -120.950615313880263, 38.3476229253043 ], [ -120.950615314244985, 38.347443262305354 ], [ -120.951154303564806, 38.347712756848679 ], [ -120.952411943478978, 38.347622925738982 ], [ -120.952411943136525, 38.347982251630327 ], [ -120.953579754612136, 38.347982251732056 ], [ -120.953579754159961, 38.348251746153579 ], [ -120.951872955069007, 38.348341578343039 ], [ -120.951783124161636, 38.348611072820162 ], [ -120.951603461198857, 38.348611072075627 ], [ -120.951603459729171, 38.348970399211296 ], [ -120.95088480839236, 38.34888056725319 ] ] ] } },
{ "type": "Feature", "properties": { "csb_id": "061825008590051", "acres": 4.7619416370592402, "geoid": "06005" }, "geometry": { "type": "Polygon", "coordinates": [ [ [ -120.997776866894853, 38.317709026572579 ], [ -120.996878551126485, 38.317709026507956 ], [ -120.996878551282819, 38.317170037461317 ], [ -120.996698887741204, 38.316900543009936 ], [ -120.99624973079392, 38.316541217775857 ], [ -120.995980234989133, 38.316541215844843 ], [ -120.995980235601252, 38.316181891217667 ], [ -120.996609055954153, 38.316181889900882 ], [ -120.996609056833975, 38.315822564570766 ], [ -120.99687855093714, 38.315553071320522 ], [ -120.997507372466359, 38.315553070513339 ], [ -120.997507371908696, 38.315822565642151 ], [ -120.997237877293642, 38.316181891631409 ], [ -120.997237877643883, 38.316810711207388 ], [ -120.997776866388605, 38.317080206099199 ], [ -120.997776866894853, 38.317709026572579 ] ] ] } },
{ "type": "Feature", "properties": { "csb_id": "061825008590058", "acres": 4.77165560553148, "geoid": "06005" }, "geometry": { "type": "Polygon", "coordinates": [ [ [ -120.995351414989841, 38.316541216928591 ], [ -120.994902257988429, 38.316541216628991 ], [ -120.994812426530885, 38.316900543199019 ], [ -120.994273437001198, 38.316900542553583 ], [ -120.994273437260247, 38.316541216972666 ], [ -120.994542931331225, 38.316451385316242 ], [ -120.99454293176619, 38.316271721859572 ], [ -120.995081919510568, 38.316271722583053 ], [ -120.995171751733096, 38.315553069673527 ], [ -120.994902257194937, 38.315283575615702 ], [ -120.996249730421724, 38.315283575569268 ], [ -120.996609056833975, 38.315822564570766 ], [ -120.996609055954153, 38.316181889900882 ], [ -120.995980235601252, 38.316181891217667 ], [ -120.995980234989133, 38.316541215844843 ], [ -120.99535141462438, 38.316810711280674 ], [ -120.995351414989841, 38.316541216928591 ] ] ] } },
{ "type": "Feature", "properties": { "csb_id": "061825008590067", "acres": 5.7202399541402897, "geoid": "06005" }, "geometry": { "type": "Polygon", "coordinates": [ [ [ -120.993824279456803, 38.316181891522135 ], [ -120.993824278973946, 38.315283575666179 ], [ -120.993285289949227, 38.315283575826129 ], [ -120.993285290185227, 38.314385260224398 ], [ -120.993824278791251, 38.314385260627681 ], [ -120.993824278695968, 38.314654754713118 ], [ -120.994183605408978, 38.31465475497297 ], [ -120.994183605698865, 38.314025934163936 ], [ -120.994453099690901, 38.31402593386867 ], [ -120.994542931564339, 38.315283575666221 ], [ -120.995081920452094, 38.315373406930135 ], [ -120.995171751811796, 38.316002227501059 ], [ -120.995081919510568, 38.316271722583053 ], [ -120.993824279456803, 38.316181891522135 ] ] ] } },
{ "type": "Feature", "properties": { "csb_id": "061825008590068", "acres": 3.8812363357121402, "geoid": "06005" }, "geometry": { "type": "Polygon", "coordinates": [ [ [ -120.991398827711862, 38.316181890340467 ], [ -120.991398827757791, 38.315822564944312 ], [ -120.992027647863651, 38.315822564288091 ], [ -120.992656469527631, 38.315283575622935 ], [ -120.993824278973946, 38.315283575666179 ], [ -120.993824279456803, 38.316181891522135 ], [ -120.991398827711862, 38.316181890340467 ] ] ] } },
{ "type": "Feature", "properties": { "csb_id": "061825008590082", "acres": 4.3265101063489197, "geoid": "06005" }, "geometry": { "type": "Polygon", "coordinates": [ [ [ -120.997507372466359, 38.315553070513339 ], [ -120.997237876774733, 38.315283575410191 ], [ -120.997237877758053, 38.31555307094056 ], [ -120.99687855093714, 38.315553071320522 ], [ -120.996878551272545, 38.315283575790239 ], [ -120.996609056438388, 38.315283575071504 ], [ -120.996609056922594, 38.314385260198186 ], [ -120.99777686640617, 38.314385260383624 ], [ -120.997776866031131, 38.314025934090395 ], [ -120.998405687219076, 38.314025934355698 ], [ -120.998405687026207, 38.314385260483391 ], [ -120.998136192728111, 38.314924249158125 ], [ -120.997507372466359, 38.315553070513339 ] ] ] } },
{ "type": "Feature", "properties": { "csb_id": "061825008590083", "acres": 3.5425104572546902, "geoid": "06005" }, "geometry": { "type": "Polygon", "coordinates": [ [ [ -120.994812425412036, 38.315283574649932 ], [ -120.99481242556368, 38.314924249435002 ], [ -120.994542931319415, 38.31492424896031 ], [ -120.994453099496283, 38.314385260592289 ], [ -120.995710741678323, 38.314385259954861 ], [ -120.995710741516689, 38.314654754570512 ], [ -120.996609056412865, 38.314654754648231 ], [ -120.996609055903093, 38.314924249094354 ], [ -120.996249730421724, 38.315283575569268 ], [ -120.994812425412036, 38.315283574649932 ] ] ] } },
{ "type": "Feature", "properties": { "csb_id": "061825008590099", "acres": 8.0530271561218196, "geoid": "06005" }, "geometry": { "type": "Polygon", "coordinates": [ [ [ -120.995710741516689, 38.314654754570512 ], [ -120.995710741678323, 38.314385259954861 ], [ -120.995081919986944, 38.314385260158154 ], [ -120.995081920989023, 38.313756439439125 ], [ -120.995710740940609, 38.313756439401416 ], [ -120.995710741725702, 38.312947956364027 ], [ -120.995980235203859, 38.312588629283582 ], [ -120.996249731183454, 38.312858125028278 ], [ -120.996249730469913, 38.313127619269004 ], [ -120.996968382527982, 38.313217450226269 ], [ -120.996968382833899, 38.312947955522894 ], [ -120.99750737135372, 38.312947956086759 ], [ -120.997507371310107, 38.31375643938977 ], [ -120.997776865899965, 38.313756439796606 ], [ -120.99777686640617, 38.314385260383624 ], [ -120.996609056922594, 38.314385260198186 ], [ -120.996609056412865, 38.314654754648231 ], [ -120.995710741516689, 38.314654754570512 ] ] ] } },
{ "type": "Feature", "properties": { "csb_id": "061825008590112", "acres": 3.2909211451489, "geoid": "06005" }, "geometry": { "type": "Polygon", "coordinates": [ [ [ -120.997776866031131, 38.314025934090395 ], [ -120.997776865899965, 38.313756439796606 ], [ -120.997507371310107, 38.31375643938977 ], [ -120.997507372167973, 38.313486945091931 ], [ -120.997776866508673, 38.313127618955804 ], [ -120.997507371996761, 38.313127619012917 ], [ -120.997507371439553, 38.312858124076286 ], [ -120.99813619184664, 38.312858124725111 ], [ -120.998226022827993, 38.312588629979004 ], [ -120.998675181124909, 38.312588629471207 ], [ -120.998675182117012, 38.313486944765415 ], [ -120.999034507918907, 38.313486944636189 ], [ -120.999034507905762, 38.313756439000535 ], [ -120.997776866031131, 38.314025934090395 ] ] ] } },
{ "type": "Feature", "properties": { "csb_id": "061825008590120", "acres": 3.4361221532796198, "geoid": "06005" }, "geometry": { "type": "Polygon", "coordinates": [ [ [ -120.993824279628171, 38.313756439411804 ], [ -120.993285289640838, 38.313127619228752 ], [ -120.993285290299085, 38.312858124491136 ], [ -120.993554784164758, 38.312858124375047 ], [ -120.993554784295483, 38.312498798548994 ], [ -120.994812425600728, 38.312498797786624 ], [ -120.994902257981735, 38.312947955495467 ], [ -120.994453100220383, 38.31312761886754 ], [ -120.994453099708252, 38.313756439310033 ], [ -120.993824279628171, 38.313756439411804 ] ] ] } },
{ "type": "Feature", "properties": { "csb_id": "061825008590166", "acres": 14.277294515105501, "geoid": "06005" }, "geometry": { "type": "Polygon", "coordinates": [ [ [ -120.966335831468413, 38.312498797748226 ], [ -120.966335831748864, 38.312319134775727 ], [ -120.965796841776879, 38.312319134675214 ], [ -120.96570701077944, 38.311959809096258 ], [ -120.96597650535108, 38.311600483051102 ], [ -120.96633583205552, 38.311600483960881 ], [ -120.966605326365595, 38.311330989050489 ], [ -120.966605325797261, 38.311061494573472 ], [ -120.966335831902725, 38.310791999900026 ], [ -120.966335831048838, 38.310432673289128 ], [ -120.966335831590314, 38.309893683442475 ], [ -120.96660532597889, 38.309175031332344 ], [ -120.967234147030695, 38.30917503177465 ], [ -120.96813246233512, 38.308905537868142 ], [ -120.968132462457234, 38.309803852515387 ], [ -120.968401956873478, 38.310073346546481 ], [ -120.968401957075187, 38.310702167680454 ], [ -120.968132461590187, 38.31106149408501 ], [ -120.967862967960528, 38.311959809127913 ], [ -120.966695157808729, 38.312498797673349 ], [ -120.966335831468413, 38.312498797748226 ] ] ] } },
{ "type": "Feature", "properties": { "csb_id": "061825008590175", "acres": 4.3848878892992396, "geoid": "06005" }, "geometry": { "type": "Polygon", "coordinates": [ [ [ -120.970288418113938, 38.310522504092688 ], [ -120.969300272060607, 38.309803852007718 ], [ -120.969569766608572, 38.308905537456134 ], [ -120.970647744659772, 38.308995368195525 ], [ -120.970827407227659, 38.310073346614033 ], [ -120.970557913184876, 38.310432672677855 ], [ -120.970288418113938, 38.310522504092688 ] ] ] } }
]
}
