{
"type": "FeatureCollection",
"name": "06001",
"crs": { "type": "name", "properties": { "name": "urn:ogc:def:crs:OGC:1.3:CRS84" } },
"features": [
{ "type": "Feature", "properties": { "csb_id": "061825012334590", "acres": 2.7303692698430901, "geoid": "06001" }, "geometry": { "type": "Polygon", "coordinates": [ [ [ -121.564593802853238, 37.759653389071481 ], [ -121.565492118468512, 37.759653388624926 ], [ -121.565492117904384, 37.760282209777991 ], [ -121.56576161305189, 37.760551703962804 ], [ -121.566300601947049, 37.760551704354732 ], [ -121.56630060259063, 37.760911029980029 ], [ -121.565132792217042, 37.760911030077729 ], [ -121.56486329733076, 37.760012714846233 ], [ -121.564593803550537, 37.760012714829024 ], [ -121.564593802853238, 37.759653389071481 ] ] ] } },
{ "type": "Feature", "properties": { "csb_id": "061825012334601", "acres": 3.91027242356849, "geoid": "06001" }, "geometry": { "type": "Polygon", "coordinates": [ [ [ -121.561270036415848, 37.760012715458068 ], [ -121.56127003651801, 37.760282210025899 ], [ -121.56037172171807, 37.760282209977966 ], [ -121.560371720757928, 37.760551704055381 ], [ -121.561270036620144, 37.760551704577523 ], [ -121.561270036858488, 37.761180525135138 ], [ -121.560731047230746, 37.761450019864803 ], [ -121.560371721048654, 37.761450019557302 ], [ -121.559832732675133, 37.760012715380611 ], [ -121.559832732281279, 37.759653388967223 ], [ -121.560102226354289, 37.759383894332082 ], [ -121.560371721427316, 37.75938389424234 ], [ -121.560371721268979, 37.760012715261276 ], [ -121.561270036415848, 37.760012715458068 ] ] ] } },
{ "type": "Feature", "properties": { "csb_id": "061825012335189", "acres": 4.3312694921149797, "geoid": "06001" }, "geometry": { "type": "Polygon", "coordinates": [ [ [ -121.826273045382237, 37.724619092766993 ], [ -121.826003551006849, 37.724619092494493 ], [ -121.826003550549387, 37.725158081891337 ], [ -121.825734055930155, 37.725158082503022 ], [ -121.825734056815548, 37.724259766869672 ], [ -121.825374729825683, 37.724259766651045 ], [ -121.825374730614186, 37.724798755755096 ], [ -121.825105235403754, 37.724798756316169 ], [ -121.824745909564584, 37.724529261611139 ], [ -121.824745909209156, 37.724169935226001 ], [ -121.825105235907102, 37.723990272444411 ], [ -121.825105235236833, 37.723720777659707 ], [ -121.826273045858912, 37.723720777542042 ], [ -121.826991697576673, 37.725158082563027 ], [ -121.826632371924319, 37.725158082033069 ], [ -121.826273045582894, 37.724888587593654 ], [ -121.826273045382237, 37.724619092766993 ] ] ] } },
{ "type": "Feature", "properties": { "csb_id": "061825012335305", "acres": 7.5032564436675298, "geoid": "06001" }, "geometry": { "type": "Polygon", "coordinates": [ [ [ -121.812618653052525, 37.71599526666138 ], [ -121.812618653149528, 37.715276614636544 ], [ -121.812259327431846, 37.715276613684082 ], [ -121.812259327407659, 37.714737624479334 ], [ -121.812618653023264, 37.714737625812603 ], [ -121.81261865325304, 37.714108804268747 ], [ -121.813786463204877, 37.71410880386459 ], [ -121.813786463452828, 37.714737625604478 ], [ -121.814325452110381, 37.715276614734812 ], [ -121.814325452405953, 37.715635940169655 ], [ -121.814055957886879, 37.715905434204409 ], [ -121.813516968070275, 37.715905434763748 ], [ -121.813516968912509, 37.716444423776458 ], [ -121.813157641632984, 37.71644442365308 ], [ -121.812618653052525, 37.71599526666138 ] ] ] } },
{ "type": "Feature", "properties": { "csb_id": "061825012335318", "acres": 4.0102804039853002, "geoid": "06001" }, "geometry": { "type": "Polygon", "coordinates": [ [ [ -121.81225932737938, 37.714108803653595 ], [ -121.812259327658381, 37.713479983593899 ], [ -121.812618652686794, 37.713479983730267 ], [ -121.812618653537555, 37.712402005315809 ], [ -121.812888147431607, 37.712402005234743 ], [ -121.813516967902885, 37.713300320622594 ], [ -121.813786463204877, 37.71410880386459 ], [ -121.81225932737938, 37.714108803653595 ] ] ] } },
{ "type": "Feature", "properties": { "csb_id": "061825012335339", "acres": 29.565329648690501, "geoid": "06001" }, "geometry": { "type": "Polygon", "coordinates": [ [ [ -121.811091517481131, 37.714737624777023 ], [ -121.811091516827332, 37.714108804386598 ], [ -121.810462696740558, 37.714108804426282 ], [ -121.809654212035838, 37.713839309329408 ], [ -121.808755897332603, 37.713839309696077 ], [ -121.807498255485115, 37.713479983869767 ], [ -121.807498255024854, 37.713210489313589 ], [ -121.808755896223687, 37.71321048894329 ], [ -121.808755897628473, 37.712581668477654 ], [ -121.809025391310712, 37.712581667856874 ], [ -121.809025391729833, 37.712312174625232 ], [ -121.809025391227308, 37.712042678797737 ], [ -121.808755895889988, 37.712042679277026 ], [ -121.808755895873901, 37.711144364090636 ], [ -121.809025390455247, 37.711144363992169 ], [ -121.80902539067452, 37.710515542978918 ], [ -121.809923705756361, 37.709976554002942 ], [ -121.810462695802244, 37.709976554349879 ], [ -121.810822021469662, 37.710246048807818 ], [ -121.811091515764844, 37.710964700550761 ], [ -121.812618653097545, 37.712312173725344 ], [ -121.812618652686794, 37.713479983730267 ], [ -121.812259327658381, 37.713479983593899 ], [ -121.811989831423972, 37.713210489296344 ], [ -121.811361010196421, 37.713210489386391 ], [ -121.811361010625291, 37.713839309529725 ], [ -121.811720336475773, 37.713839309733793 ], [ -121.811720338399809, 37.71437829871568 ], [ -121.811361011720749, 37.714737625208556 ], [ -121.811091517481131, 37.714737624777023 ] ] ] } },
{ "type": "Feature", "properties": { "csb_id": "061825012335343", "acres": 9.2111440992009701, "geoid": "06001" }, "geometry": { "type": "Polygon", "coordinates": [ [ [ -121.808755896223687, 37.71321048894329 ], [ -121.807228761078704, 37.713210488899676 ], [ -121.807228761906543, 37.712940995185804 ], [ -121.807498255667824, 37.71294099450084 ], [ -121.807498256618032, 37.712671500530476 ], [ -121.806959266416655, 37.712312173202399 ], [ -121.806959267202288, 37.711144363634808 ], [ -121.807498256113917, 37.711144363426513 ], [ -121.807498255470961, 37.711413858354078 ], [ -121.807857581923855, 37.711413857990905 ], [ -121.808127076636353, 37.711144363850813 ], [ -121.808127076147755, 37.710515542793843 ], [ -121.808755897585854, 37.710515544176261 ], [ -121.808755895889988, 37.712042679277026 ], [ -121.809025391227308, 37.712042678797737 ], [ -121.809025391729833, 37.712312174625232 ], [ -121.809025391310712, 37.712581667856874 ], [ -121.808755897628473, 37.712581668477654 ], [ -121.808755896223687, 37.71321048894329 ] ] ] } },
{ "type": "Feature", "properties": { "csb_id": "061825012335365", "acres": 9.7284941051053799, "geoid": "06001" }, "geometry": { "type": "Polygon", "coordinates": [ [ [ -121.813157642745438, 37.712312173348586 ], [ -121.813157640874181, 37.712042679185785 ], [ -121.812618653725025, 37.711413858476746 ], [ -121.812259326769578, 37.711413858155595 ], [ -121.8122593270365, 37.710515542813383 ], [ -121.81172033812544, 37.709976553857693 ], [ -121.810822023072049, 37.709976553751197 ], [ -121.81082202299973, 37.709078238254435 ], [ -121.811091517245899, 37.708808743518816 ], [ -121.811361011300065, 37.708808743939436 ], [ -121.811361011352176, 37.709078238211355 ], [ -121.81172033800506, 37.709078238785239 ], [ -121.811720337415366, 37.709617227995359 ], [ -121.812259327303352, 37.709617227279388 ], [ -121.812618653123067, 37.709976553843703 ], [ -121.812618653032558, 37.710246048138671 ], [ -121.813786463379245, 37.710335879433288 ], [ -121.814055957556192, 37.710515542994735 ], [ -121.814055957010368, 37.711683352888613 ], [ -121.813157642745438, 37.712312173348586 ] ] ] } },
{ "type": "Feature", "properties": { "csb_id": "061825012335371", "acres": 8.1478606426158997, "geoid": "06001" }, "geometry": { "type": "Polygon", "coordinates": [ [ [ -121.814055957135423, 37.710246048619013 ], [ -121.812618653032558, 37.710246048138671 ], [ -121.812618653123067, 37.709976553843703 ], [ -121.812259327303352, 37.709617227279388 ], [ -121.811720337415366, 37.709617227995359 ], [ -121.81172033839816, 37.708718912606699 ], [ -121.812618653401046, 37.708718912059418 ], [ -121.812888147466822, 37.708449418150948 ], [ -121.813786463026133, 37.708539249510288 ], [ -121.813786462466098, 37.708808743995505 ], [ -121.814055957260479, 37.708808743858185 ], [ -121.814055957681276, 37.7090782383261 ], [ -121.814055957135423, 37.710246048619013 ] ] ] } },
{ "type": "Feature", "properties": { "csb_id": "061825012335390", "acres": 6.1477119926871504, "geoid": "06001" }, "geometry": { "type": "Polygon", "coordinates": [ [ [ -121.820344164733058, 37.707281608009097 ], [ -121.820344164959891, 37.706922281892503 ], [ -121.819715343704146, 37.706922282001919 ], [ -121.819715344042507, 37.707281608259727 ], [ -121.818817028529438, 37.707281607544928 ], [ -121.818817028137815, 37.706922282244925 ], [ -121.819445849023779, 37.706023966499671 ], [ -121.821242479769026, 37.706023966790553 ], [ -121.82124248028471, 37.706383292843128 ], [ -121.821511974603609, 37.706383292942931 ], [ -121.821511974637602, 37.706652787056875 ], [ -121.821242479337883, 37.706652786957079 ], [ -121.821242479853566, 37.707012112955681 ], [ -121.82097298554973, 37.707281608194073 ], [ -121.820344164733058, 37.707281608009097 ] ] ] } },
{ "type": "Feature", "properties": { "csb_id": "061825012335406", "acres": 2.8006389407430601, "geoid": "06001" }, "geometry": { "type": "Polygon", "coordinates": [ [ [ -122.008631048152907, 37.706473124010174 ], [ -122.007840109848857, 37.7066754202867 ], [ -122.006372978242368, 37.706430533551334 ], [ -122.005936102594731, 37.706203629488591 ], [ -122.006205597339573, 37.705844303568121 ], [ -122.006834418072586, 37.705844303624872 ], [ -122.006834417887831, 37.706203629670831 ], [ -122.008631048358069, 37.706203629672956 ], [ -122.008631048152907, 37.706473124010174 ] ] ] } },
{ "type": "Feature", "properties": { "csb_id": "061825012335424", "acres": 9.6607553433018101, "geoid": "06001" }, "geometry": { "type": "Polygon", "coordinates": [ [ [ -121.823218774072814, 37.707371439756258 ], [ -121.821511974288839, 37.707281607607939 ], [ -121.821511973883275, 37.706023966650974 ], [ -121.821242479769026, 37.706023966790553 ], [ -121.821511974611084, 37.705484977225638 ], [ -121.821511974235776, 37.704945987970305 ], [ -121.822410289874952, 37.704945988592229 ], [ -121.822410289880892, 37.704676493649849 ], [ -121.823039110038579, 37.704676493342703 ], [ -121.823039110755758, 37.707012113254819 ], [ -121.823218773406381, 37.70701211359183 ], [ -121.823218774072814, 37.707371439756258 ] ] ] } },
{ "type": "Feature", "properties": { "csb_id": "061825012335497", "acres": 5.2212340097013303, "geoid": "06001" }, "geometry": { "type": "Polygon", "coordinates": [ [ [ -121.795909988495822, 37.699196770368182 ], [ -121.795909988719941, 37.698388286902627 ], [ -121.795640493753965, 37.698388286697799 ], [ -121.795640494189357, 37.697849297379072 ], [ -121.797167630433648, 37.697849297618873 ], [ -121.797167629643951, 37.698118791764067 ], [ -121.797437125048262, 37.698388286160068 ], [ -121.797437125344615, 37.698747612862185 ], [ -121.797167630186806, 37.699286601751169 ], [ -121.795909988495822, 37.699196770368182 ] ] ] } },
{ "type": "Feature", "properties": { "csb_id": "061825012335508", "acres": 3.7671397696233799, "geoid": "06001" }, "geometry": { "type": "Polygon", "coordinates": [ [ [ -121.802198195734334, 37.696950981731177 ], [ -121.803366005390941, 37.696950982632352 ], [ -121.803366005767302, 37.697220476844976 ], [ -121.802827016622686, 37.697579803181135 ], [ -121.802198195269867, 37.697759465601173 ], [ -121.801928701333324, 37.698298454647777 ], [ -121.801928701150331, 37.698747612576163 ], [ -121.801299880863809, 37.698747612242144 ], [ -121.801299880213122, 37.698388287108536 ], [ -121.801569374758216, 37.698388286938545 ], [ -121.801569375103014, 37.697220477194534 ], [ -121.8021981957842, 37.697220476945127 ], [ -121.802198195734334, 37.696950981731177 ] ] ] } },
{ "type": "Feature", "properties": { "csb_id": "061825012335543", "acres": 3.83565795209751, "geoid": "06001" }, "geometry": { "type": "Polygon", "coordinates": [ [ [ -121.800671060109551, 37.693986542610546 ], [ -121.800671059689762, 37.693627215822403 ], [ -121.80040156531058, 37.693627215877243 ], [ -121.800401565180437, 37.693357721864416 ], [ -121.801299880473593, 37.693357721592669 ], [ -121.801299880563619, 37.693627216323286 ], [ -121.801928701255619, 37.693627216399612 ], [ -121.801928701390423, 37.693357722049939 ], [ -121.802467690336712, 37.693357720611814 ], [ -121.803096511695585, 37.69362721575061 ], [ -121.803096511020797, 37.694256035899365 ], [ -121.802198195485815, 37.694256035980672 ], [ -121.802198195742989, 37.693986541432885 ], [ -121.800671060109551, 37.693986542610546 ] ] ] } },
{ "type": "Feature", "properties": { "csb_id": "061825012335556", "acres": 2.8694406951799398, "geoid": "06001" }, "geometry": { "type": "Polygon", "coordinates": [ [ [ -121.689190133262841, 37.693627215172029 ], [ -121.688561311928808, 37.693627215428364 ], [ -121.688561312377061, 37.69335772140083 ], [ -121.687662996911456, 37.693357720923736 ], [ -121.687662996714934, 37.693986541858351 ], [ -121.687124007514441, 37.693986541464319 ], [ -121.68739350241411, 37.693627215435406 ], [ -121.687393502065603, 37.693088226689191 ], [ -121.68802232281142, 37.693088226964292 ], [ -121.688022323506161, 37.692818731420033 ], [ -121.689190133259842, 37.692818731845193 ], [ -121.689190133262841, 37.693627215172029 ] ] ] } },
{ "type": "Feature", "properties": { "csb_id": "061825012335710", "acres": 7.6729994614555599, "geoid": "06001" }, "geometry": { "type": "Polygon", "coordinates": [ [ [ -121.732039772111889, 37.678086361483331 ], [ -121.732039772308397, 37.677906698181133 ], [ -121.731051625232752, 37.677816866916324 ], [ -121.730782131328453, 37.677188046119575 ], [ -121.730782130529633, 37.676649056497382 ], [ -121.731141456296186, 37.676649056870446 ], [ -121.731680446438233, 37.676289730232291 ], [ -121.732848255930506, 37.676289730311971 ], [ -121.732848255634181, 37.677906698335612 ], [ -121.732578761510723, 37.678176192269767 ], [ -121.732039772111889, 37.678086361483331 ] ] ] } },
{ "type": "Feature", "properties": { "csb_id": "061825012335732", "acres": 20.442645412251402, "geoid": "06001" }, "geometry": { "type": "Polygon", "coordinates": [ [ [ -121.730782129196797, 37.673325290655328 ], [ -121.73078212932117, 37.673684616228265 ], [ -121.731051625682781, 37.673684615916692 ], [ -121.731051624251251, 37.673325290343776 ], [ -121.730782129196797, 37.673325290655328 ], [ -121.730782129496149, 37.671887986943894 ], [ -121.731051623733592, 37.671887985677706 ], [ -121.73105162566479, 37.672157480697308 ], [ -121.732848255665601, 37.672157480290643 ], [ -121.732848254132904, 37.673055795614019 ], [ -121.732578762060115, 37.673954110769948 ], [ -121.732848254854105, 37.674582931872145 ], [ -121.732848254693138, 37.676020235856818 ], [ -121.731410950105484, 37.676020236285517 ], [ -121.730782129606425, 37.675750741446819 ], [ -121.730782129786178, 37.674852425957383 ], [ -121.731051624575386, 37.674852425979275 ], [ -121.731051626065465, 37.674672762771706 ], [ -121.730782130396406, 37.674313436644027 ], [ -121.730153308972262, 37.674223605645444 ], [ -121.729883814169639, 37.674403269205996 ], [ -121.729344824978085, 37.674403268656732 ], [ -121.728716004188428, 37.674223605962474 ], [ -121.728716004933091, 37.673954111414893 ], [ -121.729883816091174, 37.67395411119216 ], [ -121.730512634624347, 37.67377444783407 ], [ -121.730512635245262, 37.673325290132489 ], [ -121.730782129196797, 37.673325290655328 ] ], [ [ -121.730782129169114, 37.673954111365923 ], [ -121.730782129813832, 37.674223605387191 ], [ -121.731051623724582, 37.674223606030168 ], [ -121.731051624305294, 37.673954111531643 ], [ -121.730782129169114, 37.673954111365923 ] ] ] } },
{ "type": "Feature", "properties": { "csb_id": "061825012335735", "acres": 8.2591751253998904, "geoid": "06001" }, "geometry": { "type": "Polygon", "coordinates": [ [ [ -121.750095909438443, 37.673774448242938 ], [ -121.747490795099651, 37.673684616191998 ], [ -121.747490794406943, 37.672157479996535 ], [ -121.747760289251985, 37.672157480766863 ], [ -121.747760289478478, 37.672786301314481 ], [ -121.748299279161785, 37.672426974657022 ], [ -121.748658605029632, 37.672426974506109 ], [ -121.748928099664127, 37.672786301016139 ], [ -121.749197593494443, 37.672426974681862 ], [ -121.750455235778162, 37.672426975154167 ], [ -121.750455235254876, 37.67278630123073 ], [ -121.74982641512257, 37.673055795230212 ], [ -121.750095908778803, 37.673325290119891 ], [ -121.750095909438443, 37.673774448242938 ] ] ] } },
{ "type": "Feature", "properties": { "csb_id": "061825012335736", "acres": 10.719370536709601, "geoid": "06001" }, "geometry": { "type": "Polygon", "coordinates": [ [ [ -121.718026054130405, 37.673145627439872 ], [ -121.71802605364887, 37.673415121906501 ], [ -121.718295548977636, 37.67341512295161 ], [ -121.718295547866845, 37.673145626765425 ], [ -121.718026054130405, 37.673145627439872 ], [ -121.718026054221482, 37.672157480652373 ], [ -121.717666727068561, 37.672157479970387 ], [ -121.717666727475844, 37.6712591646966 ], [ -121.718654873603541, 37.671259165207779 ], [ -121.718834537363009, 37.671348996196137 ], [ -121.7188345377742, 37.674582931713665 ], [ -121.718026053808416, 37.674582931802107 ], [ -121.718026053844085, 37.673774447961506 ], [ -121.717756558932095, 37.673415121985222 ], [ -121.716498918305689, 37.673415122818106 ], [ -121.716498917873182, 37.67395411103152 ], [ -121.715959928417277, 37.673774447989949 ], [ -121.715959928808061, 37.67341512212348 ], [ -121.71416329842738, 37.673415121766496 ], [ -121.71416329739867, 37.673145626961329 ], [ -121.715959928473183, 37.673145627606935 ], [ -121.715959928138304, 37.672876133072293 ], [ -121.71649891812622, 37.67287613281281 ], [ -121.716498917910002, 37.67314562696469 ], [ -121.718026054130405, 37.673145627439872 ] ] ] } },
{ "type": "Feature", "properties": { "csb_id": "061825012335746", "acres": 3.3095767037836099, "geoid": "06001" }, "geometry": { "type": "Polygon", "coordinates": [ [ [ -121.746322985142129, 37.672426974991552 ], [ -121.746322985132096, 37.672247311391942 ], [ -121.74596365927772, 37.672247312252694 ], [ -121.746233153639949, 37.671887985736703 ], [ -121.746233153259098, 37.671528659579607 ], [ -121.747760290128269, 37.671528659881915 ], [ -121.748029784551292, 37.671887985926979 ], [ -121.748029783790685, 37.672157480081765 ], [ -121.747131468865859, 37.672157480621792 ], [ -121.747131468452238, 37.672426974901839 ], [ -121.746322985142129, 37.672426974991552 ] ] ] } },
{ "type": "Feature", "properties": { "csb_id": "061825012335748", "acres": 13.1212122644303, "geoid": "06001" }, "geometry": { "type": "Polygon", "coordinates": [ [ [ -121.696017327760046, 37.672426975539601 ], [ -121.696017328683695, 37.672247312199126 ], [ -121.695658002957373, 37.672247311984457 ], [ -121.69422069775969, 37.672516806362651 ], [ -121.693322383587812, 37.67242697474282 ], [ -121.693322383885061, 37.671618491280327 ], [ -121.692424068578944, 37.67152865955822 ], [ -121.692424068546202, 37.670360849871436 ], [ -121.69475968794508, 37.671259165022164 ], [ -121.696556318875011, 37.670989670630092 ], [ -121.696556317410923, 37.672426974854822 ], [ -121.696017327760046, 37.672426975539601 ] ] ] } },
{ "type": "Feature", "properties": { "csb_id": "061825012335749", "acres": 4.0808184593690404, "geoid": "06001" }, "geometry": { "type": "Polygon", "coordinates": [ [ [ -121.719463358625759, 37.673684616507536 ], [ -121.719463358382669, 37.67332528987307 ], [ -121.719193864177655, 37.673325290311212 ], [ -121.719193863453455, 37.671169333218835 ], [ -121.720361673051741, 37.671348996556787 ], [ -121.720092178780632, 37.671977817676272 ], [ -121.719822683841699, 37.671977817019496 ], [ -121.719822683943903, 37.673415121838673 ], [ -121.719463358625759, 37.673684616507536 ] ] ] } },
{ "type": "Feature", "properties": { "csb_id": "061825012335751", "acres": 11.3639201597469, "geoid": "06001" }, "geometry": { "type": "Polygon", "coordinates": [ [ [ -121.74533483880586, 37.672426975037098 ], [ -121.745334838525537, 37.672157480470339 ], [ -121.744436523416198, 37.672157480638617 ], [ -121.744436522634359, 37.672426974727827 ], [ -121.743538207810317, 37.672426974915517 ], [ -121.743538207630507, 37.672247311888839 ], [ -121.743268713154663, 37.672157479892505 ], [ -121.743538207346162, 37.671259165408422 ], [ -121.743538207421381, 37.670630344907039 ], [ -121.74596365912663, 37.67063034398317 ], [ -121.745963659303186, 37.670989669982006 ], [ -121.746233153325761, 37.67125916509589 ], [ -121.746861973990619, 37.671259165385209 ], [ -121.746861973699481, 37.671528659486789 ], [ -121.746233153259098, 37.671528659579607 ], [ -121.746233153639949, 37.671887985736703 ], [ -121.745963659157027, 37.672157480569268 ], [ -121.745963659519163, 37.672426975613575 ], [ -121.74533483880586, 37.672426975037098 ] ] ] } },
{ "type": "Feature", "properties": { "csb_id": "061825012335756", "acres": 4.2663451475243397, "geoid": "06001" }, "geometry": { "type": "Polygon", "coordinates": [ [ [ -121.737699158576731, 37.67215748005146 ], [ -121.737609326430857, 37.670630344543376 ], [ -121.737968652532132, 37.670630344331549 ], [ -121.738507641752392, 37.670989670870561 ], [ -121.738777136972686, 37.671528659377657 ], [ -121.738777137364252, 37.672426975168577 ], [ -121.737968653375461, 37.672426974635769 ], [ -121.737699158576731, 37.67215748005146 ] ] ] } },
{ "type": "Feature", "properties": { "csb_id": "061825012335759", "acres": 4.76428722495797, "geoid": "06001" }, "geometry": { "type": "Polygon", "coordinates": [ [ [ -121.736172022826651, 37.670181186875531 ], [ -121.737609326790334, 37.670181186495057 ], [ -121.737609327251903, 37.67197781704909 ], [ -121.736800842894553, 37.67197781732024 ], [ -121.73680084293261, 37.671348996354304 ], [ -121.736172022419012, 37.671348996753018 ], [ -121.736172021862615, 37.670810007069925 ], [ -121.736441517077182, 37.670810007644448 ], [ -121.736441516926675, 37.67107950187404 ], [ -121.73680084287885, 37.671079501904195 ], [ -121.73680084282509, 37.670810007435918 ], [ -121.736441517077182, 37.670810007644448 ], [ -121.736441516706151, 37.670450681483288 ], [ -121.736172022798655, 37.670450680908708 ], [ -121.736172022826651, 37.670181186875531 ] ] ] } },
{ "type": "Feature", "properties": { "csb_id": "061825012335762", "acres": 26.935734901706802, "geoid": "06001" }, "geometry": { "type": "Polygon", "coordinates": [ [ [ -121.75189254004647, 37.672426975015874 ], [ -121.749556920281321, 37.672426974462212 ], [ -121.74955692020427, 37.672157480229998 ], [ -121.748928099664127, 37.672786301016139 ], [ -121.748928098960491, 37.672157480277527 ], [ -121.748299279161785, 37.672426974657022 ], [ -121.747760289716652, 37.672426974425967 ], [ -121.747760289251985, 37.672157480766863 ], [ -121.748029783790685, 37.672157480081765 ], [ -121.748029784551292, 37.671887985926979 ], [ -121.747760290128269, 37.671528659881915 ], [ -121.746861973699481, 37.671528659486789 ], [ -121.746861973990619, 37.671259165385209 ], [ -121.746233153325761, 37.67125916509589 ], [ -121.745963659303186, 37.670989669982006 ], [ -121.74596365912663, 37.67063034398317 ], [ -121.744795849473221, 37.670630345352038 ], [ -121.744795849744477, 37.670360850043608 ], [ -121.74533483843345, 37.670360850103926 ], [ -121.745334837872818, 37.669821860674489 ], [ -121.745065343130207, 37.669821860989899 ], [ -121.745065342727401, 37.669552366486741 ], [ -121.746233153933474, 37.669462534088467 ], [ -121.746233153144871, 37.670091355250051 ], [ -121.747760289887978, 37.67018118694822 ], [ -121.748299278691903, 37.669821860773865 ], [ -121.748928099165212, 37.669821860769893 ], [ -121.751353550206744, 37.671528659458573 ], [ -121.751892540119997, 37.67161849130926 ], [ -121.752251866188018, 37.671887985343169 ], [ -121.75189254004647, 37.672426975015874 ] ] ] } },
{ "type": "Feature", "properties": { "csb_id": "061825012335763", "acres": 4.7838189795231196, "geoid": "06001" }, "geometry": { "type": "Polygon", "coordinates": [ [ [ -121.738507641752392, 37.670989670870561 ], [ -121.737968652532132, 37.670630344331549 ], [ -121.737609326430857, 37.670630344543376 ], [ -121.737609327364595, 37.670091354955808 ], [ -121.737968653363524, 37.670091355126367 ], [ -121.737968652947814, 37.670360849737989 ], [ -121.73823814775335, 37.670360849779705 ], [ -121.73850764189811, 37.670630344296605 ], [ -121.738507642558844, 37.670360849225631 ], [ -121.738777136554347, 37.670091354944908 ], [ -121.739405957419137, 37.670091355390035 ], [ -121.73940595737281, 37.672157479945639 ], [ -121.738777137044607, 37.672157480218388 ], [ -121.738777136972686, 37.671528659377657 ], [ -121.738507641752392, 37.670989670870561 ] ] ] } },
{ "type": "Feature", "properties": { "csb_id": "061825012335770", "acres": 3.2510556507446999, "geoid": "06001" }, "geometry": { "type": "Polygon", "coordinates": [ [ [ -121.740933093547724, 37.672157480756219 ], [ -121.740933093918713, 37.670630344308812 ], [ -121.741202588539636, 37.670630344531368 ], [ -121.741202588328065, 37.670091355089049 ], [ -121.740933093462132, 37.670091355344013 ], [ -121.74093309316433, 37.669462534896823 ], [ -121.741202587444405, 37.669193039922945 ], [ -121.741472082963526, 37.669193040075434 ], [ -121.74147208267425, 37.671887985876054 ], [ -121.741202588195989, 37.671887986154069 ], [ -121.741202587597229, 37.672157480453023 ], [ -121.740933093547724, 37.672157480756219 ] ] ] } },
{ "type": "Feature", "properties": { "csb_id": "061825012335771", "acres": 18.3153018855078, "geoid": "06001" }, "geometry": { "type": "Polygon", "coordinates": [ [ [ -121.730153308541105, 37.671259165161203 ], [ -121.730153309188594, 37.670630344123197 ], [ -121.730512635968111, 37.670630344443765 ], [ -121.730512636589012, 37.670181186390295 ], [ -121.730512636668877, 37.669821860742204 ], [ -121.730153310195988, 37.669821860277821 ], [ -121.730153310280443, 37.668923545132223 ], [ -121.730782130309009, 37.668923545501507 ], [ -121.730782130953656, 37.669193039860751 ], [ -121.731410951982298, 37.669193040042948 ], [ -121.731410951255882, 37.668923545206411 ], [ -121.732578761163609, 37.668923544874815 ], [ -121.732848256023786, 37.669193039775706 ], [ -121.732848255665601, 37.672157480290643 ], [ -121.73105162566479, 37.672157480697308 ], [ -121.731051623733592, 37.671887985677706 ], [ -121.730782129496149, 37.671887986943894 ], [ -121.730782130320577, 37.671259164811332 ], [ -121.730153308541105, 37.671259165161203 ] ] ] } },
{ "type": "Feature", "properties": { "csb_id": "061825012335778", "acres": 6.1702735367675796, "geoid": "06001" }, "geometry": { "type": "Polygon", "coordinates": [ [ [ -121.715331107846325, 37.669552365854564 ], [ -121.715690434068947, 37.669552366259843 ], [ -121.715690433611499, 37.669282871722139 ], [ -121.715331107593073, 37.669282871555403 ], [ -121.715331107846325, 37.669552365854564 ], [ -121.715061612658161, 37.669552365894234 ], [ -121.714792118678915, 37.669013377198567 ], [ -121.714792118607392, 37.668654050378414 ], [ -121.715331108268728, 37.668654050562132 ], [ -121.71533110844274, 37.669013376999537 ], [ -121.715959928125301, 37.669282871152106 ], [ -121.718026053697784, 37.669193039927336 ], [ -121.7182955480136, 37.669462534561994 ], [ -121.718295548605852, 37.670091355039737 ], [ -121.718026054032862, 37.670091355520164 ], [ -121.718026053782253, 37.66991169190181 ], [ -121.71595992806941, 37.669911692140801 ], [ -121.715959928404274, 37.670181186874622 ], [ -121.715331108273588, 37.670181186468106 ], [ -121.715331107846325, 37.669552365854564 ] ] ] } },
{ "type": "Feature", "properties": { "csb_id": "061825012335786", "acres": 5.5748363388198499, "geoid": "06001" }, "geometry": { "type": "Polygon", "coordinates": [ [ [ -121.747490794730169, 37.66766590424313 ], [ -121.747490795148778, 37.66712691454623 ], [ -121.748928099681052, 37.667216746671862 ], [ -121.749556919941057, 37.667665904333738 ], [ -121.749556919463359, 37.668923545212174 ], [ -121.748928099569142, 37.668923545355284 ], [ -121.748928099167074, 37.668564218884562 ], [ -121.748658603612938, 37.668294725248415 ], [ -121.747760289846582, 37.668025229607011 ], [ -121.747490794730169, 37.66766590424313 ] ] ] } },
{ "type": "Feature", "properties": { "csb_id": "061825012335787", "acres": 7.31246845929999, "geoid": "06001" }, "geometry": { "type": "Polygon", "coordinates": [ [ [ -121.740304272417347, 37.672426975115513 ], [ -121.740304272942694, 37.668564219092339 ], [ -121.740034778424089, 37.668564219414719 ], [ -121.740034778553365, 37.668294724969201 ], [ -121.740573767039038, 37.668294724349614 ], [ -121.740573767719582, 37.668025230268135 ], [ -121.740933093682784, 37.668025229725245 ], [ -121.740933093334348, 37.669193039795623 ], [ -121.741202587444405, 37.669193039922945 ], [ -121.74093309316433, 37.669462534896823 ], [ -121.740933093462132, 37.670091355344013 ], [ -121.741202588328065, 37.670091355089049 ], [ -121.741202588539636, 37.670630344531368 ], [ -121.740933093918713, 37.670630344308812 ], [ -121.740933093547724, 37.672157480756219 ], [ -121.741202587597229, 37.672157480453023 ], [ -121.741202588101302, 37.672426974495131 ], [ -121.740304272417347, 37.672426975115513 ] ] ] } },
{ "type": "Feature", "properties": { "csb_id": "061825012335788", "acres": 10.700243635979501, "geoid": "06001" }, "geometry": { "type": "Polygon", "coordinates": [ [ [ -121.73940595737281, 37.672157479945639 ], [ -121.739405957419137, 37.670091355390035 ], [ -121.738777136554347, 37.670091354944908 ], [ -121.738777136455596, 37.668923545182075 ], [ -121.739136462732816, 37.668923545254188 ], [ -121.739136463531906, 37.668294724908904 ], [ -121.740034778553365, 37.668294724969201 ], [ -121.740034778424089, 37.668564219414719 ], [ -121.740304272942694, 37.668564219092339 ], [ -121.740304272417347, 37.672426975115513 ], [ -121.73940595737281, 37.672157479945639 ] ] ] } },
{ "type": "Feature", "properties": { "csb_id": "061825012335789", "acres": 13.1412978263632, "geoid": "06001" }, "geometry": { "type": "Polygon", "coordinates": [ [ [ -121.737609327364595, 37.670091354955808 ], [ -121.737609327692056, 37.66856421867039 ], [ -121.736711010012954, 37.668564219124789 ], [ -121.736711012510128, 37.668115061560606 ], [ -121.737339833799965, 37.668025230142 ], [ -121.737609326243515, 37.667755735849944 ], [ -121.737339831465405, 37.666767589114343 ], [ -121.737609326257228, 37.666498094164865 ], [ -121.738238146399496, 37.666498094188803 ], [ -121.739136461601518, 37.667396409432655 ], [ -121.739136462211434, 37.668025230540323 ], [ -121.738777135573699, 37.668025230563401 ], [ -121.738777135587085, 37.668294724931954 ], [ -121.739136463531906, 37.668294724908904 ], [ -121.739136462732816, 37.668923545254188 ], [ -121.738777136455596, 37.668923545182075 ], [ -121.738777136469011, 37.669193039490082 ], [ -121.73850764088786, 37.66919303987531 ], [ -121.738777136788599, 37.669462534639692 ], [ -121.738777136554347, 37.670091354944908 ], [ -121.738507642558844, 37.670360849225631 ], [ -121.73823814775335, 37.670360849779705 ], [ -121.737968652947814, 37.670360849737989 ], [ -121.737968653363524, 37.670091355126367 ], [ -121.737609327364595, 37.670091354955808 ] ] ] } },
{ "type": "Feature", "properties": { "csb_id": "061825012335796", "acres": 6.0922698093397196, "geoid": "06001" }, "geometry": { "type": "Polygon", "coordinates": [ [ [ -121.728446511516069, 37.668564219353421 ], [ -121.727548196333942, 37.668564219343018 ], [ -121.727548196028636, 37.66892354481984 ], [ -121.727278700870912, 37.668923545503283 ], [ -121.726919374633283, 37.66856421905532 ], [ -121.726290554156947, 37.668564218962935 ], [ -121.726021059835375, 37.668025229806069 ], [ -121.726021060318203, 37.667665903960597 ], [ -121.726290554036083, 37.667396409682688 ], [ -121.72754819525899, 37.667396409684137 ], [ -121.728087184676923, 37.668294724555921 ], [ -121.728985500563169, 37.668564219343963 ], [ -121.728985500305754, 37.668923545392673 ], [ -121.728446510850162, 37.668923544924937 ], [ -121.728446511516069, 37.668564219353421 ] ] ] } },
{ "type": "Feature", "properties": { "csb_id": "061825012335801", "acres": 13.075551933481799, "geoid": "06001" }, "geometry": { "type": "Polygon", "coordinates": [ [ [ -121.732578761163609, 37.668923544874815 ], [ -121.731410951255882, 37.668923545206411 ], [ -121.731410951982298, 37.669193040042948 ], [ -121.730782130953656, 37.669193039860751 ], [ -121.730782130309009, 37.668923545501507 ], [ -121.730153310280443, 37.668923545132223 ], [ -121.730153310046703, 37.669193040112553 ], [ -121.729883816109833, 37.668564219795613 ], [ -121.73078213064278, 37.668294724861568 ], [ -121.730782131100938, 37.668025230203057 ], [ -121.730512636871552, 37.667396409994112 ], [ -121.729883815958587, 37.667396409378732 ], [ -121.729883814966996, 37.667126914754462 ], [ -121.730512635798249, 37.667126914892506 ], [ -121.730512636184244, 37.666767589829519 ], [ -121.732309266832331, 37.66676758931348 ], [ -121.732758423774257, 37.666587925226452 ], [ -121.732848256023786, 37.669193039775706 ], [ -121.732578761163609, 37.668923544874815 ] ] ] } },
{ "type": "Feature", "properties": { "csb_id": "061825012335802", "acres": 3.58314978342902, "geoid": "06001" }, "geometry": { "type": "Polygon", "coordinates": [ [ [ -121.692783394406334, 37.668294724428208 ], [ -121.692693563042297, 37.66775573509269 ], [ -121.692424067840577, 37.667396408928617 ], [ -121.692424068609071, 37.666767588903951 ], [ -121.692693563313384, 37.66649809434265 ], [ -121.693591878327766, 37.666498093969878 ], [ -121.693322383200822, 37.666587925628086 ], [ -121.693322382697005, 37.667126914439116 ], [ -121.693322383601782, 37.667665903798863 ], [ -121.69359187759278, 37.667665904298445 ], [ -121.69359187782868, 37.668025230242364 ], [ -121.692783394406334, 37.668294724428208 ] ] ] } },
{ "type": "Feature", "properties": { "csb_id": "061825012335806", "acres": 30.2305568700226, "geoid": "06001" }, "geometry": { "type": "Polygon", "coordinates": [ [ [ -121.742100903736997, 37.671259165341063 ], [ -121.741831408421774, 37.671259164907433 ], [ -121.741831408318333, 37.67188798588414 ], [ -121.742100903409096, 37.671887985935456 ], [ -121.742100903736997, 37.671259165341063 ], [ -121.742370397949372, 37.671259165417588 ], [ -121.74237039798399, 37.671528659615305 ], [ -121.742729723906876, 37.671528659315996 ], [ -121.742729723667978, 37.671259164879537 ], [ -121.742370397949372, 37.671259165417588 ], [ -121.742370397608511, 37.670989670342067 ], [ -121.742460228939223, 37.670630344426769 ], [ -121.742999218192651, 37.670091355389992 ], [ -121.743897533981894, 37.670091354685688 ], [ -121.74479584896514, 37.669552366206382 ], [ -121.745065342727401, 37.669552366486741 ], [ -121.745065343130207, 37.669821860989899 ], [ -121.745334837872818, 37.669821860674489 ], [ -121.74533483843345, 37.670360850103926 ], [ -121.744795849744477, 37.670360850043608 ], [ -121.744795849473221, 37.670630345352038 ], [ -121.743538207421381, 37.670630344907039 ], [ -121.743268713148581, 37.672426974746159 ], [ -121.742729723387839, 37.672786300751106 ], [ -121.74237039828833, 37.672786300477668 ], [ -121.742370397772504, 37.672426974782304 ], [ -121.741202588101302, 37.672426974495131 ], [ -121.741202588195989, 37.671887986154069 ], [ -121.74147208267425, 37.671887985876054 ], [ -121.741472082963526, 37.669193040075434 ], [ -121.740933093334348, 37.669193039795623 ], [ -121.740933093512794, 37.668294724905181 ], [ -121.742100903479752, 37.668294724721235 ], [ -121.742100902875634, 37.666767588281402 ], [ -121.741472082875688, 37.666318431219352 ], [ -121.741472083102124, 37.665959104799597 ], [ -121.74210090350708, 37.665959105148467 ], [ -121.742100903195535, 37.665599779078548 ], [ -121.742639892107917, 37.665599778876981 ], [ -121.743268713026268, 37.666048936491308 ], [ -121.743245904031596, 37.666744735624022 ], [ -121.742910000803761, 37.66732600893954 ], [ -121.743090716789155, 37.667520497717994 ], [ -121.743578386366309, 37.666568669549925 ], [ -121.743987365219198, 37.666498094020696 ], [ -121.744526353968126, 37.667126914509169 ], [ -121.745334838474449, 37.667396409444883 ], [ -121.745334838448471, 37.667665903472439 ], [ -121.744436523090627, 37.667665903447833 ], [ -121.744436523089718, 37.668025229999714 ], [ -121.744167029015514, 37.668294724511291 ], [ -121.74326871271046, 37.668294724621418 ], [ -121.742999219044208, 37.668564219016936 ], [ -121.742370397962262, 37.668654050434498 ], [ -121.741831408586421, 37.669193040036539 ], [ -121.741831408590258, 37.67018118678881 ], [ -121.742100902655807, 37.670630344027039 ], [ -121.742100903736997, 37.671259165341063 ] ] ] } },
{ "type": "Feature", "properties": { "csb_id": "061825012335807", "acres": 5.14529414439688, "geoid": "06001" }, "geometry": { "type": "Polygon", "coordinates": [ [ [ -121.720990493991138, 37.667665903887368 ], [ -121.720092178471376, 37.667665904142169 ], [ -121.720092177843711, 37.668025230280215 ], [ -121.71982268423308, 37.668025229668153 ], [ -121.719193863838811, 37.667396409324787 ], [ -121.719193863686925, 37.667126914597283 ], [ -121.719822682698165, 37.667126914714572 ], [ -121.720092177478435, 37.666498094625993 ], [ -121.720990492990609, 37.666498094087991 ], [ -121.721529483111269, 37.667126914457889 ], [ -121.721529482531494, 37.667486241216096 ], [ -121.721259988634429, 37.668025230490947 ], [ -121.721080325615347, 37.668025230150704 ], [ -121.720990493991138, 37.667665903887368 ] ], [ [ -121.720720998299768, 37.66712691501445 ], [ -121.720720998389297, 37.666767589178164 ], [ -121.720361673242451, 37.666767588696636 ], [ -121.72036167281901, 37.667126915154135 ], [ -121.720720998299768, 37.66712691501445 ], [ -121.720720997880392, 37.667396409215101 ], [ -121.720990493430222, 37.667396409704907 ], [ -121.720990492563331, 37.667126914644463 ], [ -121.720720998299768, 37.66712691501445 ] ] ] } },
{ "type": "Feature", "properties": { "csb_id": "061825012335808", "acres": 14.9183766191333, "geoid": "06001" }, "geometry": { "type": "Polygon", "coordinates": [ [ [ -121.712366667370347, 37.669282871557215 ], [ -121.711737847160776, 37.66919303981792 ], [ -121.711737846415375, 37.668564219231115 ], [ -121.712366667151784, 37.668025230507631 ], [ -121.712366667619648, 37.66721674656899 ], [ -121.71263616160536, 37.667216746280239 ], [ -121.712636161605744, 37.666498093997582 ], [ -121.712366667722478, 37.666498093903456 ], [ -121.712366667036065, 37.666048936315498 ], [ -121.712636161797519, 37.665330284299237 ], [ -121.713264983035302, 37.665330283908986 ], [ -121.713534477844036, 37.665599778735796 ], [ -121.713534477330342, 37.665959104638517 ], [ -121.713264982590104, 37.665959105287776 ], [ -121.713264982250948, 37.666228599240171 ], [ -121.713534477659792, 37.666767588637569 ], [ -121.714163297371243, 37.666767588433132 ], [ -121.714163297751384, 37.666498093801735 ], [ -121.714702287474154, 37.666498094286723 ], [ -121.714702286975722, 37.667126914426959 ], [ -121.715061613872322, 37.667126914922015 ], [ -121.715331107720189, 37.66739640961552 ], [ -121.715331107973412, 37.667665904041975 ], [ -121.714702286828, 37.667665904302019 ], [ -121.714702287453292, 37.667396409254359 ], [ -121.71443279238737, 37.667396409573307 ], [ -121.713534477267771, 37.66829472474943 ], [ -121.713534476754063, 37.668654050409508 ], [ -121.713264982682105, 37.669193039874123 ], [ -121.712905656289166, 37.669552365875568 ], [ -121.71236666768398, 37.66955236628943 ], [ -121.712366667370347, 37.669282871557215 ] ], [ [ -121.71326498312736, 37.668564219005013 ], [ -121.713264982090948, 37.668025229916516 ], [ -121.712905656593477, 37.668025230288379 ], [ -121.712905656118608, 37.668564219138396 ], [ -121.71326498312736, 37.668564219005013 ] ] ] } },
{ "type": "Feature", "properties": { "csb_id": "061825012335811", "acres": 3.2967240690116402, "geoid": "06001" }, "geometry": { "type": "Polygon", "coordinates": [ [ [ -121.740304272346989, 37.66542011561824 ], [ -121.740933093115302, 37.665330283897845 ], [ -121.740933094048074, 37.665599779021115 ], [ -121.741831408188006, 37.665599778404982 ], [ -121.741831409011141, 37.665330284046171 ], [ -121.741980894213668, 37.665360461534547 ], [ -121.742100902886648, 37.665420115601549 ], [ -121.74210090350708, 37.665959105148467 ], [ -121.741202587706226, 37.665959105314975 ], [ -121.741202587611582, 37.666498094455072 ], [ -121.740304272136413, 37.666498093924339 ], [ -121.740304272346989, 37.66542011561824 ] ] ] } },
{ "type": "Feature", "properties": { "csb_id": "061825012335812", "acres": 2.68498080485125, "geoid": "06001" }, "geometry": { "type": "Polygon", "coordinates": [ [ [ -121.719193863956235, 37.666228599774335 ], [ -121.71919386380435, 37.665959104967918 ], [ -121.719463357590087, 37.665689610237216 ], [ -121.720092179361345, 37.665420115701934 ], [ -121.720361672930679, 37.665420115529379 ], [ -121.72036167382177, 37.665599778584429 ], [ -121.720990493959818, 37.665599778889785 ], [ -121.720990494380445, 37.665959105929659 ], [ -121.720721000024923, 37.666228599575334 ], [ -121.719193863956235, 37.666228599774335 ] ] ] } },
{ "type": "Feature", "properties": { "csb_id": "061825012335814", "acres": 10.319842696052101, "geoid": "06001" }, "geometry": { "type": "Polygon", "coordinates": [ [ [ -121.732309266832331, 37.66676758931348 ], [ -121.730512636184244, 37.666767589829519 ], [ -121.730512635798249, 37.667126914892506 ], [ -121.729883814966996, 37.667126914754462 ], [ -121.729614320306752, 37.666767588611258 ], [ -121.729614320284128, 37.666228599259497 ], [ -121.730153309737148, 37.666228599581842 ], [ -121.730153310127719, 37.665330284487375 ], [ -121.732848255303736, 37.665420115674259 ], [ -121.732758424410036, 37.666498093940092 ], [ -121.732309266832331, 37.66676758931348 ] ] ] } },
{ "type": "Feature", "properties": { "csb_id": "061825012335815", "acres": 3.9346979054543301, "geoid": "06001" }, "geometry": { "type": "Polygon", "coordinates": [ [ [ -121.728716005723086, 37.666498093938827 ], [ -121.728716005670933, 37.666228599969749 ], [ -121.728446511065954, 37.666228600606466 ], [ -121.728446511381918, 37.665959104899621 ], [ -121.728716006080376, 37.665599779905307 ], [ -121.730153310127719, 37.665330284487375 ], [ -121.730153309737148, 37.666228599581842 ], [ -121.729614320284128, 37.666228599259497 ], [ -121.729614320306752, 37.666767588611258 ], [ -121.728716005723086, 37.666498093938827 ] ] ] } },
{ "type": "Feature", "properties": { "csb_id": "061825012335817", "acres": 17.6229395238704, "geoid": "06001" }, "geometry": { "type": "Polygon", "coordinates": [ [ [ -121.726021059618972, 37.669462534345662 ], [ -121.725931228082445, 37.66874388257478 ], [ -121.725751565286629, 37.668654051098137 ], [ -121.724853249611726, 37.668564219664674 ], [ -121.724763418355167, 37.66874388183885 ], [ -121.724224429193413, 37.668564219087592 ], [ -121.723954934472971, 37.668294724369247 ], [ -121.723954933462409, 37.667486241233163 ], [ -121.722158304292179, 37.667396409336007 ], [ -121.722158303803297, 37.666857419867796 ], [ -121.721888808959065, 37.666767588384218 ], [ -121.721888809082017, 37.666587925287473 ], [ -121.722787124759208, 37.666587925598826 ], [ -121.722787124719034, 37.66604893678663 ], [ -121.722517630334906, 37.666048936447062 ], [ -121.722517630042702, 37.665689610563213 ], [ -121.722787124049532, 37.665420115776598 ], [ -121.723056619760854, 37.665420115664368 ], [ -121.723415944689833, 37.665689610588991 ], [ -121.723415945673054, 37.666318430791236 ], [ -121.723685440546674, 37.666318431102908 ], [ -121.723954934613801, 37.666048936117683 ], [ -121.723954933773328, 37.665420115778389 ], [ -121.725571901661226, 37.66542011613263 ], [ -121.725661733902285, 37.666228599061277 ], [ -121.725482070892184, 37.666228599667321 ], [ -121.725482069530543, 37.666048936834365 ], [ -121.724853250367048, 37.666048936440319 ], [ -121.724853249540047, 37.666857420533965 ], [ -121.725122744964409, 37.667216746548149 ], [ -121.724853249815894, 37.667665904225167 ], [ -121.725482070968539, 37.668025229555425 ], [ -121.726021059835375, 37.668025229806069 ], [ -121.726290554156947, 37.668564218962935 ], [ -121.726380385652604, 37.669282871217142 ], [ -121.726290554716272, 37.669462534101825 ], [ -121.726021059618972, 37.669462534345662 ] ], [ [ -121.723954933122357, 37.667126914907207 ], [ -121.723954934021094, 37.666587925978781 ], [ -121.723685439270028, 37.66658792602432 ], [ -121.723685439232057, 37.667216746800605 ], [ -121.723954933122357, 37.667126914907207 ] ] ] } },
{ "type": "Feature", "properties": { "csb_id": "061825012335818", "acres": 6.0826384453381399, "geoid": "06001" }, "geometry": { "type": "Polygon", "coordinates": [ [ [ -121.715061613872322, 37.667126914922015 ], [ -121.714702286975722, 37.667126914426959 ], [ -121.714702287474154, 37.666498094286723 ], [ -121.714163297751384, 37.666498093801735 ], [ -121.714163297739162, 37.666318431070145 ], [ -121.715331107504142, 37.666318430629595 ], [ -121.71533110725089, 37.666048936112162 ], [ -121.715061613165986, 37.666048936817184 ], [ -121.71506161282035, 37.6654201160299 ], [ -121.715690434386005, 37.665420115258904 ], [ -121.715959928161865, 37.665599779230647 ], [ -121.715959927800057, 37.666228599939565 ], [ -121.716498917937628, 37.666318430893945 ], [ -121.716768412530215, 37.666498093991798 ], [ -121.716768412191442, 37.666767588811652 ], [ -121.716139591286989, 37.666947251647798 ], [ -121.715690434074517, 37.667486240864264 ], [ -121.715331107335018, 37.667486240885928 ], [ -121.715061613872322, 37.667126914922015 ] ] ] } },
{ "type": "Feature", "properties": { "csb_id": "061825012335819", "acres": 7.14680522793837, "geoid": "06001" }, "geometry": { "type": "Polygon", "coordinates": [ [ [ -121.697185138934572, 37.667396409095389 ], [ -121.696735981769137, 37.666587925468086 ], [ -121.696735981026094, 37.666048936117065 ], [ -121.697185139258124, 37.66542011592572 ], [ -121.697544465320036, 37.665420115521975 ], [ -121.697544465554216, 37.666048936600156 ], [ -121.6978139594856, 37.666587926046965 ], [ -121.698352948862393, 37.666587925890184 ], [ -121.6983529494225, 37.667126914972307 ], [ -121.698083454826516, 37.667126914441951 ], [ -121.698083454270957, 37.666857419718454 ], [ -121.697813959858067, 37.666857419690501 ], [ -121.697544465146677, 37.667396408878751 ], [ -121.698352948446782, 37.667396409294447 ], [ -121.698712275110253, 37.667665903617134 ], [ -121.698712274718517, 37.668294724766611 ], [ -121.697454633845211, 37.668294724826552 ], [ -121.697185138727534, 37.668115061270349 ], [ -121.697185138934572, 37.667396409095389 ] ] ] } },
{ "type": "Feature", "properties": { "csb_id": "061825012335820", "acres": 4.0811603267366001, "geoid": "06001" }, "geometry": { "type": "Polygon", "coordinates": [ [ [ -121.684968051279569, 37.665420115541281 ], [ -121.686225692772865, 37.665420116041695 ], [ -121.686764682455603, 37.66568961052868 ], [ -121.686764681438518, 37.666318431510767 ], [ -121.685866366051087, 37.666318431194377 ], [ -121.685866366032258, 37.666587925736039 ], [ -121.685327377042299, 37.666587925225855 ], [ -121.685327377918711, 37.666318430922423 ], [ -121.684968050596837, 37.666318430753442 ], [ -121.684968051279569, 37.665420115541281 ] ] ] } },
{ "type": "Feature", "properties": { "csb_id": "061825012335822", "acres": 8.9336373353909906, "geoid": "06001" }, "geometry": { "type": "Polygon", "coordinates": [ [ [ -121.748928099283759, 37.666587925917781 ], [ -121.746233154176394, 37.666498094196783 ], [ -121.746233153199029, 37.665330284057767 ], [ -121.748928099591907, 37.665330283873267 ], [ -121.748928099893476, 37.665599778947829 ], [ -121.749197594287693, 37.665599778881052 ], [ -121.749287425718535, 37.66676758862674 ], [ -121.748928099178471, 37.666767588386413 ], [ -121.748928099283759, 37.666587925917781 ] ] ] } },
{ "type": "Feature", "properties": { "csb_id": "061825012335824", "acres": 11.6673545726011, "geoid": "06001" }, "geometry": { "type": "Polygon", "coordinates": [ [ [ -121.707875090996367, 37.667396409527953 ], [ -121.705539471650923, 37.667396409162158 ], [ -121.705808965761022, 37.667126914848417 ], [ -121.706707281290008, 37.667126914729309 ], [ -121.706976775806808, 37.66685742030122 ], [ -121.707066607138316, 37.66631843139178 ], [ -121.70670728107909, 37.66595910513724 ], [ -121.706707281371195, 37.665330283788414 ], [ -121.709042900448381, 37.66533028386656 ], [ -121.709042901296542, 37.666318431229612 ], [ -121.708773406102324, 37.666318431023704 ], [ -121.708773406394755, 37.666587925912282 ], [ -121.7094022269672, 37.666767588681154 ], [ -121.709402226690415, 37.66712691472366 ], [ -121.707875090996367, 37.667396409527953 ] ] ] } },
{ "type": "Feature", "properties": { "csb_id": "061825012335827", "acres": 22.463611944127202, "geoid": "06001" }, "geometry": { "type": "Polygon", "coordinates": [ [ [ -121.730153309591302, 37.668564218988664 ], [ -121.728716005182093, 37.668564218906141 ], [ -121.728087184676923, 37.668294724555921 ], [ -121.72754819525899, 37.667396409684137 ], [ -121.726290554036083, 37.667396409682688 ], [ -121.726021060318203, 37.667665903960597 ], [ -121.726021059835375, 37.668025229806069 ], [ -121.725482070968539, 37.668025229555425 ], [ -121.724853249815894, 37.667665904225167 ], [ -121.725122744964409, 37.667216746548149 ], [ -121.7259014892484, 37.667078402214301 ], [ -121.725841397003052, 37.665420115499529 ], [ -121.7260210593045, 37.665240452498125 ], [ -121.72638038647375, 37.665240452776857 ], [ -121.727817690084549, 37.665599778722374 ], [ -121.727817689983482, 37.665959104704719 ], [ -121.728087184987501, 37.666228599589438 ], [ -121.728446511065954, 37.666228600606466 ], [ -121.728446511240634, 37.666498094337008 ], [ -121.729344826437455, 37.666767588798642 ], [ -121.729883814966996, 37.667126914754462 ], [ -121.729883815958587, 37.667396409378732 ], [ -121.730512636871552, 37.667396409994112 ], [ -121.73078213064278, 37.668294724861568 ], [ -121.730153309591302, 37.668564218988664 ] ], [ [ -121.726649880112092, 37.666587925470587 ], [ -121.726919374799806, 37.666587925366805 ], [ -121.726919374540387, 37.666228599535856 ], [ -121.726649880056854, 37.666228599878295 ], [ -121.726649880112092, 37.666587925470587 ], [ -121.726380385730394, 37.6665879258384 ], [ -121.726380385618668, 37.666857419832411 ], [ -121.726649880183871, 37.666857420563055 ], [ -121.726649880112092, 37.666587925470587 ] ], [ [ -121.726380385341784, 37.666048936076059 ], [ -121.726919374897193, 37.665959105022097 ], [ -121.726919375253999, 37.665689610490055 ], [ -121.726380385490756, 37.665689610673731 ], [ -121.726380385341784, 37.666048936076059 ] ] ] } },
{ "type": "Feature", "properties": { "csb_id": "061825012335828", "acres": 23.6666104211324, "geoid": "06001" }, "geometry": { "type": "Polygon", "coordinates": [ [ [ -121.702305536141949, 37.667755735892896 ], [ -121.702575031059666, 37.667755734921194 ], [ -121.702575031135567, 37.667486241202127 ], [ -121.702305536586536, 37.667486240454139 ], [ -121.702305536141949, 37.667755735892896 ], [ -121.701676715300565, 37.667755735397549 ], [ -121.70167671520565, 37.666318430585207 ], [ -121.701497052119223, 37.665689610066458 ], [ -121.701497052501779, 37.665420116063089 ], [ -121.701676715715948, 37.665240452436059 ], [ -121.703473345905152, 37.665240452336903 ], [ -121.703473346398638, 37.665420115890029 ], [ -121.703114019736162, 37.665420115382432 ], [ -121.703114019720829, 37.665689610577687 ], [ -121.702844525580971, 37.665689610493601 ], [ -121.7028445254182, 37.666048936214686 ], [ -121.703473345860004, 37.66604893690009 ], [ -121.703473346398638, 37.665420115890029 ], [ -121.705539471271749, 37.665330283755353 ], [ -121.705808965251805, 37.665959104678173 ], [ -121.705808965761022, 37.667126914848417 ], [ -121.704910650954616, 37.667665903929496 ], [ -121.704910650274869, 37.668025229898454 ], [ -121.704281829788286, 37.668025230233482 ], [ -121.704281829903351, 37.66766590411995 ], [ -121.704012335291551, 37.667486240398766 ], [ -121.703473346073281, 37.667486240984445 ], [ -121.703473345956311, 37.667755735418659 ], [ -121.703742840994281, 37.667755735542897 ], [ -121.703742840470966, 37.668115061171562 ], [ -121.702305535876661, 37.668115061810767 ], [ -121.702305536141949, 37.667755735892896 ] ], [ [ -121.702844525486043, 37.667755735311729 ], [ -121.703114019912448, 37.667755735106567 ], [ -121.703114020233585, 37.667486240910712 ], [ -121.702844525378794, 37.667486240494519 ], [ -121.702844525486043, 37.667755735311729 ] ], [ [ -121.704281830075857, 37.667126914888968 ], [ -121.704281830190894, 37.666767588694569 ], [ -121.704012334827013, 37.666767588757459 ], [ -121.704012335610756, 37.667126914475098 ], [ -121.704281830075857, 37.667126914888968 ] ] ] } },
{ "type": "Feature", "properties": { "csb_id": "061825012335833", "acres": 2.8314554720656, "geoid": "06001" }, "geometry": { "type": "Polygon", "coordinates": [ [ [ -121.749197594369406, 37.664431969243282 ], [ -121.749556920425462, 37.664431969119001 ], [ -121.749556920581483, 37.666048936505213 ], [ -121.74919759360597, 37.666048936056292 ], [ -121.74919759441498, 37.665330284427462 ], [ -121.748029784188986, 37.665330284059323 ], [ -121.748029783846818, 37.665060789682933 ], [ -121.748299278621886, 37.664701463923791 ], [ -121.748658605066041, 37.664701463868489 ], [ -121.748658604957498, 37.665060789588757 ], [ -121.749197594242162, 37.664701463757716 ], [ -121.749197594369406, 37.664431969243282 ] ] ] } },
{ "type": "Feature", "properties": { "csb_id": "061825012335836", "acres": 15.007003060295601, "geoid": "06001" }, "geometry": { "type": "Polygon", "coordinates": [ [ [ -121.737070337646742, 37.665060789997696 ], [ -121.73689067461703, 37.664701463211436 ], [ -121.736890674124496, 37.663803147878006 ], [ -121.73967545214559, 37.663803147999403 ], [ -121.739765283440391, 37.663533653726347 ], [ -121.740304272446153, 37.663892979459433 ], [ -121.740933093449641, 37.66389298005474 ], [ -121.741202587960444, 37.664162475260589 ], [ -121.742370397548839, 37.664162474218109 ], [ -121.742370397583443, 37.664431968894782 ], [ -121.742100903826994, 37.664791295708667 ], [ -121.741831408145742, 37.664791294891586 ], [ -121.7418314090378, 37.665060790767583 ], [ -121.737070337646742, 37.665060789997696 ] ] ] } },
{ "type": "Feature", "properties": { "csb_id": "061825012335839", "acres": 4.25700725448604, "geoid": "06001" }, "geometry": { "type": "Polygon", "coordinates": [ [ [ -121.748029784151129, 37.664431969161647 ], [ -121.747760289900029, 37.664431968461493 ], [ -121.747760289183418, 37.663803148557157 ], [ -121.748299278404943, 37.663533653449079 ], [ -121.749556920740417, 37.663533653636392 ], [ -121.749556920348411, 37.664162474347492 ], [ -121.749197594190292, 37.664162473850851 ], [ -121.749197594242162, 37.664701463757716 ], [ -121.748029784493284, 37.664701463580585 ], [ -121.748029784151129, 37.664431969161647 ] ] ] } },
{ "type": "Feature", "properties": { "csb_id": "061825012335840", "acres": 13.698370948875899, "geoid": "06001" }, "geometry": { "type": "Polygon", "coordinates": [ [ [ -121.745334838072878, 37.665420115468216 ], [ -121.744526354057939, 37.665150621257908 ], [ -121.744526355204698, 37.665959105270183 ], [ -121.745065343483347, 37.665959105233526 ], [ -121.745065343982631, 37.666498093846911 ], [ -121.744526354294649, 37.666498094265691 ], [ -121.7441670291078, 37.666228600690438 ], [ -121.743897534663589, 37.665689611492951 ], [ -121.743268712870957, 37.665689610095427 ], [ -121.742100903677866, 37.665060789244208 ], [ -121.742100903826994, 37.664791295708667 ], [ -121.742370397583443, 37.664431968894782 ], [ -121.744167028540843, 37.664431970188126 ], [ -121.744167028984322, 37.664701464320892 ], [ -121.744795849128977, 37.66470146332933 ], [ -121.744795849487446, 37.664162474711517 ], [ -121.745065343691692, 37.663803149572928 ], [ -121.745155174875663, 37.662904832619162 ], [ -121.745155175868476, 37.665240453310354 ], [ -121.745334838559842, 37.66524045289092 ], [ -121.745334838331473, 37.664431969401775 ], [ -121.745963658945286, 37.664431970123296 ], [ -121.746233153497442, 37.664701464104184 ], [ -121.746233153878237, 37.665060790875316 ], [ -121.747131469138324, 37.665060789362279 ], [ -121.747131468724717, 37.665330284120785 ], [ -121.746233153199029, 37.665330284057767 ], [ -121.746233153521104, 37.666587926246066 ], [ -121.745963659085632, 37.666587926397824 ], [ -121.745424669650305, 37.666228600095494 ], [ -121.745334838072878, 37.665420115468216 ] ], [ [ -121.744167028620666, 37.665150621406937 ], [ -121.744167028825871, 37.664791294834679 ], [ -121.743897534125125, 37.664791294669165 ], [ -121.743897534021926, 37.665150621862367 ], [ -121.744167028620666, 37.665150621406937 ] ] ] } },
{ "type": "Feature", "properties": { "csb_id": "061825012335842", "acres": 3.0365296718779602, "geoid": "06001" }, "geometry": { "type": "Polygon", "coordinates": [ [ [ -121.693052888797268, 37.665150621184772 ], [ -121.692424068039429, 37.665150621236812 ], [ -121.692154573083116, 37.66479129466704 ], [ -121.692154573018357, 37.664521800635903 ], [ -121.692783393953789, 37.664521800782623 ], [ -121.692783393878386, 37.663892979827487 ], [ -121.692424068167767, 37.66389297975757 ], [ -121.692424067977896, 37.663353990218845 ], [ -121.693322383712214, 37.663353990846979 ], [ -121.693052888797268, 37.665150621184772 ] ] ] } },
{ "type": "Feature", "properties": { "csb_id": "061825012335845", "acres": 8.37394037866963, "geoid": "06001" }, "geometry": { "type": "Polygon", "coordinates": [ [ [ -121.835795187275167, 37.664252305405107 ], [ -121.835256197835136, 37.664252305763533 ], [ -121.831932431546932, 37.662994664806867 ], [ -121.831932431434041, 37.662365844244349 ], [ -121.832471420794789, 37.662365843576332 ], [ -121.832471420624614, 37.662635338191905 ], [ -121.833369736662206, 37.662635338263875 ], [ -121.833459567372145, 37.662365843389992 ], [ -121.834268051282407, 37.662455675436611 ], [ -121.834268051543489, 37.662635338450656 ], [ -121.833998556551336, 37.662635338278207 ], [ -121.833998556868949, 37.662994664042401 ], [ -121.834357883183472, 37.66335399046352 ], [ -121.835795187731804, 37.663353990843731 ], [ -121.836064681701217, 37.663623485186257 ], [ -121.836064681552301, 37.663892979773287 ], [ -121.835795187275167, 37.664252305405107 ] ] ] } },
{ "type": "Feature", "properties": { "csb_id": "061825012335846", "acres": 5.7313450333004701, "geoid": "06001" }, "geometry": { "type": "Polygon", "coordinates": [ [ [ -121.728446510823971, 37.664970957893814 ], [ -121.728446511227517, 37.664521800109007 ], [ -121.728716005750286, 37.664521799998624 ], [ -121.728716005056981, 37.66389297990316 ], [ -121.727548195954796, 37.66389297965879 ], [ -121.727548195373615, 37.664162473929963 ], [ -121.727817690488891, 37.664162474468675 ], [ -121.727817689785169, 37.664431968960166 ], [ -121.72727870146376, 37.664521799911228 ], [ -121.727278701175649, 37.663623484712097 ], [ -121.727548195708337, 37.663353990440513 ], [ -121.729614321347299, 37.663353990364214 ], [ -121.729614321355797, 37.66452180015159 ], [ -121.729344826354705, 37.664791295090417 ], [ -121.728716006108513, 37.664791294943015 ], [ -121.728716005877715, 37.664970958022096 ], [ -121.728446510823971, 37.664970957893814 ] ] ] } },
{ "type": "Feature", "properties": { "csb_id": "061825012335850", "acres": 8.2406592974366806, "geoid": "06001" }, "geometry": { "type": "Polygon", "coordinates": [ [ [ -121.702844524462023, 37.664881126666344 ], [ -121.701317388791168, 37.664881126423104 ], [ -121.701676715123369, 37.664162474233372 ], [ -121.701317389471896, 37.664162474159085 ], [ -121.701317390117993, 37.663803148838198 ], [ -121.701047894628516, 37.663803148408725 ], [ -121.701047895236144, 37.663533653656074 ], [ -121.700778400235535, 37.663533654588846 ], [ -121.700778399754824, 37.662904832789792 ], [ -121.70257502924774, 37.662904832913675 ], [ -121.702575030426445, 37.662635338627801 ], [ -121.702844525096992, 37.662635338643454 ], [ -121.702844524462023, 37.664881126666344 ] ] ] } },
{ "type": "Feature", "properties": { "csb_id": "061825012335851", "acres": 10.0177039841631, "geoid": "06001" }, "geometry": { "type": "Polygon", "coordinates": [ [ [ -121.701317389114223, 37.664701463799148 ], [ -121.699880084550287, 37.664881126762367 ], [ -121.699520759416203, 37.664701463543913 ], [ -121.699520758349877, 37.664431968562681 ], [ -121.698981769773951, 37.664431968766522 ], [ -121.698981769565265, 37.664162474005437 ], [ -121.699251264527291, 37.664162473843867 ], [ -121.699251264570321, 37.663533653906562 ], [ -121.698981769384062, 37.663533653684951 ], [ -121.698981769202859, 37.662904833264967 ], [ -121.699880084358739, 37.662904832659848 ], [ -121.700149579538632, 37.662635338278179 ], [ -121.700149579799415, 37.662365843301536 ], [ -121.699251264441216, 37.662365843645254 ], [ -121.699251264264575, 37.662006517727605 ], [ -121.700419074146424, 37.662006517654163 ], [ -121.700419074580353, 37.662635338020614 ], [ -121.701047894853346, 37.662725169765231 ], [ -121.701047895591145, 37.662904833959779 ], [ -121.700778399754824, 37.662904832789792 ], [ -121.700778400235535, 37.663533654588846 ], [ -121.701047895236144, 37.663533653656074 ], [ -121.701047894948147, 37.664521800882383 ], [ -121.701317389114223, 37.664701463799148 ] ] ] } },
{ "type": "Feature", "properties": { "csb_id": "061825012335852", "acres": 7.9184495722866597, "geoid": "06001" }, "geometry": { "type": "Polygon", "coordinates": [ [ [ -121.685956198460914, 37.665060789342974 ], [ -121.685327377671257, 37.664611631410104 ], [ -121.685327376932023, 37.66290483312337 ], [ -121.685866366347867, 37.662635338522172 ], [ -121.686764682046075, 37.662635338384064 ], [ -121.686764682369756, 37.665060789685583 ], [ -121.685956198460914, 37.665060789342974 ] ] ] } },
{ "type": "Feature", "properties": { "csb_id": "061825012335853", "acres": 6.6981623639021297, "geoid": "06001" }, "geometry": { "type": "Polygon", "coordinates": [ [ [ -121.685327377267356, 37.664252305520833 ], [ -121.683530747231913, 37.663892979358671 ], [ -121.683530746755721, 37.662635338743065 ], [ -121.685866366347867, 37.662635338522172 ], [ -121.685327376932023, 37.66290483312337 ], [ -121.685327377267356, 37.664252305520833 ] ] ] } },
{ "type": "Feature", "properties": { "csb_id": "061825012335855", "acres": 24.458538377080998, "geoid": "06001" }, "geometry": { "type": "Polygon", "coordinates": [ [ [ -121.745334838331473, 37.664431969401775 ], [ -121.745334838749116, 37.662006517708583 ], [ -121.748658604562991, 37.662006517901403 ], [ -121.748658605241687, 37.661737022583182 ], [ -121.749197594539012, 37.661737023332122 ], [ -121.749556920344631, 37.66200651723652 ], [ -121.749556920740417, 37.663533653636392 ], [ -121.748299278404943, 37.663533653449079 ], [ -121.747760289183418, 37.663803148557157 ], [ -121.747760289900029, 37.664431968461493 ], [ -121.748029784151129, 37.664431969161647 ], [ -121.748029783846818, 37.665060789682933 ], [ -121.746233153878237, 37.665060790875316 ], [ -121.746233153497442, 37.664701464104184 ], [ -121.745963658945286, 37.664431970123296 ], [ -121.745334838331473, 37.664431969401775 ] ] ] } },
{ "type": "Feature", "properties": { "csb_id": "061825012335856", "acres": 6.0180845484478098, "geoid": "06001" }, "geometry": { "type": "Polygon", "coordinates": [ [ [ -121.736890674124496, 37.663803147878006 ], [ -121.73680084239858, 37.662635338862948 ], [ -121.737339831189971, 37.662635338934216 ], [ -121.737339832790155, 37.662365844038959 ], [ -121.737609326511802, 37.662365844040615 ], [ -121.737609326994601, 37.662635338697136 ], [ -121.7379686516433, 37.662904832840304 ], [ -121.73940595790701, 37.66326415933473 ], [ -121.739675452479119, 37.663533653470509 ], [ -121.73967545214559, 37.663803147999403 ], [ -121.736890674124496, 37.663803147878006 ] ] ] } },
{ "type": "Feature", "properties": { "csb_id": "061825012335857", "acres": 23.474096988463302, "geoid": "06001" }, "geometry": { "type": "Polygon", "coordinates": [ [ [ -121.735543201385283, 37.665060790073213 ], [ -121.735543202291623, 37.66479129505516 ], [ -121.735273707404673, 37.664791295310252 ], [ -121.735273707723607, 37.665060789850948 ], [ -121.733207582111376, 37.66506078943052 ], [ -121.733027918884076, 37.664701463826496 ], [ -121.733027919505048, 37.664431968974 ], [ -121.733207582319892, 37.664252305751063 ], [ -121.733207581784086, 37.662186180379365 ], [ -121.736441516778925, 37.662276012312866 ], [ -121.736621179704457, 37.662455675605074 ], [ -121.73671101169974, 37.664701463555211 ], [ -121.73644151738867, 37.66506078939311 ], [ -121.735543201385283, 37.665060790073213 ] ] ] } },
{ "type": "Feature", "properties": { "csb_id": "061825012335858", "acres": 4.2863443133922603, "geoid": "06001" }, "geometry": { "type": "Polygon", "coordinates": [ [ [ -121.722787124119407, 37.664162474079717 ], [ -121.722787125164714, 37.66353365425249 ], [ -121.723326114013048, 37.663533654724226 ], [ -121.723326114697045, 37.663264160932911 ], [ -121.72278712499164, 37.663264159218755 ], [ -121.722787124628198, 37.662635338628149 ], [ -121.723056620206066, 37.662365844713172 ], [ -121.723954934152118, 37.662455675022414 ], [ -121.723954934968219, 37.662994665991611 ], [ -121.723685440385125, 37.663623484608301 ], [ -121.723685439863715, 37.664431969149412 ], [ -121.723326113549774, 37.664431968997597 ], [ -121.723326113927783, 37.664162474407391 ], [ -121.722787124119407, 37.664162474079717 ] ] ] } },
{ "type": "Feature", "properties": { "csb_id": "061825012335862", "acres": 12.9858538751445, "geoid": "06001" }, "geometry": { "type": "Polygon", "coordinates": [ [ [ -121.723685439689902, 37.664701463959929 ], [ -121.717756558656745, 37.66479129468015 ], [ -121.717756559321572, 37.664521800730547 ], [ -121.71802605329232, 37.664252306262334 ], [ -121.718295548006935, 37.664252305787315 ], [ -121.718295548823477, 37.663623485010184 ], [ -121.718026053373976, 37.662994664081609 ], [ -121.717756558822614, 37.662994664914862 ], [ -121.717756559540447, 37.662455675034145 ], [ -121.718026053224747, 37.662186180714116 ], [ -121.718924369270653, 37.662186180274837 ], [ -121.718924369430923, 37.662904832603488 ], [ -121.719822684509481, 37.663353990875052 ], [ -121.719822684021125, 37.663803148611393 ], [ -121.719463357505973, 37.66380314796168 ], [ -121.719463358545866, 37.664162474353766 ], [ -121.720092178801011, 37.664162473851334 ], [ -121.720092178410965, 37.664701463400853 ], [ -121.721259989007876, 37.664701463432635 ], [ -121.721888809760515, 37.664431968592446 ], [ -121.721888809792418, 37.66380314789852 ], [ -121.722427799071156, 37.663803148043534 ], [ -121.722427798927697, 37.664162474097722 ], [ -121.723326113927783, 37.664162474407391 ], [ -121.723326113549774, 37.664431968997597 ], [ -121.723685439863715, 37.664431969149412 ], [ -121.723685439689902, 37.664701463959929 ] ] ] } },
{ "type": "Feature", "properties": { "csb_id": "061825012335863", "acres": 11.609341696245901, "geoid": "06001" }, "geometry": { "type": "Polygon", "coordinates": [ [ [ -121.697813959455686, 37.664701463919329 ], [ -121.697813959880378, 37.664431969031753 ], [ -121.698083454905486, 37.664431968872577 ], [ -121.698083454349955, 37.664162473966705 ], [ -121.697454633910979, 37.664162473936202 ], [ -121.697454633282149, 37.664431968603708 ], [ -121.696915644454748, 37.664431968985085 ], [ -121.69691564447831, 37.662006517646603 ], [ -121.697185138907543, 37.661737023211323 ], [ -121.698083454493059, 37.661737023434931 ], [ -121.698083454790563, 37.661198033860479 ], [ -121.697813959582547, 37.661198033823595 ], [ -121.697813959147879, 37.660838707510479 ], [ -121.698981769622989, 37.660838707842167 ], [ -121.698981769595491, 37.661198033627343 ], [ -121.698712275541482, 37.661737023048296 ], [ -121.698712274538337, 37.662365843414953 ], [ -121.698352949017405, 37.662365843864158 ], [ -121.698352949260652, 37.664701463481876 ], [ -121.697813959455686, 37.664701463919329 ] ], [ [ -121.698083454314386, 37.6632641592497 ], [ -121.697813959922669, 37.663264159264074 ], [ -121.697813959192231, 37.66353365337104 ], [ -121.698083454564198, 37.663533653356659 ], [ -121.698083454314386, 37.6632641592497 ] ] ] } },
{ "type": "Feature", "properties": { "csb_id": "061825012335866", "acres": 22.369164405358401, "geoid": "06001" }, "geometry": { "type": "Polygon", "coordinates": [ [ [ -121.740843261579457, 37.662365843484906 ], [ -121.740933093160294, 37.662635337965597 ], [ -121.741202588412449, 37.662635338237834 ], [ -121.741202587908418, 37.662365843534495 ], [ -121.7409330936365, 37.662365843262265 ], [ -121.740933092851265, 37.662186180355349 ], [ -121.741202588141306, 37.661737023109893 ], [ -121.742370397368646, 37.661647191200139 ], [ -121.742100903843706, 37.661737022994231 ], [ -121.742100902898102, 37.662006517835508 ], [ -121.742370397884457, 37.66200651786621 ], [ -121.742370397849825, 37.661737023024919 ], [ -121.743538207924928, 37.661737022784344 ], [ -121.743538207490133, 37.662006517720883 ], [ -121.743897533729793, 37.662006517802304 ], [ -121.743897533960322, 37.661737022626994 ], [ -121.743538207436799, 37.661647191580506 ], [ -121.745065343421771, 37.6617370227046 ], [ -121.745155174875663, 37.662904832619162 ], [ -121.744795849180434, 37.662904833331886 ], [ -121.745065344391648, 37.663533654424249 ], [ -121.745065343691692, 37.663803149572928 ], [ -121.744795849487446, 37.664162474711517 ], [ -121.744795849128977, 37.66470146332933 ], [ -121.744167028984322, 37.664701464320892 ], [ -121.744167028540843, 37.664431970188126 ], [ -121.743628039241642, 37.6644319688791 ], [ -121.743538207810076, 37.664162473880175 ], [ -121.742999218388164, 37.664162473945758 ], [ -121.742729724449049, 37.663892979321396 ], [ -121.742729723599567, 37.663533653447033 ], [ -121.741202587580887, 37.663533653401089 ], [ -121.740933092993117, 37.663353990179573 ], [ -121.740843261579457, 37.662365843484906 ] ] ] } },
{ "type": "Feature", "properties": { "csb_id": "061825012335867", "acres": 26.235504683463901, "geoid": "06001" }, "geometry": { "type": "Polygon", "coordinates": [ [ [ -121.690088447797606, 37.665150620867649 ], [ -121.686764681778342, 37.665150620974217 ], [ -121.686764682265817, 37.662006517917511 ], [ -121.687932491012248, 37.662006517354023 ], [ -121.688830807029987, 37.6611980336844 ], [ -121.689190132666141, 37.661198034132113 ], [ -121.690088448791059, 37.661737023323248 ], [ -121.690088448217637, 37.66218618025669 ], [ -121.689459627308551, 37.662455675532584 ], [ -121.689459628112942, 37.663264158913393 ], [ -121.690088448822777, 37.663533653953067 ], [ -121.690088447797606, 37.665150620867649 ] ] ] } },
{ "type": "Feature", "properties": { "csb_id": "061825012335868", "acres": 4.3449848525638304, "geoid": "06001" }, "geometry": { "type": "Polygon", "coordinates": [ [ [ -121.66772039747336, 37.662635338730524 ], [ -121.666552587818501, 37.662635338132283 ], [ -121.666552587744363, 37.661737023242843 ], [ -121.668349218640515, 37.661737023302429 ], [ -121.66834921842073, 37.662904833244689 ], [ -121.667720397798135, 37.662904833083402 ], [ -121.66772039747336, 37.662635338730524 ] ] ] } },
{ "type": "Feature", "properties": { "csb_id": "061825012335869", "acres": 84.896962316120394, "geoid": "06001" }, "geometry": { "type": "Polygon", "coordinates": [ [ [ -121.671583153559737, 37.662006517669006 ], [ -121.67131365842323, 37.66200651764602 ], [ -121.671313658618672, 37.662365843921066 ], [ -121.671583153653785, 37.662365843322256 ], [ -121.671583153559737, 37.662006517669006 ], [ -121.671942479243214, 37.662006517950068 ], [ -121.672750963051342, 37.662725169869617 ], [ -121.672750963724269, 37.662904833144012 ], [ -121.672481469121266, 37.662904833030751 ], [ -121.672481468854727, 37.663264158695199 ], [ -121.672750963661755, 37.663264159046577 ], [ -121.672750963724269, 37.662904833144012 ], [ -121.673110289479879, 37.662994664097113 ], [ -121.672840794405687, 37.663533653296888 ], [ -121.672211974491674, 37.664162474062287 ], [ -121.672211973692413, 37.664701463427924 ], [ -121.67158315345705, 37.664791294976879 ], [ -121.671044164602705, 37.665150620993728 ], [ -121.671044164751123, 37.665330284304069 ], [ -121.670684838321421, 37.665330284536871 ], [ -121.670145849557201, 37.664791294995176 ], [ -121.669247533391228, 37.665060789432268 ], [ -121.662689831454458, 37.665060789345866 ], [ -121.662689832833522, 37.66470146366968 ], [ -121.662959327440333, 37.664701463695224 ], [ -121.662959326949348, 37.664252305753962 ], [ -121.662420337648115, 37.66362348491117 ], [ -121.662150842855638, 37.663623485505937 ], [ -121.662150843614867, 37.663353990711066 ], [ -121.661791517061303, 37.663353990894556 ], [ -121.661522022713839, 37.663623485277895 ], [ -121.661522021873338, 37.663892979578542 ], [ -121.661791517340731, 37.663892979514067 ], [ -121.661791516627574, 37.664252306031074 ], [ -121.661522022626926, 37.664521800499372 ], [ -121.661252527383525, 37.664521800351892 ], [ -121.661252527796009, 37.66425230547199 ], [ -121.660354213007793, 37.664252305739559 ], [ -121.660354212665382, 37.663892980028727 ], [ -121.659994886702194, 37.663623485007193 ], [ -121.659725391230211, 37.663623485015179 ], [ -121.659725391916012, 37.662365843342194 ], [ -121.659366065673751, 37.662365843823359 ], [ -121.65936606540636, 37.662006518033877 ], [ -121.659994885891763, 37.661737023116068 ], [ -121.666552587744363, 37.661737023242843 ], [ -121.666552587818501, 37.662635338132283 ], [ -121.66772039747336, 37.662635338730524 ], [ -121.667720397798135, 37.662904833083402 ], [ -121.66834921842073, 37.662904833244689 ], [ -121.668349218640515, 37.661737023302429 ], [ -121.671583153336513, 37.661737022977697 ], [ -121.671583153559737, 37.662006517669006 ] ], [ [ -121.665115283621645, 37.662994664171947 ], [ -121.664216968186338, 37.662994664859312 ], [ -121.663857641908521, 37.66335399079879 ], [ -121.663857642334904, 37.663623484826012 ], [ -121.664216967920751, 37.663623485523367 ], [ -121.664216968758126, 37.664252305849857 ], [ -121.663857641530953, 37.664252305774369 ], [ -121.663857642262656, 37.664521800600575 ], [ -121.664755957686552, 37.664701462935952 ], [ -121.664755956837112, 37.663892979736367 ], [ -121.665115283237611, 37.663892979743579 ], [ -121.665115283621645, 37.662994664171947 ] ] ] } },
{ "type": "Feature", "properties": { "csb_id": "061825012335870", "acres": 4.7155410003201901, "geoid": "06001" }, "geometry": { "type": "Polygon", "coordinates": [ [ [ -121.740304273017358, 37.663084497221888 ], [ -121.740304273144503, 37.662904832628037 ], [ -121.739765283619704, 37.662904832435167 ], [ -121.739405958022886, 37.662725169803323 ], [ -121.738866966855326, 37.662006518323679 ], [ -121.7388669687206, 37.661737023051828 ], [ -121.740034777696479, 37.661737023278 ], [ -121.740034777680592, 37.661557359721549 ], [ -121.740620876588494, 37.66165692897048 ], [ -121.740573767489607, 37.663264158550504 ], [ -121.740304273017358, 37.663084497221888 ] ] ] } },
{ "type": "Feature", "properties": { "csb_id": "061825012335875", "acres": 18.580762962932202, "geoid": "06001" }, "geometry": { "type": "Polygon", "coordinates": [ [ [ -121.721888809182346, 37.662365844022929 ], [ -121.722427798542284, 37.662365843740446 ], [ -121.722427798685786, 37.662006517523679 ], [ -121.721888809428208, 37.662006517423492 ], [ -121.721888809182346, 37.662365844022929 ], [ -121.721529482778763, 37.662365843539909 ], [ -121.721259988544901, 37.6620065173989 ], [ -121.721259989077012, 37.661467528392983 ], [ -121.721529483644886, 37.661467528794354 ], [ -121.721529483654692, 37.661737022995865 ], [ -121.722158303965557, 37.661737023111222 ], [ -121.722158303874139, 37.66146752843256 ], [ -121.723056619710405, 37.661467528108673 ], [ -121.723685439834426, 37.662006517229045 ], [ -121.723685439970282, 37.662365843778851 ], [ -121.723056620206066, 37.662365844713172 ], [ -121.722787124628198, 37.662635338628149 ], [ -121.72278712499164, 37.663264159218755 ], [ -121.723326114697045, 37.663264160932911 ], [ -121.723326114013048, 37.663533654724226 ], [ -121.722787125164714, 37.66353365425249 ], [ -121.722787124119407, 37.664162474079717 ], [ -121.722427798927697, 37.664162474097722 ], [ -121.722427799071156, 37.663803148043534 ], [ -121.721888809792418, 37.66380314789852 ], [ -121.721888809760515, 37.664431968592446 ], [ -121.721259989007876, 37.664701463432635 ], [ -121.720092178410965, 37.664701463400853 ], [ -121.720092178801011, 37.664162473851334 ], [ -121.719463358545866, 37.664162474353766 ], [ -121.719463357505973, 37.66380314796168 ], [ -121.719822684021125, 37.663803148611393 ], [ -121.719822684093586, 37.663533654023368 ], [ -121.720092178826803, 37.663533653636641 ], [ -121.720092179021833, 37.663264158791804 ], [ -121.719822684310969, 37.662725170149677 ], [ -121.719822683768996, 37.662006517838314 ], [ -121.719193863780973, 37.661826854349137 ], [ -121.71919386325122, 37.661467528843886 ], [ -121.719822683986365, 37.661198033653363 ], [ -121.720361673736932, 37.66119803410308 ], [ -121.720990493731307, 37.662006517882659 ], [ -121.720990493539958, 37.662365843527816 ], [ -121.720720999930933, 37.662365843798419 ], [ -121.720720999092237, 37.662904832826364 ], [ -121.721259988782819, 37.663533653529271 ], [ -121.722158303635979, 37.663533653420018 ], [ -121.722158303892172, 37.662904832966568 ], [ -121.721888809396305, 37.662635338401913 ], [ -121.721888809182346, 37.662365844022929 ] ], [ [ -121.720990493807221, 37.66416247470481 ], [ -121.721259988131223, 37.66416247417137 ], [ -121.721259989221153, 37.66380314821172 ], [ -121.720990493692554, 37.663803148362469 ], [ -121.720990493807221, 37.66416247470481 ] ] ] } },
{ "type": "Feature", "properties": { "csb_id": "061825012335880", "acres": 3.1049865021273, "geoid": "06001" }, "geometry": { "type": "Polygon", "coordinates": [ [ [ -121.752790855139992, 37.660838707714092 ], [ -121.753060349431351, 37.660838707417398 ], [ -121.753060349596396, 37.661198034347287 ], [ -121.753689170698891, 37.661198033614575 ], [ -121.75368917024592, 37.661467528253382 ], [ -121.753060350164262, 37.661467528269561 ], [ -121.753060349935765, 37.661737023272067 ], [ -121.753419676314365, 37.662006517968763 ], [ -121.753419676338538, 37.661737022745797 ], [ -121.753689170895598, 37.661737022635045 ], [ -121.753689170442655, 37.662006517237188 ], [ -121.754587485551809, 37.66200651761168 ], [ -121.754587485894262, 37.662365844149463 ], [ -121.752790855406232, 37.662186180464381 ], [ -121.752790855685049, 37.661737022852208 ], [ -121.752521360637985, 37.661737022935078 ], [ -121.75252136060513, 37.661198033867166 ], [ -121.752790855139992, 37.660838707714092 ] ] ] } },
{ "type": "Feature", "properties": { "csb_id": "061825012335881", "acres": 4.9710700891273403, "geoid": "06001" }, "geometry": { "type": "Polygon", "coordinates": [ [ [ -121.737609326563629, 37.661198034112367 ], [ -121.737070338181454, 37.661198033703414 ], [ -121.737070336316791, 37.659940392330086 ], [ -121.736591002701758, 37.660060401468343 ], [ -121.736172022237568, 37.659940392145664 ], [ -121.736172022599689, 37.65940140349732 ], [ -121.737968652880014, 37.659401403217224 ], [ -121.737968653329887, 37.660659044664783 ], [ -121.737609326563629, 37.661198034112367 ] ] ] } },
{ "type": "Feature", "properties": { "csb_id": "061825012335882", "acres": 10.8577114142992, "geoid": "06001" }, "geometry": { "type": "Polygon", "coordinates": [ [ [ -121.756114621213939, 37.66200651732089 ], [ -121.75521630604274, 37.662006518027859 ], [ -121.75494681216135, 37.662365843515438 ], [ -121.754587485894262, 37.662365844149463 ], [ -121.754587485551809, 37.66200651761168 ], [ -121.753689170442655, 37.662006517237188 ], [ -121.753689170895598, 37.661737022635045 ], [ -121.753060349935765, 37.661737023272067 ], [ -121.753060350164262, 37.661467528269561 ], [ -121.75368917024592, 37.661467528253382 ], [ -121.753689170698891, 37.661198033614575 ], [ -121.753060349596396, 37.661198034347287 ], [ -121.753150180812085, 37.66003022373927 ], [ -121.753958665033608, 37.660030223883879 ], [ -121.753958665560816, 37.660299718602218 ], [ -121.753419676059281, 37.660299718990103 ], [ -121.753419675728779, 37.660569213451211 ], [ -121.755485801284976, 37.660569212721008 ], [ -121.755485801222733, 37.661198033616905 ], [ -121.756114621101048, 37.661198033601458 ], [ -121.756114621063418, 37.660928538991669 ], [ -121.756384116233463, 37.66092853956112 ], [ -121.756384115796749, 37.662186180805598 ], [ -121.756114622178416, 37.662186180761154 ], [ -121.756114621213939, 37.66200651732089 ] ] ] } },
{ "type": "Feature", "properties": { "csb_id": "061825012335883", "acres": 4.3158060322373997, "geoid": "06001" }, "geometry": { "type": "Polygon", "coordinates": [ [ [ -121.698981769622989, 37.660838707842167 ], [ -121.697813959147879, 37.660838707510479 ], [ -121.69781395987826, 37.660569213220406 ], [ -121.696915644911613, 37.660569213010831 ], [ -121.696915644499967, 37.659940392256466 ], [ -121.697454633978666, 37.659940392080294 ], [ -121.697454633810352, 37.659670898205739 ], [ -121.697813959495861, 37.65967089754453 ], [ -121.698083454172107, 37.659670898347692 ], [ -121.698083454421919, 37.659940392699006 ], [ -121.698981769538818, 37.659940392806583 ], [ -121.698981769622989, 37.660838707842167 ] ] ] } },
{ "type": "Feature", "properties": { "csb_id": "061825012335885", "acres": 11.502143799634799, "geoid": "06001" }, "geometry": { "type": "Polygon", "coordinates": [ [ [ -121.752162034082929, 37.662365843767439 ], [ -121.75045523554185, 37.662365843461572 ], [ -121.750095909213286, 37.662006517308761 ], [ -121.750185740566465, 37.66092853953495 ], [ -121.750724730366215, 37.660569213167975 ], [ -121.7507247296559, 37.66029971827728 ], [ -121.749826415148263, 37.660299719716036 ], [ -121.749826415412997, 37.659940393230315 ], [ -121.751353551185076, 37.659940392409254 ], [ -121.751353551097779, 37.660299718608528 ], [ -121.750994224069458, 37.660299718393475 ], [ -121.750994224657333, 37.660569213522976 ], [ -121.751892539982165, 37.660569213268595 ], [ -121.752162035004432, 37.660838707967791 ], [ -121.752790855139992, 37.660838707714092 ], [ -121.75252136060513, 37.661198033867166 ], [ -121.752521360637985, 37.661737022935078 ], [ -121.752790855685049, 37.661737022852208 ], [ -121.752790855406232, 37.662186180464381 ], [ -121.752162034082929, 37.662365843767439 ] ], [ [ -121.752162033933118, 37.66146752848546 ], [ -121.751892540172619, 37.661467528037718 ], [ -121.751892540413522, 37.661737022944578 ], [ -121.752162034847927, 37.661737022532598 ], [ -121.752162033933118, 37.66146752848546 ] ] ] } },
{ "type": "Feature", "properties": { "csb_id": "061825012335886", "acres": 3.39795989310714, "geoid": "06001" }, "geometry": { "type": "Polygon", "coordinates": [ [ [ -121.740933093182761, 37.66029971840959 ], [ -121.741202588271022, 37.660299718730144 ], [ -121.741202587870148, 37.660838707778446 ], [ -121.741831408068492, 37.660838707561965 ], [ -121.741831408891599, 37.660569212880027 ], [ -121.742370397842649, 37.660569213346776 ], [ -121.742370397571051, 37.66083870740772 ], [ -121.742729724150962, 37.660838707779824 ], [ -121.742729723897725, 37.66119803413703 ], [ -121.743538207998057, 37.661198033954733 ], [ -121.743538207871595, 37.661377696619496 ], [ -121.740933093483363, 37.661377697197352 ], [ -121.740933093182761, 37.66029971840959 ] ] ] } },
{ "type": "Feature", "properties": { "csb_id": "061825012335887", "acres": 3.3198347504249401, "geoid": "06001" }, "geometry": { "type": "Polygon", "coordinates": [ [ [ -121.74272972453889, 37.6599403927233 ], [ -121.743538207964548, 37.659940392493851 ], [ -121.743538208017867, 37.660299718789133 ], [ -121.743897534311486, 37.660299718918694 ], [ -121.743897533774728, 37.660569213332067 ], [ -121.743538207944724, 37.660838707740957 ], [ -121.744167028815895, 37.660838707367844 ], [ -121.74416702830446, 37.66119803343819 ], [ -121.743538207871595, 37.661377696619496 ], [ -121.743538207998057, 37.661198033954733 ], [ -121.742729723897725, 37.66119803413703 ], [ -121.74272972453889, 37.6599403927233 ] ], [ [ -121.742999219000026, 37.660569212884937 ], [ -121.742999218810212, 37.660838707423387 ], [ -121.743268712673029, 37.660838707569646 ], [ -121.743268712985355, 37.660569212792431 ], [ -121.742999219000026, 37.660569212884937 ] ] ] } },
{ "type": "Feature", "properties": { "csb_id": "061825012335888", "acres": 8.7877905314424503, "geoid": "06001" }, "geometry": { "type": "Polygon", "coordinates": [ [ [ -121.725751565435331, 37.66128786505891 ], [ -121.726290553857339, 37.659940392228087 ], [ -121.726290554734248, 37.659401403282857 ], [ -121.726649879933646, 37.65904207729325 ], [ -121.726290554216149, 37.659042077517164 ], [ -121.726649880167898, 37.658772582530013 ], [ -121.726919375037596, 37.658772582717965 ], [ -121.72691937538012, 37.65967089806206 ], [ -121.728446510536529, 37.659670897961924 ], [ -121.728446509608474, 37.659940392376164 ], [ -121.727548195974563, 37.660030224213621 ], [ -121.72754819539341, 37.660299718747275 ], [ -121.728446511148107, 37.660299718249632 ], [ -121.728446510526098, 37.66056921348077 ], [ -121.728087184970789, 37.66083870752891 ], [ -121.727817689999284, 37.660838707392934 ], [ -121.72727870094154, 37.660030224461572 ], [ -121.726919375333509, 37.660030223626663 ], [ -121.726649880967784, 37.660389550356903 ], [ -121.726649880733518, 37.660659045010007 ], [ -121.726919375236164, 37.660659044910076 ], [ -121.726919375221939, 37.661826854638115 ], [ -121.727548195550895, 37.661826854888012 ], [ -121.72817701592794, 37.66218618041411 ], [ -121.728177016531234, 37.662455675039766 ], [ -121.727278701346236, 37.662455675179814 ], [ -121.726649880141196, 37.662186180872112 ], [ -121.726649880320224, 37.661557360308336 ], [ -121.725751565435331, 37.66128786505891 ] ] ] } },
{ "type": "Feature", "properties": { "csb_id": "061825012335889", "acres": 12.742293592946799, "geoid": "06001" }, "geometry": { "type": "Polygon", "coordinates": [ [ [ -121.687932491012248, 37.662006517354023 ], [ -121.686764682265817, 37.662006517917511 ], [ -121.68676468130883, 37.662365843957957 ], [ -121.68649518709816, 37.661737022793872 ], [ -121.686764681528558, 37.661737023448651 ], [ -121.686764681894175, 37.661467528723236 ], [ -121.686495187341123, 37.661467528306702 ], [ -121.686495186777918, 37.659940392643541 ], [ -121.686764682041797, 37.65949123529176 ], [ -121.687034176899644, 37.659401403985875 ], [ -121.687393502220687, 37.659401403286395 ], [ -121.687393503039331, 37.659670898390672 ], [ -121.688830806906594, 37.659670897607398 ], [ -121.688830806456394, 37.660299718579061 ], [ -121.689459628206308, 37.660299718695924 ], [ -121.689459627905478, 37.660838707800124 ], [ -121.68972912231051, 37.660838707681414 ], [ -121.689729122681641, 37.661198033868978 ], [ -121.688830807029987, 37.6611980336844 ], [ -121.687932491012248, 37.662006517354023 ] ], [ [ -121.687662997127816, 37.661198033820568 ], [ -121.687662997342485, 37.660838707819373 ], [ -121.68676468137663, 37.660569213523225 ], [ -121.686764682565368, 37.661198034839437 ], [ -121.687662997127816, 37.661198033820568 ], [ -121.68766299782385, 37.66146752904082 ], [ -121.687932491885178, 37.661467528833377 ], [ -121.687932491617403, 37.661198034234765 ], [ -121.687662997127816, 37.661198033820568 ] ], [ [ -121.687393502507419, 37.66038955095577 ], [ -121.687124008111169, 37.660299719528076 ], [ -121.687124007649857, 37.66038955006465 ], [ -121.687393502507419, 37.66038955095577 ] ] ] } },
{ "type": "Feature", "properties": { "csb_id": "061825012335890", "acres": 3.3229616548939398, "geoid": "06001" }, "geometry": { "type": "Polygon", "coordinates": [ [ [ -121.733746571553723, 37.660299718520051 ], [ -121.733746571510039, 37.659940392316315 ], [ -121.73347707662343, 37.659940392418015 ], [ -121.733477077019515, 37.659670897863094 ], [ -121.734614708918073, 37.659970570092185 ], [ -121.734375391908515, 37.660030223552468 ], [ -121.734375391693561, 37.660389550464053 ], [ -121.735004212189509, 37.660389550316694 ], [ -121.735004213072386, 37.660928539500198 ], [ -121.735273707179047, 37.66128786562129 ], [ -121.735273707191851, 37.661557359540005 ], [ -121.734375391455018, 37.661557359824045 ], [ -121.734375392053266, 37.660659044587582 ], [ -121.734105896766437, 37.660389549759202 ], [ -121.733746571553723, 37.660299718520051 ] ] ] } },
{ "type": "Feature", "properties": { "csb_id": "061825012335891", "acres": 11.0531114304368, "geoid": "06001" }, "geometry": { "type": "Polygon", "coordinates": [ [ [ -121.66861871269073, 37.661377697091332 ], [ -121.664486463188368, 37.661287865535662 ], [ -121.664486462557036, 37.659760729625205 ], [ -121.665115283714243, 37.659760729485434 ], [ -121.665115283997821, 37.660030223849155 ], [ -121.665654272910658, 37.660030223826944 ], [ -121.665923766883239, 37.659940392576424 ], [ -121.665923766967836, 37.659670897492397 ], [ -121.666552587904732, 37.659670898152861 ], [ -121.666552588287502, 37.660299718853409 ], [ -121.6671814085542, 37.660299719417942 ], [ -121.667181409429759, 37.660569214313441 ], [ -121.666552587673522, 37.660569212650877 ], [ -121.666552588489964, 37.660389551267805 ], [ -121.666283093159663, 37.6603895497663 ], [ -121.666283093279105, 37.660659045039402 ], [ -121.667181408375654, 37.660659044380047 ], [ -121.66772039841328, 37.660838707955861 ], [ -121.667989892807356, 37.661198033481107 ], [ -121.668349218133685, 37.661198034327278 ], [ -121.668349218729801, 37.66065904504071 ], [ -121.668618713445156, 37.660659044170039 ], [ -121.668618712429364, 37.660838707591154 ], [ -121.669247533706354, 37.660838707524178 ], [ -121.669247533315982, 37.661198033720183 ], [ -121.66861871269073, 37.661377697091332 ] ] ] } },
{ "type": "Feature", "properties": { "csb_id": "061825012335892", "acres": 22.321099010310402, "geoid": "06001" }, "geometry": { "type": "Polygon", "coordinates": [ [ [ -121.749197594666256, 37.661467528616413 ], [ -121.745334837853122, 37.661557359932864 ], [ -121.745334838728539, 37.65904207731959 ], [ -121.745694164374868, 37.659042077454366 ], [ -121.745694164219174, 37.659670898209733 ], [ -121.745963659286161, 37.659670897699215 ], [ -121.746861974118858, 37.659042076988563 ], [ -121.747131469226403, 37.659042077096011 ], [ -121.747131468940466, 37.659401403615661 ], [ -121.748658604446319, 37.659401403652062 ], [ -121.748658604554862, 37.659042077419038 ], [ -121.749556920232237, 37.659042077327186 ], [ -121.749287425447832, 37.660030223686455 ], [ -121.749287425647339, 37.660299718499914 ], [ -121.749556920244657, 37.660299718976063 ], [ -121.749556920179998, 37.661287865258608 ], [ -121.749197594666256, 37.661467528616413 ] ] ] } },
{ "type": "Feature", "properties": { "csb_id": "061825012335894", "acres": 6.88381452065925, "geoid": "06001" }, "geometry": { "type": "Polygon", "coordinates": [ [ [ -121.683261252108252, 37.661287865376693 ], [ -121.682901926327915, 37.661287864979613 ], [ -121.682901926369311, 37.661557360298005 ], [ -121.682362937206406, 37.661557360176744 ], [ -121.682362936741001, 37.660928539423594 ], [ -121.682632431792499, 37.660928539186585 ], [ -121.682632431769861, 37.66038954978228 ], [ -121.682362937397244, 37.660030224264709 ], [ -121.683171420392043, 37.658772582266018 ], [ -121.684069735831883, 37.658772582670501 ], [ -121.684069736325853, 37.659401403185342 ], [ -121.683530746861948, 37.659401403347843 ], [ -121.683530746373691, 37.659670897551308 ], [ -121.682901925706858, 37.659670898319945 ], [ -121.683171420589076, 37.660030223776552 ], [ -121.683800241607841, 37.66003022405193 ], [ -121.683800241223139, 37.6606590449884 ], [ -121.683530747338111, 37.660659044989579 ], [ -121.683530746201029, 37.661826854341356 ], [ -121.683261251988156, 37.661826854751794 ], [ -121.683261252108252, 37.661287865376693 ] ] ] } },
{ "type": "Feature", "properties": { "csb_id": "061825012335895", "acres": 20.788183055131601, "geoid": "06001" }, "geometry": { "type": "Polygon", "coordinates": [ [ [ -121.756384116090459, 37.66209634884769 ], [ -121.756384116651233, 37.661287865289609 ], [ -121.756653610922911, 37.661287865741023 ], [ -121.756923105747163, 37.660569212673828 ], [ -121.756384116585323, 37.659940392851595 ], [ -121.754856980625874, 37.659940392843531 ], [ -121.754317991474878, 37.659670897923704 ], [ -121.754317990743374, 37.659401402923692 ], [ -121.754856980084995, 37.659131908989508 ], [ -121.755216306919607, 37.659401403629538 ], [ -121.756114621626168, 37.659401403589477 ], [ -121.756653610771721, 37.659042077563541 ], [ -121.756653610903513, 37.658233593763349 ], [ -121.756384116395338, 37.658143761933601 ], [ -121.757551925951518, 37.658143761589024 ], [ -121.757551926213111, 37.658503087905231 ], [ -121.757821420828719, 37.658772582412091 ], [ -121.758180746718651, 37.659042076982821 ], [ -121.758719735860055, 37.659131908440109 ], [ -121.758989231007376, 37.65940140347471 ], [ -121.75880956696966, 37.660659044594539 ], [ -121.759079061976976, 37.661377697271732 ], [ -121.756384116090459, 37.66209634884769 ] ] ] } },
{ "type": "Feature", "properties": { "csb_id": "061825012335896", "acres": 9.1003104689558008, "geoid": "06001" }, "geometry": { "type": "Polygon", "coordinates": [ [ [ -121.730153309461315, 37.661198033527128 ], [ -121.730153310157931, 37.660299718154484 ], [ -121.729883815616517, 37.660299718287916 ], [ -121.729883815855004, 37.659670897954605 ], [ -121.730153310057901, 37.659401403676313 ], [ -121.729883815169586, 37.659401403665896 ], [ -121.729883815787446, 37.659042076661571 ], [ -121.730782131053147, 37.659042077054309 ], [ -121.730782130871404, 37.659401403055057 ], [ -121.731051625485179, 37.659670897420952 ], [ -121.731949940767976, 37.659940392454011 ], [ -121.731949940429985, 37.66029971870659 ], [ -121.732578760794837, 37.660659044778299 ], [ -121.732578761848359, 37.660928539171046 ], [ -121.732309266870857, 37.661198034026732 ], [ -121.730153309461315, 37.661198033527128 ] ] ] } },
{ "type": "Feature", "properties": { "csb_id": "061825012335901", "acres": 6.64948511984442, "geoid": "06001" }, "geometry": { "type": "Polygon", "coordinates": [ [ [ -121.743897533774728, 37.660569213332067 ], [ -121.743897533618266, 37.659940392384655 ], [ -121.74272972453889, 37.6599403927233 ], [ -121.74272972430002, 37.659670897502643 ], [ -121.743268712964436, 37.659670898200368 ], [ -121.743268713276777, 37.659401403343558 ], [ -121.74389753358912, 37.659401403692598 ], [ -121.744436522145264, 37.659670898238197 ], [ -121.744167028656264, 37.659401403238057 ], [ -121.744167028065036, 37.659042077243356 ], [ -121.745065343743349, 37.659042076917352 ], [ -121.745065343191015, 37.661377696826598 ], [ -121.744795849450881, 37.661377696497475 ], [ -121.74479584903942, 37.661198034214898 ], [ -121.74416702830446, 37.66119803343819 ], [ -121.744167027269796, 37.660569213211588 ], [ -121.743897533774728, 37.660569213332067 ] ] ] } },
{ "type": "Feature", "properties": { "csb_id": "061825012335902", "acres": 7.2841846840927804, "geoid": "06001" }, "geometry": { "type": "Polygon", "coordinates": [ [ [ -121.742370397842649, 37.660569213346776 ], [ -121.741831408891599, 37.660569212880027 ], [ -121.741831408068492, 37.660838707561965 ], [ -121.741202587870148, 37.660838707778446 ], [ -121.741202588271022, 37.660299718730144 ], [ -121.740933093182761, 37.66029971840959 ], [ -121.740933093817674, 37.659940391922682 ], [ -121.741202587999865, 37.659401403072508 ], [ -121.741472082332379, 37.659401403179473 ], [ -121.741472082865002, 37.659042076993103 ], [ -121.743268713427682, 37.659042077205463 ], [ -121.743268712964436, 37.659670898200368 ], [ -121.74272972430002, 37.659670897502643 ], [ -121.742729724150962, 37.660838707779824 ], [ -121.742370397571051, 37.66083870740772 ], [ -121.742370397842649, 37.660569213346776 ] ] ] } },
{ "type": "Feature", "properties": { "csb_id": "061825012335905", "acres": 21.032330370626202, "geoid": "06001" }, "geometry": { "type": "Polygon", "coordinates": [ [ [ -121.676703550678951, 37.661557359510518 ], [ -121.676074729339064, 37.661198033885178 ], [ -121.674906920061474, 37.661198033886095 ], [ -121.674906919838349, 37.660569212800731 ], [ -121.674547594293799, 37.660299718161696 ], [ -121.673649278465746, 37.660299718658074 ], [ -121.67364927888525, 37.658772582108575 ], [ -121.674008605371625, 37.65859291958396 ], [ -121.676344224261072, 37.658503088480643 ], [ -121.676344224833414, 37.658772582426437 ], [ -121.67751203404778, 37.659670898197469 ], [ -121.677512034647791, 37.661198033779741 ], [ -121.677242539504363, 37.661467528205478 ], [ -121.676703550678951, 37.661557359510518 ] ] ] } },
{ "type": "Feature", "properties": { "csb_id": "061825012335908", "acres": 17.028899997787299, "geoid": "06001" }, "geometry": { "type": "Polygon", "coordinates": [ [ [ -121.684159567329687, 37.659760729631991 ], [ -121.684159567483192, 37.660389550227855 ], [ -121.684968050542182, 37.660389549808663 ], [ -121.684968050777996, 37.660030223775138 ], [ -121.685596871543638, 37.66003022409506 ], [ -121.68559687143977, 37.659760729346601 ], [ -121.685866366096505, 37.659760729459983 ], [ -121.685866366115306, 37.659491234454926 ], [ -121.684968051835952, 37.65949123497451 ], [ -121.684968050777996, 37.660030223775138 ], [ -121.684429062440387, 37.660030223901039 ], [ -121.684159567329687, 37.659760729631991 ], [ -121.684159567736543, 37.659491234958189 ], [ -121.68469855656484, 37.659491235071066 ], [ -121.684698556699189, 37.659131908334345 ], [ -121.684429061937664, 37.659131908933134 ], [ -121.684429062467188, 37.658862413978255 ], [ -121.685596872032534, 37.658862413800094 ], [ -121.685596872234228, 37.658592919831854 ], [ -121.686495186889843, 37.658592919650822 ], [ -121.687124007330127, 37.658772582513244 ], [ -121.687124007648606, 37.659401403109996 ], [ -121.686764682041797, 37.65949123529176 ], [ -121.686495186777918, 37.659940392643541 ], [ -121.686495187341123, 37.661467528306702 ], [ -121.686764681894175, 37.661467528723236 ], [ -121.686764681528558, 37.661737023448651 ], [ -121.68649518709816, 37.661737022793872 ], [ -121.686495187831468, 37.661557360298289 ], [ -121.685866366728646, 37.661557360034209 ], [ -121.685866366709845, 37.661826854898578 ], [ -121.68496805100726, 37.661826854238171 ], [ -121.684429061840206, 37.660928538903171 ], [ -121.684159567772312, 37.660928539196526 ], [ -121.684159567229841, 37.661287865293644 ], [ -121.683530746667117, 37.661198034066722 ], [ -121.683530747338111, 37.660659044989579 ], [ -121.683800241223139, 37.6606590449884 ], [ -121.683800241607841, 37.66003022405193 ], [ -121.683171420589076, 37.660030223776552 ], [ -121.683171420103776, 37.65967089789644 ], [ -121.683530746373691, 37.659670897551308 ], [ -121.683530747293815, 37.659940392358067 ], [ -121.684159567329687, 37.659760729631991 ] ] ] } },
{ "type": "Feature", "properties": { "csb_id": "061825012335912", "acres": 12.010330529617701, "geoid": "06001" }, "geometry": { "type": "Polygon", "coordinates": [ [ [ -121.740573766939505, 37.659042076818672 ], [ -121.738238147930687, 37.659042077457087 ], [ -121.738238146968413, 37.659401403119197 ], [ -121.737968652880014, 37.659401403217224 ], [ -121.73760932692781, 37.659042077427358 ], [ -121.737070337066584, 37.6594014031093 ], [ -121.736711011635293, 37.659401403055995 ], [ -121.736711011945303, 37.658772582061907 ], [ -121.735812696586777, 37.658772582570947 ], [ -121.735812696271964, 37.658592919308802 ], [ -121.736441517108403, 37.658503088114053 ], [ -121.736441517043545, 37.658143761700664 ], [ -121.737070337713433, 37.658143761546981 ], [ -121.737070337213552, 37.658503087816676 ], [ -121.737339832139227, 37.658503087890267 ], [ -121.737339832633111, 37.657604772536942 ], [ -121.73760932680301, 37.657604772396986 ], [ -121.737609327285796, 37.6578742673778 ], [ -121.738238147811657, 37.657874267217373 ], [ -121.73850764260726, 37.658143761868153 ], [ -121.73850764247139, 37.657874267049301 ], [ -121.740573767253792, 37.657874267775867 ], [ -121.740573766939505, 37.659042076818672 ] ] ] } },
{ "type": "Feature", "properties": { "csb_id": "061825012335913", "acres": 7.5967162877997803, "geoid": "06001" }, "geometry": { "type": "Polygon", "coordinates": [ [ [ -121.728087184373706, 37.659401403413973 ], [ -121.728087185126299, 37.658503087485926 ], [ -121.728446511038044, 37.65814376146983 ], [ -121.729344825890649, 37.658143761854333 ], [ -121.730153310214718, 37.658772582722939 ], [ -121.730153309674918, 37.659042077531744 ], [ -121.729614321409386, 37.659042077153622 ], [ -121.729883815169586, 37.659401403665896 ], [ -121.729883815616517, 37.660299718287916 ], [ -121.730153310157931, 37.660299718154484 ], [ -121.730153309618117, 37.660569212859265 ], [ -121.729614321086416, 37.660569212912741 ], [ -121.729614321100513, 37.659940392239768 ], [ -121.728446509608474, 37.659940392376164 ], [ -121.728446511464568, 37.659401403529372 ], [ -121.728087184373706, 37.659401403413973 ] ] ] } },
{ "type": "Feature", "properties": { "csb_id": "061825012335914", "acres": 15.4080902856814, "geoid": "06001" }, "geometry": { "type": "Polygon", "coordinates": [ [ [ -121.725751565435331, 37.66128786505891 ], [ -121.72395493468639, 37.661467528758273 ], [ -121.723954934948679, 37.660838707455099 ], [ -121.723685439729238, 37.660838707496247 ], [ -121.723685440518679, 37.660659044896661 ], [ -121.723954934448258, 37.660569213242077 ], [ -121.723954935084478, 37.659042077652892 ], [ -121.724224429139241, 37.658503088376001 ], [ -121.724583754817672, 37.65850308813021 ], [ -121.724583755654336, 37.658143762854642 ], [ -121.725482070944309, 37.658143762908203 ], [ -121.725751565342634, 37.658772583777406 ], [ -121.726290554734248, 37.659401403282857 ], [ -121.726290553857339, 37.659940392228087 ], [ -121.725751565435331, 37.66128786505891 ] ] ] } },
{ "type": "Feature", "properties": { "csb_id": "061825012335915", "acres": 20.1342497595491, "geoid": "06001" }, "geometry": { "type": "Polygon", "coordinates": [ [ [ -121.667989893117181, 37.66038955188494 ], [ -121.667450902902331, 37.660569213445044 ], [ -121.6671814085542, 37.660299719417942 ], [ -121.666552588287502, 37.660299718853409 ], [ -121.666552587904732, 37.659670898152861 ], [ -121.665923766967836, 37.659670897492397 ], [ -121.665923766883239, 37.659940392576424 ], [ -121.665654272999689, 37.659940392502342 ], [ -121.665654271858628, 37.659670897894422 ], [ -121.66538477830214, 37.659401404556135 ], [ -121.665025450591003, 37.659401403846921 ], [ -121.664486462940999, 37.658772582810144 ], [ -121.664486461941081, 37.658503089934733 ], [ -121.664127136685806, 37.658503087913246 ], [ -121.664127136916136, 37.657874267533984 ], [ -121.667989891677891, 37.657874269097753 ], [ -121.667989891879955, 37.658143764012848 ], [ -121.667720397371284, 37.658143761720112 ], [ -121.667720397127979, 37.65877258308641 ], [ -121.668349218006952, 37.659042076356762 ], [ -121.668349217977209, 37.659401402623502 ], [ -121.668618712321091, 37.659670898045512 ], [ -121.668888206564304, 37.659670898682528 ], [ -121.668888206709028, 37.659401404017267 ], [ -121.66924753367266, 37.659401404610179 ], [ -121.66924753458882, 37.659940393300523 ], [ -121.669247534198476, 37.660299719578049 ], [ -121.668618712473346, 37.660299718877496 ], [ -121.668618713445156, 37.660659044170039 ], [ -121.668349218729801, 37.66065904504071 ], [ -121.667989893117181, 37.66038955188494 ] ] ] } },
{ "type": "Feature", "properties": { "csb_id": "061825012335917", "acres": 10.7897552989915, "geoid": "06001" }, "geometry": { "type": "Polygon", "coordinates": [ [ [ -121.743268713276777, 37.659401403343558 ], [ -121.743268713427682, 37.659042077205463 ], [ -121.741202587327876, 37.659042076503958 ], [ -121.740933093185532, 37.658772583050229 ], [ -121.740933093658867, 37.658053930864426 ], [ -121.745155174547577, 37.658053929604513 ], [ -121.745155175507136, 37.659042077404202 ], [ -121.744167028065036, 37.659042077243356 ], [ -121.744167028656264, 37.659401403238057 ], [ -121.743268713276777, 37.659401403343558 ] ] ] } },
{ "type": "Feature", "properties": { "csb_id": "061825012335919", "acres": 6.0637423237507297, "geoid": "06001" }, "geometry": { "type": "Polygon", "coordinates": [ [ [ -121.734644886157014, 37.659491234594256 ], [ -121.734644885994115, 37.658772582915667 ], [ -121.734375392231229, 37.658772582901655 ], [ -121.734375391488229, 37.659042077374089 ], [ -121.733477076473449, 37.6590420774818 ], [ -121.733477076162927, 37.6585030884698 ], [ -121.734644886073752, 37.658143761962812 ], [ -121.73464488693925, 37.657874267190387 ], [ -121.735543201699571, 37.657874267504319 ], [ -121.735543201589863, 37.658143761894372 ], [ -121.736441517043545, 37.658143761700664 ], [ -121.736441517108403, 37.658503088114053 ], [ -121.735543201141482, 37.658592919536297 ], [ -121.735543201653542, 37.659491235288094 ], [ -121.734644886157014, 37.659491234594256 ] ], [ [ -121.735004212578531, 37.658233593851747 ], [ -121.734914381051112, 37.658503088225402 ], [ -121.734644885999458, 37.658592919271129 ], [ -121.735004212595427, 37.658592919684565 ], [ -121.735004212578531, 37.658233593851747 ] ] ] } },
{ "type": "Feature", "properties": { "csb_id": "061825012335920", "acres": 2.86100286981342, "geoid": "06001" }, "geometry": { "type": "Polygon", "coordinates": [ [ [ -121.725751565342634, 37.658772583777406 ], [ -121.725482070944309, 37.658143762908203 ], [ -121.724583755654336, 37.658143762854642 ], [ -121.724583754766329, 37.657874267120938 ], [ -121.725751564701653, 37.657874267653227 ], [ -121.725751564508258, 37.658143761762005 ], [ -121.726649880652957, 37.658143762283444 ], [ -121.726649880167898, 37.658772582530013 ], [ -121.726290554216149, 37.659042077517164 ], [ -121.726290554734248, 37.659401403282857 ], [ -121.725751565342634, 37.658772583777406 ] ] ] } },
{ "type": "Feature", "properties": { "csb_id": "061825012335927", "acres": 57.287343286972202, "geoid": "06001" }, "geometry": { "type": "Polygon", "coordinates": [ [ [ -121.723056618926307, 37.657964099303577 ], [ -121.722787125034387, 37.657964098407355 ], [ -121.723056619467556, 37.658233592978512 ], [ -121.723056618759415, 37.658592919393747 ], [ -121.723415945058221, 37.65859291977285 ], [ -121.723415945126561, 37.658233593119014 ], [ -121.723056619467556, 37.658233592978512 ], [ -121.723056618926307, 37.657964099303577 ], [ -121.723954934447931, 37.657335278101669 ], [ -121.724583755010954, 37.657335277938984 ], [ -121.724583754817672, 37.65850308813021 ], [ -121.724224429139241, 37.658503088376001 ], [ -121.723954935084478, 37.659042077652892 ], [ -121.723954934448258, 37.660569213242077 ], [ -121.723056619374006, 37.660659044633576 ], [ -121.723056619629432, 37.660389550025705 ], [ -121.722158303814368, 37.660389550394513 ], [ -121.721259988506347, 37.66092853955233 ], [ -121.721259988519193, 37.661287865533779 ], [ -121.723685440174748, 37.661287865751135 ], [ -121.723685439729238, 37.660838707496247 ], [ -121.723954934948679, 37.660838707455099 ], [ -121.72395493468639, 37.661467528758273 ], [ -121.724853249915668, 37.661557360254818 ], [ -121.723954933914001, 37.661557359730196 ], [ -121.72395493475446, 37.662186180680742 ], [ -121.723685440453721, 37.662186180388744 ], [ -121.723685439834426, 37.662006517229045 ], [ -121.723056619710405, 37.661467528108673 ], [ -121.722158303874139, 37.66146752843256 ], [ -121.722158303965557, 37.661737023111222 ], [ -121.721529483654692, 37.661737022995865 ], [ -121.721529483644886, 37.661467528794354 ], [ -121.721259989077012, 37.661467528392983 ], [ -121.721259988544901, 37.6620065173989 ], [ -121.721529482778763, 37.662365843539909 ], [ -121.721888809182346, 37.662365844022929 ], [ -121.721888809396305, 37.662635338401913 ], [ -121.722158303892172, 37.662904832966568 ], [ -121.722158303635979, 37.663533653420018 ], [ -121.721259988782819, 37.663533653529271 ], [ -121.720990493673597, 37.663264159217881 ], [ -121.720720999092237, 37.662904832826364 ], [ -121.720720999930933, 37.662365843798419 ], [ -121.720990493539958, 37.662365843527816 ], [ -121.720990493731307, 37.662006517882659 ], [ -121.720361673736932, 37.66119803410308 ], [ -121.719822683986365, 37.661198033653363 ], [ -121.71919386325122, 37.661467528843886 ], [ -121.719193863780973, 37.661826854349137 ], [ -121.718295547865395, 37.661826854910721 ], [ -121.718026054122873, 37.661557360086768 ], [ -121.718026053501575, 37.661287865057893 ], [ -121.718295548276629, 37.661287865015538 ], [ -121.718295548296311, 37.660659044866854 ], [ -121.71775655860354, 37.660659044450099 ], [ -121.717756559583279, 37.660030224057365 ], [ -121.718295548010062, 37.660030223758554 ], [ -121.718295548727212, 37.659491234478502 ], [ -121.717756559504295, 37.659491234871673 ], [ -121.717756559075355, 37.658862413672033 ], [ -121.71802605414716, 37.658592919684196 ], [ -121.718026053571833, 37.657874267621061 ], [ -121.717397233138925, 37.6578742671946 ], [ -121.717397233468233, 37.657335278191731 ], [ -121.717666727712, 37.657335278396978 ], [ -121.717666727823186, 37.657604772596962 ], [ -121.720990494146832, 37.657604772333087 ], [ -121.720990493604972, 37.657874267419047 ], [ -121.723056618926307, 37.657964099303577 ] ], [ [ -121.721619314989852, 37.658233593333442 ], [ -121.721619314653324, 37.657964098893252 ], [ -121.720990494261457, 37.657964099237837 ], [ -121.720990494516357, 37.658233593200897 ], [ -121.721619314989852, 37.658233593333442 ] ], [ [ -121.720990494344008, 37.659131908968725 ], [ -121.720990494152687, 37.659491234874764 ], [ -121.721259988454904, 37.659491235300401 ], [ -121.721259988442071, 37.659131909155853 ], [ -121.720990494344008, 37.659131908968725 ] ] ] } },
{ "type": "Feature", "properties": { "csb_id": "061825012335928", "acres": 5.28260708604014, "geoid": "06001" }, "geometry": { "type": "Polygon", "coordinates": [ [ [ -121.826901865798902, 37.659670897543755 ], [ -121.826273045406438, 37.65796409878606 ], [ -121.826901866042746, 37.65796409884755 ], [ -121.826901865549061, 37.657425109610038 ], [ -121.828339170890928, 37.657425109760695 ], [ -121.828698496221818, 37.657604773058914 ], [ -121.828608665355773, 37.658143761515106 ], [ -121.828339169929734, 37.65814376173671 ], [ -121.828339170996799, 37.657964098575334 ], [ -121.827171360996104, 37.657964098985914 ], [ -121.826901865584816, 37.658233593128742 ], [ -121.826901865763176, 37.658862414319366 ], [ -121.827440855282944, 37.658862414577726 ], [ -121.827800181336457, 37.659131908937255 ], [ -121.827800181305207, 37.659491235047042 ], [ -121.826901865798902, 37.659670897543755 ] ] ] } },
{ "type": "Feature", "properties": { "csb_id": "061825012335931", "acres": 9.3348795803584999, "geoid": "06001" }, "geometry": { "type": "Polygon", "coordinates": [ [ [ -121.726649880887209, 37.657874267458851 ], [ -121.726919374695058, 37.657874267169618 ], [ -121.72691937535788, 37.657604772947828 ], [ -121.726649880018755, 37.657604772854469 ], [ -121.726649880887209, 37.657874267458851 ], [ -121.726021059945907, 37.657694604324561 ], [ -121.726021059325973, 37.657335277782337 ], [ -121.727817689834765, 37.657335278265151 ], [ -121.728985500436764, 37.657874266888612 ], [ -121.728985500366377, 37.658143761664029 ], [ -121.728446511038044, 37.65814376146983 ], [ -121.728087185126299, 37.658503087485926 ], [ -121.728087184373706, 37.659401403413973 ], [ -121.728446511464568, 37.659401403529372 ], [ -121.728446510536529, 37.659670897961924 ], [ -121.72691937538012, 37.65967089806206 ], [ -121.726919375037596, 37.658772582717965 ], [ -121.726649880167898, 37.658772582530013 ], [ -121.726649880887209, 37.657874267458851 ] ] ] } },
{ "type": "Feature", "properties": { "csb_id": "061825012335934", "acres": 4.5405178070701204, "geoid": "06001" }, "geometry": { "type": "Polygon", "coordinates": [ [ [ -121.679039169935137, 37.65940140325435 ], [ -121.679039170315889, 37.659042076828776 ], [ -121.679308664393147, 37.659042077114073 ], [ -121.679308664963685, 37.658503087917069 ], [ -121.678769676092799, 37.65796409852566 ], [ -121.678500180727454, 37.657964099099424 ], [ -121.678500181359283, 37.657425110086287 ], [ -121.679039169883097, 37.657425109824523 ], [ -121.679039170823316, 37.657694604029423 ], [ -121.679667990478919, 37.657694604045446 ], [ -121.679667990708126, 37.657065783763947 ], [ -121.679937486233825, 37.657065783571248 ], [ -121.680296811661748, 37.65742510972084 ], [ -121.680296812153884, 37.657964098536084 ], [ -121.679667991032616, 37.6585030875953 ], [ -121.679667991027657, 37.659401403310632 ], [ -121.679039169935137, 37.65940140325435 ] ] ] } },
{ "type": "Feature", "properties": { "csb_id": "061825012335935", "acres": 21.244219454685801, "geoid": "06001" }, "geometry": { "type": "Polygon", "coordinates": [ [ [ -121.747490794552718, 37.659401403468863 ], [ -121.747490795607675, 37.659042077331307 ], [ -121.746861974118858, 37.659042076988563 ], [ -121.745963659286161, 37.659670897699215 ], [ -121.745694164219174, 37.659670898209733 ], [ -121.745694164196593, 37.658772582602772 ], [ -121.745334838754488, 37.658772582706796 ], [ -121.745245006170848, 37.657604772421514 ], [ -121.74569416445766, 37.656975951635502 ], [ -121.748928099127227, 37.656975952417071 ], [ -121.748928100014524, 37.657604772736967 ], [ -121.749556920209315, 37.657604773023479 ], [ -121.749556920232237, 37.659042077327186 ], [ -121.7480297845363, 37.659042077226424 ], [ -121.748029783583618, 37.659401402981871 ], [ -121.747490794552718, 37.659401403468863 ] ] ] } },
{ "type": "Feature", "properties": { "csb_id": "061825012335940", "acres": 4.9675411463413699, "geoid": "06001" }, "geometry": { "type": "Polygon", "coordinates": [ [ [ -121.748928099127227, 37.656975952417071 ], [ -121.746233153671483, 37.656975952454872 ], [ -121.74569416445766, 37.656975951635502 ], [ -121.746233153738117, 37.656706456984601 ], [ -121.746592478716678, 37.656706457719132 ], [ -121.746592478885304, 37.656436962851352 ], [ -121.747490795507005, 37.656436962608389 ], [ -121.7474907938889, 37.656706457571616 ], [ -121.748299277249714, 37.656706457953547 ], [ -121.748299278305794, 37.655897973772831 ], [ -121.749556920590749, 37.65679628897923 ], [ -121.749556920209315, 37.657604773023479 ], [ -121.748928100014524, 37.657604772736967 ], [ -121.748928099127227, 37.656975952417071 ] ] ] } },
{ "type": "Feature", "properties": { "csb_id": "061825012335942", "acres": 4.13052506629937, "geoid": "06001" }, "geometry": { "type": "Polygon", "coordinates": [ [ [ -121.767972383386507, 37.656526794776127 ], [ -121.766804573909454, 37.656436962912672 ], [ -121.766175752958077, 37.655897974073788 ], [ -121.766175753265443, 37.655628479432885 ], [ -121.767074068078088, 37.655538647366235 ], [ -121.767702889074172, 37.655179321100263 ], [ -121.76797238306321, 37.655179321406656 ], [ -121.767972383386507, 37.656526794776127 ] ] ] } },
{ "type": "Feature", "properties": { "csb_id": "061825012335943", "acres": 3.64079387283443, "geoid": "06001" }, "geometry": { "type": "Polygon", "coordinates": [ [ [ -121.732488929366326, 37.657694604375706 ], [ -121.732173554218164, 37.657940193941272 ], [ -121.732092934540177, 37.658616780939688 ], [ -121.732039771676213, 37.657964098678391 ], [ -121.731141456544194, 37.657065783470522 ], [ -121.730243140949014, 37.656796288677121 ], [ -121.730243141468094, 37.65652679457461 ], [ -121.730512636026916, 37.656167468436848 ], [ -121.731410951296255, 37.656167468689794 ], [ -121.731680445930238, 37.657065783927706 ], [ -121.732309266714225, 37.657694604629413 ], [ -121.732488929366326, 37.657694604375706 ] ] ] } },
{ "type": "Feature", "properties": { "csb_id": "061825012335944", "acres": 5.5286972907029801, "geoid": "06001" }, "geometry": { "type": "Polygon", "coordinates": [ [ [ -121.725751564701653, 37.657874267653227 ], [ -121.724583754766329, 37.657874267120938 ], [ -121.724853248462551, 37.657425110227365 ], [ -121.724583755010954, 37.657335277938984 ], [ -121.724853248942495, 37.657335278063208 ], [ -121.725482070027326, 37.656975952565396 ], [ -121.726021058551169, 37.656167468109153 ], [ -121.726380385544346, 37.65625729972686 ], [ -121.726649879924878, 37.656796289313348 ], [ -121.727548195169049, 37.656975951912941 ], [ -121.727548195966421, 37.65733527819998 ], [ -121.726021059325973, 37.657335277782337 ], [ -121.726021059945907, 37.657694604324561 ], [ -121.725751564701653, 37.657874267653227 ] ] ] } },
{ "type": "Feature", "properties": { "csb_id": "061825012335946", "acres": 10.2236359742422, "geoid": "06001" }, "geometry": { "type": "Polygon", "coordinates": [ [ [ -121.740933093032424, 37.657784436087873 ], [ -121.737968653458111, 37.657874267649284 ], [ -121.737968651287588, 37.657335278290155 ], [ -121.738238146192302, 37.657335278240588 ], [ -121.738238146051927, 37.656975952629125 ], [ -121.739675450520508, 37.656436963025783 ], [ -121.740034778265894, 37.656077637006732 ], [ -121.740034777727999, 37.655538647498787 ], [ -121.740933093508517, 37.65553864711125 ], [ -121.740933092879303, 37.656796288878006 ], [ -121.740663598894329, 37.65679628862955 ], [ -121.740573767511975, 37.657335278418458 ], [ -121.740933093826015, 37.657335277688105 ], [ -121.740933093032424, 37.657784436087873 ] ] ] } },
{ "type": "Feature", "properties": { "csb_id": "061825012335947", "acres": 29.8215869687508, "geoid": "06001" }, "geometry": { "type": "Polygon", "coordinates": [ [ [ -121.736711012037929, 37.657874267581107 ], [ -121.736711011208257, 37.657604772456601 ], [ -121.736172022193841, 37.657604772944296 ], [ -121.736172021859716, 37.65787426697036 ], [ -121.736711012037929, 37.657874267581107 ], [ -121.736711011458809, 37.658143762066175 ], [ -121.735812696801688, 37.658143763147592 ], [ -121.735543201589863, 37.658143761894372 ], [ -121.735543201699571, 37.657874267504319 ], [ -121.734375391726772, 37.657874267271382 ], [ -121.734375391827555, 37.656526794182859 ], [ -121.734105897453077, 37.655808142498984 ], [ -121.734375391713385, 37.65553864798688 ], [ -121.735812696371468, 37.655538647902127 ], [ -121.737339832820808, 37.655179321512428 ], [ -121.737339832219078, 37.655538647431356 ], [ -121.737609327205277, 37.655538647339938 ], [ -121.737609326500191, 37.655179321420988 ], [ -121.737339832820808, 37.655179321512428 ], [ -121.737339832521684, 37.654909827445671 ], [ -121.737968653373088, 37.654909826862983 ], [ -121.738777136935028, 37.655179321192101 ], [ -121.739675452525731, 37.655179321763789 ], [ -121.739675451756639, 37.654909826885728 ], [ -121.74003477874399, 37.654909827037415 ], [ -121.740034778265894, 37.656077637006732 ], [ -121.739675450520508, 37.656436963025783 ], [ -121.738507642161196, 37.656975952365976 ], [ -121.737968653250547, 37.6569759515803 ], [ -121.737968653458111, 37.657874267649284 ], [ -121.737609327285796, 37.6578742673778 ], [ -121.73760932680301, 37.657604772396986 ], [ -121.737339832633111, 37.657604772536942 ], [ -121.737339832135717, 37.657874267517798 ], [ -121.736711012037929, 37.657874267581107 ] ], [ [ -121.738507641889427, 37.656436962550259 ], [ -121.738507641544828, 37.656077636618214 ], [ -121.738238147600072, 37.656077637120106 ], [ -121.738238147740446, 37.656436962813409 ], [ -121.738507641889427, 37.656436962550259 ] ], [ [ -121.735543201603377, 37.656706457774547 ], [ -121.735543200610451, 37.656436963524975 ], [ -121.735273706093039, 37.656436962869222 ], [ -121.735273707514594, 37.656706457739837 ], [ -121.735543201603377, 37.656706457774547 ] ], [ [ -121.736441516750332, 37.656436963333569 ], [ -121.73671101187999, 37.656436963126573 ], [ -121.736711011610922, 37.656077636286255 ], [ -121.73644151558284, 37.656077636970615 ], [ -121.736441516750332, 37.656436963333569 ] ] ] } },
{ "type": "Feature", "properties": { "csb_id": "061825012335948", "acres": 7.0208395923158999, "geoid": "06001" }, "geometry": { "type": "Polygon", "coordinates": [ [ [ -121.717666726257107, 37.656975952433619 ], [ -121.717666728351347, 37.656706457713661 ], [ -121.718026052837828, 37.656077637201122 ], [ -121.717666727470856, 37.655808142004261 ], [ -121.718295548440125, 37.655808141761433 ], [ -121.718295548632923, 37.656077636542875 ], [ -121.718565042528525, 37.656077636625596 ], [ -121.718565042520183, 37.656436963003685 ], [ -121.719463358144907, 37.656436963051057 ], [ -121.719822684089038, 37.656706457634293 ], [ -121.720361673934889, 37.657335278339779 ], [ -121.720361673311402, 37.657604772967034 ], [ -121.718026054359186, 37.657604772962465 ], [ -121.718026054154564, 37.656975951845034 ], [ -121.717666726257107, 37.656975952433619 ] ] ] } },
{ "type": "Feature", "properties": { "csb_id": "061825012335950", "acres": 22.136590127122499, "geoid": "06001" }, "geometry": { "type": "Polygon", "coordinates": [ [ [ -121.697185139239295, 37.659940392466282 ], [ -121.696915644547801, 37.659131908951466 ], [ -121.69691564485538, 37.658772582305843 ], [ -121.697185139467578, 37.658503087846505 ], [ -121.697185139280123, 37.657874267146532 ], [ -121.696915645132947, 37.657874267506941 ], [ -121.696915644421225, 37.654011511857675 ], [ -121.69745463352983, 37.654011511699657 ], [ -121.697544465442235, 37.65437083748553 ], [ -121.697813959775971, 37.654640332125766 ], [ -121.698083455023124, 37.654640332554727 ], [ -121.698083454440294, 37.654011511527713 ], [ -121.698712275470754, 37.654011511789101 ], [ -121.698712275621617, 37.655179321753408 ], [ -121.69835294911617, 37.655179321614661 ], [ -121.698352949474838, 37.655808142071791 ], [ -121.698712275415616, 37.655808142065759 ], [ -121.698712275540899, 37.656706457326443 ], [ -121.698083454427007, 37.656706457695378 ], [ -121.698083454676791, 37.656975952249013 ], [ -121.698352949216527, 37.6573352776905 ], [ -121.699520758500668, 37.657335277847537 ], [ -121.699520758918894, 37.657874267275915 ], [ -121.698712274894717, 37.657874267589591 ], [ -121.698352948495312, 37.658143762120645 ], [ -121.698352949032468, 37.658503088295468 ], [ -121.698712273891616, 37.658503088570157 ], [ -121.698712274663123, 37.658233593405775 ], [ -121.698981769440067, 37.658233593848855 ], [ -121.699251263997368, 37.658503088238923 ], [ -121.69925126466083, 37.659042077031174 ], [ -121.698083454386349, 37.659042077025134 ], [ -121.698083454172107, 37.659670898347692 ], [ -121.697454633810352, 37.659670898205739 ], [ -121.697454633978666, 37.659940392080294 ], [ -121.697185139239295, 37.659940392466282 ] ], [ [ -121.697813960455221, 37.65850308895341 ], [ -121.697813959714892, 37.658143761535577 ], [ -121.697454634206949, 37.658143761907155 ], [ -121.697454634307562, 37.658503089086622 ], [ -121.697813960455221, 37.65850308895341 ] ] ] } },
{ "type": "Feature", "properties": { "csb_id": "061825012335951", "acres": 3.0856617613403898, "geoid": "06001" }, "geometry": { "type": "Polygon", "coordinates": [ [ [ -121.88367539244345, 37.656526794038356 ], [ -121.883405897270407, 37.656526794039252 ], [ -121.883405896865568, 37.656796288645538 ], [ -121.883136403249537, 37.657065783637123 ], [ -121.882507582655492, 37.657065783554572 ], [ -121.882507582713203, 37.656796288827366 ], [ -121.882238087419168, 37.656526794318495 ], [ -121.881878761061344, 37.656526794773171 ], [ -121.881878761513278, 37.656167468690498 ], [ -121.883136402577094, 37.656167467880202 ], [ -121.883136402859932, 37.655897973470822 ], [ -121.88367539193851, 37.655897973344985 ], [ -121.88367539244345, 37.656526794038356 ] ] ] } },
{ "type": "Feature", "properties": { "csb_id": "061825012335953", "acres": 4.7847444841789697, "geoid": "06001" }, "geometry": { "type": "Polygon", "coordinates": [ [ [ -121.727817690758116, 37.655628478756526 ], [ -121.728177015908329, 37.655628478905079 ], [ -121.728446511277795, 37.655897973179094 ], [ -121.729614320989484, 37.655897973530436 ], [ -121.729614320694722, 37.656167468058428 ], [ -121.729075331776272, 37.656167468111398 ], [ -121.729075331648488, 37.656526794422966 ], [ -121.729614320669285, 37.656526793987574 ], [ -121.729614320694722, 37.656167468058428 ], [ -121.729883815459985, 37.656167467997918 ], [ -121.729883815906916, 37.657065783355783 ], [ -121.729344825967473, 37.657065783407297 ], [ -121.729344826139695, 37.65679628917939 ], [ -121.728177016235918, 37.656796288779582 ], [ -121.727548195809746, 37.656167467814861 ], [ -121.727548195594252, 37.655897974097499 ], [ -121.727817690758116, 37.655628478756526 ] ] ] } },
{ "type": "Feature", "properties": { "csb_id": "061825012335954", "acres": 10.428690050909299, "geoid": "06001" }, "geometry": { "type": "Polygon", "coordinates": [ [ [ -121.684159567292383, 37.657065783879453 ], [ -121.68415956769924, 37.656796289021685 ], [ -121.683800241405166, 37.656796288681832 ], [ -121.68380024079427, 37.657065783301348 ], [ -121.684159567292383, 37.657065783879453 ], [ -121.684159567547226, 37.657425109229713 ], [ -121.684429062226229, 37.65742510975538 ], [ -121.684429061391185, 37.657694603948514 ], [ -121.682632431470395, 37.657694604476539 ], [ -121.682632431611822, 37.657425109992943 ], [ -121.682003610950119, 37.65742510931679 ], [ -121.682003611115491, 37.65796409903249 ], [ -121.681464622114106, 37.657964098697789 ], [ -121.68056630659413, 37.657425109473998 ], [ -121.680566306122373, 37.656796288580374 ], [ -121.679937485334875, 37.65679628860881 ], [ -121.679937485788216, 37.656167468567595 ], [ -121.680296811983823, 37.656167468547743 ], [ -121.680296811576682, 37.656526794706167 ], [ -121.680835800481546, 37.656796289219194 ], [ -121.682362936892218, 37.656796288621777 ], [ -121.682362937178979, 37.657065783769944 ], [ -121.682901925584829, 37.657065783478735 ], [ -121.682901925866048, 37.657425109357661 ], [ -121.683530746952528, 37.657425109936824 ], [ -121.68353074631581, 37.65679628920018 ], [ -121.682362936892218, 37.656796288621777 ], [ -121.682362936732346, 37.656167467970739 ], [ -121.68200361090949, 37.656167468446156 ], [ -121.682003611049581, 37.655628479344664 ], [ -121.682632431717693, 37.655628479503768 ], [ -121.682632431434854, 37.656167468698229 ], [ -121.683261252694791, 37.6565267947229 ], [ -121.684698556749339, 37.656526794269716 ], [ -121.684698556242282, 37.657065783858492 ], [ -121.684159567292383, 37.657065783879453 ] ] ] } },
{ "type": "Feature", "properties": { "csb_id": "061825012335955", "acres": 10.9767756761469, "geoid": "06001" }, "geometry": { "type": "Polygon", "coordinates": [ [ [ -121.745245006170848, 37.657604772421514 ], [ -121.745245007092706, 37.655808142211455 ], [ -121.745334837473365, 37.655538648114259 ], [ -121.745963657480956, 37.654999658589574 ], [ -121.747640278837054, 37.6551196683629 ], [ -121.748208744188929, 37.655629181530259 ], [ -121.748299277249714, 37.656706457953547 ], [ -121.7474907938889, 37.656706457571616 ], [ -121.747490795507005, 37.656436962608389 ], [ -121.746233151905784, 37.656436962833197 ], [ -121.746233153738117, 37.656706456984601 ], [ -121.74569416445766, 37.656975951635502 ], [ -121.745245006170848, 37.657604772421514 ] ] ] } },
{ "type": "Feature", "properties": { "csb_id": "061825012335956", "acres": 15.135392519278399, "geoid": "06001" }, "geometry": { "type": "Polygon", "coordinates": [ [ [ -121.744526354725167, 37.655538647363564 ], [ -121.745065343419483, 37.655628479340912 ], [ -121.745065344191502, 37.657784435535902 ], [ -121.74120258809981, 37.657784435358209 ], [ -121.741472082144796, 37.656975951837694 ], [ -121.742370397952413, 37.656975952031786 ], [ -121.742460229435238, 37.65616746818062 ], [ -121.743268713666879, 37.655628478909328 ], [ -121.743538207753147, 37.655628478938233 ], [ -121.743538207626713, 37.655808141856376 ], [ -121.744436523119177, 37.655808142345577 ], [ -121.744526354725167, 37.655538647363564 ] ] ] } },
{ "type": "Feature", "properties": { "csb_id": "061825012335957", "acres": 7.1185131113031996, "geoid": "06001" }, "geometry": { "type": "Polygon", "coordinates": [ [ [ -121.723954934447931, 37.657335278101669 ], [ -121.72395493488969, 37.655538647564761 ], [ -121.725122744709438, 37.655538647108365 ], [ -121.726021058551169, 37.656167468109153 ], [ -121.725751564560085, 37.656706457995732 ], [ -121.724853248942495, 37.657335278063208 ], [ -121.723954934447931, 37.657335278101669 ] ] ] } },
{ "type": "Feature", "properties": { "csb_id": "061825012335958", "acres": 2.5193517860842101, "geoid": "06001" }, "geometry": { "type": "Polygon", "coordinates": [ [ [ -121.671583153379771, 37.655808142387421 ], [ -121.671942479268068, 37.655269152634027 ], [ -121.671942479820771, 37.654640332164945 ], [ -121.672750963074989, 37.654640332533624 ], [ -121.672750963563232, 37.655808141807206 ], [ -121.671583153379771, 37.655808142387421 ] ] ] } },
{ "type": "Feature", "properties": { "csb_id": "061825012335959", "acres": 3.2907928507673101, "geoid": "06001" }, "geometry": { "type": "Polygon", "coordinates": [ [ [ -121.822679784532198, 37.655448816330328 ], [ -121.82124248006356, 37.655269152914265 ], [ -121.82124247998145, 37.654909826869414 ], [ -121.822410289322434, 37.654909826639255 ], [ -121.822410288352188, 37.654640332285013 ], [ -121.822949278135809, 37.654640332709 ], [ -121.822949278107686, 37.654281006649455 ], [ -121.823667931468236, 37.654281006386206 ], [ -121.82366793219478, 37.654909826757333 ], [ -121.8230391097091, 37.654999658224732 ], [ -121.822679782659733, 37.655269152960997 ], [ -121.822679784532198, 37.655448816330328 ] ] ] } },
{ "type": "Feature", "properties": { "csb_id": "061825012335962", "acres": 2.4607393782754201, "geoid": "06001" }, "geometry": { "type": "Polygon", "coordinates": [ [ [ -121.677871360550412, 37.654999658839046 ], [ -121.678140855365029, 37.654999658372063 ], [ -121.678140855223589, 37.655628478943058 ], [ -121.678769675788033, 37.65562847868491 ], [ -121.679667991099763, 37.655897973352886 ], [ -121.679667991018547, 37.656167468376772 ], [ -121.678769676013673, 37.65616746818192 ], [ -121.678769675389006, 37.656796288897354 ], [ -121.67850018175983, 37.656796289087623 ], [ -121.678500180974851, 37.655897974155565 ], [ -121.677871360634512, 37.655897973406908 ], [ -121.677871360550412, 37.654999658839046 ] ] ] } },
{ "type": "Feature", "properties": { "csb_id": "061825012335971", "acres": 17.528052503787698, "geoid": "06001" }, "geometry": { "type": "Polygon", "coordinates": [ [ [ -121.69871227446373, 37.656975951735248 ], [ -121.698712275415616, 37.655808142065759 ], [ -121.698352949474838, 37.655808142071791 ], [ -121.69835294911617, 37.655179321614661 ], [ -121.698981769826474, 37.655179321770952 ], [ -121.698981769493301, 37.655538647211422 ], [ -121.699520758922588, 37.655538647655206 ], [ -121.699880085167308, 37.655179321251701 ], [ -121.699880084508422, 37.654909827102991 ], [ -121.699520758429315, 37.654640331940861 ], [ -121.698891938107025, 37.654550500893492 ], [ -121.698891937851798, 37.654011511963546 ], [ -121.698981770047993, 37.654281006306476 ], [ -121.702215705006324, 37.654281006144707 ], [ -121.702215705102475, 37.654640332186595 ], [ -121.702575030763001, 37.654640332591711 ], [ -121.703922504239088, 37.654011511538016 ], [ -121.704641155947442, 37.654011512785452 ], [ -121.704641155852286, 37.65428100627237 ], [ -121.704910650273192, 37.654281006316012 ], [ -121.704910650725594, 37.654730164776737 ], [ -121.704641155670302, 37.654909825562591 ], [ -121.704281829991231, 37.654909828192629 ], [ -121.704281829373244, 37.65464033240773 ], [ -121.703742840549225, 37.654640333004437 ], [ -121.703114020418582, 37.655179321406216 ], [ -121.702215704918672, 37.655269152525513 ], [ -121.702215704944422, 37.655538647696773 ], [ -121.701676714849071, 37.655538647277872 ], [ -121.701676715161128, 37.655179321794861 ], [ -121.701047895378977, 37.65517932145341 ], [ -121.700778399999791, 37.655538647954373 ], [ -121.700149579538888, 37.65580814248122 ], [ -121.699880085050196, 37.65616746808778 ], [ -121.699880085127077, 37.656975951556781 ], [ -121.69871227446373, 37.656975951735248 ] ] ] } },
{ "type": "Feature", "properties": { "csb_id": "061825012335974", "acres": 7.9487960965892901, "geoid": "06001" }, "geometry": { "type": "Polygon", "coordinates": [ [ [ -121.735004212899838, 37.654640331764455 ], [ -121.734914380596237, 37.653742017158002 ], [ -121.73554320140147, 37.653742016767723 ], [ -121.735812696636117, 37.653382691126836 ], [ -121.736172022773999, 37.653382691061339 ], [ -121.736441516685389, 37.653113196687798 ], [ -121.736441517141998, 37.652843702096945 ], [ -121.7370703377957, 37.652843701470125 ], [ -121.737339832215582, 37.653382691281408 ], [ -121.737339832716444, 37.653742017125921 ], [ -121.737968652749942, 37.654281005821858 ], [ -121.737070337389355, 37.654281006090216 ], [ -121.737070337992108, 37.654640332473598 ], [ -121.735004212899838, 37.654640331764455 ] ] ] } },
{ "type": "Feature", "properties": { "csb_id": "061825012335975", "acres": 38.785906264898003, "geoid": "06001" }, "geometry": { "type": "Polygon", "coordinates": [ [ [ -121.723056619379008, 37.657874267628877 ], [ -121.720990493604972, 37.657874267419047 ], [ -121.720990494146832, 37.657604772333087 ], [ -121.720361673311402, 37.657604772967034 ], [ -121.720361673934889, 37.657335278339779 ], [ -121.720092178483128, 37.656975951828464 ], [ -121.719463358144907, 37.656436963051057 ], [ -121.718565042520183, 37.656436963003685 ], [ -121.718565042764197, 37.655808142465396 ], [ -121.718295548440125, 37.655808141761433 ], [ -121.718295548553257, 37.655538647821231 ], [ -121.718026053726476, 37.655179321875259 ], [ -121.717666727007526, 37.655179321315664 ], [ -121.717666727999017, 37.65490982671119 ], [ -121.718026053411151, 37.654909827270771 ], [ -121.718026054198504, 37.654640332409265 ], [ -121.718295548380155, 37.654640331895273 ], [ -121.718565043339083, 37.654101343109183 ], [ -121.719193863298344, 37.65410134272458 ], [ -121.719463357661695, 37.654281006159493 ], [ -121.721888809500598, 37.654281006359589 ], [ -121.721888810051425, 37.654640332563716 ], [ -121.723056618951446, 37.654640332372509 ], [ -121.723056619237283, 37.655179321256959 ], [ -121.723326114135872, 37.655538647823384 ], [ -121.723685440079691, 37.655538647984109 ], [ -121.723954934287406, 37.655808142359824 ], [ -121.723954934447931, 37.657335278101669 ], [ -121.723056619379008, 37.657874267628877 ] ] ] } },
{ "type": "Feature", "properties": { "csb_id": "061825012335979", "acres": 4.4040415728316704, "geoid": "06001" }, "geometry": { "type": "Polygon", "coordinates": [ [ [ -121.674008604137867, 37.654730164399055 ], [ -121.67311028978763, 37.654640332547302 ], [ -121.673110288337199, 37.654909827431879 ], [ -121.672750963626157, 37.654909826703822 ], [ -121.672750963074989, 37.654640332533624 ], [ -121.672481468820919, 37.654640332354006 ], [ -121.672481468718956, 37.654011512789836 ], [ -121.673110288836597, 37.653382691175196 ], [ -121.673649278851769, 37.653382691412162 ], [ -121.673739109533486, 37.653203028914376 ], [ -121.67373911007715, 37.653831849891176 ], [ -121.674278098948136, 37.653831848299703 ], [ -121.674278098111387, 37.654370836772124 ], [ -121.674008604137867, 37.654730164399055 ] ], [ [ -121.67364927753033, 37.654011512598281 ], [ -121.67364927892072, 37.653742016315974 ], [ -121.673379782911724, 37.653742017355391 ], [ -121.673379784952417, 37.654011512685202 ], [ -121.674008603512888, 37.654101343089842 ], [ -121.67364927753033, 37.654011512598281 ] ] ] } },
{ "type": "Feature", "properties": { "csb_id": "061825012335981", "acres": 3.4861524078912298, "geoid": "06001" }, "geometry": { "type": "Polygon", "coordinates": [ [ [ -121.705808966117075, 37.653742017142896 ], [ -121.705808965858225, 37.654011511601958 ], [ -121.706078460216318, 37.654011511642793 ], [ -121.706078459495046, 37.653742017183745 ], [ -121.705808966117075, 37.653742017142896 ], [ -121.705808966375898, 37.653472522665382 ], [ -121.706437786684802, 37.653382691023531 ], [ -121.70643778631927, 37.654281005894887 ], [ -121.705539471669653, 37.654281006027212 ], [ -121.705539471805906, 37.654011511825075 ], [ -121.704910650185212, 37.654011511730872 ], [ -121.704910649979894, 37.653382690960271 ], [ -121.705539470947741, 37.652843701554666 ], [ -121.705808965775233, 37.652843702097599 ], [ -121.706078459915531, 37.653113195943938 ], [ -121.706078460636803, 37.653382690446136 ], [ -121.705539470981023, 37.65338269096064 ], [ -121.705539471636399, 37.653742016744559 ], [ -121.705808966117075, 37.653742017142896 ] ] ] } },
{ "type": "Feature", "properties": { "csb_id": "061825012335983", "acres": 11.8450639606874, "geoid": "06001" }, "geometry": { "type": "Polygon", "coordinates": [ [ [ -121.766445247134953, 37.65464033239104 ], [ -121.766535079418574, 37.654281006542263 ], [ -121.766804573631191, 37.654281005895939 ], [ -121.766804574163089, 37.654011511525958 ], [ -121.766175752536668, 37.654101343629797 ], [ -121.765906258792526, 37.654370837392257 ], [ -121.765906257913088, 37.65473016381813 ], [ -121.766445247134953, 37.65464033239104 ], [ -121.766445247460155, 37.654999658171612 ], [ -121.766175753145404, 37.654999658405053 ], [ -121.766175753265443, 37.655628479432885 ], [ -121.765906258767203, 37.655538647773852 ], [ -121.765906257543179, 37.655269152726625 ], [ -121.765007943611039, 37.655269153200514 ], [ -121.765007942703548, 37.65437083791565 ], [ -121.765277436638158, 37.654011511465612 ], [ -121.766175753211812, 37.653742016907444 ], [ -121.766445247343981, 37.653382690682164 ], [ -121.766445248080188, 37.653113196489528 ], [ -121.766175753398244, 37.653113196437474 ], [ -121.766175752910414, 37.65257420699416 ], [ -121.767972383737387, 37.65257420722773 ], [ -121.767972383656698, 37.654640331958248 ], [ -121.766445247134953, 37.65464033239104 ] ] ] } },
{ "type": "Feature", "properties": { "csb_id": "061825012335984", "acres": 32.732122131514203, "geoid": "06001" }, "geometry": { "type": "Polygon", "coordinates": [ [ [ -121.753419676243041, 37.656436962471048 ], [ -121.749556919717392, 37.656526794786387 ], [ -121.748928099452584, 37.655897973960215 ], [ -121.748928099567379, 37.655179321205175 ], [ -121.748658605338704, 37.655179321440222 ], [ -121.748658604721854, 37.654281007341602 ], [ -121.748928098991172, 37.6542810063901 ], [ -121.748928098995961, 37.654011511404043 ], [ -121.74919759400025, 37.654011511337302 ], [ -121.749197594433724, 37.65374201695365 ], [ -121.749826414374837, 37.653742017139216 ], [ -121.750095909684575, 37.653382691202516 ], [ -121.750095909056171, 37.653113196298079 ], [ -121.750455235844029, 37.653113196295301 ], [ -121.750455235267893, 37.653382690817715 ], [ -121.751892539684064, 37.653382691197997 ], [ -121.751892539392671, 37.653742016753377 ], [ -121.753689170685547, 37.653831848251315 ], [ -121.753689170300348, 37.656077636715899 ], [ -121.753419676050726, 37.656077636588584 ], [ -121.753419676243041, 37.656436962471048 ] ] ] } },
{ "type": "Feature", "properties": { "csb_id": "061825012335985", "acres": 13.2545012871309, "geoid": "06001" }, "geometry": { "type": "Polygon", "coordinates": [ [ [ -121.721080325863454, 37.65374201729599 ], [ -121.723056619216777, 37.652484376716359 ], [ -121.723056616882687, 37.653203027984546 ], [ -121.724224428211073, 37.654011511974154 ], [ -121.725122744709438, 37.655538647108365 ], [ -121.723326114135872, 37.655538647823384 ], [ -121.723056619237283, 37.655179321256959 ], [ -121.723056618951446, 37.654640332372509 ], [ -121.722158303678512, 37.654640331962192 ], [ -121.722158304332112, 37.654281006140636 ], [ -121.72152948316058, 37.654281006011061 ], [ -121.721080325863454, 37.65374201729599 ] ] ] } },
{ "type": "Feature", "properties": { "csb_id": "061825012335987", "acres": 5.1949558470850103, "geoid": "06001" }, "geometry": { "type": "Polygon", "coordinates": [ [ [ -121.684429062502673, 37.654101342825335 ], [ -121.684159567170227, 37.654101343200452 ], [ -121.684159567866175, 37.654370838004517 ], [ -121.684429061973177, 37.654370838105876 ], [ -121.684429062502673, 37.654101342825335 ], [ -121.684698557037862, 37.654101342952536 ], [ -121.684698556743115, 37.654730163684064 ], [ -121.684429062432017, 37.654730163940307 ], [ -121.684429061597029, 37.654999658317834 ], [ -121.685327377108308, 37.654999658074537 ], [ -121.685327377334801, 37.655269152910058 ], [ -121.684698557338834, 37.655269153280543 ], [ -121.684159567545734, 37.656167467853514 ], [ -121.683530746781898, 37.656167468124949 ], [ -121.683530746655549, 37.65562847945921 ], [ -121.683800241190909, 37.655269152950233 ], [ -121.684159567001799, 37.655269152720734 ], [ -121.684159567018185, 37.654730163838948 ], [ -121.683530746507046, 37.654730163912944 ], [ -121.683261252191656, 37.65437083780354 ], [ -121.683261252557216, 37.654101343475851 ], [ -121.684159567577026, 37.653831848139632 ], [ -121.684429062502673, 37.654101342825335 ] ] ] } },
{ "type": "Feature", "properties": { "csb_id": "061825012335993", "acres": 5.4001463149647604, "geoid": "06001" }, "geometry": { "type": "Polygon", "coordinates": [ [ [ -121.745694164127954, 37.654101342953531 ], [ -121.745694164589864, 37.653472522169018 ], [ -121.743268713285829, 37.653472522582092 ], [ -121.743268712667344, 37.653742016984651 ], [ -121.742999218520154, 37.653742016932682 ], [ -121.742729724135955, 37.653382691206495 ], [ -121.74272972427066, 37.652843701569061 ], [ -121.742999218458579, 37.652843701500657 ], [ -121.742999218103421, 37.653203027965581 ], [ -121.743268713124465, 37.653382691190032 ], [ -121.743897534243857, 37.65338269049056 ], [ -121.743897533984168, 37.653113196684259 ], [ -121.746861974274339, 37.653113196363975 ], [ -121.746861974090308, 37.653831848876095 ], [ -121.746592480168133, 37.65383184831569 ], [ -121.746592479524665, 37.654370837529953 ], [ -121.745963659269904, 37.65437083809217 ], [ -121.745694164127954, 37.654101342953531 ] ], [ [ -121.746592480234852, 37.653203027774772 ], [ -121.746322985291897, 37.653203027334854 ], [ -121.74632298524574, 37.653472522185439 ], [ -121.746592479759983, 37.653472522004435 ], [ -121.746592480234852, 37.653203027774772 ] ] ] } },
{ "type": "Feature", "properties": { "csb_id": "061825012335999", "acres": 9.4033502079107496, "geoid": "06001" }, "geometry": { "type": "Polygon", "coordinates": [ [ [ -121.748090140362038, 37.655118966197087 ], [ -121.746861974090308, 37.653831848876095 ], [ -121.746861974274339, 37.653113196363975 ], [ -121.747131468431263, 37.65257420746704 ], [ -121.747760290039295, 37.652574207470906 ], [ -121.748029783685851, 37.653113196029807 ], [ -121.749197593770944, 37.653113196398508 ], [ -121.749197594204418, 37.652843701953216 ], [ -121.749556919869249, 37.652843701781016 ], [ -121.749556920513328, 37.653382690891938 ], [ -121.749197594440005, 37.653382690586518 ], [ -121.749197594433724, 37.65374201695365 ], [ -121.748928099306994, 37.653742017259269 ], [ -121.748928098995961, 37.654011511404043 ], [ -121.748658605400465, 37.654011511495852 ], [ -121.748658604721854, 37.654281007341602 ], [ -121.748299278518985, 37.654281006250393 ], [ -121.748658605103344, 37.654640332050455 ], [ -121.748658605338704, 37.655179321440222 ], [ -121.748090140362038, 37.655118966197087 ] ] ] } },
{ "type": "Feature", "properties": { "csb_id": "061825012336008", "acres": 3.9158749379517399, "geoid": "06001" }, "geometry": { "type": "Polygon", "coordinates": [ [ [ -121.670415344277188, 37.653113196592891 ], [ -121.67041534319722, 37.652574207021424 ], [ -121.671313659018878, 37.651675891591552 ], [ -121.67131365936477, 37.651945386732663 ], [ -121.671583153355499, 37.652214880992425 ], [ -121.672211974223515, 37.652304712744012 ], [ -121.672211973916461, 37.652843701770152 ], [ -121.671942479579641, 37.652843701827344 ], [ -121.671942479701499, 37.65311319650452 ], [ -121.670415344277188, 37.653113196592891 ] ] ] } },
{ "type": "Feature", "properties": { "csb_id": "061825012336013", "acres": 35.691321100696499, "geoid": "06001" }, "geometry": { "type": "Polygon", "coordinates": [ [ [ -121.81998483889673, 37.655269152934409 ], [ -121.81432545110161, 37.655269153222875 ], [ -121.814055957854634, 37.65517932182749 ], [ -121.814055957252904, 37.654909826601305 ], [ -121.813516968252941, 37.654640332056779 ], [ -121.812618653116473, 37.654640332496598 ], [ -121.812618653241685, 37.654101343007376 ], [ -121.81315764183114, 37.654011511345395 ], [ -121.813786462801531, 37.653382690525717 ], [ -121.814954272623922, 37.653113196305732 ], [ -121.815852588130909, 37.652574207556512 ], [ -121.817379723593135, 37.652574206972304 ], [ -121.817649219085482, 37.652843701768077 ], [ -121.817649218299124, 37.653113196570807 ], [ -121.818278039807069, 37.653113195869913 ], [ -121.818817028652958, 37.653472522137662 ], [ -121.819984838845514, 37.65338269122109 ], [ -121.819984838025334, 37.654011511765944 ], [ -121.82034416487005, 37.654281006150143 ], [ -121.820344164894451, 37.654909827030103 ], [ -121.81998483889673, 37.655269152934409 ] ], [ [ -121.814684778056289, 37.654640332581138 ], [ -121.814684778963027, 37.654281006687313 ], [ -121.81405595730007, 37.654281006181002 ], [ -121.814055956958157, 37.654640332216218 ], [ -121.814684778056289, 37.654640332581138 ] ] ] } },
{ "type": "Feature", "properties": { "csb_id": "061825012336014", "acres": 4.6873382009686697, "geoid": "06001" }, "geometry": { "type": "Polygon", "coordinates": [ [ [ -121.762043502436541, 37.651945386834569 ], [ -121.763840133774465, 37.651765723606971 ], [ -121.764379122411682, 37.652214881307366 ], [ -121.764379122231048, 37.652843701393891 ], [ -121.763840133788349, 37.652843701968735 ], [ -121.763840133157032, 37.65257420731065 ], [ -121.76258249145836, 37.652574207597972 ], [ -121.762312997646887, 37.652933533903159 ], [ -121.762312997568699, 37.653382691088943 ], [ -121.762043502766076, 37.653382690974212 ], [ -121.762043502436541, 37.651945386834569 ] ] ] } },
{ "type": "Feature", "properties": { "csb_id": "061825012336018", "acres": 8.0757251127598799, "geoid": "06001" }, "geometry": { "type": "Polygon", "coordinates": [ [ [ -121.756114621880101, 37.655808142212948 ], [ -121.756114622342253, 37.654730163910841 ], [ -121.75575529604302, 37.654730163977568 ], [ -121.755755295366882, 37.654370838368564 ], [ -121.756114622128791, 37.654370837824082 ], [ -121.756114622221673, 37.654011512564189 ], [ -121.755755295700183, 37.65383184867548 ], [ -121.755755295793307, 37.654011512487877 ], [ -121.755216306212148, 37.654011512225836 ], [ -121.755216306323319, 37.65383184865231 ], [ -121.75485698088896, 37.653831849605162 ], [ -121.755216306851921, 37.653472522340365 ], [ -121.755485800080379, 37.653472522220007 ], [ -121.755485800799491, 37.652574207107932 ], [ -121.755755295783743, 37.652574207155673 ], [ -121.755755295950408, 37.652304712194976 ], [ -121.756384115947057, 37.652304712934111 ], [ -121.756653610879553, 37.652664038608677 ], [ -121.756653610907847, 37.654909826742134 ], [ -121.75701293664531, 37.655269153217134 ], [ -121.756384115858452, 37.655179321169776 ], [ -121.756384116276209, 37.655538647421515 ], [ -121.756653611016318, 37.655538647871602 ], [ -121.756653610304838, 37.656436962593546 ], [ -121.756384116218015, 37.656436963146199 ], [ -121.756114621880101, 37.655808142212948 ] ], [ [ -121.756114621312562, 37.653203028304794 ], [ -121.755755295144141, 37.653113196161748 ], [ -121.755755295190681, 37.6532030280854 ], [ -121.756114621312562, 37.653203028304794 ] ] ] } },
{ "type": "Feature", "properties": { "csb_id": "061825012336019", "acres": 9.1526548545273396, "geoid": "06001" }, "geometry": { "type": "Polygon", "coordinates": [ [ [ -121.703263505410789, 37.653981333786263 ], [ -121.701676715763043, 37.654011511753971 ], [ -121.701676715262238, 37.652843701604382 ], [ -121.702575031003178, 37.652843701866075 ], [ -121.702575030343198, 37.652214880662008 ], [ -121.703114020271187, 37.652214881177088 ], [ -121.70311401948959, 37.651945386160826 ], [ -121.703653009477321, 37.651945386633336 ], [ -121.704281830201779, 37.653382691154832 ], [ -121.704012335114939, 37.65374201674755 ], [ -121.703263505410789, 37.653981333786263 ] ] ] } },
{ "type": "Feature", "properties": { "csb_id": "061825012336023", "acres": 5.1169717167393101, "geoid": "06001" }, "geometry": { "type": "Polygon", "coordinates": [ [ [ -121.679039169826311, 37.652035217802329 ], [ -121.679039170766501, 37.65230471237664 ], [ -121.679398496486542, 37.652304712914095 ], [ -121.679398496134553, 37.652664038472977 ], [ -121.679039170857948, 37.653203027839147 ], [ -121.678500180825409, 37.653203027652495 ], [ -121.678500181213636, 37.653472522768325 ], [ -121.679398495953436, 37.653472522579953 ], [ -121.679398497009686, 37.653831848653638 ], [ -121.677871360956786, 37.653831848371688 ], [ -121.677871360383676, 37.653472522867119 ], [ -121.678140855400727, 37.652933533155341 ], [ -121.677871360788629, 37.6520352180857 ], [ -121.679039169826311, 37.652035217802329 ] ] ] } },
{ "type": "Feature", "properties": { "csb_id": "061825012336024", "acres": 11.532784612171501, "geoid": "06001" }, "geometry": { "type": "Polygon", "coordinates": [ [ [ -121.746861974274339, 37.653113196363975 ], [ -121.743897533984168, 37.653113196684259 ], [ -121.743897534243857, 37.65338269049056 ], [ -121.743268713124465, 37.653382691190032 ], [ -121.742999218103421, 37.653203027965581 ], [ -121.742999218458579, 37.652843701500657 ], [ -121.743268712952684, 37.652843701696064 ], [ -121.743268712753917, 37.651675891914465 ], [ -121.744795848735663, 37.651675891876202 ], [ -121.745963658761823, 37.652214880790844 ], [ -121.746861973754051, 37.65221488093276 ], [ -121.747131468431263, 37.65257420746704 ], [ -121.746861974274339, 37.653113196363975 ] ] ] } },
{ "type": "Feature", "properties": { "csb_id": "061825012336026", "acres": 7.9684724922896804, "geoid": "06001" }, "geometry": { "type": "Polygon", "coordinates": [ [ [ -121.707336102323595, 37.653382690960868 ], [ -121.706976775712107, 37.65284370148013 ], [ -121.705808965775233, 37.652843702097599 ], [ -121.705808965174555, 37.652214881428996 ], [ -121.706707281482423, 37.652214880943546 ], [ -121.706707280985412, 37.651945386744082 ], [ -121.706437786154794, 37.651765723067903 ], [ -121.707605596016464, 37.651675891582563 ], [ -121.707605596183782, 37.651316566042929 ], [ -121.707875091396957, 37.651316565362492 ], [ -121.70787509063689, 37.651675892238771 ], [ -121.708773406684799, 37.652214880938757 ], [ -121.70877340634766, 37.652843701693939 ], [ -121.708144585213333, 37.652843701804137 ], [ -121.70787509142329, 37.653382690954551 ], [ -121.707336102323595, 37.653382690960868 ] ] ] } },
{ "type": "Feature", "properties": { "csb_id": "061825012336027", "acres": 13.116434225530099, "geoid": "06001" }, "geometry": { "type": "Polygon", "coordinates": [ [ [ -121.697544464791861, 37.653382690614634 ], [ -121.69745463331121, 37.653562353616813 ], [ -121.696915643855789, 37.653562353629972 ], [ -121.696915644732428, 37.65077757644908 ], [ -121.698083453768348, 37.650777576426805 ], [ -121.698352949244054, 37.651047071178013 ], [ -121.698352949065566, 37.651316565498355 ], [ -121.698083453962212, 37.65131656546928 ], [ -121.698083454295258, 37.651675892029552 ], [ -121.698712275474662, 37.651675891678337 ], [ -121.698712274577957, 37.651047070942411 ], [ -121.698981769618257, 37.651047072160573 ], [ -121.698981769457887, 37.65257420685429 ], [ -121.699251263927195, 37.652574206948593 ], [ -121.699215910262424, 37.653768554346804 ], [ -121.698352948964498, 37.653562353567516 ], [ -121.698352949552984, 37.6533826909994 ], [ -121.697544464791861, 37.653382690614634 ] ] ] } },
{ "type": "Feature", "properties": { "csb_id": "061825012336028", "acres": 5.8494832980765201, "geoid": "06001" }, "geometry": { "type": "Polygon", "coordinates": [ [ [ -121.67248146925408, 37.652214881026872 ], [ -121.671583153355499, 37.652214880992425 ], [ -121.67131365936477, 37.651945386732663 ], [ -121.671313659088327, 37.651047070877418 ], [ -121.671583153590063, 37.650777576200845 ], [ -121.673379783792612, 37.65077757635602 ], [ -121.673379783492635, 37.651406397245601 ], [ -121.672840795416164, 37.651406397576302 ], [ -121.672840794966362, 37.651945386818547 ], [ -121.672481468580202, 37.65194538690978 ], [ -121.67248146925408, 37.652214881026872 ] ] ] } },
{ "type": "Feature", "properties": { "csb_id": "061825012336035", "acres": 11.4743313843267, "geoid": "06001" }, "geometry": { "type": "Polygon", "coordinates": [ [ [ -121.755485800080379, 37.653472522220007 ], [ -121.754317991496762, 37.653472522210983 ], [ -121.754317990948095, 37.651765723452556 ], [ -121.754587485953564, 37.651675891928846 ], [ -121.754587485618387, 37.650777576214573 ], [ -121.75395866471446, 37.651047071158324 ], [ -121.753689170347144, 37.650777576657831 ], [ -121.753689170709819, 37.650148755482938 ], [ -121.75431799090866, 37.650148755466496 ], [ -121.754317991299061, 37.649969093053322 ], [ -121.755755294941522, 37.650238587129707 ], [ -121.75575529574725, 37.651675892219757 ], [ -121.755485801518603, 37.651675891790156 ], [ -121.755485801430183, 37.652214881301624 ], [ -121.755755295950408, 37.652304712194976 ], [ -121.755755295783743, 37.652574207155673 ], [ -121.755485800799491, 37.652574207107932 ], [ -121.755485800080379, 37.653472522220007 ] ] ] } },
{ "type": "Feature", "properties": { "csb_id": "061825012336037", "acres": 9.8532226264822391, "geoid": "06001" }, "geometry": { "type": "Polygon", "coordinates": [ [ [ -121.748029783685851, 37.653113196029807 ], [ -121.747760290039295, 37.652574207470906 ], [ -121.747131468431263, 37.65257420746704 ], [ -121.746861973754051, 37.65221488093276 ], [ -121.746861974351361, 37.651945386377918 ], [ -121.747760289629028, 37.651945386537435 ], [ -121.748299278368734, 37.651316565878588 ], [ -121.748299278455292, 37.65104707116646 ], [ -121.749197593745834, 37.651047071334958 ], [ -121.749197594179336, 37.650777576747608 ], [ -121.749556920360789, 37.650777576145515 ], [ -121.749556920131582, 37.651047070971735 ], [ -121.749826414400232, 37.651047071042804 ], [ -121.749826415151063, 37.651316565850479 ], [ -121.749826414673024, 37.652214881153043 ], [ -121.74955691977118, 37.652214881225177 ], [ -121.749556919869249, 37.652843701781016 ], [ -121.748928099833336, 37.652843701876698 ], [ -121.748928099522303, 37.653113196083225 ], [ -121.748029783685851, 37.653113196029807 ] ] ] } },
{ "type": "Feature", "properties": { "csb_id": "061825012336038", "acres": 17.060039196591799, "geoid": "06001" }, "geometry": { "type": "Polygon", "coordinates": [ [ [ -121.734375389417636, 37.653742018103209 ], [ -121.734375392167465, 37.652574206810598 ], [ -121.733746571470547, 37.652574207001315 ], [ -121.733746569543314, 37.652843701659414 ], [ -121.733207580610127, 37.652843702072445 ], [ -121.732848254805461, 37.652574207765831 ], [ -121.732848256361365, 37.651316565446017 ], [ -121.734105897054064, 37.651316565695495 ], [ -121.734375390483962, 37.650777577289304 ], [ -121.735812695225221, 37.650777576641978 ], [ -121.736172022546043, 37.651047070785715 ], [ -121.736441516457077, 37.651765723165894 ], [ -121.736441517141998, 37.652843702096945 ], [ -121.736441516685389, 37.653113196687798 ], [ -121.736172022773999, 37.653382691061339 ], [ -121.735812696636117, 37.653382691126836 ], [ -121.735812695765716, 37.653113196410757 ], [ -121.735273706208957, 37.652843701913071 ], [ -121.734914378886472, 37.652843702004276 ], [ -121.734914380596237, 37.653742017158002 ], [ -121.734375389417636, 37.653742018103209 ] ] ] } },
{ "type": "Feature", "properties": { "csb_id": "061825012336039", "acres": 8.8091904890895094, "geoid": "06001" }, "geometry": { "type": "Polygon", "coordinates": [ [ [ -121.811361011972977, 37.65257420690331 ], [ -121.811361011233785, 37.652214880972991 ], [ -121.811091517560158, 37.652214880705117 ], [ -121.811091517299559, 37.652574207494993 ], [ -121.811361011972977, 37.65257420690331 ], [ -121.811361011899464, 37.652843701234204 ], [ -121.811900000820472, 37.652843701559853 ], [ -121.812241957242477, 37.653057226663655 ], [ -121.811630506048758, 37.654101342801987 ], [ -121.810552527981443, 37.653742016695773 ], [ -121.810462696873017, 37.652843701603601 ], [ -121.809564381294351, 37.651945386363131 ], [ -121.809564380673834, 37.651675891687511 ], [ -121.809923707001587, 37.65113690251431 ], [ -121.810462696055239, 37.651675892009735 ], [ -121.811361011380825, 37.651675892206143 ], [ -121.811630506046853, 37.652304712225764 ], [ -121.811630505851085, 37.652574206814613 ], [ -121.811361011972977, 37.65257420690331 ] ] ] } },
{ "type": "Feature", "properties": { "csb_id": "061825012336040", "acres": 2.8710144687286601, "geoid": "06001" }, "geometry": { "type": "Polygon", "coordinates": [ [ [ -121.680296811982799, 37.651136902889213 ], [ -121.681105295426434, 37.651136902500284 ], [ -121.681105295550381, 37.651406397083925 ], [ -121.680566306098171, 37.651406397621535 ], [ -121.680566305958948, 37.65203521765779 ], [ -121.681464621819941, 37.652035217678119 ], [ -121.681464622147942, 37.652304712438138 ], [ -121.681105295597419, 37.652664038961142 ], [ -121.680835800708593, 37.652664038575111 ], [ -121.68083580101306, 37.652304712446984 ], [ -121.679937485923432, 37.652304712474702 ], [ -121.679937485330015, 37.652035218045782 ], [ -121.680296812067738, 37.651765723352291 ], [ -121.679937485839332, 37.651765723360079 ], [ -121.679937485783313, 37.651406397242447 ], [ -121.680296811982799, 37.651136902889213 ] ] ] } },
{ "type": "Feature", "properties": { "csb_id": "061825012336041", "acres": 10.2434110028264, "geoid": "06001" }, "geometry": { "type": "Polygon", "coordinates": [ [ [ -121.809564381308903, 37.653113196682035 ], [ -121.809025392092749, 37.653203027902215 ], [ -121.807857582524093, 37.652843701984601 ], [ -121.807857581573558, 37.652214880830812 ], [ -121.808127076405484, 37.652214881514681 ], [ -121.808127076295733, 37.651945386955411 ], [ -121.807498255587532, 37.651675892244889 ], [ -121.807498255509003, 37.651316565524716 ], [ -121.807857581800349, 37.651316565833199 ], [ -121.807857582670678, 37.651047071212176 ], [ -121.808396571863753, 37.651047071168144 ], [ -121.808396571851219, 37.651316566028534 ], [ -121.809294886728068, 37.651316565786281 ], [ -121.809294886881247, 37.651675891603197 ], [ -121.809564380673834, 37.651675891687511 ], [ -121.809564381294351, 37.651945386363131 ], [ -121.810462696873017, 37.652843701603601 ], [ -121.810552527981443, 37.653742016695773 ], [ -121.80995388492552, 37.653622008119193 ], [ -121.809564381308903, 37.653113196682035 ] ] ] } },
{ "type": "Feature", "properties": { "csb_id": "061825012336042", "acres": 3.8769011590934999, "geoid": "06001" }, "geometry": { "type": "Polygon", "coordinates": [ [ [ -121.767074068351135, 37.651406397483804 ], [ -121.766445247556632, 37.651316566155486 ], [ -121.766175749180775, 37.651047071579427 ], [ -121.766175753101933, 37.650777576748226 ], [ -121.766445247294868, 37.650418250679522 ], [ -121.766804571870239, 37.650238587735046 ], [ -121.767972380415927, 37.650418251571502 ], [ -121.767972383224574, 37.651047071424898 ], [ -121.767074068351135, 37.651406397483804 ] ] ] } },
{ "type": "Feature", "properties": { "csb_id": "061825012336043", "acres": 15.712431635143, "geoid": "06001" }, "geometry": { "type": "Polygon", "coordinates": [ [ [ -121.738507642022967, 37.653382691344675 ], [ -121.737070337530568, 37.651316565695375 ], [ -121.737070338211538, 37.651047071363294 ], [ -121.737339832918209, 37.650777576754535 ], [ -121.739405957015848, 37.65086740820886 ], [ -121.739675452043528, 37.651047071128701 ], [ -121.740573767464241, 37.652574207691174 ], [ -121.740573768002491, 37.653113196602369 ], [ -121.74003477870005, 37.653382690830099 ], [ -121.738507642022967, 37.653382691344675 ] ] ] } },
{ "type": "Feature", "properties": { "csb_id": "061825012336044", "acres": 30.1504138706443, "geoid": "06001" }, "geometry": { "type": "Polygon", "coordinates": [ [ [ -121.722158304200661, 37.652214881944545 ], [ -121.721888809686476, 37.652304712342321 ], [ -121.722876956568342, 37.652304713599172 ], [ -121.720903382393473, 37.65350485052587 ], [ -121.72152948316058, 37.654281006011061 ], [ -121.719463357661695, 37.654281006159493 ], [ -121.719193863298344, 37.65410134272458 ], [ -121.718026054299798, 37.654011511678121 ], [ -121.717756559314992, 37.6538318507829 ], [ -121.718026054290377, 37.653742017853396 ], [ -121.718295547928719, 37.653382691336269 ], [ -121.718295547735949, 37.653113196370036 ], [ -121.718026054085755, 37.653113196118632 ], [ -121.718026054131712, 37.65266403869169 ], [ -121.717756559068988, 37.652574208195517 ], [ -121.718026054372828, 37.65257420918703 ], [ -121.718295547868777, 37.652214880749106 ], [ -121.718295548287799, 37.651945387422181 ], [ -121.718026054158813, 37.651675893298425 ], [ -121.717756559916666, 37.651675892783913 ], [ -121.717756560090578, 37.651406399897041 ], [ -121.718026054269515, 37.651316566102054 ], [ -121.717756559967583, 37.650777578264687 ], [ -121.720990493798197, 37.650777576735905 ], [ -121.720990494307927, 37.651316565628996 ], [ -121.721529483479941, 37.651316567713074 ], [ -121.721529483164218, 37.651047071938883 ], [ -121.721888808768824, 37.651047070905669 ], [ -121.722158304200661, 37.652214881944545 ] ] ] } },
{ "type": "Feature", "properties": { "csb_id": "061825012336045", "acres": 15.585399096406499, "geoid": "06001" }, "geometry": { "type": "Polygon", "coordinates": [ [ [ -121.699520758241789, 37.653742016881019 ], [ -121.699430927103521, 37.652214881144644 ], [ -121.699161432828276, 37.651675891958526 ], [ -121.699251264572538, 37.65077757686889 ], [ -121.699520758632744, 37.650777576895159 ], [ -121.69952075908752, 37.651047071089295 ], [ -121.700149580193141, 37.651047071443756 ], [ -121.700149579733733, 37.650867408045286 ], [ -121.700419074328465, 37.650777576532398 ], [ -121.701317388855998, 37.650777576282088 ], [ -121.701317388800348, 37.65203521843744 ], [ -121.701407221409355, 37.652214880842358 ], [ -121.701676715303336, 37.652214880970803 ], [ -121.701676715297026, 37.652574207584834 ], [ -121.701317389731003, 37.652574206676725 ], [ -121.701317389864684, 37.653113195940186 ], [ -121.701676715533182, 37.653113196465206 ], [ -121.701676715498422, 37.6533826904477 ], [ -121.701317388828812, 37.653382690782514 ], [ -121.701676715492113, 37.653742016954865 ], [ -121.701676715763043, 37.654011511753971 ], [ -121.700149578864355, 37.654011511310927 ], [ -121.699520758241789, 37.653742016881019 ] ], [ [ -121.69988008525614, 37.651406397622225 ], [ -121.69961059080876, 37.651406397053933 ], [ -121.699610590487524, 37.651675891443205 ], [ -121.699880084812335, 37.651675892249813 ], [ -121.69988008525614, 37.651406397622225 ] ] ] } },
{ "type": "Feature", "properties": { "csb_id": "061825012336046", "acres": 26.6204243815443, "geoid": "06001" }, "geometry": { "type": "Polygon", "coordinates": [ [ [ -121.673379783492635, 37.651406397245601 ], [ -121.673379783022355, 37.651675892352216 ], [ -121.673649277947362, 37.651675892701846 ], [ -121.673649279254519, 37.651945386691935 ], [ -121.674008604351272, 37.651945386213555 ], [ -121.674008605045628, 37.651675891509115 ], [ -121.673649277947362, 37.651675892701846 ], [ -121.673649278540324, 37.651406397357114 ], [ -121.673379783649409, 37.651316565539261 ], [ -121.673649278370405, 37.651316565650809 ], [ -121.674008603825612, 37.650777578 ], [ -121.674008603609067, 37.650418250628292 ], [ -121.674906920495957, 37.650418250088876 ], [ -121.674906920024654, 37.649519935629492 ], [ -121.676344223884726, 37.649609766512782 ], [ -121.676344224363817, 37.651047071151382 ], [ -121.677242539729548, 37.651047071110334 ], [ -121.677512034355331, 37.651675891768917 ], [ -121.677512034561019, 37.652214880762813 ], [ -121.676973043860841, 37.652035218660352 ], [ -121.676074730173795, 37.652035218394808 ], [ -121.676074729950827, 37.653113196460652 ], [ -121.674547593966835, 37.653113196600728 ], [ -121.674278099308907, 37.65338269079259 ], [ -121.674278098948136, 37.653831848299703 ], [ -121.67373911007715, 37.653831849891176 ], [ -121.673649278647346, 37.653113197282735 ], [ -121.672211972812804, 37.653113196923478 ], [ -121.672211973916461, 37.652843701770152 ], [ -121.672481468558658, 37.652843701976835 ], [ -121.672750963752463, 37.652574207037624 ], [ -121.672750963017549, 37.652214881259475 ], [ -121.67248146925408, 37.652214881026872 ], [ -121.67248146843724, 37.652035218363586 ], [ -121.672840795258963, 37.652035218272324 ], [ -121.672840795416164, 37.651406397576302 ], [ -121.673379783492635, 37.651406397245601 ] ], [ [ -121.675445909319052, 37.651945386604297 ], [ -121.675805235145376, 37.651945386226366 ], [ -121.675805235430474, 37.651675892050953 ], [ -121.675445909502756, 37.651675891807201 ], [ -121.675445909319052, 37.651945386604297 ] ], [ [ -121.6740086046903, 37.653113196896932 ], [ -121.674278098852611, 37.653203028090196 ], [ -121.674278099023169, 37.653113196186922 ], [ -121.6740086046903, 37.653113196896932 ] ] ] } },
{ "type": "Feature", "properties": { "csb_id": "061825012336050", "acres": 6.2887625584010003, "geoid": "06001" }, "geometry": { "type": "Polygon", "coordinates": [ [ [ -121.701676715262238, 37.652843701604382 ], [ -121.701676715303336, 37.652214880970803 ], [ -121.701407221409355, 37.652214880842358 ], [ -121.701317388800348, 37.65203521843744 ], [ -121.701317388855998, 37.650777576282088 ], [ -121.703173673564748, 37.650807754518809 ], [ -121.703383514388449, 37.651047071060255 ], [ -121.703383514741716, 37.651316565516929 ], [ -121.702575031473202, 37.651316566017158 ], [ -121.70257503107905, 37.65257420713138 ], [ -121.701946210497809, 37.65257420711734 ], [ -121.701946210340438, 37.652843701375254 ], [ -121.701676715262238, 37.652843701604382 ] ] ] } },
{ "type": "Feature", "properties": { "csb_id": "061825012336052", "acres": 5.2928385220140699, "geoid": "06001" }, "geometry": { "type": "Polygon", "coordinates": [ [ [ -121.816750903798564, 37.652214881155025 ], [ -121.817020396820411, 37.65194538689417 ], [ -121.81702039813311, 37.650777576355551 ], [ -121.817379724497002, 37.650418250608261 ], [ -121.817918713317368, 37.650418250145677 ], [ -121.817918713231109, 37.653113196667711 ], [ -121.817649218299124, 37.653113196570807 ], [ -121.817649219085482, 37.652843701768077 ], [ -121.817379723593135, 37.652574206972304 ], [ -121.816750903477853, 37.652574207434185 ], [ -121.816750903798564, 37.652214881155025 ] ] ] } },
{ "type": "Feature", "properties": { "csb_id": "061825012336054", "acres": 4.1210322071306704, "geoid": "06001" }, "geometry": { "type": "Polygon", "coordinates": [ [ [ -121.808396571851219, 37.651316566028534 ], [ -121.808396571863753, 37.651047071168144 ], [ -121.807498255481477, 37.651047071382386 ], [ -121.807498256477729, 37.65041825017952 ], [ -121.807857582027111, 37.6504182506295 ], [ -121.807857581795133, 37.650148756185942 ], [ -121.809025392512169, 37.650777576607155 ], [ -121.809923707413233, 37.650777576789487 ], [ -121.809923707001587, 37.65113690251431 ], [ -121.809564380673834, 37.651675891687511 ], [ -121.809294886881247, 37.651675891603197 ], [ -121.809294886728068, 37.651316565786281 ], [ -121.808396571851219, 37.651316566028534 ] ] ] } },
{ "type": "Feature", "properties": { "csb_id": "061825012336055", "acres": 20.058231905403002, "geoid": "06001" }, "geometry": { "type": "Polygon", "coordinates": [ [ [ -121.750455235317645, 37.652843701993291 ], [ -121.750095909056171, 37.653113196298079 ], [ -121.749556919640014, 37.6531131964651 ], [ -121.74955691977118, 37.652214881225177 ], [ -121.749826414673024, 37.652214881153043 ], [ -121.749826414580099, 37.651675892263668 ], [ -121.750095909297286, 37.651316565564464 ], [ -121.749826415151063, 37.651316565850479 ], [ -121.749826414400232, 37.651047071042804 ], [ -121.750095909862907, 37.65086740833744 ], [ -121.749197594179336, 37.650777576747608 ], [ -121.749197593745834, 37.651047071334958 ], [ -121.748658605331045, 37.65104707149348 ], [ -121.748658604831888, 37.650418251461247 ], [ -121.74892809981975, 37.650148756691024 ], [ -121.751353551298763, 37.650148756176925 ], [ -121.751623045427209, 37.649969092536828 ], [ -121.75252136040578, 37.649879261139766 ], [ -121.753689170113489, 37.649969092687776 ], [ -121.753689170256933, 37.650418250878168 ], [ -121.753419676200707, 37.650777576053663 ], [ -121.75306034965142, 37.650777577011674 ], [ -121.7530603499129, 37.651047070787392 ], [ -121.752790855465747, 37.651136902626249 ], [ -121.75225186560094, 37.651136903105808 ], [ -121.75189254007644, 37.651765723212421 ], [ -121.751623045580118, 37.651945386171811 ], [ -121.751353549602356, 37.652843702318748 ], [ -121.750455235317645, 37.652843701993291 ] ], [ [ -121.750994224750642, 37.652214880688561 ], [ -121.75072473033876, 37.652214881384808 ], [ -121.750724730203601, 37.652574206712693 ], [ -121.750994225125993, 37.652574207115016 ], [ -121.750994224750642, 37.652214880688561 ] ] ] } },
{ "type": "Feature", "properties": { "csb_id": "061825012336057", "acres": 15.2343581925313, "geoid": "06001" }, "geometry": { "type": "Polygon", "coordinates": [ [ [ -121.819445849347005, 37.649519934717617 ], [ -121.819445849000957, 37.648980945882073 ], [ -121.820344164730912, 37.648980945852387 ], [ -121.820883153284527, 37.648621619551534 ], [ -121.822410289428461, 37.648621619597932 ], [ -121.822679784580899, 37.648980945764968 ], [ -121.822679783809292, 37.65167589213646 ], [ -121.822949278608561, 37.651675892044047 ], [ -121.822949279027256, 37.651945386221179 ], [ -121.822140795122181, 37.651945387669905 ], [ -121.822140795717402, 37.651316567499507 ], [ -121.821781469325927, 37.651316565792271 ], [ -121.821511974734463, 37.650777578097212 ], [ -121.821511973652676, 37.650418252500444 ], [ -121.820344163682094, 37.6504182503744 ], [ -121.820344164407288, 37.650148756049312 ], [ -121.819984838907317, 37.650148755638874 ], [ -121.81971534428871, 37.649879261285186 ], [ -121.819715343686767, 37.649609766781829 ], [ -121.819445849347005, 37.649519934717617 ] ] ] } },
{ "type": "Feature", "properties": { "csb_id": "061825012336062", "acres": 41.356130336547501, "geoid": "06001" }, "geometry": { "type": "Polygon", "coordinates": [ [ [ -121.82151197477846, 37.654909826953208 ], [ -121.821511974563506, 37.654640332218406 ], [ -121.821242479644269, 37.654640332374072 ], [ -121.82124247956213, 37.654281006271688 ], [ -121.821871300962684, 37.654011511697547 ], [ -121.821781468532365, 37.653472522596054 ], [ -121.82151197506191, 37.653113196518298 ], [ -121.82007467005549, 37.653203028191122 ], [ -121.819984838845514, 37.65338269122109 ], [ -121.818817028652958, 37.653472522137662 ], [ -121.818278039807069, 37.653113195869913 ], [ -121.817918713231109, 37.653113196667711 ], [ -121.817918713317368, 37.650418250145677 ], [ -121.817649218753687, 37.650418250245188 ], [ -121.817649218437722, 37.650148755496467 ], [ -121.817918712918342, 37.649519935245237 ], [ -121.819445848622848, 37.649250440428908 ], [ -121.819445849347005, 37.649519934717617 ], [ -121.819086523408217, 37.649519935194974 ], [ -121.819176354455877, 37.650508081867507 ], [ -121.819715343988264, 37.650777576354848 ], [ -121.820344164124577, 37.650777576732359 ], [ -121.820344163682094, 37.6504182503744 ], [ -121.821511973652676, 37.650418252500444 ], [ -121.821781469509915, 37.651675891785459 ], [ -121.822140795439168, 37.651675893971671 ], [ -121.822140795122181, 37.651945387669905 ], [ -121.823578099657112, 37.651945386778323 ], [ -121.823578098576689, 37.654011511385463 ], [ -121.822949278484217, 37.654011511533724 ], [ -121.822949278135809, 37.654640332709 ], [ -121.822410288352188, 37.654640332285013 ], [ -121.822410289322434, 37.654909826639255 ], [ -121.82151197477846, 37.654909826953208 ] ] ] } },
{ "type": "Feature", "properties": { "csb_id": "061825012336063", "acres": 7.79290411236303, "geoid": "06001" }, "geometry": { "type": "Polygon", "coordinates": [ [ [ -121.769769014008773, 37.650777576460314 ], [ -121.769769014227137, 37.650418250385812 ], [ -121.769499519666411, 37.65041825052073 ], [ -121.769499519243752, 37.650777576356184 ], [ -121.769769014008773, 37.650777576460314 ], [ -121.76976901423248, 37.651316565390601 ], [ -121.76914019325568, 37.652035217745912 ], [ -121.768331709594705, 37.651945386063282 ], [ -121.768331709595586, 37.651675892296296 ], [ -121.768870698901338, 37.651047070968097 ], [ -121.768601203590762, 37.648980945783798 ], [ -121.769769013998086, 37.648980945996854 ], [ -121.76976901400343, 37.649879261331783 ], [ -121.770038509115395, 37.649879260982644 ], [ -121.770038509080294, 37.650777576828105 ], [ -121.769769014008773, 37.650777576460314 ] ], [ [ -121.769499520041492, 37.649969092750204 ], [ -121.769140193688798, 37.649879261022726 ], [ -121.7691401933008, 37.649969092926867 ], [ -121.769499520041492, 37.649969092750204 ] ] ] } },
{ "type": "Feature", "properties": { "csb_id": "061825012336064", "acres": 5.1366658969766599, "geoid": "06001" }, "geometry": { "type": "Polygon", "coordinates": [ [ [ -121.744436522608765, 37.651316566117153 ], [ -121.743897533764397, 37.651316566187077 ], [ -121.743897534301126, 37.651047071140269 ], [ -121.743538207914824, 37.651047071486431 ], [ -121.74353820733576, 37.64951993492479 ], [ -121.743897533544668, 37.649519934865488 ], [ -121.744167028133333, 37.650148756357105 ], [ -121.744795849740768, 37.650148756086523 ], [ -121.745694164460588, 37.65077757698441 ], [ -121.745694164332647, 37.651047071524168 ], [ -121.744795848796429, 37.65104707151449 ], [ -121.744436522608765, 37.651316566117153 ] ] ] } },
{ "type": "Feature", "properties": { "csb_id": "061825012336066", "acres": 3.7402616611217701, "geoid": "06001" }, "geometry": { "type": "Polygon", "coordinates": [ [ [ -121.676973044850044, 37.649969093152755 ], [ -121.676344224456997, 37.649879261068548 ], [ -121.676344224897392, 37.649250440951846 ], [ -121.676703550842532, 37.648980945627706 ], [ -121.676703550439342, 37.648352124890067 ], [ -121.677242539374419, 37.648352125639292 ], [ -121.677242538497225, 37.648621620374591 ], [ -121.677512034496146, 37.648621619736204 ], [ -121.677512034874269, 37.649879261301699 ], [ -121.677242540346313, 37.650148756000952 ], [ -121.67697304461278, 37.650148755712536 ], [ -121.676973044850044, 37.649969093152755 ] ] ] } },
{ "type": "Feature", "properties": { "csb_id": "061825012336067", "acres": 6.3476142347588498, "geoid": "06001" }, "geometry": { "type": "Polygon", "coordinates": [ [ [ -121.822679783809292, 37.65167589213646 ], [ -121.822679784633721, 37.649250441846839 ], [ -121.823308606157298, 37.649250440484465 ], [ -121.823308604070846, 37.648621620163055 ], [ -121.823667932464616, 37.648621619651074 ], [ -121.823667930593231, 37.651675892148333 ], [ -121.822679783809292, 37.65167589213646 ] ] ] } },
{ "type": "Feature", "properties": { "csb_id": "061825012336068", "acres": 10.8691014906159, "geoid": "06001" }, "geometry": { "type": "Polygon", "coordinates": [ [ [ -121.745694164204693, 37.651316566045423 ], [ -121.745694164460588, 37.65077757698441 ], [ -121.744795849740768, 37.650148756086523 ], [ -121.744167028133333, 37.650148756357105 ], [ -121.743897533544668, 37.649519934865488 ], [ -121.743897534387528, 37.649250440554638 ], [ -121.744167028233178, 37.648980946345205 ], [ -121.745334838002634, 37.648980945614944 ], [ -121.745334838747013, 37.649519935066969 ], [ -121.746592479313065, 37.649519935087298 ], [ -121.746592479414971, 37.649879260901386 ], [ -121.747131469319839, 37.649879261235697 ], [ -121.747131468850029, 37.651316565690188 ], [ -121.745694164204693, 37.651316566045423 ] ] ] } },
{ "type": "Feature", "properties": { "csb_id": "061825012336070", "acres": 15.4472642478335, "geoid": "06001" }, "geometry": { "type": "Polygon", "coordinates": [ [ [ -121.704012335279955, 37.652035217775008 ], [ -121.703383514784505, 37.650508081852912 ], [ -121.702215704183757, 37.65023858747039 ], [ -121.701946210051744, 37.649879261177681 ], [ -121.701946210209087, 37.649609766715734 ], [ -121.702575030916435, 37.649519934866206 ], [ -121.702844524995371, 37.649070777509039 ], [ -121.70311402031615, 37.649070777234257 ], [ -121.70311401968938, 37.649340271827093 ], [ -121.704371661451475, 37.649340272341988 ], [ -121.705180144791996, 37.650148756342965 ], [ -121.705180145569955, 37.65077757615115 ], [ -121.705808965350428, 37.650777576726725 ], [ -121.705808965692256, 37.651675892245514 ], [ -121.705539471498, 37.651675891558078 ], [ -121.705539471667507, 37.651945386780454 ], [ -121.705808965433405, 37.651945386846513 ], [ -121.705808965174555, 37.652214881428996 ], [ -121.705449639581715, 37.652214881049545 ], [ -121.705010482250714, 37.652763739055757 ], [ -121.704012335279955, 37.652035217775008 ] ], [ [ -121.704910650843502, 37.650777576746485 ], [ -121.704641156117034, 37.650777576745909 ], [ -121.704641156327611, 37.651047071314906 ], [ -121.704910650931495, 37.651047071553926 ], [ -121.704910650843502, 37.650777576746485 ] ], [ [ -121.704281829685129, 37.649609766551073 ], [ -121.703742840516355, 37.649609766799827 ], [ -121.703742840222731, 37.650148755747949 ], [ -121.704012335664601, 37.650148756159965 ], [ -121.704012335793649, 37.650418250295481 ], [ -121.704281830010288, 37.650418250588316 ], [ -121.704281829685129, 37.649609766551073 ] ] ] } },
{ "type": "Feature", "properties": { "csb_id": "061825012336071", "acres": 7.1778200135585299, "geoid": "06001" }, "geometry": { "type": "Polygon", "coordinates": [ [ [ -121.675176415252551, 37.649519935472895 ], [ -121.674906919146608, 37.649340272511743 ], [ -121.674906920024654, 37.649519935629492 ], [ -121.674008604289213, 37.649519935494247 ], [ -121.674008603866639, 37.648621620391857 ], [ -121.674547592691667, 37.648621620545256 ], [ -121.674637424672426, 37.648172462657364 ], [ -121.675176413780932, 37.648352125542679 ], [ -121.676074728949359, 37.648352125245303 ], [ -121.676074728853635, 37.648172462219314 ], [ -121.676344223711041, 37.648172462205459 ], [ -121.676344223357447, 37.6483521254696 ], [ -121.676703550112919, 37.648621620008896 ], [ -121.676703550842532, 37.648980945627706 ], [ -121.676344224897392, 37.649250440951846 ], [ -121.676344223884726, 37.649609766512782 ], [ -121.675176415252551, 37.649519935472895 ] ] ] } },
{ "type": "Feature", "properties": { "csb_id": "061825012336073", "acres": 13.7987779589445, "geoid": "06001" }, "geometry": { "type": "Polygon", "coordinates": [ [ [ -121.810462696337055, 37.650867408056669 ], [ -121.809025392512169, 37.650777576607155 ], [ -121.807857581795133, 37.650148756185942 ], [ -121.807857582027111, 37.6504182506295 ], [ -121.807498256477729, 37.65041825017952 ], [ -121.807498255481477, 37.651047071382386 ], [ -121.806060951892789, 37.650867407898545 ], [ -121.806060951359953, 37.649250440207247 ], [ -121.806599940281018, 37.649250440699817 ], [ -121.806599940876794, 37.648621620023768 ], [ -121.806959267328438, 37.648621620108749 ], [ -121.80695926669118, 37.64898094573828 ], [ -121.807228761242243, 37.649250440920206 ], [ -121.808127076607818, 37.649250440962952 ], [ -121.808755897871094, 37.649609767046357 ], [ -121.810372865086038, 37.649969092337159 ], [ -121.810822022711733, 37.650238587739871 ], [ -121.810822022723414, 37.650418250130663 ], [ -121.810193202066984, 37.650418250487135 ], [ -121.810193201859789, 37.650777576484344 ], [ -121.810462696337055, 37.650867408056669 ] ] ] } },
{ "type": "Feature", "properties": { "csb_id": "061825012336075", "acres": 15.7422149439231, "geoid": "06001" }, "geometry": { "type": "Polygon", "coordinates": [ [ [ -121.694220698396123, 37.650418250890176 ], [ -121.692154573022094, 37.650418250230416 ], [ -121.692154572904698, 37.650777576312535 ], [ -121.691525752402029, 37.650777576736139 ], [ -121.691525753057547, 37.650418250270725 ], [ -121.691256258392272, 37.650418250570596 ], [ -121.691256258522472, 37.64898094604677 ], [ -121.695119013924398, 37.648980946705819 ], [ -121.695119013812132, 37.648352125476038 ], [ -121.696286823470885, 37.64835212501459 ], [ -121.696286824414187, 37.648621620431896 ], [ -121.695388508617839, 37.648621620080192 ], [ -121.695388508624077, 37.648980945986104 ], [ -121.696286823754306, 37.648980945571488 ], [ -121.696286823705677, 37.649340272397644 ], [ -121.695119013735464, 37.649879261590073 ], [ -121.694759687461712, 37.650238587049969 ], [ -121.694759686265385, 37.650777576797353 ], [ -121.694220698558823, 37.650777576299191 ], [ -121.694220698396123, 37.650418250890176 ] ], [ [ -121.693951202849334, 37.649879261665234 ], [ -121.693951203687774, 37.649519935313826 ], [ -121.693591878435484, 37.649250440764483 ], [ -121.693052887315574, 37.649250441017443 ], [ -121.693052887658283, 37.649879261967335 ], [ -121.693951202849334, 37.649879261665234 ] ] ] } },
{ "type": "Feature", "properties": { "csb_id": "061825012336084", "acres": 3.53524614596253, "geoid": "06001" }, "geometry": { "type": "Polygon", "coordinates": [ [ [ -121.798335439722237, 37.648531788350866 ], [ -121.798335439970188, 37.648352124979603 ], [ -121.797976113513499, 37.648172462548892 ], [ -121.797077797513836, 37.648082631100806 ], [ -121.797077798447745, 37.647813136417312 ], [ -121.797976113547065, 37.647813136243379 ], [ -121.798065945991553, 37.647274146656137 ], [ -121.798964260998687, 37.647184315672973 ], [ -121.798874428728652, 37.64862161984923 ], [ -121.798335439722237, 37.648531788350866 ] ] ] } },
{ "type": "Feature", "properties": { "csb_id": "061825012336086", "acres": 2.7539761550589099, "geoid": "06001" }, "geometry": { "type": "Polygon", "coordinates": [ [ [ -121.674008603866639, 37.648621620391857 ], [ -121.674008604832679, 37.647184315072991 ], [ -121.674906919756111, 37.647184315750394 ], [ -121.674906919411001, 37.648172462144181 ], [ -121.674637424672426, 37.648172462657364 ], [ -121.674547592691667, 37.648621620545256 ], [ -121.674008603866639, 37.648621620391857 ] ] ] } },
{ "type": "Feature", "properties": { "csb_id": "061825012336089", "acres": 5.3028276813557298, "geoid": "06001" }, "geometry": { "type": "Polygon", "coordinates": [ [ [ -121.76976901400343, 37.649879261331783 ], [ -121.769769013998086, 37.648980945996854 ], [ -121.768601203590762, 37.648980945783798 ], [ -121.76833170988904, 37.648801282872675 ], [ -121.768331709544441, 37.64790296743594 ], [ -121.768601203655336, 37.64772330454408 ], [ -121.769140193325967, 37.647723304209173 ], [ -121.769140193652362, 37.647902967875616 ], [ -121.77003850830873, 37.647813136261902 ], [ -121.770038509115395, 37.649879260982644 ], [ -121.76976901400343, 37.649879261331783 ] ] ] } },
{ "type": "Feature", "properties": { "csb_id": "061825012336091", "acres": 5.2149806551755198, "geoid": "06001" }, "geometry": { "type": "Polygon", "coordinates": [ [ [ -121.694490192909527, 37.64808263113239 ], [ -121.694490193493777, 37.647184315544891 ], [ -121.694759687478808, 37.647184315883983 ], [ -121.694759687984032, 37.646914822180463 ], [ -121.695119014401143, 37.647004653404821 ], [ -121.695388508169074, 37.647453810287104 ], [ -121.695658003439675, 37.647453809499495 ], [ -121.695658002883434, 37.647184315338002 ], [ -121.696286823958019, 37.6474538103584 ], [ -121.696556318208962, 37.648352124913508 ], [ -121.69475968745077, 37.648352125570888 ], [ -121.694490192909527, 37.64808263113239 ] ] ] } },
{ "type": "Feature", "properties": { "csb_id": "061825012336094", "acres": 11.9823801001804, "geoid": "06001" }, "geometry": { "type": "Polygon", "coordinates": [ [ [ -121.680296811982799, 37.651136902889213 ], [ -121.679667990952026, 37.651136902694056 ], [ -121.679937485330015, 37.652035218045782 ], [ -121.679039169826311, 37.652035217802329 ], [ -121.679039170980488, 37.65140639756828 ], [ -121.678500180969124, 37.651406397421887 ], [ -121.678500181592298, 37.650508081878492 ], [ -121.678140854964795, 37.650508081695939 ], [ -121.678140855207275, 37.649969093234141 ], [ -121.679039170416871, 37.649969092901067 ], [ -121.679039169786307, 37.650508081932109 ], [ -121.679398496227421, 37.650508082283871 ], [ -121.679398496185996, 37.65023858710957 ], [ -121.679667990770611, 37.650238587908426 ], [ -121.67966799085184, 37.64996909247737 ], [ -121.679039170416871, 37.649969092901067 ], [ -121.679039170682316, 37.648441957083946 ], [ -121.678769676015051, 37.648441956323623 ], [ -121.678769676187713, 37.64754364134221 ], [ -121.678500181784543, 37.647543641560276 ], [ -121.678500181701764, 37.647274146895889 ], [ -121.679039170261589, 37.64727414734535 ], [ -121.67903917021016, 37.647902968006044 ], [ -121.6793984967603, 37.647902967457711 ], [ -121.679667990488966, 37.648172462162933 ], [ -121.679667991057045, 37.648801282771764 ], [ -121.679937485724452, 37.649070777533531 ], [ -121.679937485808495, 37.64960976701942 ], [ -121.680835801243973, 37.649609766341662 ], [ -121.680835800939505, 37.649969092717086 ], [ -121.680566306724032, 37.649969092780843 ], [ -121.68056630615682, 37.650867408290438 ], [ -121.6802968111854, 37.650867408141707 ], [ -121.680296811982799, 37.651136902889213 ] ], [ [ -121.679937485643194, 37.650508081804112 ], [ -121.680296811897918, 37.650508082325175 ], [ -121.680296811405796, 37.64996909248682 ], [ -121.679937485559122, 37.649969092442127 ], [ -121.679937485643194, 37.650508081804112 ], [ -121.679667991486667, 37.650508082222863 ], [ -121.679667991338718, 37.650867408184752 ], [ -121.679937485699242, 37.650867408004217 ], [ -121.679937485643194, 37.650508081804112 ] ], [ [ -121.679398495921774, 37.649070777577329 ], [ -121.679398496801952, 37.649609766970329 ], [ -121.679667990999789, 37.649609766432995 ], [ -121.679667990670382, 37.649070777423496 ], [ -121.679398495921774, 37.649070777577329 ] ] ] } },
{ "type": "Feature", "properties": { "csb_id": "061825012336095", "acres": 6.13291739865008, "geoid": "06001" }, "geometry": { "type": "Polygon", "coordinates": [ [ [ -121.69673598179179, 37.647004652297312 ], [ -121.697185139487175, 37.647274147310071 ], [ -121.697185139063322, 37.64790296798936 ], [ -121.698083454040756, 37.647902967280416 ], [ -121.698083454234649, 37.648441956719289 ], [ -121.698712275473369, 37.648441956904875 ], [ -121.699251264731032, 37.64880128294768 ], [ -121.699251264205756, 37.649070777278069 ], [ -121.698712274987301, 37.649340272133159 ], [ -121.696915644488541, 37.649340272488743 ], [ -121.69691564487205, 37.649070777265891 ], [ -121.697185139221276, 37.649070777349124 ], [ -121.697185139354218, 37.648172462433038 ], [ -121.696915644857896, 37.647543641185976 ], [ -121.696735981617749, 37.64754364167333 ], [ -121.69673598179179, 37.647004652297312 ] ] ] } },
{ "type": "Feature", "properties": { "csb_id": "061825012336101", "acres": 8.7209356247133005, "geoid": "06001" }, "geometry": { "type": "Polygon", "coordinates": [ [ [ -121.822410289428461, 37.648621619597932 ], [ -121.821781468650741, 37.648621620101174 ], [ -121.821781468865083, 37.648352125553828 ], [ -121.822140795270315, 37.647902967354426 ], [ -121.822679784688063, 37.64664532604673 ], [ -121.823039109956142, 37.646286000017582 ], [ -121.823667931134153, 37.646285999747249 ], [ -121.823667932464616, 37.648621619651074 ], [ -121.823308604070846, 37.648621620163055 ], [ -121.823308606157298, 37.649250440484465 ], [ -121.822679784633721, 37.649250441846839 ], [ -121.822679784580899, 37.648980945764968 ], [ -121.822410289428461, 37.648621619597932 ] ] ] } },
{ "type": "Feature", "properties": { "csb_id": "061825012336103", "acres": 10.225110322651901, "geoid": "06001" }, "geometry": { "type": "Polygon", "coordinates": [ [ [ -121.759079062552019, 37.647004651836916 ], [ -121.75907906162341, 37.646645326711436 ], [ -121.75845024199532, 37.646645326125523 ], [ -121.758450241298107, 37.646285999725393 ], [ -121.7587197361389, 37.646286000332658 ], [ -121.758719735771052, 37.645657179529927 ], [ -121.75961805102223, 37.645657179494329 ], [ -121.759618051596405, 37.645387684628474 ], [ -121.760516364929401, 37.645387685087378 ], [ -121.760516365110689, 37.645657179571401 ], [ -121.761145186951438, 37.645657179238633 ], [ -121.761145186994639, 37.645387685136456 ], [ -121.762312997233096, 37.645387685291404 ], [ -121.762582492032024, 37.645657179291803 ], [ -121.762582491857245, 37.646285999906688 ], [ -121.761145187626624, 37.646285999804363 ], [ -121.760246871914987, 37.646555494533018 ], [ -121.759618049769088, 37.64718431566434 ], [ -121.759079062552019, 37.647004651836916 ] ] ] } },
{ "type": "Feature", "properties": { "csb_id": "061825012336105", "acres": 3.6232328064818198, "geoid": "06001" }, "geometry": { "type": "Polygon", "coordinates": [ [ [ -121.781626775985799, 37.6463758324739 ], [ -121.780189472251493, 37.646286001278192 ], [ -121.780189471247098, 37.645657180015178 ], [ -121.780728460545063, 37.645477515514408 ], [ -121.78225559712007, 37.645747011476722 ], [ -121.782255596532082, 37.646286000596724 ], [ -121.781986102147741, 37.646555494794896 ], [ -121.781626776265639, 37.646555494441806 ], [ -121.781626775985799, 37.6463758324739 ] ] ] } },
{ "type": "Feature", "properties": { "csb_id": "061825012336106", "acres": 11.8905840190184, "geoid": "06001" }, "geometry": { "type": "Polygon", "coordinates": [ [ [ -121.795988240208644, 37.647734884804237 ], [ -121.794113358556302, 37.647004652295628 ], [ -121.793843863819959, 37.646824989623759 ], [ -121.793843863468368, 37.64655549490606 ], [ -121.794472684300601, 37.64655549488203 ], [ -121.794742179244764, 37.646106336761015 ], [ -121.795101504807022, 37.646106336937969 ], [ -121.795101505048592, 37.646286000457273 ], [ -121.795909988316055, 37.646286000253696 ], [ -121.795909988780693, 37.646016505543329 ], [ -121.797437124701588, 37.64601650590663 ], [ -121.797437125143958, 37.645657179880871 ], [ -121.797976114362186, 37.645657179434046 ], [ -121.797976113937864, 37.646914821194443 ], [ -121.797437124697964, 37.646914820586822 ], [ -121.797167630043205, 37.646645326153447 ], [ -121.79716762993101, 37.647184315424049 ], [ -121.7968083035327, 37.647813136095451 ], [ -121.795988240208644, 37.647734884804237 ] ] ] } },
{ "type": "Feature", "properties": { "csb_id": "061825012336107", "acres": 13.5453774406562, "geoid": "06001" }, "geometry": { "type": "Polygon", "coordinates": [ [ [ -121.676344223357447, 37.6483521254696 ], [ -121.676344223711041, 37.648172462205459 ], [ -121.676074728853635, 37.648172462219314 ], [ -121.676074728949359, 37.648352125245303 ], [ -121.675176413780932, 37.648352125542679 ], [ -121.674906919411001, 37.648172462144181 ], [ -121.674906919756111, 37.647184315750394 ], [ -121.674008604832679, 37.647184315072991 ], [ -121.674008604818482, 37.646555494270899 ], [ -121.674278099210113, 37.646285999741139 ], [ -121.677242539585123, 37.646286000432234 ], [ -121.67724253999117, 37.647453809910203 ], [ -121.677512034254107, 37.647453809655389 ], [ -121.677512034595864, 37.648082631106902 ], [ -121.677242539148907, 37.648082631123536 ], [ -121.677242539374419, 37.648352125639292 ], [ -121.676344223357447, 37.6483521254696 ] ], [ [ -121.676344223048744, 37.647543642051957 ], [ -121.676074729573457, 37.64745380979442 ], [ -121.676074729069967, 37.647543641444109 ], [ -121.676344223048744, 37.647543642051957 ] ], [ [ -121.676973043929195, 37.646914821109299 ], [ -121.676703550523612, 37.646914820410316 ], [ -121.676703550197189, 37.647184315628557 ], [ -121.676973045380052, 37.647184315229396 ], [ -121.676973043929195, 37.646914821109299 ] ] ] } },
{ "type": "Feature", "properties": { "csb_id": "061825012336108", "acres": 2.8517096505649602, "geoid": "06001" }, "geometry": { "type": "Polygon", "coordinates": [ [ [ -121.773362274750198, 37.646285999991683 ], [ -121.773362275348248, 37.645387684441616 ], [ -121.773901264023991, 37.645387684586879 ], [ -121.773901264310211, 37.645657179412481 ], [ -121.774530084882244, 37.645657179745548 ], [ -121.774530084820597, 37.645387685301515 ], [ -121.774799579220328, 37.64538768492843 ], [ -121.774799579446153, 37.646016505746879 ], [ -121.774530085046635, 37.646375831505033 ], [ -121.773362274750198, 37.646285999991683 ] ] ] } },
{ "type": "Feature", "properties": { "csb_id": "061825012336113", "acres": 3.03726824499602, "geoid": "06001" }, "geometry": { "type": "Polygon", "coordinates": [ [ [ -121.757821419143085, 37.646555494996825 ], [ -121.757282431121851, 37.646016505510694 ], [ -121.757282431370896, 37.645657179148351 ], [ -121.757821420646209, 37.645387685147028 ], [ -121.758719735998355, 37.64538768452104 ], [ -121.758719736366203, 37.646016505367335 ], [ -121.758450241709312, 37.646016505858661 ], [ -121.758450241298107, 37.646285999725393 ], [ -121.75818074707, 37.64628600024146 ], [ -121.758180747087522, 37.64655549471032 ], [ -121.757821419143085, 37.646555494996825 ] ] ] } },
{ "type": "Feature", "properties": { "csb_id": "061825012336114", "acres": 11.7582207738105, "geoid": "06001" }, "geometry": { "type": "Polygon", "coordinates": [ [ [ -121.702844525135291, 37.648352125758016 ], [ -121.702844524839492, 37.6470046522156 ], [ -121.702575030353245, 37.646285999950116 ], [ -121.703114020005415, 37.645657179847625 ], [ -121.704281829957722, 37.645657179638178 ], [ -121.704281830333898, 37.646016505800155 ], [ -121.70401233546491, 37.646016505405612 ], [ -121.704012334620401, 37.646555494467172 ], [ -121.704641155573029, 37.64655549492057 ], [ -121.704641155419736, 37.648082630655736 ], [ -121.704281830028947, 37.648621620138748 ], [ -121.703114019421108, 37.6486216196489 ], [ -121.702844525135291, 37.648352125758016 ] ] ] } },
{ "type": "Feature", "properties": { "csb_id": "061825012336118", "acres": 9.9639313640574905, "geoid": "06001" }, "geometry": { "type": "Polygon", "coordinates": [ [ [ -121.769769014361671, 37.647274146673041 ], [ -121.769499519245386, 37.646375831401159 ], [ -121.768870698932361, 37.646555494246947 ], [ -121.768601203904296, 37.64628600026473 ], [ -121.768601204213084, 37.64538768525054 ], [ -121.768870698731362, 37.645387684997623 ], [ -121.768870698485699, 37.645657179676697 ], [ -121.769499518988269, 37.645657179125493 ], [ -121.769499519458478, 37.645387684828123 ], [ -121.770397834678491, 37.645477516525986 ], [ -121.770397834180713, 37.646106336797452 ], [ -121.770667329231102, 37.646106336727016 ], [ -121.770936824166469, 37.645747011178948 ], [ -121.771835139301686, 37.645387685293564 ], [ -121.773002949075092, 37.645387684978679 ], [ -121.773002949306658, 37.646016505268676 ], [ -121.772733454601848, 37.646285999792788 ], [ -121.770846992353, 37.646375831918796 ], [ -121.770368533965836, 37.646615499726558 ], [ -121.769769014361671, 37.647274146673041 ] ] ] } },
{ "type": "Feature", "properties": { "csb_id": "061825012336121", "acres": 14.502619599782101, "geoid": "06001" }, "geometry": { "type": "Polygon", "coordinates": [ [ [ -121.766175752995409, 37.647184315738414 ], [ -121.766175752693172, 37.646286000028631 ], [ -121.76554693266003, 37.645747011193251 ], [ -121.76527743818427, 37.64574701121213 ], [ -121.765277437917447, 37.646016505816583 ], [ -121.764379122127337, 37.64610633757929 ], [ -121.764109628134051, 37.646286000426429 ], [ -121.764109627871562, 37.646914820989053 ], [ -121.764379122367615, 37.646914821690494 ], [ -121.764379122141278, 37.647184315497242 ], [ -121.763840133517263, 37.647184316698123 ], [ -121.763840133395092, 37.646016505356158 ], [ -121.762582491389765, 37.646016505752073 ], [ -121.762582492032024, 37.645657179291803 ], [ -121.762312997233096, 37.645387685291404 ], [ -121.767972383609475, 37.645387684462335 ], [ -121.76797238300685, 37.646555494521486 ], [ -121.76770288846842, 37.646555494649924 ], [ -121.767702889213865, 37.647453809583872 ], [ -121.767343562359613, 37.647453809910012 ], [ -121.767343563081653, 37.6472741469398 ], [ -121.766175752995409, 37.647184315738414 ] ] ] } },
{ "type": "Feature", "properties": { "csb_id": "061825012336124", "acres": 9.9517100973485704, "geoid": "06001" }, "geometry": { "type": "Polygon", "coordinates": [ [ [ -121.801569375206981, 37.64628599966651 ], [ -121.800401565659911, 37.646555494605565 ], [ -121.800401564729384, 37.64601650499997 ], [ -121.800132071314394, 37.645657180650034 ], [ -121.79986257565983, 37.645657179682864 ], [ -121.799233755557438, 37.646285999799609 ], [ -121.799233755236273, 37.646555494305041 ], [ -121.798874429326219, 37.646555494800971 ], [ -121.798604934240103, 37.646285999985459 ], [ -121.798604934235939, 37.645387684867913 ], [ -121.799233755465139, 37.645387685825213 ], [ -121.799503249662678, 37.645118190778639 ], [ -121.799503249825904, 37.644758865334559 ], [ -121.80103038631934, 37.644758864933131 ], [ -121.802198195508893, 37.646016506133833 ], [ -121.802198196535912, 37.646286000853038 ], [ -121.801569375206981, 37.64628599966651 ] ] ] } },
{ "type": "Feature", "properties": { "csb_id": "061825012336127", "acres": 5.05894857507373, "geoid": "06001" }, "geometry": { "type": "Polygon", "coordinates": [ [ [ -121.790609928844049, 37.645118189859048 ], [ -121.790250602982454, 37.644489369768756 ], [ -121.791148918050894, 37.6436808854059 ], [ -121.791508243728998, 37.64368088619144 ], [ -121.791508243610053, 37.643950380293546 ], [ -121.791777737945239, 37.643950380151892 ], [ -121.791777738634295, 37.643591054279611 ], [ -121.792047233071827, 37.643591054162364 ], [ -121.792047232962361, 37.644489369139563 ], [ -121.792676053468767, 37.644489370021653 ], [ -121.792406559707828, 37.644758864476721 ], [ -121.791777738630557, 37.644758863684018 ], [ -121.791777738248229, 37.645118190307919 ], [ -121.790609928844049, 37.645118189859048 ] ] ] } },
{ "type": "Feature", "properties": { "csb_id": "061825012336130", "acres": 9.8736103373646493, "geoid": "06001" }, "geometry": { "type": "Polygon", "coordinates": [ [ [ -121.702575030353245, 37.646285999950116 ], [ -121.701407221016396, 37.646286000046523 ], [ -121.701047894524592, 37.646555494457289 ], [ -121.700778400446879, 37.64655549464964 ], [ -121.7004190743707, 37.646286000351687 ], [ -121.700419074262754, 37.646016505973563 ], [ -121.700778399822852, 37.646016505435277 ], [ -121.700778399774379, 37.645657179171408 ], [ -121.700149579632438, 37.645657179703342 ], [ -121.700149579660945, 37.64475886458802 ], [ -121.700419073820896, 37.644758864356056 ], [ -121.701047895271373, 37.64430970678589 ], [ -121.702215704319599, 37.644758864264915 ], [ -121.702215704932712, 37.645387685094796 ], [ -121.703114019529579, 37.645387685238553 ], [ -121.703114020005415, 37.645657179847625 ], [ -121.702575030353245, 37.646285999950116 ] ] ] } },
{ "type": "Feature", "properties": { "csb_id": "061825012336132", "acres": 10.0687970736482, "geoid": "06001" }, "geometry": { "type": "Polygon", "coordinates": [ [ [ -121.705180145185849, 37.64898094587452 ], [ -121.705180145432124, 37.646555495005742 ], [ -121.704641156167725, 37.646375831510959 ], [ -121.704641155573029, 37.64655549492057 ], [ -121.704012334620401, 37.646555494467172 ], [ -121.70401233546491, 37.646016505405612 ], [ -121.704281830333898, 37.646016505800155 ], [ -121.704281829957722, 37.645657179638178 ], [ -121.704641155544437, 37.645657179364783 ], [ -121.705180145029104, 37.645387684559509 ], [ -121.705180145659469, 37.644758864503594 ], [ -121.704910651138917, 37.644758864231413 ], [ -121.704910650471845, 37.644219875686879 ], [ -121.705180144931802, 37.644219874622394 ], [ -121.705180144591509, 37.644489369261656 ], [ -121.705808966247503, 37.644758864046921 ], [ -121.705808966252278, 37.645477516163687 ], [ -121.706078460452318, 37.646555494785083 ], [ -121.706078460141583, 37.647453810270491 ], [ -121.705808965744239, 37.647453809839121 ], [ -121.705808965780321, 37.648352125262157 ], [ -121.705539471452028, 37.648980946290187 ], [ -121.705180145185849, 37.64898094587452 ] ] ] } },
{ "type": "Feature", "properties": { "csb_id": "061825012336133", "acres": 12.6357575212285, "geoid": "06001" }, "geometry": { "type": "Polygon", "coordinates": [ [ [ -121.793285574207204, 37.646515316266473 ], [ -121.793215043286892, 37.646286000006299 ], [ -121.793574367712566, 37.646016505872296 ], [ -121.794113358124591, 37.646016505220778 ], [ -121.794113358100844, 37.645387684927677 ], [ -121.794742179069559, 37.645387685037704 ], [ -121.794742179064926, 37.645118190362354 ], [ -121.795011673180255, 37.645118190521394 ], [ -121.795011673439404, 37.644758864226212 ], [ -121.795909988589585, 37.644848695394408 ], [ -121.796269315125457, 37.644758864488104 ], [ -121.796538809543719, 37.644489369413648 ], [ -121.798335439897258, 37.643950380853852 ], [ -121.798335440241175, 37.645208021544455 ], [ -121.798604934235939, 37.645387684867913 ], [ -121.797437125058337, 37.645477515995879 ], [ -121.797437124328823, 37.645747011080196 ], [ -121.797167630802107, 37.645747011030018 ], [ -121.797167630194878, 37.646016505856402 ], [ -121.795909988780693, 37.646016505543329 ], [ -121.795909988297936, 37.645657179472991 ], [ -121.795640493674497, 37.645477516174878 ], [ -121.795011674023371, 37.645477516544204 ], [ -121.794472684715416, 37.64574701066168 ], [ -121.794472684354275, 37.646106337246714 ], [ -121.794742179244764, 37.646106336761015 ], [ -121.794472684300601, 37.64655549488203 ], [ -121.793843863468368, 37.64655549490606 ], [ -121.793843863819959, 37.646824989623759 ], [ -121.793285574207204, 37.646515316266473 ] ] ] } },
{ "type": "Feature", "properties": { "csb_id": "061825012336135", "acres": 8.2916457171226803, "geoid": "06001" }, "geometry": { "type": "Polygon", "coordinates": [ [ [ -121.780189470976168, 37.6447588641579 ], [ -121.777764019815152, 37.644758864600057 ], [ -121.777764019630098, 37.644489369422516 ], [ -121.777225031356835, 37.644489369168966 ], [ -121.77722503090726, 37.644309706678378 ], [ -121.77695553587327, 37.644489369366489 ], [ -121.776596210725288, 37.644219874844225 ], [ -121.776596209709453, 37.643591054305084 ], [ -121.777225030700549, 37.643591054435632 ], [ -121.777225031373121, 37.64332155941608 ], [ -121.777494525427329, 37.643141897080085 ], [ -121.778123345582344, 37.643052065000276 ], [ -121.778662335314365, 37.643411391049469 ], [ -121.778662335786379, 37.643950380151963 ], [ -121.77893183025202, 37.644219874930066 ], [ -121.779560650336464, 37.644219875475812 ], [ -121.780189471709562, 37.644489369646585 ], [ -121.780189470976168, 37.6447588641579 ] ] ] } },
{ "type": "Feature", "properties": { "csb_id": "061825012336136", "acres": 16.319522111989102, "geoid": "06001" }, "geometry": { "type": "Polygon", "coordinates": [ [ [ -121.70401233529283, 37.645657179482058 ], [ -121.70374283927373, 37.645387684742325 ], [ -121.703742840933643, 37.645657179589797 ], [ -121.703114020005415, 37.645657179847625 ], [ -121.703114019529579, 37.645387685238553 ], [ -121.702215704932712, 37.645387685094796 ], [ -121.702215704319599, 37.644758864264915 ], [ -121.701946209940658, 37.644579201010494 ], [ -121.70194620887743, 37.64332155994078 ], [ -121.702215705157698, 37.643321559702642 ], [ -121.702305536688726, 37.643141896788968 ], [ -121.702844525246334, 37.643141896562248 ], [ -121.703114018596096, 37.643321560237638 ], [ -121.703114019868806, 37.643591053891811 ], [ -121.703383513635899, 37.643591054604123 ], [ -121.703383513282645, 37.643321559613312 ], [ -121.703742839979014, 37.64332156022612 ], [ -121.704910650819315, 37.643411391512352 ], [ -121.705180144509882, 37.643680885526251 ], [ -121.705269976622304, 37.644219874708369 ], [ -121.704910650471845, 37.644219875686879 ], [ -121.704910651138917, 37.644758864231413 ], [ -121.705180145659469, 37.644758864503594 ], [ -121.705180145029104, 37.645387684559509 ], [ -121.704641155544437, 37.645657179364783 ], [ -121.70401233529283, 37.645657179482058 ] ] ] } },
{ "type": "Feature", "properties": { "csb_id": "061825012336138", "acres": 8.2134918644181596, "geoid": "06001" }, "geometry": { "type": "Polygon", "coordinates": [ [ [ -121.798604934235939, 37.645387684867913 ], [ -121.798335440241175, 37.645208021544455 ], [ -121.798335439897258, 37.643950380853852 ], [ -121.798065945063016, 37.643950380787373 ], [ -121.798065946017175, 37.643680885959498 ], [ -121.797706618794692, 37.643591054254891 ], [ -121.797706619464805, 37.643411390894734 ], [ -121.799503250282044, 37.64314189631731 ], [ -121.799503249747175, 37.643950380050548 ], [ -121.800132071096002, 37.644040211953488 ], [ -121.800671059555754, 37.644489369698562 ], [ -121.800671059745326, 37.644758864425967 ], [ -121.799503249825904, 37.644758865334559 ], [ -121.799503249662678, 37.645118190778639 ], [ -121.799233755465139, 37.645387685825213 ], [ -121.798604934235939, 37.645387684867913 ] ] ] } },
{ "type": "Feature", "properties": { "csb_id": "061825012336139", "acres": 9.8303268074367907, "geoid": "06001" }, "geometry": { "type": "Polygon", "coordinates": [ [ [ -121.792676054113812, 37.64574701093089 ], [ -121.791927925592219, 37.645596823600954 ], [ -121.791148917860312, 37.645118190090081 ], [ -121.791777738248229, 37.645118190307919 ], [ -121.791777738630557, 37.644758863684018 ], [ -121.792316727976129, 37.644758863668329 ], [ -121.792676054342422, 37.645118190407487 ], [ -121.793215043119076, 37.645118190813896 ], [ -121.793574369277707, 37.644758864040845 ], [ -121.793843864031686, 37.643950380566665 ], [ -121.794113358002733, 37.643950380895816 ], [ -121.794113357901537, 37.643591054589848 ], [ -121.794472684675569, 37.643321560049159 ], [ -121.795011673680492, 37.64332155981176 ], [ -121.795370999974963, 37.64359105418049 ], [ -121.795371000048974, 37.643950379963364 ], [ -121.795909989342874, 37.643950380387246 ], [ -121.795909988878222, 37.64421987524085 ], [ -121.795640493802424, 37.644219875207312 ], [ -121.795370999915619, 37.644489369554584 ], [ -121.79537099969555, 37.644758863892335 ], [ -121.794203190096397, 37.644848695999222 ], [ -121.794113358100844, 37.645387684927677 ], [ -121.793574369444059, 37.645387684338381 ], [ -121.793215042555815, 37.645657179712018 ], [ -121.792676054113812, 37.64574701093089 ] ] ] } },
{ "type": "Feature", "properties": { "csb_id": "061825012336140", "acres": 7.2466607531966902, "geoid": "06001" }, "geometry": { "type": "Polygon", "coordinates": [ [ [ -121.786747172531221, 37.644758864089553 ], [ -121.786118351896093, 37.644489369236709 ], [ -121.786118352444547, 37.644219874700646 ], [ -121.786387847079595, 37.644219874586184 ], [ -121.786387846648083, 37.643950380031463 ], [ -121.786747173134884, 37.643950380145377 ], [ -121.78674717322636, 37.643591054138042 ], [ -121.787016667290416, 37.643591054113053 ], [ -121.78701666708352, 37.64332155989598 ], [ -121.787286162594242, 37.643052065181344 ], [ -121.787555656414, 37.643052065444472 ], [ -121.787555656236862, 37.642423244738339 ], [ -121.787914982364185, 37.642423244510972 ], [ -121.78791498321894, 37.642782570723469 ], [ -121.788184477511948, 37.643052065427533 ], [ -121.788184476944053, 37.643950380657067 ], [ -121.788453971747742, 37.644219874781072 ], [ -121.788453971363069, 37.644489369272016 ], [ -121.787914983051053, 37.644758863964455 ], [ -121.786747172531221, 37.644758864089553 ] ] ] } },
{ "type": "Feature", "properties": { "csb_id": "061825012336142", "acres": 3.9749332169206801, "geoid": "06001" }, "geometry": { "type": "Polygon", "coordinates": [ [ [ -121.788453971747742, 37.644219874781072 ], [ -121.788184476944053, 37.643950380657067 ], [ -121.788184477424494, 37.643141896873878 ], [ -121.788813298427669, 37.643052064983777 ], [ -121.789711613766457, 37.643591054085384 ], [ -121.789981107772689, 37.643591054000154 ], [ -121.789981108111078, 37.643950380537767 ], [ -121.789531950852123, 37.644219874970382 ], [ -121.788453971747742, 37.644219874781072 ] ] ] } },
{ "type": "Feature", "properties": { "csb_id": "061825012336145", "acres": 16.202479230106, "geoid": "06001" }, "geometry": { "type": "Polygon", "coordinates": [ [ [ -121.773362273543796, 37.643591054295513 ], [ -121.773002948427887, 37.643321560295632 ], [ -121.773002948196321, 37.642692739569377 ], [ -121.772463960073921, 37.642692738654702 ], [ -121.772463960230709, 37.641794423803923 ], [ -121.773002947638147, 37.641794424383136 ], [ -121.773002947563214, 37.642423244395466 ], [ -121.773901263075416, 37.642513076742233 ], [ -121.774530083979812, 37.643052065143983 ], [ -121.774799579624613, 37.643052065437473 ], [ -121.774799579257376, 37.643321559422965 ], [ -121.775428400714645, 37.643321559892435 ], [ -121.775428400429362, 37.6435910543373 ], [ -121.775697895033673, 37.643591054220884 ], [ -121.775697894959805, 37.643950380643865 ], [ -121.777764019815152, 37.644758864600057 ], [ -121.777764020020598, 37.645118190248532 ], [ -121.774799579281066, 37.64511819022664 ], [ -121.774799578239424, 37.644848695745281 ], [ -121.774530084370227, 37.644758863999826 ], [ -121.773631769386142, 37.644758864204604 ], [ -121.773631768568961, 37.644219874888243 ], [ -121.773362273543796, 37.643591054295513 ] ] ] } },
{ "type": "Feature", "properties": { "csb_id": "061825012336146", "acres": 11.4559412329848, "geoid": "06001" }, "geometry": { "type": "Polygon", "coordinates": [ [ [ -121.772104634189347, 37.645118189875753 ], [ -121.768241878148856, 37.645118190520598 ], [ -121.768241877442108, 37.644758863878302 ], [ -121.768870698834959, 37.644758863800284 ], [ -121.768870698530378, 37.644219875397617 ], [ -121.769499519882899, 37.644219874796491 ], [ -121.769499519250758, 37.643950380638437 ], [ -121.770038509104651, 37.643950380528736 ], [ -121.770038509037761, 37.643321559765788 ], [ -121.770308003086924, 37.643321559437638 ], [ -121.770308003128349, 37.643052065359868 ], [ -121.770667329466463, 37.643052064743088 ], [ -121.770667329249321, 37.64269273895826 ], [ -121.771206319022625, 37.642692739126595 ], [ -121.771206318157667, 37.643321559563567 ], [ -121.771565644517182, 37.643321559354945 ], [ -121.771565644618761, 37.644219875139385 ], [ -121.772104633679248, 37.644219874823293 ], [ -121.772104634189347, 37.645118189875753 ] ], [ [ -121.77030800319433, 37.644219874693981 ], [ -121.770038508389717, 37.644219875403813 ], [ -121.769769014094905, 37.644489369895993 ], [ -121.769769014604691, 37.644758864255643 ], [ -121.770667328906171, 37.644758863963936 ], [ -121.770667329845651, 37.64448936950793 ], [ -121.770308003459334, 37.644489369550364 ], [ -121.77030800319433, 37.644219874693981 ] ] ] } },
{ "type": "Feature", "properties": { "csb_id": "061825012336149", "acres": 20.861514074397601, "geoid": "06001" }, "geometry": { "type": "Polygon", "coordinates": [ [ [ -121.764379122113453, 37.645028359362783 ], [ -121.764109628254104, 37.644489369824107 ], [ -121.764109626708304, 37.642513076491547 ], [ -121.764738448483314, 37.642423244165748 ], [ -121.764738448432624, 37.64179442363956 ], [ -121.765277437729267, 37.641794423714131 ], [ -121.765277437996076, 37.641524928816544 ], [ -121.765546931572914, 37.641524929368856 ], [ -121.765546932358745, 37.642153749414256 ], [ -121.765007942653597, 37.642153750053687 ], [ -121.765007943611479, 37.642423244429644 ], [ -121.766764394826851, 37.642493820175886 ], [ -121.767792720295418, 37.644219874698884 ], [ -121.767792720845733, 37.644489369362631 ], [ -121.767074068690505, 37.644489369823738 ], [ -121.76707406772988, 37.644758864229836 ], [ -121.767343562349254, 37.644758864058126 ], [ -121.767343561266216, 37.645028358684506 ], [ -121.764379122113453, 37.645028359362783 ] ] ] } },
{ "type": "Feature", "properties": { "csb_id": "061825012336150", "acres": 6.6802159347448304, "geoid": "06001" }, "geometry": { "type": "Polygon", "coordinates": [ [ [ -121.763840132675057, 37.64475886417398 ], [ -121.763211312145572, 37.644758864037321 ], [ -121.763211312694921, 37.645028358756974 ], [ -121.762043502850048, 37.645028359091626 ], [ -121.76204350293375, 37.644758864229104 ], [ -121.763840133452533, 37.644489369578537 ], [ -121.763840133127715, 37.644219875203312 ], [ -121.763211311906218, 37.643950380386933 ], [ -121.762582492235182, 37.643950380158493 ], [ -121.762582492081421, 37.643591054605771 ], [ -121.762941818212127, 37.64332155950212 ], [ -121.762941818279785, 37.642423243907402 ], [ -121.763480807187321, 37.642423244669502 ], [ -121.763480807307886, 37.642692738930599 ], [ -121.764109627578193, 37.642692739489533 ], [ -121.764109628254104, 37.644489369824107 ], [ -121.764379122113453, 37.645028359362783 ], [ -121.763840132999889, 37.645028358511873 ], [ -121.763840132675057, 37.64475886417398 ] ] ] } },
{ "type": "Feature", "properties": { "csb_id": "061825012336151", "acres": 36.607384541891598, "geoid": "06001" }, "geometry": { "type": "Polygon", "coordinates": [ [ [ -121.761684176497425, 37.642423244496207 ], [ -121.761414681615648, 37.64242324423693 ], [ -121.761414680347727, 37.642692739022678 ], [ -121.761684176209442, 37.642692739281983 ], [ -121.761684176497425, 37.642423244496207 ], [ -121.762312995826704, 37.642423244773667 ], [ -121.762941816812074, 37.642153750344413 ], [ -121.762941818212127, 37.64332155950212 ], [ -121.762582492081421, 37.643591054605771 ], [ -121.762582492235182, 37.643950380158493 ], [ -121.763211311906218, 37.643950380386933 ], [ -121.763840133127715, 37.644219875203312 ], [ -121.763840133452533, 37.644489369578537 ], [ -121.76204350293375, 37.644758864229104 ], [ -121.762043502850048, 37.645028359091626 ], [ -121.756114621663883, 37.645028358933907 ], [ -121.755934959223239, 37.644758864288079 ], [ -121.756653610107904, 37.644219875022564 ], [ -121.757043114138554, 37.643621232612631 ], [ -121.758450241577236, 37.643052065691919 ], [ -121.759977377718954, 37.643052064686721 ], [ -121.759977377094629, 37.642153749558723 ], [ -121.761055355543434, 37.641524929567645 ], [ -121.761414681330592, 37.641524928818114 ], [ -121.761414682267329, 37.641794423188529 ], [ -121.761684176271245, 37.641794424068507 ], [ -121.761684176497425, 37.642423244496207 ] ] ] } },
{ "type": "Feature", "properties": { "csb_id": "061825012336153", "acres": 12.2959854657406, "geoid": "06001" }, "geometry": { "type": "Polygon", "coordinates": [ [ [ -121.795011673680492, 37.64332155981176 ], [ -121.794472684675569, 37.643321560049159 ], [ -121.794113357901537, 37.643591054589848 ], [ -121.794113358002733, 37.643950380895816 ], [ -121.792945548184761, 37.643950380053688 ], [ -121.792676053468767, 37.644489370021653 ], [ -121.792047232962361, 37.644489369139563 ], [ -121.792047233071827, 37.643591054162364 ], [ -121.791777738634295, 37.643591054279611 ], [ -121.79177773887551, 37.643321559913332 ], [ -121.792676054027623, 37.642782570020707 ], [ -121.793843863841644, 37.642692739307073 ], [ -121.793843863490054, 37.642423244302812 ], [ -121.793574369560872, 37.642423244573685 ], [ -121.793574369087025, 37.64215374978982 ], [ -121.794742179466311, 37.642243581701003 ], [ -121.795011673798143, 37.643052064753853 ], [ -121.795640494069573, 37.643141896876777 ], [ -121.795909988993898, 37.64305206541146 ], [ -121.795909988975751, 37.642423244107249 ], [ -121.796538809540692, 37.642423244393768 ], [ -121.796538809182351, 37.64332155947065 ], [ -121.796269315397069, 37.643591054484247 ], [ -121.795909988860117, 37.643591054125899 ], [ -121.795909988222476, 37.643321559467864 ], [ -121.795640494208754, 37.643321559912771 ], [ -121.795640494144806, 37.643950380592898 ], [ -121.795371000048974, 37.643950379963364 ], [ -121.795370999974963, 37.64359105418049 ], [ -121.795011673680492, 37.64332155981176 ] ], [ [ -121.792676053158019, 37.643321559385001 ], [ -121.792316727199633, 37.643321559703324 ], [ -121.7923167278161, 37.643591054308772 ], [ -121.792676053978795, 37.643591054229638 ], [ -121.792676053158019, 37.643321559385001 ] ] ] } },
{ "type": "Feature", "properties": { "csb_id": "061825012336154", "acres": 12.5498464072432, "geoid": "06001" }, "geometry": { "type": "Polygon", "coordinates": [ [ [ -121.772104633923988, 37.644758863707779 ], [ -121.772104633679248, 37.644219874823293 ], [ -121.771565644618761, 37.644219875139385 ], [ -121.771565644517182, 37.643321559354945 ], [ -121.771206318157667, 37.643321559563567 ], [ -121.771206319022625, 37.642692739126595 ], [ -121.770667329249321, 37.64269273895826 ], [ -121.770667329086464, 37.642423244597772 ], [ -121.771206318002186, 37.642423244527102 ], [ -121.771206318084054, 37.642153749669895 ], [ -121.772463959727062, 37.642153749864825 ], [ -121.772463960073921, 37.642692738654702 ], [ -121.773002948196321, 37.642692739569377 ], [ -121.773002948427887, 37.643321560295632 ], [ -121.773362273543796, 37.643591054295513 ], [ -121.773631768568961, 37.644219874888243 ], [ -121.773631769386142, 37.644758864204604 ], [ -121.774530084370227, 37.644758863999826 ], [ -121.774530084452437, 37.645118189979158 ], [ -121.772463959645179, 37.645118190029109 ], [ -121.772463959869668, 37.644848695262596 ], [ -121.772104633923988, 37.644758863707779 ] ] ] } },
{ "type": "Feature", "properties": { "csb_id": "061825012336159", "acres": 11.162458995626499, "geoid": "06001" }, "geometry": { "type": "Polygon", "coordinates": [ [ [ -121.785220036588854, 37.64359105399253 ], [ -121.784321721717944, 37.64305206469821 ], [ -121.784321721932912, 37.642692739279894 ], [ -121.78468104739153, 37.642243581595558 ], [ -121.785220036867926, 37.642153749591756 ], [ -121.785848856641209, 37.641614761321129 ], [ -121.786387846684619, 37.641524929198148 ], [ -121.787016667339444, 37.641794424100731 ], [ -121.787016667145636, 37.642153749654057 ], [ -121.786747172490024, 37.64215375001519 ], [ -121.786747173455083, 37.642692738974183 ], [ -121.787286162277056, 37.64269273861256 ], [ -121.787286162594242, 37.643052065181344 ], [ -121.78701666708352, 37.64332155989598 ], [ -121.78674717336358, 37.643052065064687 ], [ -121.78674717322636, 37.643591054138042 ], [ -121.78611835251975, 37.643591053996438 ], [ -121.786118352444547, 37.644219874700646 ], [ -121.785579363051042, 37.6440402117316 ], [ -121.785220036588854, 37.64359105399253 ] ] ] } },
{ "type": "Feature", "properties": { "csb_id": "061825012336162", "acres": 17.5506244235422, "geoid": "06001" }, "geometry": { "type": "Polygon", "coordinates": [ [ [ -121.790340433992981, 37.643591054312409 ], [ -121.789981108276294, 37.643052065301163 ], [ -121.788453972090537, 37.642692739377857 ], [ -121.788453971981127, 37.641524928700484 ], [ -121.78881329859324, 37.641524929404859 ], [ -121.789082793104967, 37.641255434456788 ], [ -121.789082792612021, 37.64098594036156 ], [ -121.789981106370533, 37.640896108754148 ], [ -121.790250602732215, 37.640985940234621 ], [ -121.790250602755904, 37.641255434426959 ], [ -121.79060992914053, 37.641345266337076 ], [ -121.792047232915522, 37.641255434343684 ], [ -121.792945548319665, 37.64161476072784 ], [ -121.792676053921937, 37.642063918310463 ], [ -121.79060992906696, 37.64350122240225 ], [ -121.790340433992981, 37.643591054312409 ] ] ] } },
{ "type": "Feature", "properties": { "csb_id": "061825012336163", "acres": 5.73298324270311, "geoid": "06001" }, "geometry": { "type": "Polygon", "coordinates": [ [ [ -121.703383513282645, 37.643321559613312 ], [ -121.703383514703575, 37.642692738644371 ], [ -121.703114019792835, 37.642692738885707 ], [ -121.70284452569193, 37.642423244575951 ], [ -121.702844525867576, 37.641794423793428 ], [ -121.703742841187506, 37.641794423617029 ], [ -121.703742840935888, 37.641524929122703 ], [ -121.704641154332364, 37.641524929441069 ], [ -121.704641154670142, 37.643052065194922 ], [ -121.703742840524214, 37.643052064739827 ], [ -121.703742839979014, 37.64332156022612 ], [ -121.703383513282645, 37.643321559613312 ] ] ] } },
{ "type": "Feature", "properties": { "csb_id": "061825012336164", "acres": 6.08458420032572, "geoid": "06001" }, "geometry": { "type": "Polygon", "coordinates": [ [ [ -121.702844525246334, 37.643141896562248 ], [ -121.702305536688726, 37.643141896788968 ], [ -121.702215705157698, 37.643321559702642 ], [ -121.70194620887743, 37.64332155994078 ], [ -121.701946209822637, 37.643591054599469 ], [ -121.701047895071909, 37.643591054292486 ], [ -121.701047895188168, 37.64332156011055 ], [ -121.701676715413669, 37.643321560825797 ], [ -121.702215704640793, 37.6430520656467 ], [ -121.702215705128509, 37.641794424609571 ], [ -121.701946210482362, 37.641794423843187 ], [ -121.701946210305906, 37.641255435738479 ], [ -121.702844525773301, 37.641255434258433 ], [ -121.702844525444817, 37.640896108226137 ], [ -121.703114019946597, 37.640896109108517 ], [ -121.703383514573545, 37.64125543418438 ], [ -121.703383514974377, 37.641794423574737 ], [ -121.702844525867576, 37.641794423793428 ], [ -121.70284452569193, 37.642423244575951 ], [ -121.703114019792835, 37.642692738885707 ], [ -121.703383514703575, 37.642692738644371 ], [ -121.703383513635899, 37.643591054604123 ], [ -121.703114019868806, 37.643591053891811 ], [ -121.703114018596096, 37.643321560237638 ], [ -121.702844525246334, 37.643141896562248 ] ] ] } },
{ "type": "Feature", "properties": { "csb_id": "061825012336165", "acres": 21.8283319474784, "geoid": "06001" }, "geometry": { "type": "Polygon", "coordinates": [ [ [ -121.701047895071909, 37.643591054292486 ], [ -121.698712274641622, 37.643591054063101 ], [ -121.698712275738913, 37.642692739227442 ], [ -121.698083454491325, 37.642782570338184 ], [ -121.697185139287484, 37.642153750134113 ], [ -121.697185138623482, 37.641255434718083 ], [ -121.69952075914459, 37.641255434396548 ], [ -121.699520758496774, 37.641524929488334 ], [ -121.701047895148037, 37.641524929459401 ], [ -121.701047895031806, 37.641794423766285 ], [ -121.701946210305906, 37.641255435738479 ], [ -121.701946210482362, 37.641794423843187 ], [ -121.702215705128509, 37.641794424609571 ], [ -121.702215704640793, 37.6430520656467 ], [ -121.701676715413669, 37.643321560825797 ], [ -121.701047895061876, 37.643141896738946 ], [ -121.701047895071909, 37.643591054292486 ] ] ] } },
{ "type": "Feature", "properties": { "csb_id": "061825012336168", "acres": 4.2411368320424296, "geoid": "06001" }, "geometry": { "type": "Polygon", "coordinates": [ [ [ -121.768241878066803, 37.643052064714631 ], [ -121.767433394385179, 37.64314189659386 ], [ -121.766265584419898, 37.641255434968784 ], [ -121.767343562893714, 37.641255434220668 ], [ -121.767343562913055, 37.641524928851453 ], [ -121.767972383935856, 37.641524929392681 ], [ -121.767972383730665, 37.641794423623026 ], [ -121.767343562932382, 37.64179442346348 ], [ -121.76734356261008, 37.642423244231679 ], [ -121.768241877994072, 37.642423244333941 ], [ -121.768241878066803, 37.643052064714631 ] ] ] } },
{ "type": "Feature", "properties": { "csb_id": "061825012336172", "acres": 4.9400208568879398, "geoid": "06001" }, "geometry": { "type": "Polygon", "coordinates": [ [ [ -121.7833335748834, 37.642243581655997 ], [ -121.783153911949512, 37.641884255626145 ], [ -121.783423406026841, 37.641524929327993 ], [ -121.783423406491337, 37.640896108432003 ], [ -121.78495054194498, 37.640985939741896 ], [ -121.785130205411505, 37.641345266360219 ], [ -121.784052226815732, 37.642513076356224 ], [ -121.784052227650264, 37.642243581398517 ], [ -121.7833335748834, 37.642243581655997 ] ] ] } },
{ "type": "Feature", "properties": { "csb_id": "061825012336173", "acres": 17.013387130036499, "geoid": "06001" }, "geometry": { "type": "Polygon", "coordinates": [ [ [ -121.769769013090382, 37.643321560835631 ], [ -121.769769013682932, 37.643052066137209 ], [ -121.76949952092022, 37.643052066133031 ], [ -121.76949951824534, 37.643321561070437 ], [ -121.769769013090382, 37.643321560835631 ], [ -121.76976901470249, 37.643591055037341 ], [ -121.769499518877481, 37.643591055272154 ], [ -121.769499519250758, 37.643950380638437 ], [ -121.769140192294188, 37.643950381631981 ], [ -121.769140193824398, 37.644219875312054 ], [ -121.768601204338722, 37.644219874648158 ], [ -121.768601203113093, 37.644489369408163 ], [ -121.76824187807614, 37.644489370474638 ], [ -121.7679723823138, 37.644219875390156 ], [ -121.767972384417263, 37.643950379990756 ], [ -121.768331708249733, 37.643950380339618 ], [ -121.768331709353006, 37.643680885781173 ], [ -121.768241877249778, 37.643321561036075 ], [ -121.76770288924935, 37.643141896152017 ], [ -121.768241878066803, 37.643052064714631 ], [ -121.768241877994072, 37.642423244333941 ], [ -121.767702888959462, 37.64242324428394 ], [ -121.76797238282434, 37.64215374968019 ], [ -121.767972383935856, 37.641524929392681 ], [ -121.768870699395166, 37.641524928965197 ], [ -121.76887069884495, 37.641255435097833 ], [ -121.769140192751038, 37.640896108582851 ], [ -121.770667327857197, 37.640896108674703 ], [ -121.771206320051292, 37.641524928804422 ], [ -121.771206318084054, 37.642153749669895 ], [ -121.770667328127772, 37.642153751317274 ], [ -121.770667329249321, 37.64269273895826 ], [ -121.770038507868534, 37.642692739139861 ], [ -121.770038509037761, 37.643321559765788 ], [ -121.769769013090382, 37.643321560835631 ] ], [ [ -121.769140192194499, 37.643052066602223 ], [ -121.769140191541695, 37.642692738812748 ], [ -121.768870696595613, 37.642692740952924 ], [ -121.768870696431222, 37.643052066784094 ], [ -121.769140192194499, 37.643052066602223 ] ] ] } },
{ "type": "Feature", "properties": { "csb_id": "061825012336174", "acres": 3.3011511740977002, "geoid": "06001" }, "geometry": { "type": "Polygon", "coordinates": [ [ [ -121.766175753331268, 37.64089610828642 ], [ -121.768870698702898, 37.640896108240348 ], [ -121.768870699395166, 37.641524928965197 ], [ -121.767343562913055, 37.641524928851453 ], [ -121.767343562893714, 37.641255434220668 ], [ -121.766265584419898, 37.641255434968784 ], [ -121.766175753331268, 37.64089610828642 ] ] ] } },
{ "type": "Feature", "properties": { "csb_id": "061825012336175", "acres": 9.6032122501710404, "geoid": "06001" }, "geometry": { "type": "Polygon", "coordinates": [ [ [ -121.765277437466992, 37.641255434998868 ], [ -121.76437912218357, 37.641345266306082 ], [ -121.764468953286013, 37.641524929076809 ], [ -121.764738448454665, 37.641524929219848 ], [ -121.764738448505369, 37.642153749789799 ], [ -121.762941816812074, 37.642153750344413 ], [ -121.762941818223254, 37.641794423908436 ], [ -121.762582491495991, 37.641794423525162 ], [ -121.762312996545276, 37.641884255049852 ], [ -121.762312997441526, 37.642153750112023 ], [ -121.761684176785408, 37.642153749691659 ], [ -121.761684176271245, 37.641794424068507 ], [ -121.761414682267329, 37.641794423188529 ], [ -121.761414681330592, 37.641524928818114 ], [ -121.761684176559228, 37.641524929220282 ], [ -121.761744708018981, 37.641135776004496 ], [ -121.762312997158787, 37.640896109495856 ], [ -121.763480806626148, 37.640896108290619 ], [ -121.76357063818314, 37.641255434951951 ], [ -121.763840132879892, 37.641524928844987 ], [ -121.76410962774213, 37.641524929519022 ], [ -121.764109628004618, 37.640896108083425 ], [ -121.765007942694837, 37.640896108715552 ], [ -121.765277437471497, 37.640446951235838 ], [ -121.765965912494224, 37.641285612321873 ], [ -121.765906258648798, 37.64152492898674 ], [ -121.765277437996076, 37.641524928816544 ], [ -121.765277437466992, 37.641255434998868 ] ] ] } },
{ "type": "Feature", "properties": { "csb_id": "061825012336178", "acres": 6.94403569532217, "geoid": "06001" }, "geometry": { "type": "Polygon", "coordinates": [ [ [ -121.799503250282044, 37.64314189631731 ], [ -121.797706619464805, 37.643411390894734 ], [ -121.797706620009535, 37.643052065248334 ], [ -121.797437125441888, 37.643052065368607 ], [ -121.797437124409257, 37.642423244250701 ], [ -121.797706619257852, 37.642153750056117 ], [ -121.797976114172442, 37.642153749481729 ], [ -121.797976114286712, 37.640626613336451 ], [ -121.798335440541109, 37.640626613805857 ], [ -121.798335440559654, 37.641255434311383 ], [ -121.798604934929301, 37.641524928822712 ], [ -121.798964260773971, 37.642423244503675 ], [ -121.79923375506327, 37.64269273897866 ], [ -121.799503249858276, 37.642692739183069 ], [ -121.799503250282044, 37.64314189631731 ] ] ] } },
{ "type": "Feature", "properties": { "csb_id": "061825012336180", "acres": 19.787191723639801, "geoid": "06001" }, "geometry": { "type": "Polygon", "coordinates": [ [ [ -121.775697895033673, 37.643591054220884 ], [ -121.775697895441326, 37.643321559537036 ], [ -121.775069072575192, 37.643321559837638 ], [ -121.775069074167106, 37.643052065374043 ], [ -121.774799579624613, 37.643052065437473 ], [ -121.774799579398831, 37.64242324413906 ], [ -121.773901263510552, 37.642423244330523 ], [ -121.773901265735461, 37.642153749662029 ], [ -121.773002949441221, 37.642153749584367 ], [ -121.773002947638147, 37.641794424383136 ], [ -121.772463960230709, 37.641794423803923 ], [ -121.772463959727062, 37.642153749864825 ], [ -121.771565644906119, 37.642153749985518 ], [ -121.771565645049378, 37.641794424021001 ], [ -121.771835139487109, 37.641794423657835 ], [ -121.771835139793509, 37.641524929138455 ], [ -121.77210463398653, 37.641255434261772 ], [ -121.772463959883851, 37.641255434889075 ], [ -121.772463960387469, 37.640896108744791 ], [ -121.77300294928456, 37.640896108510503 ], [ -121.773362274930633, 37.640626614150491 ], [ -121.773362275502009, 37.640357119214329 ], [ -121.773901264522877, 37.640357119686456 ], [ -121.774799579968175, 37.640985939547676 ], [ -121.775069074654212, 37.641524929107547 ], [ -121.775697895321457, 37.641524928756382 ], [ -121.776326715786837, 37.641794424124839 ], [ -121.776326715937657, 37.64224358150944 ], [ -121.777225030716863, 37.642423244412406 ], [ -121.777225030820219, 37.642782570658611 ], [ -121.777494525120488, 37.643052064825483 ], [ -121.777764019604149, 37.643052065297709 ], [ -121.777225031373121, 37.64332155941608 ], [ -121.777225030700549, 37.643591054435632 ], [ -121.775697895033673, 37.643591054220884 ] ] ] } },
{ "type": "Feature", "properties": { "csb_id": "061825012336181", "acres": 7.7058881978254101, "geoid": "06001" }, "geometry": { "type": "Polygon", "coordinates": [ [ [ -121.797167630342656, 37.641884255181928 ], [ -121.79770661931417, 37.641884255581935 ], [ -121.797706619370473, 37.641614761088967 ], [ -121.797167629847607, 37.641614760307895 ], [ -121.797167630342656, 37.641884255181928 ], [ -121.796538809817037, 37.64188425541964 ], [ -121.796269313475634, 37.641524929180569 ], [ -121.796269314328995, 37.640896108629875 ], [ -121.797437124280904, 37.640985939955442 ], [ -121.797437124940814, 37.641345266174561 ], [ -121.797706619120007, 37.641345265717668 ], [ -121.797706619664709, 37.64098593987967 ], [ -121.797437124280904, 37.640985939955442 ], [ -121.797437125317131, 37.640716445399931 ], [ -121.797706619721026, 37.640716445324131 ], [ -121.797706619401524, 37.639997792877594 ], [ -121.797976113669861, 37.640357119615487 ], [ -121.798335439413108, 37.640357118986081 ], [ -121.798335440541109, 37.640626613805857 ], [ -121.797976114286712, 37.640626613336451 ], [ -121.797976114172442, 37.642153749481729 ], [ -121.797706619257852, 37.642153750056117 ], [ -121.797437125003171, 37.642513076145285 ], [ -121.796808304346641, 37.642513075717829 ], [ -121.796808303535073, 37.642782570529398 ], [ -121.79653880945871, 37.642782570621392 ], [ -121.796538809540692, 37.642423244393768 ], [ -121.795909988975751, 37.642423244107249 ], [ -121.795909988993898, 37.64305206541146 ], [ -121.795640494551108, 37.643052065236063 ], [ -121.795370999226137, 37.64278257024759 ], [ -121.795370999312851, 37.643052065563396 ], [ -121.795011673798143, 37.643052064753853 ], [ -121.794742178530058, 37.642423244539401 ], [ -121.794742179466311, 37.642243581701003 ], [ -121.797167629695934, 37.642243581317693 ], [ -121.797167630342656, 37.641884255181928 ] ] ] } },
{ "type": "Feature", "properties": { "csb_id": "061825012336182", "acres": 3.6587142634925098, "geoid": "06001" }, "geometry": { "type": "Polygon", "coordinates": [ [ [ -121.764109628004618, 37.640896108083425 ], [ -121.764109628108528, 37.640626614079075 ], [ -121.763840133205747, 37.640626614121828 ], [ -121.7635706389581, 37.640357118924797 ], [ -121.764833719491193, 37.639425204671483 ], [ -121.765237258639502, 37.64006836910319 ], [ -121.765277437471497, 37.640446951235838 ], [ -121.765007942694837, 37.640896108715552 ], [ -121.764109628004618, 37.640896108083425 ] ] ] } },
{ "type": "Feature", "properties": { "csb_id": "061825012336186", "acres": 9.0733901512397708, "geoid": "06001" }, "geometry": { "type": "Polygon", "coordinates": [ [ [ -121.771206320051292, 37.641524928804422 ], [ -121.770667327857197, 37.640896108674703 ], [ -121.76949951965949, 37.640896109019685 ], [ -121.769499519238693, 37.640446951248087 ], [ -121.769140192751038, 37.640896108582851 ], [ -121.767074068514759, 37.64089610839779 ], [ -121.766804573530081, 37.640626614065461 ], [ -121.766804572959558, 37.640357118990401 ], [ -121.768601204166501, 37.640446950725121 ], [ -121.768601204474095, 37.639997792997626 ], [ -121.768870698562722, 37.639997793219258 ], [ -121.768870698398331, 37.640357119300489 ], [ -121.769499519191115, 37.640357119123912 ], [ -121.769499519758213, 37.639458804023981 ], [ -121.770308003311726, 37.639458803721453 ], [ -121.770667329356087, 37.639728298623822 ], [ -121.770667329736071, 37.640357119206868 ], [ -121.771206318487017, 37.640626612730685 ], [ -121.771206317928574, 37.641255434362705 ], [ -121.771835138997631, 37.641255434839366 ], [ -121.771835139793509, 37.641524929138455 ], [ -121.771565645233437, 37.641524929740676 ], [ -121.771565644783692, 37.641884254870554 ], [ -121.771206317370087, 37.641884255892599 ], [ -121.771206320051292, 37.641524928804422 ] ] ] } },
{ "type": "Feature", "properties": { "csb_id": "061825012336187", "acres": 12.169485007749, "geoid": "06001" }, "geometry": { "type": "Polygon", "coordinates": [ [ [ -121.703383514974377, 37.641794423574737 ], [ -121.703383514573545, 37.64125543418438 ], [ -121.703114019946597, 37.640896109108517 ], [ -121.702844525444817, 37.640896108226137 ], [ -121.702844525773301, 37.641255434258433 ], [ -121.701946210305906, 37.641255435738479 ], [ -121.701946209931648, 37.640357119612091 ], [ -121.702215704864031, 37.640357119186532 ], [ -121.702215705073542, 37.639997792687751 ], [ -121.702575030369658, 37.639728298880918 ], [ -121.70131738965317, 37.639728298199117 ], [ -121.701317388789505, 37.639458803748319 ], [ -121.704281829310062, 37.639279140831157 ], [ -121.704641156389883, 37.639458803639521 ], [ -121.704641156505247, 37.63999779346787 ], [ -121.70428182975661, 37.639997793444245 ], [ -121.704281829527844, 37.640626613463283 ], [ -121.704641156017644, 37.640626614202141 ], [ -121.704641155530027, 37.641255434834221 ], [ -121.704281829604753, 37.641255434239959 ], [ -121.704281828508712, 37.641524929468275 ], [ -121.703742840935888, 37.641524929122703 ], [ -121.703742841187506, 37.641794423617029 ], [ -121.703383514974377, 37.641794423574737 ] ] ] } },
{ "type": "Feature", "properties": { "csb_id": "061825012336191", "acres": 6.1434693773976896, "geoid": "06001" }, "geometry": { "type": "Polygon", "coordinates": [ [ [ -121.758719736240934, 37.639728298958694 ], [ -121.758180746346554, 37.638290994136575 ], [ -121.75871973667789, 37.638290994318645 ], [ -121.758719736082824, 37.637931667764633 ], [ -121.759618051519368, 37.637931667768932 ], [ -121.75961805175406, 37.638290994418909 ], [ -121.759348556457908, 37.638380826156428 ], [ -121.760246871643588, 37.638380825537439 ], [ -121.760246871782286, 37.638829983494219 ], [ -121.759977377493115, 37.638919816132137 ], [ -121.75997737761287, 37.639189309728437 ], [ -121.759618051258485, 37.639548635400566 ], [ -121.759348556280841, 37.639728297384984 ], [ -121.758719736240934, 37.639728298958694 ] ] ] } },
{ "type": "Feature", "properties": { "csb_id": "061825012336192", "acres": 27.9332169801534, "geoid": "06001" }, "geometry": { "type": "Polygon", "coordinates": [ [ [ -121.699520758496774, 37.641524929488334 ], [ -121.69952075914459, 37.641255434396548 ], [ -121.696915644092329, 37.641255434336074 ], [ -121.696646149897134, 37.640716445067326 ], [ -121.69655631816461, 37.639458803808033 ], [ -121.696915644365831, 37.638919815051921 ], [ -121.697454634065707, 37.639189309530124 ], [ -121.698083453846365, 37.639189309267259 ], [ -121.698083454207847, 37.638919815204424 ], [ -121.698712275129537, 37.638919814659168 ], [ -121.699251264681436, 37.639189309116034 ], [ -121.700419073671583, 37.639189309282656 ], [ -121.701317388789505, 37.639458803748319 ], [ -121.70131738965317, 37.639728298199117 ], [ -121.702215704556664, 37.639728298400414 ], [ -121.702215704864031, 37.640357119186532 ], [ -121.701946209931648, 37.640357119612091 ], [ -121.701946210305906, 37.641255435738479 ], [ -121.701317389305416, 37.641524930254448 ], [ -121.699520758496774, 37.641524929488334 ] ] ] } },
{ "type": "Feature", "properties": { "csb_id": "061825012336196", "acres": 2.46131102339131, "geoid": "06001" }, "geometry": { "type": "Polygon", "coordinates": [ [ [ -121.760875692720717, 37.638919815988494 ], [ -121.759977377493115, 37.638919816132137 ], [ -121.760246871782286, 37.638829983494219 ], [ -121.760246871481257, 37.638290994895065 ], [ -121.761414682824324, 37.637931669115993 ], [ -121.762043502701644, 37.638021500045923 ], [ -121.762043502311585, 37.638290994517725 ], [ -121.761414682031912, 37.638290995098238 ], [ -121.760875692720717, 37.638919815988494 ] ] ] } },
{ "type": "Feature", "properties": { "csb_id": "061825012336201", "acres": 33.761715519594297, "geoid": "06001" }, "geometry": { "type": "Polygon", "coordinates": [ [ [ -121.793304874951275, 37.641524929360827 ], [ -121.793215043101583, 37.640896108866563 ], [ -121.792047233279007, 37.640985939575806 ], [ -121.792047232915522, 37.641255434343684 ], [ -121.791777738641755, 37.641255434416109 ], [ -121.791777738710991, 37.640357119406929 ], [ -121.791508244396937, 37.640357119600949 ], [ -121.791508244278035, 37.640626613934245 ], [ -121.790879423277218, 37.640896108038056 ], [ -121.790879423255234, 37.641255434922599 ], [ -121.790250602755904, 37.641255434426959 ], [ -121.790250602732215, 37.640985940234621 ], [ -121.789711613834598, 37.640896108794387 ], [ -121.789352287878259, 37.640626614039881 ], [ -121.789352287372424, 37.640985940374001 ], [ -121.789082792612021, 37.64098594036156 ], [ -121.788813297663964, 37.640626614136437 ], [ -121.788184477011171, 37.640357118968026 ], [ -121.787555655200251, 37.640357119470117 ], [ -121.787555655162492, 37.64062661437174 ], [ -121.787016667708215, 37.640626614258004 ], [ -121.787016668296914, 37.64035711873592 ], [ -121.787286160635816, 37.63999779368087 ], [ -121.788813297656588, 37.639997793462712 ], [ -121.788813297889021, 37.638919815138294 ], [ -121.78764548830182, 37.638919814922112 ], [ -121.78764548785, 37.63927914146003 ], [ -121.787016667469445, 37.639279140854789 ], [ -121.78674717282442, 37.638919815208155 ], [ -121.78674717296164, 37.638380825484127 ], [ -121.789711613682186, 37.638470657492775 ], [ -121.790609928303681, 37.638740152167209 ], [ -121.791148917736166, 37.639548635710227 ], [ -121.791508244446987, 37.639548635628692 ], [ -121.791777738573586, 37.639279141168259 ], [ -121.79177773816042, 37.638919815101559 ], [ -121.792676053780639, 37.638919814744845 ], [ -121.792676053833489, 37.639279140908741 ], [ -121.792945548761281, 37.63927914085275 ], [ -121.793215042701533, 37.639189309427344 ], [ -121.793215042546706, 37.638829983636263 ], [ -121.793574368855488, 37.638560489065469 ], [ -121.794742178569621, 37.638560488626254 ], [ -121.794742179208328, 37.638919815018077 ], [ -121.794472684053446, 37.638919814749492 ], [ -121.794472684000496, 37.639458803605542 ], [ -121.794742178910809, 37.639458804352508 ], [ -121.795371000030372, 37.63999779342079 ], [ -121.795370999516294, 37.640177456602643 ], [ -121.793514013532914, 37.641464573188962 ], [ -121.793304874951275, 37.641524929360827 ] ], [ [ -121.793215042971028, 37.639458804178453 ], [ -121.792945548185415, 37.639458803731593 ], [ -121.792945548442603, 37.639818130084507 ], [ -121.793304874481777, 37.640177456518643 ], [ -121.793574369369381, 37.640177455789626 ], [ -121.793574369356023, 37.6397282986119 ], [ -121.79330487469268, 37.639728298720527 ], [ -121.793215042971028, 37.639458804178453 ] ], [ [ -121.790879422938048, 37.640446950854141 ], [ -121.790609928910783, 37.640446950780657 ], [ -121.790609928797636, 37.640626614128358 ], [ -121.790879423478188, 37.640626614201913 ], [ -121.790879422938048, 37.640446950854141 ] ], [ [ -121.790250602496172, 37.640626614042567 ], [ -121.790340433511332, 37.639548635302738 ], [ -121.789981107881289, 37.63927914130683 ], [ -121.789711613998151, 37.639279141062964 ], [ -121.789711613873223, 37.640177456457288 ], [ -121.789981107976359, 37.640357119441049 ], [ -121.789981108122333, 37.640626613437966 ], [ -121.790250602496172, 37.640626614042567 ] ], [ [ -121.789082792522635, 37.640357119267897 ], [ -121.789082792724372, 37.640177455765574 ], [ -121.788813297597116, 37.64017745587465 ], [ -121.788813297844285, 37.640357119137725 ], [ -121.789082792522635, 37.640357119267897 ] ], [ [ -121.78944211860788, 37.639548635154746 ], [ -121.789442119012833, 37.6392791404622 ], [ -121.789082792448724, 37.639279141185831 ], [ -121.789082792941642, 37.639548635400033 ], [ -121.78944211860788, 37.639548635154746 ] ] ] } },
{ "type": "Feature", "properties": { "csb_id": "061825012336207", "acres": 19.852906719782698, "geoid": "06001" }, "geometry": { "type": "Polygon", "coordinates": [ [ [ -121.768870698562722, 37.639997793219258 ], [ -121.768601204474095, 37.639997792997626 ], [ -121.768601204105423, 37.640357118839951 ], [ -121.766804572959558, 37.640357118990401 ], [ -121.766804573530081, 37.640626614065461 ], [ -121.766445247439009, 37.640896108093443 ], [ -121.766175753331268, 37.64089610828642 ], [ -121.766175752842656, 37.640626613708022 ], [ -121.765906258612503, 37.640626613543972 ], [ -121.765636764099256, 37.640177456321865 ], [ -121.765546931881886, 37.639728298228029 ], [ -121.765038121206132, 37.639338794346642 ], [ -121.765007942939363, 37.638650320549665 ], [ -121.764738448412913, 37.638290993859307 ], [ -121.764738448456981, 37.637752004512514 ], [ -121.76590625850551, 37.637662173135951 ], [ -121.765906258014212, 37.637931667921237 ], [ -121.766175752978612, 37.63793166765393 ], [ -121.766175752793089, 37.638290993877774 ], [ -121.76707406792697, 37.638380826108552 ], [ -121.767343563313133, 37.638560488598998 ], [ -121.767343563332474, 37.6388299834177 ], [ -121.767702888918805, 37.638829983562921 ], [ -121.767702888910534, 37.639189309417588 ], [ -121.768241877911123, 37.638829983513368 ], [ -121.769140192838137, 37.638919814543172 ], [ -121.768870699055881, 37.638919814774965 ], [ -121.768870698258155, 37.639458804154202 ], [ -121.769499519758213, 37.639458804023981 ], [ -121.769499519191115, 37.640357119123912 ], [ -121.768870698398331, 37.640357119300489 ], [ -121.768870698562722, 37.639997793219258 ] ] ] } },
{ "type": "Feature", "properties": { "csb_id": "061825012336208", "acres": 2.9398784905889599, "geoid": "06001" }, "geometry": { "type": "Polygon", "coordinates": [ [ [ -121.797976114009742, 37.637752004825728 ], [ -121.798335440474133, 37.637752005002824 ], [ -121.798335440211702, 37.638650320313651 ], [ -121.798065945480303, 37.638650319777284 ], [ -121.797976114090872, 37.638829983620333 ], [ -121.798065945808048, 37.640177456082789 ], [ -121.798335439413108, 37.640357118986081 ], [ -121.797976113669861, 37.640357119615487 ], [ -121.797437124901677, 37.639189309360511 ], [ -121.797437125212056, 37.638290993749671 ], [ -121.797976113345854, 37.638290993950534 ], [ -121.797976114009742, 37.637752004825728 ] ] ] } },
{ "type": "Feature", "properties": { "csb_id": "061825012336212", "acres": 2.62739353877669, "geoid": "06001" }, "geometry": { "type": "Polygon", "coordinates": [ [ [ -121.795011673408254, 37.637931667699554 ], [ -121.795011673467371, 37.636494363565973 ], [ -121.795640494687646, 37.636584194673553 ], [ -121.795909988880368, 37.63676385794242 ], [ -121.795909988591745, 37.637392679307915 ], [ -121.795370999880461, 37.637931667544102 ], [ -121.795011673408254, 37.637931667699554 ] ] ] } },
{ "type": "Feature", "properties": { "csb_id": "061825012336213", "acres": 3.3404357498418098, "geoid": "06001" }, "geometry": { "type": "Polygon", "coordinates": [ [ [ -121.79294554827284, 37.637033352588581 ], [ -121.792406559500336, 37.637033352635243 ], [ -121.792137065059933, 37.636763858110875 ], [ -121.792047233208095, 37.635865542484218 ], [ -121.79231672735915, 37.635865543146231 ], [ -121.792316727668833, 37.636135037412146 ], [ -121.792676053510135, 37.636135037893332 ], [ -121.793215043050964, 37.635596048671808 ], [ -121.793574368622387, 37.63568587994007 ], [ -121.793574368789479, 37.635955374315785 ], [ -121.793304874800569, 37.635955374476914 ], [ -121.793304874072035, 37.636853690040084 ], [ -121.79294554827284, 37.637033352588581 ] ] ] } },
{ "type": "Feature", "properties": { "csb_id": "061825012336214", "acres": 38.511522011540002, "geoid": "06001" }, "geometry": { "type": "Polygon", "coordinates": [ [ [ -121.771206317928574, 37.641255434362705 ], [ -121.771206318487017, 37.640626612730685 ], [ -121.770667329736071, 37.640357119206868 ], [ -121.770667329356087, 37.639728298623822 ], [ -121.770308003311726, 37.639458803721453 ], [ -121.770038508854867, 37.639458803478952 ], [ -121.770038508773922, 37.639189309371268 ], [ -121.769140193572397, 37.639189309672041 ], [ -121.769140192838137, 37.638919814543172 ], [ -121.768241877911123, 37.638829983513368 ], [ -121.767972383864858, 37.638560488420005 ], [ -121.767343563313133, 37.638560488598998 ], [ -121.76707406792697, 37.638380826108552 ], [ -121.767074068058207, 37.637931668333259 ], [ -121.766804573935389, 37.638290994471092 ], [ -121.766445247165862, 37.638290994351983 ], [ -121.7664452478421, 37.637752004955715 ], [ -121.76590625850551, 37.637662173135951 ], [ -121.765906257894571, 37.637392678570791 ], [ -121.76500794340204, 37.637482509929164 ], [ -121.765007943460816, 37.63676385796753 ], [ -121.766175753356308, 37.635955374352591 ], [ -121.766804574072992, 37.636494363588135 ], [ -121.768601204605915, 37.637123183814197 ], [ -121.769140193311429, 37.637662173527183 ], [ -121.769769014327906, 37.637662173436574 ], [ -121.770038508150762, 37.637931668154103 ], [ -121.770936823986091, 37.63802149961797 ], [ -121.771835138815888, 37.638650320066994 ], [ -121.774530085179691, 37.639458804277879 ], [ -121.774530085037583, 37.64017745632642 ], [ -121.774260590108497, 37.640357119695715 ], [ -121.774170758784578, 37.639728298917355 ], [ -121.773631769314562, 37.639728298874047 ], [ -121.773631769859207, 37.640357119318573 ], [ -121.773362275502009, 37.640357119214329 ], [ -121.773362274930633, 37.640626614150491 ], [ -121.77300294928456, 37.640896108510503 ], [ -121.772104634027698, 37.640896108595527 ], [ -121.77210463398653, 37.641255434261772 ], [ -121.771835139793509, 37.641524929138455 ], [ -121.771835138997631, 37.641255434839366 ], [ -121.771206317928574, 37.641255434362705 ] ] ] } },
{ "type": "Feature", "properties": { "csb_id": "061825012336219", "acres": 4.7470252282852403, "geoid": "06001" }, "geometry": { "type": "Polygon", "coordinates": [ [ [ -121.794742179573049, 37.636135037851226 ], [ -121.794742179040682, 37.634697733383234 ], [ -121.795101505180753, 37.634428238690937 ], [ -121.7962693149708, 37.634158743385129 ], [ -121.796538810316008, 37.634428239223062 ], [ -121.796538809320054, 37.634697733500438 ], [ -121.795640494012986, 37.635236722048042 ], [ -121.795101505663766, 37.636135038535116 ], [ -121.794742179573049, 37.636135037851226 ] ] ] } },
{ "type": "Feature", "properties": { "csb_id": "061825012336227", "acres": 23.5011540927723, "geoid": "06001" }, "geometry": { "type": "Polygon", "coordinates": [ [ [ -121.79141841190706, 37.638560488876024 ], [ -121.790609928188829, 37.638290994112211 ], [ -121.789711613720812, 37.637752004704367 ], [ -121.789082792390303, 37.637752005738939 ], [ -121.788184476993138, 37.638111331045899 ], [ -121.78764548804844, 37.638111331522843 ], [ -121.786747173451232, 37.637662173261177 ], [ -121.786747172884361, 37.636763857818366 ], [ -121.788184477509404, 37.63676385847684 ], [ -121.788184477771736, 37.636494363686722 ], [ -121.787914982503366, 37.636494363819409 ], [ -121.78791498305749, 37.636135037642347 ], [ -121.788453972390016, 37.636135037401438 ], [ -121.788453972363811, 37.635596048334698 ], [ -121.788813298524943, 37.635596048456691 ], [ -121.788813298337246, 37.635236722337886 ], [ -121.790250603000246, 37.635236721827162 ], [ -121.790250602976585, 37.634967227214268 ], [ -121.78998110754749, 37.63478756434332 ], [ -121.790250603165234, 37.63478756470154 ], [ -121.790609929146228, 37.63541638539909 ], [ -121.790250602039791, 37.635685879999137 ], [ -121.790250602110831, 37.636494363630185 ], [ -121.791508243711718, 37.636494363163436 ], [ -121.79177773819238, 37.636763858379837 ], [ -121.792226896674805, 37.637752004749245 ], [ -121.792097500726655, 37.638568252591817 ], [ -121.79141841190706, 37.638560488876024 ] ], [ [ -121.790609927163615, 37.637392678944181 ], [ -121.790609928798787, 37.637033352559683 ], [ -121.790879423458179, 37.637033352580985 ], [ -121.790879423659149, 37.636763858475121 ], [ -121.78971161349115, 37.636763857773211 ], [ -121.789711612963913, 37.637033352880721 ], [ -121.790250602394181, 37.637392679149769 ], [ -121.790609927163615, 37.637392678944181 ], [ -121.790609927391628, 37.637662173626467 ], [ -121.79114891765343, 37.637931668072703 ], [ -121.791777738677453, 37.63793166788696 ], [ -121.79177773891864, 37.637662173126358 ], [ -121.791148917976699, 37.637662173790524 ], [ -121.791148917993254, 37.637392678629816 ], [ -121.790609927163615, 37.637392678944181 ] ] ] } },
{ "type": "Feature", "properties": { "csb_id": "061825012336229", "acres": 19.4863201070694, "geoid": "06001" }, "geometry": { "type": "Polygon", "coordinates": [ [ [ -121.788184477509404, 37.63676385847684 ], [ -121.786747172884361, 37.636763857818366 ], [ -121.786747173213541, 37.637033352253461 ], [ -121.786387847252868, 37.63703335281847 ], [ -121.786387846696556, 37.636494363548096 ], [ -121.786747172555181, 37.636494363364456 ], [ -121.786747173397146, 37.635596048269562 ], [ -121.787286161685671, 37.635596047939728 ], [ -121.7872861618972, 37.634967227357009 ], [ -121.787016667872535, 37.634697732500101 ], [ -121.786747173136916, 37.634697733204035 ], [ -121.786747172807779, 37.634428238605253 ], [ -121.787016666757324, 37.634068911628177 ], [ -121.787286162330787, 37.634068912428745 ], [ -121.787286162468291, 37.633529923027069 ], [ -121.786747173389486, 37.632631607478366 ], [ -121.787555656862608, 37.632631608108973 ], [ -121.787645487954748, 37.632990933625102 ], [ -121.789352287319616, 37.632990933935218 ], [ -121.789082792781898, 37.634518070122567 ], [ -121.78998110754749, 37.63478756434332 ], [ -121.790250602976585, 37.634967227214268 ], [ -121.790250603000246, 37.635236721827162 ], [ -121.788813298337246, 37.635236722337886 ], [ -121.788813298524943, 37.635596048456691 ], [ -121.78818447754405, 37.635596047822496 ], [ -121.788453972390016, 37.636135037401438 ], [ -121.78791498305749, 37.636135037642347 ], [ -121.787914982503366, 37.636494363819409 ], [ -121.788184477771736, 37.636494363686722 ], [ -121.788184477509404, 37.63676385847684 ] ] ] } },
{ "type": "Feature", "properties": { "csb_id": "061825012336230", "acres": 13.918779414479401, "geoid": "06001" }, "geometry": { "type": "Polygon", "coordinates": [ [ [ -121.759618050175519, 37.636224869246476 ], [ -121.757911252389036, 37.636135037385714 ], [ -121.756653610497253, 37.635596048051397 ], [ -121.755755296222787, 37.634967227870263 ], [ -121.755755295206868, 37.634068912774204 ], [ -121.754856979937756, 37.633170596977706 ], [ -121.754587485699915, 37.632631608232124 ], [ -121.756024790735012, 37.632721439302777 ], [ -121.756114622206994, 37.634697732904357 ], [ -121.757282432045272, 37.634967227385438 ], [ -121.757282431382137, 37.634068911906112 ], [ -121.75755192583226, 37.634068912036128 ], [ -121.757551926583432, 37.634428238616138 ], [ -121.757821420744762, 37.634697732585657 ], [ -121.7584502413401, 37.634697733686068 ], [ -121.759168893951156, 37.635236722166184 ], [ -121.759348556995405, 37.635685879468667 ], [ -121.759977377073383, 37.635865543358626 ], [ -121.759977376658938, 37.636494363604207 ], [ -121.759618051499615, 37.636494363413135 ], [ -121.759618050175519, 37.636224869246476 ] ], [ [ -121.758450241293374, 37.635865543038932 ], [ -121.758450241704537, 37.635596048446331 ], [ -121.758180746906874, 37.63559604824907 ], [ -121.758180746924396, 37.635865543462387 ], [ -121.758450241293374, 37.635865543038932 ], [ -121.758450241984448, 37.636135037373684 ], [ -121.758719736537344, 37.636135037452718 ], [ -121.758719735968626, 37.635865542879046 ], [ -121.758450241293374, 37.635865543038932 ] ] ] } },
{ "type": "Feature", "properties": { "csb_id": "061825012336245", "acres": 12.5392868156893, "geoid": "06001" }, "geometry": { "type": "Polygon", "coordinates": [ [ [ -121.790969956133466, 37.635415683221403 ], [ -121.790609928427727, 37.634518070419709 ], [ -121.789981108180029, 37.633619754225258 ], [ -121.789981108406337, 37.632002786778472 ], [ -121.790609928363324, 37.632002787492027 ], [ -121.790879422957772, 37.632362113120159 ], [ -121.79114891759636, 37.632362113494764 ], [ -121.791777738039627, 37.632901102582807 ], [ -121.79177773845916, 37.633799417372387 ], [ -121.791508244105344, 37.633799417192655 ], [ -121.791508243986442, 37.634068911984706 ], [ -121.791777738872327, 37.63415874391702 ], [ -121.792047233498963, 37.634697733112574 ], [ -121.792047233208095, 37.635865542484218 ], [ -121.79141841274928, 37.635865543111478 ], [ -121.790969956133466, 37.635415683221403 ] ] ] } },
{ "type": "Feature", "properties": { "csb_id": "061825012336248", "acres": 3.0671496786403298, "geoid": "06001" }, "geometry": { "type": "Polygon", "coordinates": [ [ [ -121.796538810031123, 37.632002787251515 ], [ -121.796538809618269, 37.631733292164398 ], [ -121.796808304060249, 37.631733292534136 ], [ -121.79680830455132, 37.631373966755696 ], [ -121.796538809900795, 37.631104471493771 ], [ -121.796538809688514, 37.630565482893232 ], [ -121.797077798408765, 37.630565483081078 ], [ -121.797077799065718, 37.630834976770537 ], [ -121.797706619624151, 37.631733292693085 ], [ -121.79770661938646, 37.63218244981099 ], [ -121.796538810031123, 37.632002787251515 ] ] ] } },
{ "type": "Feature", "properties": { "csb_id": "061825012336249", "acres": 15.491764619543799, "geoid": "06001" }, "geometry": { "type": "Polygon", "coordinates": [ [ [ -121.793574369517344, 37.634068911950877 ], [ -121.793574369350253, 37.633799417442788 ], [ -121.793215043378993, 37.633799417465575 ], [ -121.793215043341775, 37.634068911734417 ], [ -121.793574369517344, 37.634068911950877 ], [ -121.793574369209878, 37.63442823866469 ], [ -121.793215042663931, 37.634697733293379 ], [ -121.79294554853243, 37.634697732756983 ], [ -121.792945548447364, 37.634428238771484 ], [ -121.792676053986256, 37.634158744113122 ], [ -121.792316728089816, 37.634068912073708 ], [ -121.792047233119632, 37.633799417815709 ], [ -121.792047233789816, 37.633529923385957 ], [ -121.792316727470435, 37.633529923233141 ], [ -121.792316727747732, 37.632901102297708 ], [ -121.791777738039627, 37.632901102582807 ], [ -121.791777738722175, 37.632002787343524 ], [ -121.792316726613265, 37.632002786961223 ], [ -121.792316727405691, 37.631733292165961 ], [ -121.791508244316887, 37.631104472147314 ], [ -121.791508243780342, 37.630655313961995 ], [ -121.79204723350756, 37.630655314099108 ], [ -121.792406558886412, 37.630834977214199 ], [ -121.793574368808137, 37.632002787398584 ], [ -121.793574369630221, 37.632901102406336 ], [ -121.793215043298673, 37.632901102526375 ], [ -121.793215043261412, 37.633170596858299 ], [ -121.793843863398322, 37.6331705968854 ], [ -121.793843863353487, 37.63290110207501 ], [ -121.795011674087093, 37.632990934239423 ], [ -121.795011673467926, 37.633889249404703 ], [ -121.794472684836663, 37.634068912512653 ], [ -121.793574369517344, 37.634068911950877 ] ] ] } },
{ "type": "Feature", "properties": { "csb_id": "061825012336252", "acres": 5.9389239178493902, "geoid": "06001" }, "geometry": { "type": "Polygon", "coordinates": [ [ [ -121.754587485699915, 37.632631608232124 ], [ -121.754587486276307, 37.632272281532366 ], [ -121.753689170650873, 37.631733292135287 ], [ -121.753689169996974, 37.630834976999004 ], [ -121.754856980887794, 37.630834977477235 ], [ -121.755216305955315, 37.631373966638968 ], [ -121.755395969227564, 37.631373966813165 ], [ -121.755575632464442, 37.632002786937001 ], [ -121.7554858008303, 37.632631608177441 ], [ -121.754587485699915, 37.632631608232124 ] ] ] } },
{ "type": "Feature", "properties": { "csb_id": "061825012336268", "acres": 3.8388994937237602, "geoid": "06001" }, "geometry": { "type": "Polygon", "coordinates": [ [ [ -121.793215043175209, 37.630834977538861 ], [ -121.79330487490499, 37.630295987663985 ], [ -121.792047233434943, 37.629756998713802 ], [ -121.792047233551955, 37.629307841371748 ], [ -121.793215043169354, 37.629397672765755 ], [ -121.793215043132136, 37.629667167344479 ], [ -121.793574369201025, 37.629936661492351 ], [ -121.79411335817818, 37.629936661705756 ], [ -121.794472684536586, 37.630295988422198 ], [ -121.794472684356776, 37.6305654830348 ], [ -121.793574368753937, 37.630565482488777 ], [ -121.793574368921028, 37.630834977224332 ], [ -121.793215043175209, 37.630834977538861 ] ] ] } },
{ "type": "Feature", "properties": { "csb_id": "061825012336286", "acres": 6.1693831417327498, "geoid": "06001" }, "geometry": { "type": "Polygon", "coordinates": [ [ [ -121.787914982339913, 37.629038346840062 ], [ -121.787914982479961, 37.628768851745946 ], [ -121.789442119412215, 37.628858683901392 ], [ -121.790340433441003, 37.629756998735758 ], [ -121.790340433834885, 37.630295987815934 ], [ -121.791059086521614, 37.63029598779665 ], [ -121.790780293338372, 37.630586624850977 ], [ -121.789981108129169, 37.630924809120415 ], [ -121.789442119104791, 37.630026493558148 ], [ -121.788813298097764, 37.630026493462331 ], [ -121.788813297601564, 37.629397673012456 ], [ -121.788184477688191, 37.629038346364396 ], [ -121.787914982339913, 37.629038346840062 ] ] ] } },
{ "type": "Feature", "properties": { "csb_id": "061825012336307", "acres": 17.993289216062699, "geoid": "06001" }, "geometry": { "type": "Polygon", "coordinates": [ [ [ -121.754587485185681, 37.629936661914044 ], [ -121.754587484875813, 37.630206156617021 ], [ -121.753689170482275, 37.630206156258893 ], [ -121.753689170677561, 37.629397672523318 ], [ -121.75341967631077, 37.629397673068375 ], [ -121.753419675584354, 37.629756998843909 ], [ -121.752251866613989, 37.629756998966094 ], [ -121.752162034693242, 37.629038347063378 ], [ -121.751892540040899, 37.629038346427585 ], [ -121.751892539472891, 37.62751121109865 ], [ -121.752521360212015, 37.627511211033621 ], [ -121.752790855357986, 37.627241716483802 ], [ -121.753150180963587, 37.627601042342945 ], [ -121.753958665042674, 37.627601041805569 ], [ -121.753958665666929, 37.627241716208928 ], [ -121.75458748559015, 37.627241716274085 ], [ -121.754587486382434, 37.627511210928553 ], [ -121.754317990729959, 37.627511210595266 ], [ -121.754317991051551, 37.627870537265068 ], [ -121.754856979948187, 37.627870536571585 ], [ -121.755216306198818, 37.628409526485235 ], [ -121.75521630642173, 37.629038346470907 ], [ -121.755485801013279, 37.629038346250383 ], [ -121.755485801483417, 37.630026493411513 ], [ -121.755216306188515, 37.630206156733394 ], [ -121.754856980718671, 37.629756999110739 ], [ -121.754587485185681, 37.629936661914044 ] ], [ [ -121.753419675310099, 37.628499357239853 ], [ -121.75395866527613, 37.628409525539752 ], [ -121.753958664565616, 37.628140031426533 ], [ -121.75341967639973, 37.627960368386205 ], [ -121.753419675310099, 37.628499357239853 ] ] ] } },
{ "type": "Feature", "properties": { "csb_id": "061825012336318", "acres": 9.0945895469420108, "geoid": "06001" }, "geometry": { "type": "Polygon", "coordinates": [ [ [ -121.754856979948187, 37.627870536571585 ], [ -121.755216306961159, 37.62787053671083 ], [ -121.755216306203977, 37.627511211043853 ], [ -121.754856979830635, 37.627511211143386 ], [ -121.754856979948187, 37.627870536571585 ], [ -121.754317991051551, 37.627870537265068 ], [ -121.754317990729959, 37.627511210595266 ], [ -121.754587486382434, 37.627511210928553 ], [ -121.75458748559015, 37.627241716274085 ], [ -121.754317990917414, 37.627241715940819 ], [ -121.75431799110487, 37.626972221267302 ], [ -121.753958664956414, 37.62697222201313 ], [ -121.753958665274467, 37.626612895497431 ], [ -121.754317991276949, 37.62634340065442 ], [ -121.754856979612541, 37.625534916885641 ], [ -121.755485800077636, 37.625175591058863 ], [ -121.756114621885146, 37.625175591073919 ], [ -121.756114621400855, 37.625804411546319 ], [ -121.755755295803127, 37.626343401114795 ], [ -121.755755294781252, 37.6269722217761 ], [ -121.755485801060544, 37.627511210488628 ], [ -121.755485800708584, 37.628409525786914 ], [ -121.755216306198818, 37.628409526485235 ], [ -121.754856979948187, 37.627870536571585 ] ] ] } },
{ "type": "Feature", "properties": { "csb_id": "061825012336329", "acres": 8.2642707361843204, "geoid": "06001" }, "geometry": { "type": "Polygon", "coordinates": [ [ [ -121.751353550250499, 37.627511210427123 ], [ -121.751353550364087, 37.626792558419581 ], [ -121.751084056467434, 37.626792558527015 ], [ -121.751084056575294, 37.626433232281364 ], [ -121.751353550700713, 37.626163737634606 ], [ -121.751892539555215, 37.626163738114869 ], [ -121.752162034686123, 37.625534916858243 ], [ -121.753060350266566, 37.625085759360637 ], [ -121.753419675361485, 37.625445085535752 ], [ -121.753419676259753, 37.625894243287334 ], [ -121.753150181869231, 37.626163737938612 ], [ -121.753060349733786, 37.627062052894544 ], [ -121.752521360212015, 37.627511211033621 ], [ -121.751353550250499, 37.627511210427123 ] ] ] } },
{ "type": "Feature", "properties": { "csb_id": "061825012336365", "acres": 4.1128090154269499, "geoid": "06001" }, "geometry": { "type": "Polygon", "coordinates": [ [ [ -121.751353550582095, 37.623378960293586 ], [ -121.751353551015015, 37.623109465776331 ], [ -121.752521360622012, 37.622480645559222 ], [ -121.752521360115864, 37.622211150261535 ], [ -121.751623045434087, 37.622300981740089 ], [ -121.751623045439757, 37.62194165545138 ], [ -121.753689171035489, 37.622031487703204 ], [ -121.753689170750022, 37.622480644617113 ], [ -121.753150181439423, 37.622570476986084 ], [ -121.752790854845927, 37.622839970897822 ], [ -121.752521360455958, 37.623109466285676 ], [ -121.752521360655919, 37.623378960659736 ], [ -121.751353550582095, 37.623378960293586 ] ] ] } },
{ "type": "Feature", "properties": { "csb_id": "061825012336590", "acres": 4.1439093627896799, "geoid": "06001" }, "geometry": { "type": "Polygon", "coordinates": [ [ [ -121.891760230098512, 37.590500621092069 ], [ -121.891760229931805, 37.590770115838282 ], [ -121.890861914703379, 37.590770115962648 ], [ -121.890861914523157, 37.59050062107741 ], [ -121.891400903622241, 37.590500621193961 ], [ -121.891400903553333, 37.589602305697561 ], [ -121.892029724095906, 37.589602305651312 ], [ -121.892029723849134, 37.589242979330272 ], [ -121.891131408754475, 37.589242979888027 ], [ -121.891131409053628, 37.589602305248725 ], [ -121.890502587847038, 37.589602305433068 ], [ -121.890502588084487, 37.589242979693331 ], [ -121.890861914586665, 37.588973484944404 ], [ -121.892299218376692, 37.588973485030124 ], [ -121.892299218875806, 37.59014129443721 ], [ -121.891760230098512, 37.590500621092069 ] ] ] } },
{ "type": "Feature", "properties": { "csb_id": "061825012336627", "acres": 12.350330137368999, "geoid": "06001" }, "geometry": { "type": "Polygon", "coordinates": [ [ [ -121.885112696489884, 37.58978196856004 ], [ -121.885112696148923, 37.58951247448573 ], [ -121.88547202300461, 37.589512474210586 ], [ -121.885472022459183, 37.589242979876381 ], [ -121.884573707636775, 37.58924297924586 ], [ -121.884573707334113, 37.588344663916928 ], [ -121.884304212415586, 37.588344664268973 ], [ -121.88520252751043, 37.586278538928987 ], [ -121.885741516673988, 37.585739549958831 ], [ -121.886100843920929, 37.585739550243055 ], [ -121.886100843256315, 37.586637864898556 ], [ -121.886370338025102, 37.587446348968463 ], [ -121.886100843527274, 37.587805675132202 ], [ -121.886100842746558, 37.588075169433381 ], [ -121.887268652739124, 37.588703990613439 ], [ -121.887268652749881, 37.589242979644119 ], [ -121.886639832240704, 37.589242979848557 ], [ -121.88610084379826, 37.588973484991861 ], [ -121.88610084317024, 37.588703990137738 ], [ -121.885741517106467, 37.588703990170409 ], [ -121.885741517699401, 37.589781968747417 ], [ -121.885112696489884, 37.58978196856004 ] ], [ [ -121.885741517639929, 37.587446348754121 ], [ -121.886100843731597, 37.587446349239976 ], [ -121.88610084310362, 37.587176854272975 ], [ -121.885741517216417, 37.587176854027192 ], [ -121.885741517639929, 37.587446348754121 ], [ -121.885472022552889, 37.587446348733351 ], [ -121.885472022007491, 37.587176854246444 ], [ -121.885202528207216, 37.587176854488561 ], [ -121.885202527929167, 37.587805674766891 ], [ -121.884843202428073, 37.58780567482772 ], [ -121.884843202097372, 37.588075169887453 ], [ -121.885741517526981, 37.588075169946165 ], [ -121.885741517639929, 37.587446348754121 ] ] ] } },
{ "type": "Feature", "properties": { "csb_id": "061825012336769", "acres": 3.1479701612074602, "geoid": "06001" }, "geometry": { "type": "Polygon", "coordinates": [ [ [ -122.079957281159963, 37.56786307564397 ], [ -122.079957282206777, 37.567593581294574 ], [ -122.079418292655873, 37.567593581336041 ], [ -122.079418292396667, 37.566335939582387 ], [ -122.080316607677716, 37.566335940233436 ], [ -122.080316608182528, 37.566695265501664 ], [ -122.079957281615805, 37.566695266310248 ], [ -122.079957282032353, 37.567234255499784 ], [ -122.080855597498271, 37.567234255450352 ], [ -122.080855597313018, 37.567593581353464 ], [ -122.080316607881798, 37.567863076044411 ], [ -122.079957281159963, 37.56786307564397 ] ] ] } },
{ "type": "Feature", "properties": { "csb_id": "061825012336850", "acres": 4.9316291051100496, "geoid": "06001" }, "geometry": { "type": "Polygon", "coordinates": [ [ [ -121.89822809935329, 37.557083292744053 ], [ -121.897060290348136, 37.556813797803905 ], [ -121.897060289393636, 37.556005313958316 ], [ -121.897419616346099, 37.556005314338044 ], [ -121.897419615563024, 37.556274808881255 ], [ -121.897689110105205, 37.556274808830082 ], [ -121.897689110646667, 37.555645987670637 ], [ -121.898587425981859, 37.55537649355287 ], [ -121.898856920112493, 37.555645987706299 ], [ -121.898856920320469, 37.556005314423899 ], [ -121.898587425380953, 37.556813797633893 ], [ -121.89822809935329, 37.557083292744053 ] ] ] } },
{ "type": "Feature", "properties": { "csb_id": "061825012337275", "acres": 4.6480750643130202, "geoid": "06001" }, "geometry": { "type": "Polygon", "coordinates": [ [ [ -121.983927378219917, 37.495548695686281 ], [ -121.984825693487238, 37.495548695234326 ], [ -121.984825692879724, 37.496177516537259 ], [ -121.986262997126104, 37.496177515839818 ], [ -121.986262997200427, 37.496357179490303 ], [ -121.985095187355597, 37.49707583123466 ], [ -121.984196872086443, 37.496986000217753 ], [ -121.983927377800867, 37.496806336517992 ], [ -121.983927378010378, 37.496177516161758 ], [ -121.984196872431028, 37.496177515867849 ], [ -121.984196871949678, 37.496447010753378 ], [ -121.984556198356714, 37.496447010532627 ], [ -121.984556198119265, 37.495908021357955 ], [ -121.983927377270803, 37.495908021736248 ], [ -121.983927378219917, 37.495548695686281 ] ] ] } }
]
}
