{
"type": "FeatureCollection",
"name": "06017",
"crs": { "type": "name", "properties": { "name": "urn:ogc:def:crs:OGC:1.3:CRS84" } },
"features": [
{ "type": "Feature", "properties": { "csb_id": "061825003214305", "acres": 20.1144359659075, "geoid": "06017" }, "geometry": { "type": "Polygon", "coordinates": [ [ [ -120.894574192850754, 38.93788012114603 ], [ -120.894574192992906, 38.938239447128609 ], [ -120.894843686906839, 38.93823944693402 ], [ -120.894843687684244, 38.937880120489396 ], [ -120.894574192850754, 38.93788012114603 ], [ -120.894574192387566, 38.937610626513134 ], [ -120.895113182912226, 38.937610625875749 ], [ -120.89511318245259, 38.936981805252778 ], [ -120.895742003448021, 38.93671231065683 ], [ -120.895742003468072, 38.936352984456896 ], [ -120.895921666219067, 38.936173321920052 ], [ -120.896370823483153, 38.936173321625994 ], [ -120.896370824193397, 38.936981805012714 ], [ -120.89753863370106, 38.936981805453819 ], [ -120.897538634108884, 38.937251299557445 ], [ -120.897269139491755, 38.937251300037119 ], [ -120.897269139656458, 38.937610625944764 ], [ -120.898436948988618, 38.937610626502114 ], [ -120.898436949047991, 38.938239446693487 ], [ -120.898796275375815, 38.938329278623435 ], [ -120.898796275637892, 38.938598772840088 ], [ -120.897538634486708, 38.939676751315709 ], [ -120.897269139067205, 38.93967675103962 ], [ -120.897179307096863, 38.939227593565739 ], [ -120.896640318259514, 38.939137762099982 ], [ -120.896640319018289, 38.939407256452959 ], [ -120.896370824376291, 38.939407257041459 ], [ -120.896011497478924, 38.939137761798492 ], [ -120.896011497595325, 38.938778436108166 ], [ -120.895472508768748, 38.938778435753271 ], [ -120.89547250854352, 38.939137761843241 ], [ -120.894843687624473, 38.93913776211587 ], [ -120.894843688401878, 38.938778435626283 ], [ -120.894574192331376, 38.938508942016043 ], [ -120.893945372123923, 38.938508941475092 ], [ -120.894125035894888, 38.937969952177639 ], [ -120.894574192850754, 38.93788012114603 ] ] ] } },
{ "type": "Feature", "properties": { "csb_id": "061825003214306", "acres": 20.949983749746401, "geoid": "06017" }, "geometry": { "type": "Polygon", "coordinates": [ [ [ -120.897269139656458, 38.937610625944764 ], [ -120.897269139491755, 38.937251300037119 ], [ -120.897538634108884, 38.937251299557445 ], [ -120.89753863370106, 38.936981805453819 ], [ -120.896370824193397, 38.936981805012714 ], [ -120.896370823483153, 38.936173321625994 ], [ -120.896640318259486, 38.935454669951369 ], [ -120.896640318689862, 38.93491568022732 ], [ -120.896999644493889, 38.934915679907284 ], [ -120.89699964453439, 38.934556354364773 ], [ -120.897538633323265, 38.934556354602357 ], [ -120.897538632613873, 38.934286859737455 ], [ -120.899065769711314, 38.93428685978035 ], [ -120.899065769846118, 38.934556354077223 ], [ -120.899694590164458, 38.93464618555641 ], [ -120.899694590908538, 38.936352984227561 ], [ -120.899335264540753, 38.936981805311518 ], [ -120.89906576941307, 38.936981805386104 ], [ -120.898796274849047, 38.937251299903139 ], [ -120.898796275500089, 38.937610626335477 ], [ -120.897269139656458, 38.937610625944764 ] ] ] } },
{ "type": "Feature", "properties": { "csb_id": "061825003214307", "acres": 10.527923927957399, "geoid": "06017" }, "geometry": { "type": "Polygon", "coordinates": [ [ [ -120.889094470538964, 38.935813995665093 ], [ -120.887926660781076, 38.934915680425298 ], [ -120.887926660663595, 38.934556353951656 ], [ -120.888106323669632, 38.934556353870384 ], [ -120.888196155588687, 38.934286859734769 ], [ -120.889094470227647, 38.934286859713517 ], [ -120.889094470542375, 38.934017364602333 ], [ -120.889992785393233, 38.93401736473804 ], [ -120.8899927858523, 38.934286859449465 ], [ -120.890621605866713, 38.934286859647237 ], [ -120.890621606755971, 38.934017365104502 ], [ -120.890891101229855, 38.934017364630819 ], [ -120.890891100213324, 38.934286859404587 ], [ -120.891250426785646, 38.934286859242185 ], [ -120.891250426991647, 38.935454669049257 ], [ -120.889992784567966, 38.935454670961889 ], [ -120.889992784677574, 38.935813995881077 ], [ -120.889094470538964, 38.935813995665093 ] ] ] } },
{ "type": "Feature", "properties": { "csb_id": "061825003214308", "acres": 28.522140888536601, "geoid": "06017" }, "geometry": { "type": "Polygon", "coordinates": [ [ [ -120.890621606574882, 38.936981805501674 ], [ -120.890352111793575, 38.936712311714849 ], [ -120.890352111495957, 38.936083491269557 ], [ -120.890891101034867, 38.936083490232953 ], [ -120.890891100883024, 38.935454669780064 ], [ -120.891250426991647, 38.935454669049257 ], [ -120.891250426785646, 38.934286859242185 ], [ -120.890891100213324, 38.934286859404587 ], [ -120.890891101229855, 38.934017364630819 ], [ -120.89151992185073, 38.934017365213791 ], [ -120.891519922078061, 38.933658038766566 ], [ -120.891789416126556, 38.933658038926303 ], [ -120.892148741662695, 38.933388543933944 ], [ -120.893047057719812, 38.933388544123133 ], [ -120.893047057288754, 38.934017364646081 ], [ -120.893675878153815, 38.934017365332757 ], [ -120.893675878666386, 38.934286859138446 ], [ -120.894843687886379, 38.934286859506138 ], [ -120.894843688222295, 38.934556354246041 ], [ -120.895472508168481, 38.935185174578656 ], [ -120.895472508582316, 38.935454669814064 ], [ -120.896011497932392, 38.935454669625436 ], [ -120.896011497815977, 38.935813995150021 ], [ -120.895113183117687, 38.936352984453634 ], [ -120.892687730997878, 38.936352984719989 ], [ -120.892687731431522, 38.936712310501612 ], [ -120.892148742661277, 38.936981805539652 ], [ -120.890621606574882, 38.936981805501674 ] ] ] } },
{ "type": "Feature", "properties": { "csb_id": "061825003214309", "acres": 12.965711409437001, "geoid": "06017" }, "geometry": { "type": "Polygon", "coordinates": [ [ [ -120.895472508168481, 38.935185174578656 ], [ -120.894843688222295, 38.934556354246041 ], [ -120.894843687886379, 38.934286859506138 ], [ -120.89394537317574, 38.934286859615582 ], [ -120.893945372488915, 38.934017364717093 ], [ -120.893047057288754, 38.934017364646081 ], [ -120.893047057719812, 38.933388544123133 ], [ -120.892148741662695, 38.933388543933944 ], [ -120.892148742462581, 38.93302921768646 ], [ -120.892418237036239, 38.93302921774135 ], [ -120.892418236542824, 38.932490229265255 ], [ -120.893316552492806, 38.933119049777559 ], [ -120.894843687644595, 38.933029217862298 ], [ -120.894843687991937, 38.933388543834965 ], [ -120.895113182330618, 38.93338854389782 ], [ -120.895113182539262, 38.933658038835397 ], [ -120.896011498432827, 38.933658038591865 ], [ -120.89601149877727, 38.934286860543232 ], [ -120.896370824186306, 38.934017364604777 ], [ -120.89699964485591, 38.934017365107067 ], [ -120.896999644493889, 38.934915679907284 ], [ -120.896640318689862, 38.93491568022732 ], [ -120.896640318259486, 38.935454669951369 ], [ -120.895472508582316, 38.935454669814064 ], [ -120.895472508168481, 38.935185174578656 ] ] ] } },
{ "type": "Feature", "properties": { "csb_id": "061825003214310", "acres": 20.6436143524882, "geoid": "06017" }, "geometry": { "type": "Polygon", "coordinates": [ [ [ -120.8899927858523, 38.934286859449465 ], [ -120.889992785393233, 38.93401736473804 ], [ -120.889094470542375, 38.934017364602333 ], [ -120.889094470227647, 38.934286859713517 ], [ -120.887567333870038, 38.934286859598245 ], [ -120.887567334953047, 38.934556354195259 ], [ -120.886399523778962, 38.934556354107691 ], [ -120.886399522402115, 38.9341071966114 ], [ -120.886669017723676, 38.933478375755378 ], [ -120.887567334233836, 38.932759723941679 ], [ -120.888465649244083, 38.932490229093574 ], [ -120.888465650142393, 38.932130902908639 ], [ -120.891070763959235, 38.932220734185179 ], [ -120.891250427325531, 38.933029218178461 ], [ -120.89151992129618, 38.933029218461762 ], [ -120.891789416369321, 38.933388544575571 ], [ -120.891789416126556, 38.933658038926303 ], [ -120.891519922078061, 38.933658038766566 ], [ -120.89151992185073, 38.934017365213791 ], [ -120.891250426773823, 38.93401736533022 ], [ -120.891250427206344, 38.933658039114007 ], [ -120.890891101229855, 38.934017364630819 ], [ -120.890621606755971, 38.934017365104502 ], [ -120.890621605866713, 38.934286859647237 ], [ -120.8899927858523, 38.934286859449465 ] ], [ [ -120.889723291045854, 38.933029217681018 ], [ -120.889723290997807, 38.932490228592371 ], [ -120.889453795729224, 38.932490228776402 ], [ -120.889453796333328, 38.933029218264799 ], [ -120.889723291045854, 38.933029217681018 ] ] ] } },
{ "type": "Feature", "properties": { "csb_id": "061825003214311", "acres": 21.302460597024201, "geoid": "06017" }, "geometry": { "type": "Polygon", "coordinates": [ [ [ -120.895472508391379, 38.931591914094746 ], [ -120.895113182118891, 38.931591913456444 ], [ -120.895113182327506, 38.931861408327556 ], [ -120.895472508503644, 38.931861408335159 ], [ -120.895472508391379, 38.931591914094746 ], [ -120.896280992469855, 38.931591913348214 ], [ -120.897448802998298, 38.932759723732467 ], [ -120.899694590881666, 38.933747870351397 ], [ -120.899694591094374, 38.934017365090384 ], [ -120.899335263333313, 38.93401736529367 ], [ -120.899335264473052, 38.934556354108437 ], [ -120.899065769846118, 38.934556354077223 ], [ -120.899065769711314, 38.93428685978035 ], [ -120.898167453744662, 38.93428685932107 ], [ -120.897538632613873, 38.934286859737455 ], [ -120.897538633323265, 38.934556354602357 ], [ -120.89699964453439, 38.934556354364773 ], [ -120.89699964485591, 38.934017365107067 ], [ -120.896011497493319, 38.934017365120134 ], [ -120.896011498432827, 38.933658038591865 ], [ -120.895113182539262, 38.933658038835397 ], [ -120.895113183204359, 38.933029218324805 ], [ -120.894574193812659, 38.933029218306665 ], [ -120.894574193349456, 38.932759723854488 ], [ -120.89421486676116, 38.932490228925268 ], [ -120.893945372422479, 38.931232587550319 ], [ -120.895256176103658, 38.931269257139142 ], [ -120.89547250910222, 38.931322418771479 ], [ -120.895472508391379, 38.931591914094746 ] ] ] } },
{ "type": "Feature", "properties": { "csb_id": "061825003214312", "acres": 10.851358526662001, "geoid": "06017" }, "geometry": { "type": "Polygon", "coordinates": [ [ [ -120.884782556409434, 38.932580060629377 ], [ -120.884782557029183, 38.931951240071406 ], [ -120.88532154647109, 38.930963092566046 ], [ -120.885770704035025, 38.930513934905953 ], [ -120.886219861232604, 38.930334271917928 ], [ -120.887028345571551, 38.93033427221976 ], [ -120.887028345144628, 38.930963092886977 ], [ -120.887926660393276, 38.930963092777318 ], [ -120.887926660674211, 38.931591914022768 ], [ -120.887567333765233, 38.931591913822182 ], [ -120.887567334848228, 38.931861408319342 ], [ -120.887746996862234, 38.931951239833396 ], [ -120.886848681876003, 38.931951239779032 ], [ -120.886848681725425, 38.932220734920222 ], [ -120.885950366649411, 38.932220734160822 ], [ -120.885950366615063, 38.932580060394706 ], [ -120.884782556409434, 38.932580060629377 ] ] ] } },
{ "type": "Feature", "properties": { "csb_id": "061825003214313", "acres": 5.89277720913236, "geoid": "06017" }, "geometry": { "type": "Polygon", "coordinates": [ [ [ -120.89151992129618, 38.933029218461762 ], [ -120.891250427325531, 38.933029218178461 ], [ -120.891250425574157, 38.9324902289652 ], [ -120.891430090237975, 38.932220734239401 ], [ -120.891070763732159, 38.93132241916183 ], [ -120.890621606730988, 38.930963093006255 ], [ -120.891250426925367, 38.93096309332013 ], [ -120.891519921609643, 38.931232587739778 ], [ -120.891519921683823, 38.931591914929101 ], [ -120.893047057932733, 38.931591913906409 ], [ -120.89286739417085, 38.932220734449558 ], [ -120.892328405906113, 38.93222073490675 ], [ -120.892418237036239, 38.93302921774135 ], [ -120.892148742462581, 38.93302921768646 ], [ -120.892148741662695, 38.933388543933944 ], [ -120.891789416126556, 38.933658038926303 ], [ -120.891789416369321, 38.933388544575571 ], [ -120.89151992129618, 38.933029218461762 ] ] ] } },
{ "type": "Feature", "properties": { "csb_id": "061825003214314", "acres": 10.451722630155301, "geoid": "06017" }, "geometry": { "type": "Polygon", "coordinates": [ [ [ -120.88810632329502, 38.931951239975483 ], [ -120.888106323591288, 38.931681744781983 ], [ -120.887746997363692, 38.931681744870886 ], [ -120.887746997129881, 38.931861408465366 ], [ -120.887567334848228, 38.931861408319342 ], [ -120.887567333765233, 38.931591913822182 ], [ -120.887926660674211, 38.931591914022768 ], [ -120.887926660393276, 38.930963092777318 ], [ -120.887028345144628, 38.930963092886977 ], [ -120.887028345571551, 38.93033427221976 ], [ -120.887926660413811, 38.930334272447709 ], [ -120.887926660224892, 38.929525788630606 ], [ -120.888196155467554, 38.929525788593175 ], [ -120.888196155238447, 38.930064777969392 ], [ -120.889453796274694, 38.930064777286468 ], [ -120.889723290805705, 38.930334272636024 ], [ -120.889723289886959, 38.930693598164083 ], [ -120.890621607098524, 38.930693600541026 ], [ -120.890531774311384, 38.93123258786953 ], [ -120.88990295456459, 38.931322419812027 ], [ -120.889004639046533, 38.931951240000551 ], [ -120.88810632329502, 38.931951239975483 ] ] ] } },
{ "type": "Feature", "properties": { "csb_id": "061825003214315", "acres": 6.5063149299788696, "geoid": "06017" }, "geometry": { "type": "Polygon", "coordinates": [ [ [ -120.896909813462287, 38.931951239851486 ], [ -120.896011498235481, 38.931052924155892 ], [ -120.895472508540252, 38.930873261819769 ], [ -120.89547250913887, 38.93033427232897 ], [ -120.89601149786516, 38.930334271871409 ], [ -120.896011498309022, 38.930064778086916 ], [ -120.896999644836555, 38.930064777386022 ], [ -120.896999644675788, 38.930334271863764 ], [ -120.898077623359526, 38.930334272630333 ], [ -120.897777951261673, 38.930932915408604 ], [ -120.896909813462287, 38.931951239851486 ] ] ] } },
{ "type": "Feature", "properties": { "csb_id": "061825003214316", "acres": 15.4710436361439, "geoid": "06017" }, "geometry": { "type": "Polygon", "coordinates": [ [ [ -120.891519921683823, 38.931591914929101 ], [ -120.891519921609643, 38.931232587739778 ], [ -120.891250426925367, 38.93096309332013 ], [ -120.890621606730988, 38.930963093006255 ], [ -120.890621607098524, 38.930693600541026 ], [ -120.889723289886959, 38.930693598164083 ], [ -120.889723290805705, 38.930334272636024 ], [ -120.889453796274694, 38.930064777286468 ], [ -120.888465649101903, 38.930064778039323 ], [ -120.888465650000214, 38.929705451973618 ], [ -120.888196154915818, 38.929705451503871 ], [ -120.888196155181092, 38.929435957254974 ], [ -120.888765321498141, 38.929196640274839 ], [ -120.889543628025365, 38.929166462662266 ], [ -120.890441942838137, 38.929435957007961 ], [ -120.891519921580382, 38.930064777685949 ], [ -120.892328404845358, 38.930154609672186 ], [ -120.893945372475045, 38.930693598620088 ], [ -120.894214867881786, 38.931052924581522 ], [ -120.894214867779397, 38.931232587716721 ], [ -120.893675878488708, 38.931322419313695 ], [ -120.893675878178129, 38.931591914112389 ], [ -120.891519921683823, 38.931591914929101 ] ] ] } },
{ "type": "Feature", "properties": { "csb_id": "061825003214317", "acres": 5.69144833038985, "geoid": "06017" }, "geometry": { "type": "Polygon", "coordinates": [ [ [ -120.894214867166667, 38.930334272315896 ], [ -120.894214868033302, 38.930064777963175 ], [ -120.893316552687679, 38.930064777883018 ], [ -120.892148742249617, 38.929705451376883 ], [ -120.891789415871273, 38.929435957201356 ], [ -120.891789415812497, 38.929166462144693 ], [ -120.894843688032424, 38.929166462773196 ], [ -120.894843688704185, 38.929705451884551 ], [ -120.894394530121573, 38.930334272080692 ], [ -120.894214867166667, 38.930334272315896 ] ] ] } },
{ "type": "Feature", "properties": { "csb_id": "061825003214318", "acres": 7.6524334292070604, "geoid": "06017" }, "geometry": { "type": "Polygon", "coordinates": [ [ [ -120.896999644675788, 38.930334271863764 ], [ -120.896999644836555, 38.930064777386022 ], [ -120.896011498309022, 38.930064778086916 ], [ -120.89601149786516, 38.930334271871409 ], [ -120.89547250913887, 38.93033427232897 ], [ -120.895472508913656, 38.930693598000268 ], [ -120.895023351628481, 38.930693598294901 ], [ -120.894843688274221, 38.930424103751243 ], [ -120.895203014123979, 38.929435956663511 ], [ -120.895652171651776, 38.929166462534894 ], [ -120.897269139819912, 38.9291664626829 ], [ -120.898167455006245, 38.929705451133934 ], [ -120.898167455105153, 38.930064777592598 ], [ -120.897897959929992, 38.930064777628445 ], [ -120.897897959719927, 38.930334272799378 ], [ -120.896999644675788, 38.930334271863764 ] ] ] } },
{ "type": "Feature", "properties": { "csb_id": "061825003214319", "acres": 4.3685040040394298, "geoid": "06017" }, "geometry": { "type": "Polygon", "coordinates": [ [ [ -120.862504337531831, 38.90473228677331 ], [ -120.861965348458796, 38.904462792167202 ], [ -120.861067033344824, 38.904372960662691 ], [ -120.861067033430103, 38.90410346579656 ], [ -120.862234843017561, 38.904103465980377 ], [ -120.862504338459075, 38.903474645350158 ], [ -120.862234843408359, 38.90347464532482 ], [ -120.862504338025403, 38.90320515045385 ], [ -120.86286366335662, 38.903205150515163 ], [ -120.863312822016397, 38.90374413969446 ], [ -120.86349248477643, 38.903744140322573 ], [ -120.86349248421979, 38.904372960491301 ], [ -120.863133158448704, 38.904372960236849 ], [ -120.863133158555044, 38.904732286938874 ], [ -120.862504337531831, 38.90473228677331 ] ] ] } },
{ "type": "Feature", "properties": { "csb_id": "061825003214321", "acres": 2.6019232232659602, "geoid": "06017" }, "geometry": { "type": "Polygon", "coordinates": [ [ [ -120.861336528452597, 38.903474645241694 ], [ -120.861606022901213, 38.903474645496033 ], [ -120.861606022496403, 38.902845824321211 ], [ -120.862504337647835, 38.902845824514436 ], [ -120.862504338025403, 38.90320515045385 ], [ -120.862234843408359, 38.90347464532482 ], [ -120.862234843017561, 38.904103465980377 ], [ -120.861336527655396, 38.904103466236378 ], [ -120.861336528452597, 38.903474645241694 ] ] ] } },
{ "type": "Feature", "properties": { "csb_id": "061825003214323", "acres": 2.87271637167242, "geoid": "06017" }, "geometry": { "type": "Polygon", "coordinates": [ [ [ -120.870858669780432, 38.90311531885397 ], [ -120.870413459731992, 38.903703961031098 ], [ -120.870012463679643, 38.903828708129751 ], [ -120.869960355137735, 38.902935656206964 ], [ -120.86969086003441, 38.902935656183843 ], [ -120.869690860501933, 38.902396667255765 ], [ -120.869960354842249, 38.902037340885762 ], [ -120.870229849172048, 38.902037340723219 ], [ -120.870229849193606, 38.902666161491076 ], [ -120.870858669604871, 38.90266616142415 ], [ -120.870858669780432, 38.90311531885397 ] ] ] } },
{ "type": "Feature", "properties": { "csb_id": "061825003214324", "acres": 3.7446183289050299, "geoid": "06017" }, "geometry": { "type": "Polygon", "coordinates": [ [ [ -120.984675216932047, 38.899072900087177 ], [ -120.985304037532572, 38.899072900636789 ], [ -120.985304037687797, 38.89934239470594 ], [ -120.984944710998818, 38.899342395298426 ], [ -120.984944710535885, 38.899971215591101 ], [ -120.98530403695483, 38.899971215694208 ], [ -120.985304037567815, 38.900510204764664 ], [ -120.984675216707004, 38.900510204480973 ], [ -120.98467521584989, 38.901498351549002 ], [ -120.983507407079003, 38.901498351938592 ], [ -120.983507406109098, 38.901139025322514 ], [ -120.984405721854586, 38.900510205271694 ], [ -120.984675215948513, 38.899971215476448 ], [ -120.984675216932047, 38.899072900087177 ] ] ] } },
{ "type": "Feature", "properties": { "csb_id": "061825003214326", "acres": 3.8798035061244098, "geoid": "06017" }, "geometry": { "type": "Polygon", "coordinates": [ [ [ -120.989615950267762, 38.885777833986793 ], [ -120.991053255141011, 38.885777834636819 ], [ -120.991951570362929, 38.886406655024977 ], [ -120.991951569995791, 38.886676149230347 ], [ -120.99132274976705, 38.886676149892303 ], [ -120.99042443456382, 38.886406654838133 ], [ -120.990154939399957, 38.886676149540691 ], [ -120.989526118522647, 38.88667614953745 ], [ -120.989526119390092, 38.886406655232463 ], [ -120.989795613160013, 38.886406654942824 ], [ -120.989615950267762, 38.885777833986793 ] ] ] } },
{ "type": "Feature", "properties": { "csb_id": "061825003214330", "acres": 3.4306857284834198, "geoid": "06017" }, "geometry": { "type": "Polygon", "coordinates": [ [ [ -120.834476901040262, 38.867991191544405 ], [ -120.834387069141115, 38.867003044717286 ], [ -120.834656563476457, 38.867003044512465 ], [ -120.834926058012201, 38.867362370695183 ], [ -120.834926059110998, 38.867991191627482 ], [ -120.835285385173179, 38.868260685935098 ], [ -120.83555487914083, 38.868260686652903 ], [ -120.835824374507553, 38.867991191680026 ], [ -120.835824374126275, 38.867362370857947 ], [ -120.836183700558877, 38.867362371134092 ], [ -120.836453194566019, 38.868260686516649 ], [ -120.836183699926764, 38.868530181141793 ], [ -120.834926058960662, 38.868530180863083 ], [ -120.834926058885529, 38.868260685810107 ], [ -120.834476901040262, 38.867991191544405 ] ] ] } },
{ "type": "Feature", "properties": { "csb_id": "061825003214331", "acres": 11.9404959674427, "geoid": "06017" }, "geometry": { "type": "Polygon", "coordinates": [ [ [ -120.838609149657884, 38.86727253980424 ], [ -120.838429488418527, 38.866643718880013 ], [ -120.837171847219139, 38.866464055320968 ], [ -120.83717184691838, 38.866014898211546 ], [ -120.837531172890422, 38.865745403735367 ], [ -120.838429487761331, 38.865475908477194 ], [ -120.838429487641122, 38.864667424873694 ], [ -120.840046456226034, 38.864667424830273 ], [ -120.840226118729618, 38.865475908709634 ], [ -120.840226119098361, 38.866643718612494 ], [ -120.839866792601654, 38.866643719715618 ], [ -120.839327803807265, 38.866913213421888 ], [ -120.839148141014789, 38.86727253969638 ], [ -120.838609149657884, 38.86727253980424 ] ] ] } },
{ "type": "Feature", "properties": { "csb_id": "061825003214333", "acres": 3.1029360214753301, "geoid": "06017" }, "geometry": { "type": "Polygon", "coordinates": [ [ [ -120.93095596258874, 38.861882647486418 ], [ -120.931584783378312, 38.861882647446322 ], [ -120.931584782924332, 38.862241973451894 ], [ -120.931225457610338, 38.862241973985249 ], [ -120.93122545661997, 38.863769109778588 ], [ -120.930955962290653, 38.863769110019305 ], [ -120.930686468048393, 38.863409783668843 ], [ -120.930686468125288, 38.86278096298058 ], [ -120.93005764731474, 38.862780963336562 ], [ -120.930057647080986, 38.862511468247817 ], [ -120.930327142270897, 38.862241973492246 ], [ -120.930955962706804, 38.862241973659479 ], [ -120.93095596258874, 38.861882647486418 ] ] ] } },
{ "type": "Feature", "properties": { "csb_id": "061825003214340", "acres": 3.5561108801906398, "geoid": "06017" }, "geometry": { "type": "Polygon", "coordinates": [ [ [ -120.954042663842003, 38.829543297907634 ], [ -120.954042665000969, 38.829183971483658 ], [ -120.95431216024086, 38.828914477017733 ], [ -120.954312159443958, 38.828734813500859 ], [ -120.954042664904151, 38.828644981789623 ], [ -120.954042665157573, 38.828375487815627 ], [ -120.954491822887206, 38.828105993105744 ], [ -120.954940980967024, 38.828105992456585 ], [ -120.954940980362821, 38.828644981786567 ], [ -120.955390137874758, 38.82864498215806 ], [ -120.955390138042915, 38.829183971120059 ], [ -120.955210473901218, 38.829543297390714 ], [ -120.954042663842003, 38.829543297907634 ] ] ] } },
{ "type": "Feature", "properties": { "csb_id": "061825003214341", "acres": 3.8541178216226299, "geoid": "06017" }, "geometry": { "type": "Polygon", "coordinates": [ [ [ -120.956288452964046, 38.828285656034161 ], [ -120.956288453631487, 38.827836498375909 ], [ -120.956647779334347, 38.827387341168354 ], [ -120.95826474721332, 38.827477172118229 ], [ -120.958264747057498, 38.828285656127051 ], [ -120.956288452964046, 38.828285656034161 ] ] ] } },
{ "type": "Feature", "properties": { "csb_id": "061825003214342", "acres": 2.7968965261184899, "geoid": "06017" }, "geometry": { "type": "Polygon", "coordinates": [ [ [ -120.856126299156429, 38.826578856977086 ], [ -120.856665288356012, 38.826578856951819 ], [ -120.857294108583474, 38.827207677507658 ], [ -120.857294109709798, 38.827836498300755 ], [ -120.85639579433446, 38.827836498735024 ], [ -120.856395793794022, 38.827477171999192 ], [ -120.856126298982915, 38.827477172003704 ], [ -120.856126299156429, 38.826578856977086 ] ] ] } },
{ "type": "Feature", "properties": { "csb_id": "061825003214343", "acres": 2.7489181223389298, "geoid": "06017" }, "geometry": { "type": "Polygon", "coordinates": [ [ [ -120.811210535192131, 38.824512731628175 ], [ -120.811210534833009, 38.824692394849606 ], [ -120.812019019179161, 38.824961889477585 ], [ -120.812468176845442, 38.825321215662122 ], [ -120.812468176011194, 38.825590710146365 ], [ -120.810761377979247, 38.825321215345781 ], [ -120.810761377685225, 38.824512731773666 ], [ -120.811210535192131, 38.824512731628175 ] ] ] } },
{ "type": "Feature", "properties": { "csb_id": "061825003214352", "acres": 3.7207121529056, "geoid": "06017" }, "geometry": { "type": "Polygon", "coordinates": [ [ [ -120.811120703318309, 38.804570132299204 ], [ -120.811390198538845, 38.804570132437235 ], [ -120.811390197691154, 38.804839627393051 ], [ -120.8126478398909, 38.804839627218492 ], [ -120.812647839174872, 38.805737942223018 ], [ -120.812288512973481, 38.805737942376048 ], [ -120.811749524653138, 38.805468448141617 ], [ -120.811749524173266, 38.805198953169324 ], [ -120.811390197858174, 38.805198953130073 ], [ -120.81076137714534, 38.805198953253097 ], [ -120.810761377841374, 38.805737942684921 ], [ -120.81049188227523, 38.805737942211152 ], [ -120.810222388802487, 38.805468447724266 ], [ -120.810222388049866, 38.805198953041526 ], [ -120.810491883036832, 38.804839627101522 ], [ -120.811120703720903, 38.80483962679444 ], [ -120.811120703318309, 38.804570132299204 ] ] ] } },
{ "type": "Feature", "properties": { "csb_id": "061825003214353", "acres": 4.0764874537113602, "geoid": "06017" }, "geometry": { "type": "Polygon", "coordinates": [ [ [ -120.814713965229387, 38.803312491074912 ], [ -120.814713964450306, 38.803941312046831 ], [ -120.814444470275518, 38.803941312017642 ], [ -120.814444469971747, 38.804839626779682 ], [ -120.814085144339032, 38.805198953120403 ], [ -120.813546155234746, 38.805198953527672 ], [ -120.813546155374368, 38.804570132828047 ], [ -120.813186828933581, 38.804570132199686 ], [ -120.813186828808782, 38.804839627445048 ], [ -120.812917334761295, 38.804839627078962 ], [ -120.812917333933385, 38.804300638148149 ], [ -120.814444470545737, 38.803671816736369 ], [ -120.814444469708931, 38.803312490874767 ], [ -120.814713965229387, 38.803312491074912 ] ] ] } },
{ "type": "Feature", "properties": { "csb_id": "061825003214358", "acres": 4.4038946361795199, "geoid": "06017" }, "geometry": { "type": "Polygon", "coordinates": [ [ [ -120.758659090914634, 38.796485294805244 ], [ -120.758120101814896, 38.796305631622893 ], [ -120.758120102140609, 38.795676811421217 ], [ -120.758569259819851, 38.795137822145946 ], [ -120.759647238170388, 38.795227653797141 ], [ -120.75964723726895, 38.796305631598173 ], [ -120.758659090914634, 38.796485294805244 ] ] ] } },
{ "type": "Feature", "properties": { "csb_id": "061825003214359", "acres": 4.3740648933735002, "geoid": "06017" }, "geometry": { "type": "Polygon", "coordinates": [ [ [ -120.728475696942226, 38.796664958226209 ], [ -120.728475697236533, 38.795407317149674 ], [ -120.729104518179113, 38.795227653197031 ], [ -120.729733338635398, 38.79540731632428 ], [ -120.729733339177059, 38.796395463293912 ], [ -120.729104518368544, 38.796934452452561 ], [ -120.728475696942226, 38.796664958226209 ] ] ] } },
{ "type": "Feature", "properties": { "csb_id": "061825003214360", "acres": 3.7272352250070901, "geoid": "06017" }, "geometry": { "type": "Polygon", "coordinates": [ [ [ -120.877506203459617, 38.797293778771113 ], [ -120.877506203078852, 38.797024283971062 ], [ -120.877775698055871, 38.797024284468563 ], [ -120.877775697711499, 38.796125969184715 ], [ -120.877506203493951, 38.795497148526593 ], [ -120.876877382795612, 38.795497147911426 ], [ -120.876877382807649, 38.794598833111479 ], [ -120.876607887809556, 38.794598832505585 ], [ -120.876607887379393, 38.794329338466753 ], [ -120.877057045031648, 38.793880180284866 ], [ -120.877236708865922, 38.793880180866324 ], [ -120.877266886120211, 38.794927981244641 ], [ -120.877445146122838, 38.795286605472398 ], [ -120.878224855367264, 38.796125968935556 ], [ -120.878135023626697, 38.797293778562974 ], [ -120.877506203459617, 38.797293778771113 ] ] ] } },
{ "type": "Feature", "properties": { "csb_id": "061825003214362", "acres": 5.1638771977001401, "geoid": "06017" }, "geometry": { "type": "Polygon", "coordinates": [ [ [ -120.760815048024014, 38.79145472968861 ], [ -120.760815047940667, 38.791185234761706 ], [ -120.760545552859909, 38.791185235282221 ], [ -120.760545553391211, 38.790556413831389 ], [ -120.76081504799005, 38.790376750883503 ], [ -120.762791340889322, 38.790376750787225 ], [ -120.762881172674639, 38.791185234918963 ], [ -120.761982857511299, 38.791185234845102 ], [ -120.761982857416726, 38.791454730691335 ], [ -120.760815048024014, 38.79145472968861 ] ] ] } },
{ "type": "Feature", "properties": { "csb_id": "061825003214365", "acres": 3.8955845103043201, "geoid": "06017" }, "geometry": { "type": "Polygon", "coordinates": [ [ [ -120.717606083152646, 38.772140951515077 ], [ -120.717606081128793, 38.771601962706676 ], [ -120.717336588955092, 38.771601963670463 ], [ -120.717336588356261, 38.770973141232197 ], [ -120.718594229522097, 38.770793477231564 ], [ -120.718863724198286, 38.770973142561559 ], [ -120.718863723813058, 38.771601962350751 ], [ -120.718684060760538, 38.771871455863241 ], [ -120.718234903040937, 38.772140950949584 ], [ -120.717606083152646, 38.772140951515077 ] ] ] } },
{ "type": "Feature", "properties": { "csb_id": "061825003214371", "acres": 3.7516770487722901, "geoid": "06017" }, "geometry": { "type": "Polygon", "coordinates": [ [ [ -120.730811317626646, 38.765223923250993 ], [ -120.730811316771081, 38.764595102402474 ], [ -120.733057104947918, 38.764595102551205 ], [ -120.733057105814254, 38.764954428160415 ], [ -120.733685925738286, 38.765044260117449 ], [ -120.733685925886022, 38.765223922840839 ], [ -120.730811317626646, 38.765223923250993 ] ] ] } },
{ "type": "Feature", "properties": { "csb_id": "061825003214372", "acres": 3.1634171892567702, "geoid": "06017" }, "geometry": { "type": "Polygon", "coordinates": [ [ [ -120.718684061012311, 38.7659425755295 ], [ -120.717696615303851, 38.764504568902929 ], [ -120.717606082212853, 38.764056113232655 ], [ -120.717965408393539, 38.764056113234304 ], [ -120.717965408898849, 38.764325607374239 ], [ -120.718684060311617, 38.765044259929418 ], [ -120.719941702086857, 38.765044259867594 ], [ -120.719941701732409, 38.765313754774134 ], [ -120.719312882153346, 38.765313754737456 ], [ -120.719043387155978, 38.765583248747546 ], [ -120.719043386675764, 38.765942575328125 ], [ -120.718684061012311, 38.7659425755295 ] ] ] } },
{ "type": "Feature", "properties": { "csb_id": "061825003214373", "acres": 3.80940107376568, "geoid": "06017" }, "geometry": { "type": "Polygon", "coordinates": [ [ [ -120.834746395799016, 38.764954428622154 ], [ -120.834656564129702, 38.764415439174996 ], [ -120.834207406552125, 38.764056113378665 ], [ -120.834207406445074, 38.763696787150884 ], [ -120.834476901277085, 38.763427292734185 ], [ -120.835644711283166, 38.763786618289387 ], [ -120.835644711094773, 38.764415438819107 ], [ -120.835375216415216, 38.764954428499586 ], [ -120.834746395799016, 38.764954428622154 ] ] ] } },
{ "type": "Feature", "properties": { "csb_id": "061825003214375", "acres": 3.6074211453349099, "geoid": "06017" }, "geometry": { "type": "Polygon", "coordinates": [ [ [ -120.712485685388387, 38.764056113598258 ], [ -120.712485685933743, 38.763517124056392 ], [ -120.713114506136392, 38.763427292378246 ], [ -120.713114506442793, 38.762798472088605 ], [ -120.714012821589776, 38.762798471945494 ], [ -120.714282315385518, 38.76306796637359 ], [ -120.714282315411424, 38.763427292599943 ], [ -120.714012821988518, 38.763427292749384 ], [ -120.713922989379029, 38.763786618542092 ], [ -120.713383999854727, 38.764056113013226 ], [ -120.712485685388387, 38.764056113598258 ] ] ] } },
{ "type": "Feature", "properties": { "csb_id": "061825003214376", "acres": 3.1102360717922699, "geoid": "06017" }, "geometry": { "type": "Polygon", "coordinates": [ [ [ -120.745274193159119, 38.763427292103067 ], [ -120.745004697484461, 38.762259483174482 ], [ -120.746262340587379, 38.761900156422477 ], [ -120.746352172183251, 38.762888303621516 ], [ -120.745903013816104, 38.762888303304443 ], [ -120.745633519424103, 38.763157797554754 ], [ -120.745633518974898, 38.763427292450459 ], [ -120.745274193159119, 38.763427292103067 ] ] ] } },
{ "type": "Feature", "properties": { "csb_id": "061825003214377", "acres": 6.3394796230551096, "geoid": "06017" }, "geometry": { "type": "Polygon", "coordinates": [ [ [ -120.72003153315228, 38.764954428369222 ], [ -120.720031532359016, 38.763696787593311 ], [ -120.719133218840895, 38.763067967531839 ], [ -120.718863723983716, 38.763067966808201 ], [ -120.718863723615712, 38.762169651829446 ], [ -120.718594229830302, 38.76216965097786 ], [ -120.718594229547136, 38.761900157290071 ], [ -120.720570522633949, 38.761989988302275 ], [ -120.72057052288514, 38.762618808638905 ], [ -120.7202111963025, 38.76261880849821 ], [ -120.720211197243842, 38.762259482595489 ], [ -120.719941702529212, 38.762259482954214 ], [ -120.719941702565663, 38.763427292740865 ], [ -120.720660354937067, 38.763427292563719 ], [ -120.720660354839609, 38.764056113205811 ], [ -120.72039086029082, 38.764595102536838 ], [ -120.720390860233977, 38.764954428510336 ], [ -120.72003153315228, 38.764954428369222 ] ] ] } },
{ "type": "Feature", "properties": { "csb_id": "061825003214379", "acres": 5.1178512437927699, "geoid": "06017" }, "geometry": { "type": "Polygon", "coordinates": [ [ [ -120.834926058371266, 38.762528976924663 ], [ -120.834387069919032, 38.761720493836684 ], [ -120.83447690113023, 38.761271335754728 ], [ -120.834926058605106, 38.760822177979065 ], [ -120.835375216563989, 38.760822177674171 ], [ -120.836004036635813, 38.76136116697905 ], [ -120.835824373373725, 38.762528977340381 ], [ -120.834926058371266, 38.762528976924663 ] ] ] } },
{ "type": "Feature", "properties": { "csb_id": "061825003214380", "acres": 3.4404263473954999, "geoid": "06017" }, "geometry": { "type": "Polygon", "coordinates": [ [ [ -120.729104517981412, 38.762888303816773 ], [ -120.729553676330738, 38.762618808604088 ], [ -120.729553675801043, 38.762259482831048 ], [ -120.728385866591708, 38.762259482821079 ], [ -120.728385865923215, 38.761989988281506 ], [ -120.72928418062979, 38.76198998796422 ], [ -120.729284180809131, 38.761361166996103 ], [ -120.730541822964099, 38.761361167093433 ], [ -120.729882824404569, 38.762678462150312 ], [ -120.729553675399544, 38.762888303443525 ], [ -120.729104517981412, 38.762888303816773 ] ] ] } },
{ "type": "Feature", "properties": { "csb_id": "061825003214381", "acres": 4.2327854429471801, "geoid": "06017" }, "geometry": { "type": "Polygon", "coordinates": [ [ [ -120.701795733961873, 38.762888302885919 ], [ -120.701795733478249, 38.761720493482542 ], [ -120.702873711324045, 38.761630661872651 ], [ -120.702873712142534, 38.761361166907363 ], [ -120.703322869580518, 38.761361167500681 ], [ -120.703592364300476, 38.761720493158379 ], [ -120.703592363591625, 38.761989987728221 ], [ -120.703322869713091, 38.762259482158385 ], [ -120.702155059142157, 38.762888303513726 ], [ -120.701795733961873, 38.762888302885919 ] ] ] } },
{ "type": "Feature", "properties": { "csb_id": "061825003214382", "acres": 9.1006520861966607, "geoid": "06017" }, "geometry": { "type": "Polygon", "coordinates": [ [ [ -120.713384000666025, 38.761630661888859 ], [ -120.712395853653376, 38.76136116768118 ], [ -120.712485685409433, 38.76100184140136 ], [ -120.713384000895786, 38.761001841235142 ], [ -120.71338400039545, 38.760732346933629 ], [ -120.713114506521094, 38.760732346329121 ], [ -120.713114505704908, 38.760103526410788 ], [ -120.71356366435181, 38.759923863148259 ], [ -120.715180631304989, 38.759923862455516 ], [ -120.715270462388929, 38.760462851762249 ], [ -120.715090798292124, 38.761720493499595 ], [ -120.713384000666025, 38.761630661888859 ] ] ] } },
{ "type": "Feature", "properties": { "csb_id": "061825003214385", "acres": 5.4993778119821703, "geoid": "06017" }, "geometry": { "type": "Polygon", "coordinates": [ [ [ -120.713114506222752, 38.757947569338761 ], [ -120.712845011106069, 38.75794756957913 ], [ -120.712845009967651, 38.758306895367163 ], [ -120.713114505288488, 38.758306895356249 ], [ -120.713114506222752, 38.757947569338761 ], [ -120.713563663610913, 38.757678074626625 ], [ -120.714282316418107, 38.757678074906408 ], [ -120.714791127454788, 38.757977747007857 ], [ -120.714911137188949, 38.758845884332061 ], [ -120.714461978649709, 38.758845884877204 ], [ -120.714192484760844, 38.758396727312387 ], [ -120.713743327003499, 38.758306895653057 ], [ -120.713384000285757, 38.758576390097097 ], [ -120.713294168773103, 38.759205210870022 ], [ -120.713114505908635, 38.759205210304287 ], [ -120.712485684222941, 38.758845884619639 ], [ -120.712485685404417, 38.757678074484375 ], [ -120.713114505979249, 38.757767906017627 ], [ -120.713114506222752, 38.757947569338761 ] ] ] } },
{ "type": "Feature", "properties": { "csb_id": "061825003214393", "acres": 6.3571063896510296, "geoid": "06017" }, "geometry": { "type": "Polygon", "coordinates": [ [ [ -120.711587369892285, 38.757947569473302 ], [ -120.711317875262679, 38.75740857981755 ], [ -120.710689055066496, 38.757408580467306 ], [ -120.710689054270389, 38.756779759448442 ], [ -120.710060234476046, 38.756779759773693 ], [ -120.710060234126132, 38.756510265273725 ], [ -120.710419559914541, 38.756510264905131 ], [ -120.710419560871657, 38.756150938877532 ], [ -120.711317875972966, 38.756240770042112 ], [ -120.712845011258906, 38.757049254320989 ], [ -120.712845011243061, 38.757408579853092 ], [ -120.712485685677052, 38.75740857985376 ], [ -120.712485685404417, 38.757678074484375 ], [ -120.711587369892285, 38.757947569473302 ] ] ] } },
{ "type": "Feature", "properties": { "csb_id": "061825003214396", "acres": 9.7424974912475992, "geoid": "06017" }, "geometry": { "type": "Polygon", "coordinates": [ [ [ -120.745094530386865, 38.757947569614402 ], [ -120.74545385653812, 38.757947569511096 ], [ -120.745453856528158, 38.757678074968112 ], [ -120.745094530282117, 38.75767807443907 ], [ -120.744825035963515, 38.757408580141927 ], [ -120.744825035588335, 38.756510264868957 ], [ -120.744555541024809, 38.756510264981252 ], [ -120.744555541019167, 38.756150938947926 ], [ -120.744825035445317, 38.755881444562178 ], [ -120.745094530231071, 38.755881444265668 ], [ -120.745094529816967, 38.755522117791443 ], [ -120.745453856149609, 38.75552211797752 ], [ -120.745992845774097, 38.756330601928894 ], [ -120.746817822546461, 38.757122594119593 ], [ -120.746891160813234, 38.757767906055307 ], [ -120.746801328873232, 38.757947568982011 ], [ -120.74653183484044, 38.757947569434229 ], [ -120.746531834051126, 38.757767906022174 ], [ -120.74590301339525, 38.757767905982043 ], [ -120.746172508473336, 38.759205210995646 ], [ -120.745453855836175, 38.759205210943975 ], [ -120.745453856177207, 38.758306895654258 ], [ -120.745094530386865, 38.757947569614402 ] ], [ [ -120.745453856570123, 38.756779758929547 ], [ -120.745094530256594, 38.756779759319194 ], [ -120.745094530062303, 38.757049253612522 ], [ -120.745453856879124, 38.757049254314659 ], [ -120.745453856570123, 38.756779758929547 ] ] ] } },
{ "type": "Feature", "properties": { "csb_id": "061825003214397", "acres": 4.5313337581410504, "geoid": "06017" }, "geometry": { "type": "Polygon", "coordinates": [ [ [ -120.743567394012615, 38.756240770417868 ], [ -120.743926720389936, 38.755881443897536 ], [ -120.744555540659562, 38.755881444271715 ], [ -120.744555541024809, 38.756510264981252 ], [ -120.744825035588335, 38.756510264868957 ], [ -120.744825035963515, 38.757408580141927 ], [ -120.745094530282117, 38.75767807443907 ], [ -120.745453856528158, 38.757678074968112 ], [ -120.74545385653812, 38.757947569511096 ], [ -120.744825036128773, 38.757947569165175 ], [ -120.744375878162813, 38.75767807479054 ], [ -120.743747056800899, 38.756869590829162 ], [ -120.743567394012615, 38.756240770417868 ] ] ] } },
{ "type": "Feature", "properties": { "csb_id": "061825003214398", "acres": 4.0022503243485401, "geoid": "06017" }, "geometry": { "type": "Polygon", "coordinates": [ [ [ -120.736560534757658, 38.755342454980251 ], [ -120.736830029729518, 38.755342454696979 ], [ -120.73683002917582, 38.755611949251985 ], [ -120.737728344673314, 38.755611949890991 ], [ -120.738087670448579, 38.755971275482025 ], [ -120.73808767087192, 38.7562407698776 ], [ -120.736201208894187, 38.756240770611434 ], [ -120.736201208627023, 38.75660009659839 ], [ -120.735662219871003, 38.756600096312383 ], [ -120.735662219201856, 38.755971275639617 ], [ -120.735931713825025, 38.755611949447015 ], [ -120.736560535453847, 38.755611949075998 ], [ -120.736560534757658, 38.755342454980251 ] ] ] } },
{ "type": "Feature", "properties": { "csb_id": "061825003214402", "acres": 10.438565251732101, "geoid": "06017" }, "geometry": { "type": "Polygon", "coordinates": [ [ [ -120.709521245224593, 38.756779759002725 ], [ -120.709161918821167, 38.756420432965406 ], [ -120.709072087132455, 38.755971275800228 ], [ -120.708443266290686, 38.755971276007365 ], [ -120.707904278086772, 38.756240770440456 ], [ -120.707904277991219, 38.756600096534221 ], [ -120.707275457190136, 38.756600096153598 ], [ -120.706646635845928, 38.75597127589436 ], [ -120.706646636353469, 38.755342455336489 ], [ -120.707275456948324, 38.755342454895022 ], [ -120.708173772056057, 38.755072960357509 ], [ -120.709341581714071, 38.755072960430773 ], [ -120.710239897348245, 38.755701781067515 ], [ -120.710958549193776, 38.755971275486111 ], [ -120.710958548919351, 38.75615093872527 ], [ -120.710419560871657, 38.756150938877532 ], [ -120.710419559914541, 38.756510264905131 ], [ -120.710060234126132, 38.756510265273725 ], [ -120.710060234476046, 38.756779759773693 ], [ -120.709521245224593, 38.756779759002725 ] ] ] } },
{ "type": "Feature", "properties": { "csb_id": "061825003214403", "acres": 2.88625686266416, "geoid": "06017" }, "geometry": { "type": "Polygon", "coordinates": [ [ [ -120.675834421813093, 38.754713634585642 ], [ -120.676193747536203, 38.754713633965494 ], [ -120.676193748434372, 38.755971275538258 ], [ -120.674936106784529, 38.755971275514405 ], [ -120.674936106320544, 38.755342454617747 ], [ -120.675295432653883, 38.755072960163972 ], [ -120.675834422470956, 38.755072960557115 ], [ -120.675834421813093, 38.754713634585642 ] ] ] } },
{ "type": "Feature", "properties": { "csb_id": "061825003214407", "acres": 13.0234852158466, "geoid": "06017" }, "geometry": { "type": "Polygon", "coordinates": [ [ [ -120.740872445389769, 38.756150938966456 ], [ -120.739704639080685, 38.756150938691945 ], [ -120.739524975555327, 38.755881443804931 ], [ -120.739524972759156, 38.754623803097893 ], [ -120.739704638776132, 38.754084813503376 ], [ -120.739524975366407, 38.754084813352449 ], [ -120.739524974606383, 38.753545824319538 ], [ -120.739345311400854, 38.75354582413739 ], [ -120.739345310855512, 38.753186498932941 ], [ -120.739524974968788, 38.753006835080605 ], [ -120.739811663117223, 38.753042978676163 ], [ -120.741052110979567, 38.754084813933474 ], [ -120.741321602650999, 38.754084814671714 ], [ -120.742130089505693, 38.754623803166268 ], [ -120.742130089393712, 38.754983128582204 ], [ -120.741231774088618, 38.755881444551861 ], [ -120.740872445389769, 38.756150938966456 ] ] ] } },
{ "type": "Feature", "properties": { "csb_id": "061825003214416", "acres": 28.314769521340299, "geoid": "06017" }, "geometry": { "type": "Polygon", "coordinates": [ [ [ -120.744555540659562, 38.755881444271715 ], [ -120.744555541715812, 38.755252624226976 ], [ -120.744196215206784, 38.754983130051038 ], [ -120.743747057526747, 38.754713633915451 ], [ -120.742399584228494, 38.754533971540617 ], [ -120.742219921307679, 38.754354309008818 ], [ -120.742130089898396, 38.753725488264436 ], [ -120.741501269485326, 38.753455992544026 ], [ -120.740872448182117, 38.753455993136917 ], [ -120.740602953384908, 38.752827172411621 ], [ -120.739974133082669, 38.752827173035627 ], [ -120.739405316925115, 38.752497147516408 ], [ -120.739255480478604, 38.752198351497483 ], [ -120.739345313100856, 38.751300036580922 ], [ -120.739974133878391, 38.751120374343849 ], [ -120.739974132867431, 38.751659362465418 ], [ -120.74060295381085, 38.752018688036763 ], [ -120.740782616399372, 38.752018688519733 ], [ -120.740782616725951, 38.75174919387409 ], [ -120.742130090384791, 38.75192885779505 ], [ -120.743836889124566, 38.752557677440606 ], [ -120.745633519279295, 38.75354582573901 ], [ -120.745723350794165, 38.754174644499905 ], [ -120.745403940352404, 38.754573975005343 ], [ -120.745324109234915, 38.755032958257303 ], [ -120.745453856149609, 38.75552211797752 ], [ -120.745094529816967, 38.755522117791443 ], [ -120.745094530231071, 38.755881444265668 ], [ -120.744555540659562, 38.755881444271715 ] ], [ [ -120.741501269379015, 38.752288183356171 ], [ -120.74060295424232, 38.752288183320708 ], [ -120.740602954374808, 38.752557677748428 ], [ -120.741501269161901, 38.752557677610746 ], [ -120.741501269379015, 38.752288183356171 ] ] ] } },
{ "type": "Feature", "properties": { "csb_id": "061825003214421", "acres": 7.6779305103522502, "geoid": "06017" }, "geometry": { "type": "Polygon", "coordinates": [ [ [ -120.728655360114885, 38.752378014559497 ], [ -120.728655360922602, 38.751749194144125 ], [ -120.728116371820661, 38.751120373119349 ], [ -120.726858729665054, 38.751120373372693 ], [ -120.72703839267669, 38.749952563293981 ], [ -120.727936708465791, 38.749593236828424 ], [ -120.728475697499988, 38.749593237048749 ], [ -120.728655360503268, 38.749862731823697 ], [ -120.728475697554103, 38.750132226907787 ], [ -120.72847569787649, 38.750850878499406 ], [ -120.728655360850013, 38.751389867656577 ], [ -120.729014686883062, 38.751749194032314 ], [ -120.729284180941647, 38.751749193809459 ], [ -120.729284181439724, 38.751389867495419 ], [ -120.729913002102435, 38.751389867816378 ], [ -120.729913002156039, 38.751749193727434 ], [ -120.729553676274477, 38.751928856907902 ], [ -120.729284180762335, 38.752378014280879 ], [ -120.728655360114885, 38.752378014559497 ] ], [ [ -120.727936708010716, 38.750850878396619 ], [ -120.727757044624482, 38.750761046851174 ], [ -120.727757045295462, 38.750850878338781 ], [ -120.727936708010716, 38.750850878396619 ] ] ] } },
{ "type": "Feature", "properties": { "csb_id": "061825003214424", "acres": 3.3675793584172, "geoid": "06017" }, "geometry": { "type": "Polygon", "coordinates": [ [ [ -120.655801991252574, 38.750132226462931 ], [ -120.655801990328058, 38.749862731570936 ], [ -120.656340979880127, 38.749323742443778 ], [ -120.65634098023294, 38.748964416619849 ], [ -120.658137610693529, 38.748964415988553 ], [ -120.658137610634228, 38.749503405952673 ], [ -120.656520643790969, 38.749593237414722 ], [ -120.656520643316711, 38.750132225979229 ], [ -120.655801991252574, 38.750132226462931 ] ] ] } },
{ "type": "Feature", "properties": { "csb_id": "061825003214428", "acres": 8.2138826036111094, "geoid": "06017" }, "geometry": { "type": "Polygon", "coordinates": [ [ [ -120.780577983553314, 38.750761046833567 ], [ -120.780577983659185, 38.750222057557401 ], [ -120.780128826291048, 38.750132225928198 ], [ -120.780308489694775, 38.749862732114998 ], [ -120.781655962490021, 38.749862731297696 ], [ -120.782823772456979, 38.749323742681504 ], [ -120.783901750711564, 38.749233910824977 ], [ -120.784081414137276, 38.748964416549889 ], [ -120.784620402611324, 38.748964416017202 ], [ -120.784620402500892, 38.749503405817912 ], [ -120.783183098603814, 38.750401720528778 ], [ -120.782284783355294, 38.750401720439505 ], [ -120.782284783167313, 38.750132225949223 ], [ -120.781925457257728, 38.750132226351681 ], [ -120.781655962188552, 38.750401721306481 ], [ -120.781655961962343, 38.750761046765874 ], [ -120.780577983553314, 38.750761046833567 ] ] ] } },
{ "type": "Feature", "properties": { "csb_id": "061825003214429", "acres": 3.9833370537898798, "geoid": "06017" }, "geometry": { "type": "Polygon", "coordinates": [ [ [ -120.762791340771514, 38.748694921618231 ], [ -120.763060836028785, 38.74869492190188 ], [ -120.763060836066188, 38.749323742632683 ], [ -120.764048982657073, 38.749323742174766 ], [ -120.764048982752158, 38.74995256282206 ], [ -120.763689656834188, 38.749952563076327 ], [ -120.763689656464379, 38.749593237415198 ], [ -120.763060836285291, 38.749593237331602 ], [ -120.762791340991711, 38.749952563054123 ], [ -120.762791341684604, 38.750491552025146 ], [ -120.763060836242545, 38.750491551963748 ], [ -120.763060836060845, 38.750850878053122 ], [ -120.762162520535782, 38.750850878522812 ], [ -120.762162520634988, 38.749952563347229 ], [ -120.76189302612157, 38.749952562773622 ], [ -120.761893026141081, 38.749593236997306 ], [ -120.762791341377678, 38.749593237220516 ], [ -120.762791340771514, 38.748694921618231 ] ] ] } },
{ "type": "Feature", "properties": { "csb_id": "061825003214430", "acres": 4.8493562230014202, "geoid": "06017" }, "geometry": { "type": "Polygon", "coordinates": [ [ [ -120.726319740507776, 38.74950340577152 ], [ -120.726319741257527, 38.749233910936617 ], [ -120.725780751130273, 38.749233911322328 ], [ -120.725780751337368, 38.748605090712822 ], [ -120.726409572711148, 38.748605089940305 ], [ -120.726589235786804, 38.747976269714236 ], [ -120.726409572289867, 38.747976269306307 ], [ -120.726409572707979, 38.747706774504167 ], [ -120.7270383926259, 38.747706774790338 ], [ -120.72703839255324, 38.748335595696382 ], [ -120.727577381805347, 38.748335596040185 ], [ -120.727577381738328, 38.749054247646193 ], [ -120.727307887593895, 38.749503405554016 ], [ -120.726319740507776, 38.74950340577152 ] ] ] } },
{ "type": "Feature", "properties": { "csb_id": "061825003214431", "acres": 4.4867543283639799, "geoid": "06017" }, "geometry": { "type": "Polygon", "coordinates": [ [ [ -120.721468837887571, 38.749323742331313 ], [ -120.721558669411934, 38.748335595668813 ], [ -120.72182816464337, 38.74833559594483 ], [ -120.721828163906522, 38.748964416150002 ], [ -120.722187490983998, 38.748964416216879 ], [ -120.722187490756724, 38.747706774920061 ], [ -120.723355300394289, 38.747706774659569 ], [ -120.723355300294955, 38.748605090740298 ], [ -120.722816311339699, 38.748694922212309 ], [ -120.722456984882811, 38.749323742526464 ], [ -120.721468837887571, 38.749323742331313 ] ] ] } },
{ "type": "Feature", "properties": { "csb_id": "061825003214435", "acres": 4.2047052291794804, "geoid": "06017" }, "geometry": { "type": "Polygon", "coordinates": [ [ [ -120.760725215782756, 38.748066101347966 ], [ -120.761264205694943, 38.748066101191888 ], [ -120.761623531829841, 38.748425426876025 ], [ -120.761623531606489, 38.749054247881041 ], [ -120.761893026170313, 38.749054248352174 ], [ -120.762162520549424, 38.748694922255844 ], [ -120.762162521102908, 38.748425427173942 ], [ -120.76189302631677, 38.748425426887493 ], [ -120.761893026336267, 38.748066101154905 ], [ -120.762521846752975, 38.748066100737795 ], [ -120.762521846644745, 38.749054247819856 ], [ -120.762162521003731, 38.749323742239859 ], [ -120.761264204968256, 38.749323742910342 ], [ -120.760365889963765, 38.748694921786281 ], [ -120.7603658901172, 38.748425427221285 ], [ -120.760725216224657, 38.748425427655448 ], [ -120.760725215782756, 38.748066101347966 ] ] ] } },
{ "type": "Feature", "properties": { "csb_id": "061825003214436", "acres": 3.75252581508011, "geoid": "06017" }, "geometry": { "type": "Polygon", "coordinates": [ [ [ -120.764048982561988, 38.748694921558986 ], [ -120.76350999339428, 38.748694921663819 ], [ -120.762611677031757, 38.747706775409355 ], [ -120.762611678470819, 38.747437280750866 ], [ -120.763060835916576, 38.746808459897956 ], [ -120.763509993128665, 38.747077954190217 ], [ -120.763509992246881, 38.747706774897601 ], [ -120.763689657007404, 38.747976269768692 ], [ -120.764138814318329, 38.748066101581443 ], [ -120.764048982561988, 38.748694921558986 ] ] ] } },
{ "type": "Feature", "properties": { "csb_id": "061825003214437", "acres": 2.8192051284554598, "geoid": "06017" }, "geometry": { "type": "Polygon", "coordinates": [ [ [ -120.730362159564635, 38.748335596116902 ], [ -120.73018249653046, 38.747706775405632 ], [ -120.730362158613559, 38.74770677510427 ], [ -120.730362160225795, 38.74743728077236 ], [ -120.731529969326672, 38.747437280128466 ], [ -120.731709632760598, 38.747706775247629 ], [ -120.731709631334596, 38.747976269641399 ], [ -120.731440137706429, 38.748066101207556 ], [ -120.731440137829068, 38.748335596012033 ], [ -120.730362159564635, 38.748335596116902 ] ] ] } },
{ "type": "Feature", "properties": { "csb_id": "061825003214438", "acres": 7.7937614641656703, "geoid": "06017" }, "geometry": { "type": "Polygon", "coordinates": [ [ [ -120.7282062029158, 38.747976269918709 ], [ -120.728206202611844, 38.747706774831059 ], [ -120.727936708587237, 38.747706774827698 ], [ -120.727577382250615, 38.747976269706768 ], [ -120.727577381805347, 38.748335596040185 ], [ -120.72703839255324, 38.748335595696382 ], [ -120.7270383926259, 38.747706774790338 ], [ -120.727577382023426, 38.747706775078164 ], [ -120.72775704523518, 38.747527112355471 ], [ -120.727757045247515, 38.747077954354303 ], [ -120.728835023655634, 38.747077954655794 ], [ -120.729104518974509, 38.74662879782413 ], [ -120.729733338578455, 38.7466287964264 ], [ -120.729733338551, 38.746179638748082 ], [ -120.73018249632284, 38.746269470277156 ], [ -120.730362159784349, 38.746898291952469 ], [ -120.730362158613559, 38.74770677510427 ], [ -120.729733338928597, 38.747706775045756 ], [ -120.729733338660836, 38.747976269556879 ], [ -120.7282062029158, 38.747976269918709 ] ] ] } },
{ "type": "Feature", "properties": { "csb_id": "061825003214440", "acres": 3.5505292673840301, "geoid": "06017" }, "geometry": { "type": "Polygon", "coordinates": [ [ [ -120.780398320908944, 38.747077954310555 ], [ -120.779410174149064, 38.747167785720578 ], [ -120.779410173583457, 38.746269470857456 ], [ -120.780128825949731, 38.746179639235898 ], [ -120.780128826388932, 38.745910144492115 ], [ -120.780757647319163, 38.745910144428535 ], [ -120.780937310337521, 38.7468084594842 ], [ -120.780398320908944, 38.747077954310555 ] ] ] } },
{ "type": "Feature", "properties": { "csb_id": "061825003214441", "acres": 6.3602133551837303, "geoid": "06017" }, "geometry": { "type": "Polygon", "coordinates": [ [ [ -120.649423952756692, 38.745910144775394 ], [ -120.649154457402602, 38.745910144641229 ], [ -120.64915445772786, 38.746179639183282 ], [ -120.649423952656363, 38.746179638683913 ], [ -120.649423952756692, 38.745910144775394 ], [ -120.649693446988223, 38.745910144551246 ], [ -120.65032226770289, 38.746179639214752 ], [ -120.650322267874657, 38.746538965274041 ], [ -120.649154458062256, 38.746538964960791 ], [ -120.649154458387528, 38.746808459516188 ], [ -120.648435805759604, 38.746808459995599 ], [ -120.647896816416079, 38.746179638637997 ], [ -120.647896815945359, 38.745910144148937 ], [ -120.649154457549372, 38.745101660820637 ], [ -120.650322268310148, 38.745101660868968 ], [ -120.650322267854719, 38.745910144619721 ], [ -120.650052773027426, 38.745910144488988 ], [ -120.650052772785813, 38.745281323461157 ], [ -120.649693447596562, 38.745281323981118 ], [ -120.649423952559147, 38.74564065001023 ], [ -120.649423952756692, 38.745910144775394 ] ] ] } },
{ "type": "Feature", "properties": { "csb_id": "061825003214442", "acres": 2.6945421701881598, "geoid": "06017" }, "geometry": { "type": "Polygon", "coordinates": [ [ [ -120.748957285852114, 38.746269470898405 ], [ -120.748957285827998, 38.746898291575384 ], [ -120.749496274532163, 38.746898291310934 ], [ -120.749496275484958, 38.747527111846281 ], [ -120.74985560158953, 38.747527111552799 ], [ -120.749855600890754, 38.748066101461269 ], [ -120.749496275499936, 38.748066101065575 ], [ -120.748957285529173, 38.747167785824139 ], [ -120.748597959546828, 38.747167785692142 ], [ -120.748328465585246, 38.746898291550011 ], [ -120.748328464816467, 38.746269470297456 ], [ -120.748957285852114, 38.746269470898405 ] ] ] } },
{ "type": "Feature", "properties": { "csb_id": "061825003214446", "acres": 5.7924863175509103, "geoid": "06017" }, "geometry": { "type": "Polygon", "coordinates": [ [ [ -120.717785745129575, 38.747706775438921 ], [ -120.717785745830085, 38.74689829132047 ], [ -120.717336588463226, 38.746898291238026 ], [ -120.716887430175873, 38.746269470153152 ], [ -120.716887429984382, 38.745999976236675 ], [ -120.717516250865643, 38.745999976480725 ], [ -120.717606082426997, 38.745011829194155 ], [ -120.718234903322852, 38.745011829581721 ], [ -120.718234903583152, 38.74591014451719 ], [ -120.718594228950224, 38.745910144910667 ], [ -120.718863723991035, 38.746179638835258 ], [ -120.718863724502015, 38.746808459919812 ], [ -120.718234902721065, 38.746808459745687 ], [ -120.718234903397459, 38.747077954597088 ], [ -120.717965408464323, 38.747077954767803 ], [ -120.717965408270288, 38.747706775382426 ], [ -120.717785745129575, 38.747706775438921 ] ] ] } },
{ "type": "Feature", "properties": { "csb_id": "061825003214448", "acres": 4.3107285871732497, "geoid": "06017" }, "geometry": { "type": "Polygon", "coordinates": [ [ [ -120.733685926450278, 38.745910143997051 ], [ -120.733685925978051, 38.744742334391418 ], [ -120.734584241348429, 38.744742334214351 ], [ -120.734853736323828, 38.745011829412725 ], [ -120.734853736238151, 38.745640650108449 ], [ -120.734584241826639, 38.745910143988674 ], [ -120.734584241963091, 38.746538965131762 ], [ -120.733955421031965, 38.746808459690882 ], [ -120.733955420401614, 38.74617963882033 ], [ -120.733685926450278, 38.745910143997051 ] ] ] } },
{ "type": "Feature", "properties": { "csb_id": "061825003214449", "acres": 17.531644405560101, "geoid": "06017" }, "geometry": { "type": "Polygon", "coordinates": [ [ [ -120.73170963263567, 38.746269470415008 ], [ -120.730901148558672, 38.74617963881623 ], [ -120.73054182243024, 38.745281323461001 ], [ -120.731260474880088, 38.745011830250114 ], [ -120.731799463598762, 38.74501182944752 ], [ -120.732158790425316, 38.744742334560989 ], [ -120.732158789961062, 38.74420334591661 ], [ -120.732607947773033, 38.743844019370528 ], [ -120.734584241901118, 38.743844019597965 ], [ -120.734584241120601, 38.744383008452033 ], [ -120.734853736409519, 38.744383008748095 ], [ -120.734853735719241, 38.744742334969551 ], [ -120.733685925978051, 38.744742334391418 ], [ -120.733685926450278, 38.745910143997051 ], [ -120.733955420401614, 38.74617963882033 ], [ -120.733955421031965, 38.746808459690882 ], [ -120.732877442060911, 38.746808459695004 ], [ -120.73170963263567, 38.746269470415008 ] ] ] } },
{ "type": "Feature", "properties": { "csb_id": "061825003214450", "acres": 18.496865211468702, "geoid": "06017" }, "geometry": { "type": "Polygon", "coordinates": [ [ [ -120.720031532377519, 38.748335596330655 ], [ -120.720031532781903, 38.747976270214515 ], [ -120.71976203772239, 38.747706775638811 ], [ -120.719492543762541, 38.747706774769618 ], [ -120.719492542921884, 38.747077954446915 ], [ -120.719762037822676, 38.746808460353357 ], [ -120.719762039150083, 38.746179639157504 ], [ -120.720031532305896, 38.74564065042015 ], [ -120.720660352925179, 38.745640649798673 ], [ -120.720660353022623, 38.74501183009982 ], [ -120.721558669518714, 38.745281323626905 ], [ -120.722816311437683, 38.745281323492684 ], [ -120.722816310756343, 38.74501182891548 ], [ -120.722995974741167, 38.745011829257109 ], [ -120.723894289711083, 38.746628796715065 ], [ -120.723714626414974, 38.747077954236147 ], [ -120.723085805769315, 38.747077954007565 ], [ -120.723085805514202, 38.746808460024873 ], [ -120.722456984719102, 38.746808459875048 ], [ -120.7224569849094, 38.747437280921865 ], [ -120.72182816438216, 38.747437280106503 ], [ -120.721558668787935, 38.746538965432968 ], [ -120.720929850459441, 38.746538964877132 ], [ -120.720929848419132, 38.747437281631591 ], [ -120.721109512382384, 38.747706774801308 ], [ -120.721289174771911, 38.747706774687714 ], [ -120.721289174902552, 38.74797627012866 ], [ -120.720929849148433, 38.748335596037357 ], [ -120.720031532377519, 38.748335596330655 ] ], [ [ -120.720390858932234, 38.747706775288883 ], [ -120.720390858750818, 38.747437280542137 ], [ -120.720031533650982, 38.747437280082536 ], [ -120.720031532804626, 38.747706775691455 ], [ -120.720390858932234, 38.747706775288883 ] ], [ [ -120.720929849059132, 38.745910144042099 ], [ -120.721558669302667, 38.745910144945483 ], [ -120.721558668475936, 38.745640650410692 ], [ -120.720929848309027, 38.745640649966333 ], [ -120.720929849059132, 38.745910144042099 ] ] ] } },
{ "type": "Feature", "properties": { "csb_id": "061825003214451", "acres": 17.685658561468198, "geoid": "06017" }, "geometry": { "type": "Polygon", "coordinates": [ [ [ -120.776984722493481, 38.746179638849014 ], [ -120.776176239089153, 38.746269470979669 ], [ -120.774289776825853, 38.745999976112699 ], [ -120.77428977712448, 38.745730481202251 ], [ -120.774110113305113, 38.745640649830953 ], [ -120.773750787736773, 38.7456406503428 ], [ -120.773750787692776, 38.74591014479136 ], [ -120.77411011346544, 38.745910144509502 ], [ -120.774110113625738, 38.746179639193763 ], [ -120.772313482807519, 38.745910144160348 ], [ -120.772313483644695, 38.745281323713257 ], [ -120.773211798342729, 38.745281323384589 ], [ -120.773391461243477, 38.745101660758756 ], [ -120.772582977838027, 38.745011829508286 ], [ -120.772582977775386, 38.744383009737604 ], [ -120.772852472452058, 38.744383008633228 ], [ -120.772852472286004, 38.744742334262043 ], [ -120.773211799043622, 38.744742335209573 ], [ -120.773211797141698, 38.744383008718792 ], [ -120.772852471973977, 38.744203345937606 ], [ -120.772493145107006, 38.743754188454083 ], [ -120.773211797273476, 38.74375418782936 ], [ -120.773211797753888, 38.744113513670399 ], [ -120.774110112596233, 38.74411351400164 ], [ -120.774110112482262, 38.743754188102798 ], [ -120.774738934213559, 38.743754187884065 ], [ -120.774738934056145, 38.744113514472772 ], [ -120.775008429786425, 38.743754187887284 ], [ -120.775906744697508, 38.743754188102713 ], [ -120.775906744078625, 38.744113514117181 ], [ -120.776355902660413, 38.744113513847722 ], [ -120.776535565758323, 38.744742334928141 ], [ -120.776176239373626, 38.744742334324478 ], [ -120.775906744925337, 38.745011829168618 ], [ -120.775906744066788, 38.745640650409108 ], [ -120.776355901519736, 38.745730481354798 ], [ -120.776535564766803, 38.74564065013967 ], [ -120.776535565228826, 38.74537115535113 ], [ -120.776805059813825, 38.745371155636413 ], [ -120.776984722493481, 38.746179638849014 ] ], [ [ -120.775277924313045, 38.745281323838775 ], [ -120.775277923507531, 38.745011829345671 ], [ -120.77500842920216, 38.745011829641719 ], [ -120.775008429012829, 38.745281324134801 ], [ -120.775277924313045, 38.745281323838775 ], [ -120.775277924264913, 38.745640650068374 ], [ -120.775816913138584, 38.745730481228428 ], [ -120.775637250207865, 38.745640649660999 ], [ -120.775637249908897, 38.745281324063477 ], [ -120.775277924313045, 38.745281323838775 ] ], [ [ -120.775906744661725, 38.744383008189203 ], [ -120.775637249834645, 38.744383008590937 ], [ -120.775637250133599, 38.744742334163163 ], [ -120.775906744342223, 38.744742335083387 ], [ -120.775906744661725, 38.744383008189203 ] ], [ [ -120.774110113992663, 38.744742334334376 ], [ -120.774738934659482, 38.744742334231248 ], [ -120.774738935116233, 38.744383008486906 ], [ -120.774110112756546, 38.744383008647851 ], [ -120.774110113992663, 38.744742334334376 ], [ -120.773750788057882, 38.744742334904025 ], [ -120.773750788013885, 38.745011829333606 ], [ -120.77411011415299, 38.745011828993967 ], [ -120.774110113992663, 38.744742334334376 ] ] ] } },
{ "type": "Feature", "properties": { "csb_id": "061825003214452", "acres": 14.695741694783001, "geoid": "06017" }, "geometry": { "type": "Polygon", "coordinates": [ [ [ -120.737908007844112, 38.747167785732636 ], [ -120.736919860714892, 38.747077954552559 ], [ -120.736919861255629, 38.74617963943345 ], [ -120.736380872089342, 38.74564064999943 ], [ -120.735752051287179, 38.745640650241469 ], [ -120.735752050667728, 38.745011829030275 ], [ -120.735482556125447, 38.745011829140275 ], [ -120.735482556865293, 38.744742334870402 ], [ -120.73575205153503, 38.744742334530855 ], [ -120.735752051469461, 38.744383008482693 ], [ -120.736021546233872, 38.744383008188585 ], [ -120.736021546106315, 38.744113513702381 ], [ -120.736650366471665, 38.744113514105003 ], [ -120.736650366377077, 38.744383008188279 ], [ -120.736919860915933, 38.744383008753218 ], [ -120.736919861719457, 38.745011829183916 ], [ -120.737908007365903, 38.745101660470361 ], [ -120.737908008307173, 38.745640649429596 ], [ -120.738446996643049, 38.745640650237782 ], [ -120.738446996775664, 38.746179639276257 ], [ -120.739974132961791, 38.746179639520477 ], [ -120.739974133508923, 38.746898290914594 ], [ -120.7384469969967, 38.747077954391294 ], [ -120.73844699766839, 38.747527111857927 ], [ -120.738177502745742, 38.747527112323453 ], [ -120.737908007844112, 38.747167785732636 ] ] ] } },
{ "type": "Feature", "properties": { "csb_id": "061825003214455", "acres": 16.915914299263001, "geoid": "06017" }, "geometry": { "type": "Polygon", "coordinates": [ [ [ -120.735302893730676, 38.74626947111274 ], [ -120.734763903588942, 38.746269471721604 ], [ -120.734763904685352, 38.746538965105437 ], [ -120.734584241963091, 38.746538965131762 ], [ -120.734584241826639, 38.745910143988674 ], [ -120.734853736238151, 38.745640650108449 ], [ -120.734853736409519, 38.744383008748095 ], [ -120.734584241120601, 38.744383008452033 ], [ -120.734584241510873, 38.744113514022182 ], [ -120.734853735804933, 38.744113514318194 ], [ -120.73485373567182, 38.743754189206165 ], [ -120.736021544331621, 38.74294570427012 ], [ -120.737908007026704, 38.743215199149347 ], [ -120.738177501082234, 38.743754188440597 ], [ -120.73754868143142, 38.74438300872702 ], [ -120.736650366377077, 38.744383008188279 ], [ -120.736650366471665, 38.744113514105003 ], [ -120.736021546106315, 38.744113513702381 ], [ -120.736021546233872, 38.744383008188585 ], [ -120.735482557003948, 38.744383009051887 ], [ -120.735482556806801, 38.745281324048271 ], [ -120.735752051221624, 38.745281324167962 ], [ -120.735752051287179, 38.745640650241469 ], [ -120.736380872089342, 38.74564064999943 ], [ -120.736919861255629, 38.74617963943345 ], [ -120.736919860917041, 38.747437281825093 ], [ -120.736201207698713, 38.747437280476696 ], [ -120.736201207837169, 38.746898292875152 ], [ -120.735482555949886, 38.74662879677674 ], [ -120.735302893730676, 38.74626947111274 ] ] ] } },
{ "type": "Feature", "properties": { "csb_id": "061825003214457", "acres": 12.3740616578927, "geoid": "06017" }, "geometry": { "type": "Polygon", "coordinates": [ [ [ -120.7184145663755, 38.747527111852456 ], [ -120.71931288127908, 38.747437280169578 ], [ -120.719312881710067, 38.747167786116982 ], [ -120.718414566284949, 38.747167785641182 ], [ -120.7184145663755, 38.747527111852456 ], [ -120.718234903397459, 38.747077954597088 ], [ -120.718594229425833, 38.7470779541841 ], [ -120.718594228844026, 38.746808459965415 ], [ -120.718863724502015, 38.746808459919812 ], [ -120.718863723991035, 38.746179638835258 ], [ -120.718594228950224, 38.745910144910667 ], [ -120.718234903583152, 38.74591014451719 ], [ -120.718234902975055, 38.745101660687162 ], [ -120.719312880977313, 38.745101660523581 ], [ -120.719672207153621, 38.744832166313948 ], [ -120.719672208049118, 38.745101660316877 ], [ -120.719941701968153, 38.745101660683325 ], [ -120.719941702322501, 38.744832166221435 ], [ -120.719672207153621, 38.744832166313948 ], [ -120.719672208132422, 38.744203345445278 ], [ -120.719312881816464, 38.744203345478155 ], [ -120.719312882092382, 38.743844019305236 ], [ -120.719133218350606, 38.743754187517268 ], [ -120.719133218023799, 38.74348469291003 ], [ -120.719762039152144, 38.743484692953821 ], [ -120.720031534006424, 38.744113513902207 ], [ -120.719941702102318, 38.744203345123282 ], [ -120.72084001732668, 38.74420334555785 ], [ -120.720840018057217, 38.745011829664847 ], [ -120.720660353022623, 38.74501183009982 ], [ -120.720660352925179, 38.745640649798673 ], [ -120.720031532305896, 38.74564065042015 ], [ -120.719762039150083, 38.746179639157504 ], [ -120.719762037822676, 38.746808460353357 ], [ -120.719492542921884, 38.747077954446915 ], [ -120.719492543762541, 38.747706774769618 ], [ -120.71976203772239, 38.747706775638811 ], [ -120.720031532781903, 38.747976270214515 ], [ -120.720031532377519, 38.748335596330655 ], [ -120.719312881860972, 38.748335596076863 ], [ -120.719312881993261, 38.748066101142861 ], [ -120.71967220816974, 38.748066101332689 ], [ -120.71967220809789, 38.747796606175058 ], [ -120.71841456659277, 38.747796606948683 ], [ -120.7184145663755, 38.747527111852456 ] ] ] } },
{ "type": "Feature", "properties": { "csb_id": "061825003214460", "acres": 3.8151684492422802, "geoid": "06017" }, "geometry": { "type": "Polygon", "coordinates": [ [ [ -120.67448694907452, 38.744113513588701 ], [ -120.674486948840396, 38.743754187352508 ], [ -120.67511576948273, 38.743484693090508 ], [ -120.675295432480326, 38.742586377995124 ], [ -120.67583442137942, 38.742586378225013 ], [ -120.676103916579024, 38.743305029836179 ], [ -120.676014084644066, 38.744113513644244 ], [ -120.67448694907452, 38.744113513588701 ] ] ] } },
{ "type": "Feature", "properties": { "csb_id": "061825003214463", "acres": 5.3597344854607902, "geoid": "06017" }, "geometry": { "type": "Polygon", "coordinates": [ [ [ -120.774738934275575, 38.743484693653151 ], [ -120.776176238453473, 38.741957557134562 ], [ -120.776535565495308, 38.741957557564625 ], [ -120.776984722432132, 38.742406715212624 ], [ -120.776715228396625, 38.743215198997547 ], [ -120.776176239291132, 38.743484693227224 ], [ -120.776176238624814, 38.7437541877459 ], [ -120.774738934213559, 38.743754187884065 ], [ -120.774738934275575, 38.743484693653151 ] ] ] } },
{ "type": "Feature", "properties": { "csb_id": "061825003214464", "acres": 4.0895871926997804, "geoid": "06017" }, "geometry": { "type": "Polygon", "coordinates": [ [ [ -120.778242363871243, 38.743484693131776 ], [ -120.777703375012536, 38.743484693639935 ], [ -120.777703374576433, 38.742586377774145 ], [ -120.778601690490618, 38.742047388744318 ], [ -120.778781353635011, 38.741418567575465 ], [ -120.779140679596324, 38.741418568426617 ], [ -120.779230510480943, 38.741777894082261 ], [ -120.778961016817334, 38.742855872683435 ], [ -120.7786016902905, 38.742855872746439 ], [ -120.778601690387035, 38.743305029991852 ], [ -120.778242363871243, 38.743484693131776 ] ] ] } },
{ "type": "Feature", "properties": { "csb_id": "061825003214469", "acres": 2.6943270259469299, "geoid": "06017" }, "geometry": { "type": "Polygon", "coordinates": [ [ [ -120.742399584605153, 38.742855872322053 ], [ -120.742399583750625, 38.742586377815464 ], [ -120.742130089554749, 38.742316883076597 ], [ -120.74177076335333, 38.742316883742326 ], [ -120.741770763743418, 38.741777894354563 ], [ -120.742309753180322, 38.741777894430875 ], [ -120.743028404566104, 38.742586378099013 ], [ -120.743297899500277, 38.742586378104129 ], [ -120.743297900117597, 38.742316883546621 ], [ -120.743567394056939, 38.742316882964637 ], [ -120.743926720389396, 38.742586377499549 ], [ -120.743926719848886, 38.742855872522078 ], [ -120.742399584605153, 38.742855872322053 ] ] ] } },
{ "type": "Feature", "properties": { "csb_id": "061825003214472", "acres": 5.9852155072956403, "geoid": "06017" }, "geometry": { "type": "Polygon", "coordinates": [ [ [ -120.704850003771469, 38.743215198606862 ], [ -120.703412701446808, 38.743215198128112 ], [ -120.702514386084573, 38.742855872483311 ], [ -120.701975397188193, 38.742855872696339 ], [ -120.701975395710789, 38.742586379285846 ], [ -120.702244890871114, 38.74240671590141 ], [ -120.703951690390483, 38.742406713956491 ], [ -120.704041521343981, 38.741688062627311 ], [ -120.704670342390415, 38.741688062381243 ], [ -120.704850003771469, 38.743215198606862 ] ], [ [ -120.704221183970105, 38.7429457032569 ], [ -120.704041521032181, 38.742676210744349 ], [ -120.703951690184411, 38.742676209197718 ], [ -120.703951690276853, 38.742945705306759 ], [ -120.704221183970105, 38.7429457032569 ] ] ] } },
{ "type": "Feature", "properties": { "csb_id": "061825003214474", "acres": 26.615697208409699, "geoid": "06017" }, "geometry": { "type": "Polygon", "coordinates": [ [ [ -120.721828163073724, 38.744742334928063 ], [ -120.722187490766657, 38.744742334312861 ], [ -120.722187490135383, 38.744383008187086 ], [ -120.72182816421109, 38.744383008802281 ], [ -120.721828163073724, 38.744742334928063 ], [ -120.72110951195107, 38.744742334925434 ], [ -120.721109512192712, 38.744203345278393 ], [ -120.720929849546465, 38.744113514317156 ], [ -120.721289175791469, 38.744113514127903 ], [ -120.721289174793753, 38.743754188075584 ], [ -120.72092984889629, 38.743754187632099 ], [ -120.720929849546465, 38.744113514317156 ], [ -120.720031534006424, 38.744113513902207 ], [ -120.719762039047367, 38.743215198755451 ], [ -120.720929849342042, 38.743215198256181 ], [ -120.720929849268543, 38.743484693372423 ], [ -120.721289174961854, 38.743484693586353 ], [ -120.721289174831227, 38.743215198240684 ], [ -120.720929849342042, 38.743215198256181 ], [ -120.720929848990608, 38.742855872458513 ], [ -120.720390859748264, 38.742586377977084 ], [ -120.720031533439567, 38.74285587244016 ], [ -120.719492544451171, 38.742855872367016 ], [ -120.719492544201913, 38.741957557249521 ], [ -120.720570522753206, 38.741957556834109 ], [ -120.72057052332957, 38.741688062841533 ], [ -120.720390860265809, 38.741688062308064 ], [ -120.720390859902963, 38.741149073074368 ], [ -120.720570522481083, 38.741059241841576 ], [ -120.7209298491792, 38.74105924229935 ], [ -120.721109512520897, 38.741688062876193 ], [ -120.721558670216609, 38.741688062950246 ], [ -120.72182816441051, 38.742316883686357 ], [ -120.722187490372576, 38.742676209027472 ], [ -120.723984120927099, 38.742586377672673 ], [ -120.723984121131394, 38.742855872254673 ], [ -120.724882435842389, 38.742855872363094 ], [ -120.724882436496543, 38.743215198383993 ], [ -120.725151930455581, 38.743754188089589 ], [ -120.724612941227292, 38.744203345402305 ], [ -120.723894289734389, 38.744203345195906 ], [ -120.723534963692856, 38.744472839752675 ], [ -120.723534963660185, 38.744742335006961 ], [ -120.723265468175029, 38.745011828877047 ], [ -120.722816310756343, 38.74501182891548 ], [ -120.722816311437683, 38.745281323492684 ], [ -120.721558669518714, 38.745281323626905 ], [ -120.721558667569624, 38.745011829334985 ], [ -120.721828164895342, 38.745011829443776 ], [ -120.721828163073724, 38.744742334928063 ] ] ] } },
{ "type": "Feature", "properties": { "csb_id": "061825003214475", "acres": 5.5719788448922696, "geoid": "06017" }, "geometry": { "type": "Polygon", "coordinates": [ [ [ -120.715090799434407, 38.741777894288759 ], [ -120.716438272423403, 38.74177789460358 ], [ -120.716438272180227, 38.743215198456852 ], [ -120.717336587980057, 38.743215198647405 ], [ -120.717606082942225, 38.742855872554209 ], [ -120.717606082342527, 38.742586378250849 ], [ -120.717336587381453, 38.742586377677419 ], [ -120.717336588203835, 38.741957557370867 ], [ -120.71760608248934, 38.741777894053712 ], [ -120.717734162177976, 38.742029843350153 ], [ -120.717785746165475, 38.743574524954809 ], [ -120.716617935490319, 38.743574525142968 ], [ -120.716617935995004, 38.743305030421226 ], [ -120.715719620881799, 38.743305030185169 ], [ -120.715719619846965, 38.742676209377464 ], [ -120.715090799202599, 38.7420473886935 ], [ -120.715090799434407, 38.741777894288759 ] ] ] } },
{ "type": "Feature", "properties": { "csb_id": "061825003214476", "acres": 3.5507285229136198, "geoid": "06017" }, "geometry": { "type": "Polygon", "coordinates": [ [ [ -120.716438272180227, 38.743215198456852 ], [ -120.716438272423403, 38.74177789460358 ], [ -120.71760608248934, 38.741777894053712 ], [ -120.717336588203835, 38.741957557370867 ], [ -120.717336587381453, 38.742586377677419 ], [ -120.717606082342527, 38.742586378250849 ], [ -120.717606082942225, 38.742855872554209 ], [ -120.717336587980057, 38.743215198647405 ], [ -120.716438272180227, 38.743215198456852 ] ] ] } },
{ "type": "Feature", "properties": { "csb_id": "061825003214478", "acres": 13.1348873230338, "geoid": "06017" }, "geometry": { "type": "Polygon", "coordinates": [ [ [ -120.699819439761242, 38.74258637774124 ], [ -120.700178766316071, 38.742586378184981 ], [ -120.700178766085926, 38.742316883110654 ], [ -120.699819440033622, 38.742316883758448 ], [ -120.699819439761242, 38.74258637774124 ], [ -120.698921124341013, 38.742586378330529 ], [ -120.698471966826773, 38.742316883227815 ], [ -120.698022809716178, 38.741957557471444 ], [ -120.698022809686975, 38.741418567748724 ], [ -120.699819440145689, 38.741418568223807 ], [ -120.700897418268497, 38.740879579329309 ], [ -120.701616070581139, 38.74105924175818 ], [ -120.701616070431911, 38.741688062830029 ], [ -120.701346575542516, 38.741688063167111 ], [ -120.701346576119519, 38.741957557191718 ], [ -120.701077081656123, 38.741957557574693 ], [ -120.701077081473144, 38.742316882873148 ], [ -120.701346576439107, 38.742316883581744 ], [ -120.701346576119519, 38.741957557191718 ], [ -120.70197539613207, 38.741957557482245 ], [ -120.70224489114554, 38.742316883311759 ], [ -120.701975395710789, 38.742586379285846 ], [ -120.701975397188193, 38.742855872696339 ], [ -120.70107708146935, 38.742945703951378 ], [ -120.701077081350022, 38.743215198864512 ], [ -120.700448260450798, 38.743215198438129 ], [ -120.699819439761242, 38.74258637774124 ] ] ] } },
{ "type": "Feature", "properties": { "csb_id": "061825003214480", "acres": 7.1395199667642704, "geoid": "06017" }, "geometry": { "type": "Polygon", "coordinates": [ [ [ -120.77671522810428, 38.741688062361192 ], [ -120.776355902391941, 38.741418567977597 ], [ -120.776355902395025, 38.741149073507806 ], [ -120.776715228312483, 38.74043042144671 ], [ -120.778062700778037, 38.740160926564101 ], [ -120.778332195457438, 38.739981263296656 ], [ -120.778242364423306, 38.739711768843769 ], [ -120.778422026921191, 38.739621937113299 ], [ -120.779230510928201, 38.739981263911275 ], [ -120.779140679270157, 38.740430421179987 ], [ -120.778511859232637, 38.740430421592464 ], [ -120.778601690427692, 38.741059241967541 ], [ -120.777703375195529, 38.741149073542047 ], [ -120.777433880732531, 38.741688062494433 ], [ -120.77671522810428, 38.741688062361192 ] ] ] } },
{ "type": "Feature", "properties": { "csb_id": "061825003214481", "acres": 5.8217632410070204, "geoid": "06017" }, "geometry": { "type": "Polygon", "coordinates": [ [ [ -120.729733339130902, 38.741957556990023 ], [ -120.728835023522279, 38.741957557621404 ], [ -120.728206202771915, 38.741418568261032 ], [ -120.728206202361619, 38.74078974758384 ], [ -120.727936708510157, 38.740789747227858 ], [ -120.72793670830913, 38.740430420877189 ], [ -120.728835023607644, 38.740430421142676 ], [ -120.729104517891315, 38.740789747672615 ], [ -120.729374012340358, 38.740789747208716 ], [ -120.729374012396235, 38.740430421204984 ], [ -120.730002833595776, 38.74043042103969 ], [ -120.730002832973454, 38.741688062552647 ], [ -120.729733339398635, 38.741688062606137 ], [ -120.729733339130902, 38.741957556990023 ] ] ] } },
{ "type": "Feature", "properties": { "csb_id": "061825003214482", "acres": 5.0423756816664502, "geoid": "06017" }, "geometry": { "type": "Polygon", "coordinates": [ [ [ -120.674756443902822, 38.741059241898704 ], [ -120.674756444003904, 38.740789747486581 ], [ -120.674217454373718, 38.740789747262184 ], [ -120.674217454859559, 38.739891432380169 ], [ -120.673858126973968, 38.739891432434909 ], [ -120.673858128414196, 38.739532105683033 ], [ -120.675115769219076, 38.739532106125615 ], [ -120.675115770303293, 38.739891432702372 ], [ -120.67538526390851, 38.740160926952434 ], [ -120.676014085044585, 38.740160926580231 ], [ -120.676014085217631, 38.740789746826557 ], [ -120.675385264550926, 38.741059241785926 ], [ -120.674756443902822, 38.741059241898704 ] ] ] } },
{ "type": "Feature", "properties": { "csb_id": "061825003214488", "acres": 5.3985281723501997, "geoid": "06017" }, "geometry": { "type": "Polygon", "coordinates": [ [ [ -120.720211196731526, 38.738184633271317 ], [ -120.720211197371981, 38.738454127594501 ], [ -120.720840017809053, 38.738454127289302 ], [ -120.721468838451131, 38.739082948221608 ], [ -120.721468837823977, 38.739352442848485 ], [ -120.720570523323417, 38.739442274000886 ], [ -120.72057052276422, 38.739621937282138 ], [ -120.719941702441631, 38.7396219378303 ], [ -120.719941702497223, 38.739352442620877 ], [ -120.719312882157325, 38.739082948502407 ], [ -120.719043387295201, 38.73872362210551 ], [ -120.71904338729999, 38.738454127602999 ], [ -120.719312881575505, 38.738184633242845 ], [ -120.720211196731526, 38.738184633271317 ] ] ] } },
{ "type": "Feature", "properties": { "csb_id": "061825003214489", "acres": 5.9855212504650197, "geoid": "06017" }, "geometry": { "type": "Polygon", "coordinates": [ [ [ -120.689488814272238, 38.73872362236601 ], [ -120.689129487622154, 38.738723622468392 ], [ -120.68912948780843, 38.739082948515765 ], [ -120.68948881368398, 38.739082948009489 ], [ -120.689488814272238, 38.73872362236601 ], [ -120.690387129583257, 38.738723622427727 ], [ -120.690387129739477, 38.739621937095194 ], [ -120.689488814371472, 38.739621937557459 ], [ -120.689488814176897, 38.739352443211793 ], [ -120.688859993050997, 38.739352443341829 ], [ -120.688500667482117, 38.73962193717486 ], [ -120.688500667116557, 38.739981263650883 ], [ -120.688231172590463, 38.739981263399983 ], [ -120.687961678013906, 38.739621937635803 ], [ -120.687961677910579, 38.738454127527426 ], [ -120.688231173193728, 38.738184632723311 ], [ -120.688859992941786, 38.738184633094136 ], [ -120.688859993358207, 38.738454127819551 ], [ -120.689488814272238, 38.73872362236601 ] ] ] } },
{ "type": "Feature", "properties": { "csb_id": "061825003214490", "acres": 4.9366546359691501, "geoid": "06017" }, "geometry": { "type": "Polygon", "coordinates": [ [ [ -120.760096395410031, 38.737555812037606 ], [ -120.76108454199138, 38.737555812792877 ], [ -120.761084542457525, 38.73836429633689 ], [ -120.76018622740429, 38.738993116984858 ], [ -120.759647238380609, 38.739262611462983 ], [ -120.759287911811924, 38.739262611688559 ], [ -120.759018417225022, 38.738993116863625 ], [ -120.759018417564647, 38.738723622560009 ], [ -120.759916732703132, 38.738094801612448 ], [ -120.760096395410031, 38.737555812037606 ] ] ] } },
{ "type": "Feature", "properties": { "csb_id": "061825003214492", "acres": 2.5117197400889202, "geoid": "06017" }, "geometry": { "type": "Polygon", "coordinates": [ [ [ -120.758120102419781, 38.736208339552498 ], [ -120.756592966072873, 38.736208339215111 ], [ -120.756862461102401, 38.735310024367116 ], [ -120.757401449455017, 38.735310023920228 ], [ -120.757670944151059, 38.735759181494522 ], [ -120.758299764347527, 38.735759181797334 ], [ -120.758120102419781, 38.736208339552498 ] ] ] } },
{ "type": "Feature", "properties": { "csb_id": "061825003214494", "acres": 17.899438684940201, "geoid": "06017" }, "geometry": { "type": "Polygon", "coordinates": [ [ [ -120.756772629380734, 38.734860866335005 ], [ -120.757940438397171, 38.734860866973044 ], [ -120.757940438866058, 38.735130361140413 ], [ -120.756862461102401, 38.735310024367116 ], [ -120.756592966072873, 38.736208339215111 ], [ -120.758120102419781, 38.736208339552498 ], [ -120.75794043830463, 38.736298171024629 ], [ -120.757940438281437, 38.736657497061969 ], [ -120.758389596820138, 38.736837160021416 ], [ -120.758659090648564, 38.736837160298442 ], [ -120.759018416840803, 38.736567665341873 ], [ -120.759018417468212, 38.736208339020038 ], [ -120.758569259794427, 38.736208339670725 ], [ -120.758659090956115, 38.735399856016684 ], [ -120.759018417065832, 38.735399855664738 ], [ -120.759287911374514, 38.735759181676556 ], [ -120.760096395790939, 38.735938844695596 ], [ -120.760815048070029, 38.735669350298686 ], [ -120.761443868403234, 38.736028675981906 ], [ -120.761264204712688, 38.736208339232732 ], [ -120.760545553288495, 38.736208339067659 ], [ -120.760186227129665, 38.736837159954135 ], [ -120.760096395410031, 38.737555812037606 ], [ -120.75865909137427, 38.737465980852441 ], [ -120.758659091129545, 38.737735475762463 ], [ -120.757042123197536, 38.737825306683114 ], [ -120.755874314202643, 38.736837160079709 ], [ -120.755874313523861, 38.736208339841326 ], [ -120.756592965208398, 38.735669350094149 ], [ -120.756503135017908, 38.735130361344929 ], [ -120.756772629380734, 38.734860866335005 ] ] ] } },
{ "type": "Feature", "properties": { "csb_id": "061825008586851", "acres": 2.729788965764, "geoid": "06017" }, "geometry": { "type": "Polygon", "coordinates": [ [ [ -120.942171150534961, 38.822023227393629 ], [ -120.942710139478351, 38.822023227503948 ], [ -120.943608455211901, 38.8225622163773 ], [ -120.943608454509842, 38.823460532139777 ], [ -120.943069465568357, 38.823460531900892 ], [ -120.942530476605057, 38.822382553320423 ], [ -120.94208131912734, 38.822292722075581 ], [ -120.942171150534961, 38.822023227393629 ] ] ] } },
{ "type": "Feature", "properties": { "csb_id": "061825008586852", "acres": 3.1942195058804899, "geoid": "06017" }, "geometry": { "type": "Polygon", "coordinates": [ [ [ -120.94342879212536, 38.81905878666484 ], [ -120.943428791963939, 38.818429965805095 ], [ -120.942799970753185, 38.817531650686647 ], [ -120.943069465315034, 38.817262155893367 ], [ -120.943698286597723, 38.817262156297126 ], [ -120.943698286106411, 38.817801145419793 ], [ -120.944327107025913, 38.817801145511091 ], [ -120.94432710734992, 38.818160471497848 ], [ -120.943967781511105, 38.818160471652845 ], [ -120.943967781225524, 38.818789291698124 ], [ -120.94369828628389, 38.819058787163449 ], [ -120.94342879212536, 38.81905878666484 ] ] ] } },
{ "type": "Feature", "properties": { "csb_id": "061825008586857", "acres": 5.9699185799626502, "geoid": "06017" }, "geometry": { "type": "Polygon", "coordinates": [ [ [ -121.030924698608288, 38.812321422118089 ], [ -121.030834869093283, 38.811063781075227 ], [ -121.031104361935263, 38.810884117758675 ], [ -121.032362002848814, 38.81106378246858 ], [ -121.032900992015584, 38.811423106106872 ], [ -121.03290099146426, 38.811962096213513 ], [ -121.032631498675428, 38.812321422430983 ], [ -121.030924698608288, 38.812321422118089 ] ] ] } },
{ "type": "Feature", "properties": { "csb_id": "061825008586858", "acres": 12.2719283183998, "geoid": "06017" }, "geometry": { "type": "Polygon", "coordinates": [ [ [ -121.042602798603298, 38.810524791519804 ], [ -121.042602798492183, 38.810794286077858 ], [ -121.042872293112495, 38.810794286082633 ], [ -121.042872293350229, 38.810524791292117 ], [ -121.042602798603298, 38.810524791519804 ], [ -121.042602799125589, 38.810165465376066 ], [ -121.043770609054789, 38.810165465563308 ], [ -121.043770609493606, 38.810524791775201 ], [ -121.044758756112671, 38.810884117328762 ], [ -121.045238659816832, 38.811713678259814 ], [ -121.044219767154686, 38.811782432960186 ], [ -121.044219767103598, 38.812051927852536 ], [ -121.044489261364717, 38.812051927222761 ], [ -121.044489260551842, 38.812411253570254 ], [ -121.042063808250617, 38.812411254024148 ], [ -121.04197397840251, 38.811962095913756 ], [ -121.0423333049185, 38.811962095959927 ], [ -121.042423136552017, 38.811153612311614 ], [ -121.041794315557766, 38.810884117356032 ], [ -121.041704483243194, 38.810524791642933 ], [ -121.042602798603298, 38.810524791519804 ] ] ] } },
{ "type": "Feature", "properties": { "csb_id": "061825008586859", "acres": 5.1144780830913898, "geoid": "06017" }, "geometry": { "type": "Polygon", "coordinates": [ [ [ -121.034428130036702, 38.810165465148103 ], [ -121.032990825256562, 38.810255297320744 ], [ -121.032631499388046, 38.809356982152288 ], [ -121.032900994571989, 38.808638329798136 ], [ -121.033529814479465, 38.80863832922094 ], [ -121.034338298845796, 38.809536645076143 ], [ -121.034428130036702, 38.810165465148103 ] ] ] } },
{ "type": "Feature", "properties": { "csb_id": "061825008586860", "acres": 3.2301672793788998, "geoid": "06017" }, "geometry": { "type": "Polygon", "coordinates": [ [ [ -121.029846722296995, 38.810524791246742 ], [ -121.028409417187049, 38.8105247915314 ], [ -121.028409417649186, 38.810794286203979 ], [ -121.028139923219726, 38.810794286099828 ], [ -121.028050091097015, 38.810614622764035 ], [ -121.028050091417185, 38.810165465220628 ], [ -121.028499249127037, 38.809895971245076 ], [ -121.028409417225618, 38.809716308185969 ], [ -121.028678911492278, 38.809536644539236 ], [ -121.029307733279154, 38.809716308059109 ], [ -121.029756890833909, 38.810165465281685 ], [ -121.029846722296995, 38.810524791246742 ] ] ] } },
{ "type": "Feature", "properties": { "csb_id": "061825008586863", "acres": 5.0437341391703603, "geoid": "06017" }, "geometry": { "type": "Polygon", "coordinates": [ [ [ -121.041704483398917, 38.810165465567323 ], [ -121.041704483159435, 38.809895970861731 ], [ -121.04107566296139, 38.809895971035033 ], [ -121.041075663043316, 38.808997655282738 ], [ -121.041704483958483, 38.808997655205587 ], [ -121.041794314672302, 38.808368834772821 ], [ -121.042333304265, 38.808638329126595 ], [ -121.042872293323072, 38.809626476469425 ], [ -121.042872294207683, 38.809895971003634 ], [ -121.042602799236718, 38.80989597083466 ], [ -121.042602799125589, 38.810165465376066 ], [ -121.041704483398917, 38.810165465567323 ] ] ] } },
{ "type": "Feature", "properties": { "csb_id": "061825008586864", "acres": 8.5177010243483, "geoid": "06017" }, "geometry": { "type": "Polygon", "coordinates": [ [ [ -121.026343291898556, 38.810794285879268 ], [ -121.026253460786037, 38.808997655971993 ], [ -121.026612787018706, 38.809087487284835 ], [ -121.026612786605739, 38.808638329944365 ], [ -121.027421270600357, 38.80863832968106 ], [ -121.02751110255646, 38.808189171410831 ], [ -121.027870428377952, 38.808189171837917 ], [ -121.028050091529678, 38.808638329000132 ], [ -121.027780597209571, 38.808638329739722 ], [ -121.027780596233782, 38.809267149839599 ], [ -121.028499248661333, 38.809356981722708 ], [ -121.028499248989647, 38.809087486856178 ], [ -121.02867891160983, 38.809087487208309 ], [ -121.028678911492278, 38.809536644539236 ], [ -121.028409417225618, 38.809716308185969 ], [ -121.027870428173443, 38.80971630815548 ], [ -121.028409417533695, 38.809895971285862 ], [ -121.028050091417185, 38.810165465220628 ], [ -121.027151776527674, 38.810165465002171 ], [ -121.027151776347665, 38.810794285758426 ], [ -121.026882281315366, 38.811063780345705 ], [ -121.026612787100632, 38.811063780363476 ], [ -121.026343291898556, 38.810794285879268 ] ], [ [ -121.027511101937165, 38.808728161432704 ], [ -121.027241607285148, 38.808728160999195 ], [ -121.027241608062624, 38.80908748686722 ], [ -121.027511102617297, 38.809087486671629 ], [ -121.027511101937165, 38.808728161432704 ] ] ] } },
{ "type": "Feature", "properties": { "csb_id": "061825008586865", "acres": 6.0223856925522901, "geoid": "06017" }, "geometry": { "type": "Polygon", "coordinates": [ [ [ -121.040177347250051, 38.809356981995485 ], [ -121.040446841479309, 38.809267150690289 ], [ -121.040446841094564, 38.808997656076635 ], [ -121.040177346806928, 38.808638329515219 ], [ -121.039907852687776, 38.808638329810883 ], [ -121.039548526187019, 38.808368834896115 ], [ -121.039548525522136, 38.807740014520974 ], [ -121.041346868324155, 38.807798571791061 ], [ -121.0417943152232, 38.808099339882567 ], [ -121.041704484114206, 38.808638329184149 ], [ -121.041075663749453, 38.808638328864681 ], [ -121.041075662545239, 38.809536644817541 ], [ -121.040267178300738, 38.809536645367331 ], [ -121.040177347250051, 38.809356981995485 ] ] ] } },
{ "type": "Feature", "properties": { "csb_id": "061825008586867", "acres": 5.1050500638367504, "geoid": "06017" }, "geometry": { "type": "Polygon", "coordinates": [ [ [ -121.029397564511299, 38.806841699314681 ], [ -121.029577227376848, 38.806212877910191 ], [ -121.030475543069628, 38.806212878012623 ], [ -121.031373857641796, 38.806841698912834 ], [ -121.031373858478418, 38.807740014499231 ], [ -121.029577226846612, 38.80720102469698 ], [ -121.02957722716431, 38.806931530913523 ], [ -121.029397564511299, 38.806841699314681 ] ] ] } },
{ "type": "Feature", "properties": { "csb_id": "061825008586869", "acres": 4.6437173988711402, "geoid": "06017" }, "geometry": { "type": "Polygon", "coordinates": [ [ [ -121.028050091497846, 38.805314562943884 ], [ -121.028050088996451, 38.805045069113042 ], [ -121.027421270810123, 38.805045068244539 ], [ -121.02742126818616, 38.804146753174066 ], [ -121.028499248808302, 38.804146752952903 ], [ -121.028678912545075, 38.80441624720936 ], [ -121.029307733342748, 38.804416247420548 ], [ -121.029577227284861, 38.804775574009774 ], [ -121.029577227269826, 38.805045068597984 ], [ -121.028948406568944, 38.805314562724902 ], [ -121.028050091497846, 38.805314562943884 ] ] ] } },
{ "type": "Feature", "properties": { "csb_id": "061825008586872", "acres": 5.1726105118844901, "geoid": "06017" }, "geometry": { "type": "Polygon", "coordinates": [ [ [ -121.030295880412069, 38.804146753553056 ], [ -121.028948406643138, 38.804146752788675 ], [ -121.029038238450752, 38.803787426856239 ], [ -121.029307732981636, 38.803787427018925 ], [ -121.02930773287008, 38.803517932695875 ], [ -121.028768743484292, 38.803338269028316 ], [ -121.028678912477574, 38.803517932155493 ], [ -121.02867891304814, 38.802889112737631 ], [ -121.029307732508954, 38.802889112348943 ], [ -121.029307733105526, 38.802350122663029 ], [ -121.028678912074582, 38.802350122490154 ], [ -121.028678912678046, 38.801990796954939 ], [ -121.029577227148081, 38.801811133142643 ], [ -121.029577227692997, 38.802889112951107 ], [ -121.030206048364207, 38.802889111445538 ], [ -121.030295880412069, 38.804146753553056 ] ] ] } },
{ "type": "Feature", "properties": { "csb_id": "061825008586873", "acres": 5.1726393289044896, "geoid": "06017" }, "geometry": { "type": "Polygon", "coordinates": [ [ [ -121.028139923303854, 38.803338268799195 ], [ -121.027151775657856, 38.803248437987733 ], [ -121.027151776265242, 38.803517932400766 ], [ -121.026343292947701, 38.803517932344327 ], [ -121.0262534609803, 38.802619617247238 ], [ -121.026522955499075, 38.801990796093747 ], [ -121.027151775957677, 38.80181113322157 ], [ -121.027151776050189, 38.802350122212125 ], [ -121.02751110253844, 38.802709448291985 ], [ -121.028678912410058, 38.802619617179666 ], [ -121.02867891304814, 38.802889112737631 ], [ -121.028409417347063, 38.802889112135247 ], [ -121.028139923303854, 38.803338268799195 ] ] ] } },
{ "type": "Feature", "properties": { "csb_id": "061825008586875", "acres": 3.7982791885724998, "geoid": "06017" }, "geometry": { "type": "Polygon", "coordinates": [ [ [ -121.0162821608901, 38.793816127030823 ], [ -121.015922834785613, 38.793816127082671 ], [ -121.015922834783282, 38.79354663306043 ], [ -121.016012666923373, 38.793366969224799 ], [ -121.016551655533462, 38.793277137987253 ], [ -121.016551655445483, 38.792648317848133 ], [ -121.016282161285346, 38.792648317760417 ], [ -121.016282161483488, 38.792288992338413 ], [ -121.016551656177242, 38.79201949665233 ], [ -121.017180476061625, 38.792019496805445 ], [ -121.017809297732128, 38.792738149110988 ], [ -121.017180476938094, 38.792917811902988 ], [ -121.017000813375205, 38.793277138674753 ], [ -121.0162821608901, 38.793816127030823 ] ] ] } },
{ "type": "Feature", "properties": { "csb_id": "061825008586878", "acres": 2.3463707522235802, "geoid": "06017" }, "geometry": { "type": "Polygon", "coordinates": [ [ [ -121.01601266719517, 38.7898635401882 ], [ -121.015922835430757, 38.790492360725665 ], [ -121.015114350916647, 38.790582192607744 ], [ -121.015114351601255, 38.790851686720536 ], [ -121.015024519629065, 38.789594045584366 ], [ -121.015383845741894, 38.789594045684311 ], [ -121.015383846305994, 38.789324551138627 ], [ -121.01565334053177, 38.789324550628379 ], [ -121.01601266719517, 38.7898635401882 ] ] ] } },
{ "type": "Feature", "properties": { "csb_id": "061825008586879", "acres": 3.1156719859422202, "geoid": "06017" }, "geometry": { "type": "Polygon", "coordinates": [ [ [ -121.01601266719517, 38.7898635401882 ], [ -121.01565334053177, 38.789324550628379 ], [ -121.015383846305994, 38.789324551138627 ], [ -121.015383845741894, 38.789594045684311 ], [ -121.015024519629065, 38.789594045584366 ], [ -121.01511435118222, 38.790941518534822 ], [ -121.014844857198867, 38.790941518433861 ], [ -121.014216035532172, 38.790582191956652 ], [ -121.014216036109275, 38.789953371382282 ], [ -121.014844856784237, 38.789953371236024 ], [ -121.014844857043173, 38.789055056556471 ], [ -121.016012666709997, 38.789055056484109 ], [ -121.01601266719517, 38.7898635401882 ] ] ] } },
{ "type": "Feature", "properties": { "csb_id": "061825008586881", "acres": 3.1575358599893502, "geoid": "06017" }, "geometry": { "type": "Polygon", "coordinates": [ [ [ -121.030565374372273, 38.788426235735088 ], [ -121.029577227334556, 38.788336404486863 ], [ -121.029577227062177, 38.787797415307686 ], [ -121.029846722207026, 38.787438088770976 ], [ -121.030834868285012, 38.787168594045774 ], [ -121.030834868777134, 38.788156741439089 ], [ -121.030565374372273, 38.788426235735088 ] ] ] } },
{ "type": "Feature", "properties": { "csb_id": "061825008586886", "acres": 5.3182748092435999, "geoid": "06017" }, "geometry": { "type": "Polygon", "coordinates": [ [ [ -120.887014591760632, 38.784204154091064 ], [ -120.885756950045149, 38.784114322231765 ], [ -120.885846782491711, 38.783305838726776 ], [ -120.886745097257389, 38.782677017408268 ], [ -120.888182401844972, 38.783036343976157 ], [ -120.888541728079929, 38.783305838057935 ], [ -120.888541727228656, 38.783575332842624 ], [ -120.887104423685187, 38.7836651650668 ], [ -120.887284085345485, 38.784473648588346 ], [ -120.887014592304098, 38.784473648373528 ], [ -120.887014591760632, 38.784204154091064 ] ], [ [ -120.887014591483421, 38.783844827375653 ], [ -120.887014591518863, 38.783305838617117 ], [ -120.886475602838615, 38.783305838737029 ], [ -120.886385771501821, 38.783844827225238 ], [ -120.887014591483421, 38.783844827375653 ] ] ] } },
{ "type": "Feature", "properties": { "csb_id": "061825008586887", "acres": 4.6747760637333702, "geoid": "06017" }, "geometry": { "type": "Polygon", "coordinates": [ [ [ -120.892853641004578, 38.783575333278719 ], [ -120.890338358455452, 38.783665164390676 ], [ -120.890068864223352, 38.783575332986935 ], [ -120.889799368775215, 38.783036344270748 ], [ -120.892134989002187, 38.782946512147518 ], [ -120.893033303958561, 38.783305838349584 ], [ -120.892853641004578, 38.783575333278719 ] ] ] } },
{ "type": "Feature", "properties": { "csb_id": "061825008586891", "acres": 11.829589443987601, "geoid": "06017" }, "geometry": { "type": "Polygon", "coordinates": [ [ [ -120.891236673781947, 38.781149881401646 ], [ -120.891236673598371, 38.780790556028776 ], [ -120.890967179025225, 38.780790555527126 ], [ -120.890967179304909, 38.78114988153073 ], [ -120.891236673781947, 38.781149881401646 ], [ -120.891236674106949, 38.781599039269011 ], [ -120.890967179093337, 38.78159903916707 ], [ -120.890967178953503, 38.781419376156549 ], [ -120.889440043725159, 38.781419376622068 ], [ -120.889529874320701, 38.781149881773551 ], [ -120.890068863714305, 38.781149881555102 ], [ -120.890068864326295, 38.77899392515657 ], [ -120.890428190528127, 38.778993925228896 ], [ -120.890158695793104, 38.779083756584548 ], [ -120.890158695759368, 38.779443082702024 ], [ -120.890428189544366, 38.779443083178236 ], [ -120.890428190495655, 38.779083756598794 ], [ -120.890607853256583, 38.779083756359263 ], [ -120.890607853001271, 38.779353251565951 ], [ -120.890967179028806, 38.779353251397303 ], [ -120.890967179731589, 38.778814262251778 ], [ -120.891506168349522, 38.778814261619551 ], [ -120.891865494155695, 38.778993925489544 ], [ -120.89186549448965, 38.779622745680527 ], [ -120.892134989313163, 38.779892240538686 ], [ -120.89213498860255, 38.780521061473145 ], [ -120.89249431504804, 38.780790555515281 ], [ -120.89258414618611, 38.781239713114353 ], [ -120.891955326176046, 38.781149881789737 ], [ -120.892224820067256, 38.781239713312885 ], [ -120.892224820758116, 38.781419375920777 ], [ -120.891506167954475, 38.781419376635412 ], [ -120.8915061685599, 38.781149881547542 ], [ -120.891236673781947, 38.781149881401646 ] ] ] } },
{ "type": "Feature", "properties": { "csb_id": "061825008586893", "acres": 13.618704725772901, "geoid": "06017" }, "geometry": { "type": "Polygon", "coordinates": [ [ [ -120.888272232841331, 38.78088038703256 ], [ -120.888272233565587, 38.780610892544317 ], [ -120.887643412142495, 38.780790555996958 ], [ -120.887014591939632, 38.780251566663843 ], [ -120.886834929050011, 38.779982071585266 ], [ -120.886834928594681, 38.778814261900763 ], [ -120.887733243728576, 38.777556620537048 ], [ -120.889170547910553, 38.77728712719491 ], [ -120.889440043153186, 38.777556620259894 ], [ -120.889440043470174, 38.77818544161368 ], [ -120.888631559762658, 38.779083756377126 ], [ -120.888272232678915, 38.779083756721334 ], [ -120.888272233167513, 38.780341398293508 ], [ -120.888901053885633, 38.780341398197145 ], [ -120.888901054361469, 38.780610892909898 ], [ -120.888631559192007, 38.780880386812811 ], [ -120.888272232841331, 38.78088038703256 ] ] ] } },
{ "type": "Feature", "properties": { "csb_id": "061825008586896", "acres": 25.0853508179949, "geoid": "06017" }, "geometry": { "type": "Polygon", "coordinates": [ [ [ -120.870934748688271, 38.771448077953721 ], [ -120.870665253210191, 38.771448076552652 ], [ -120.870665253999832, 38.771717571911402 ], [ -120.870934748449059, 38.771717570957932 ], [ -120.870934748688271, 38.771448077953721 ], [ -120.871294074083707, 38.771537909145252 ], [ -120.871563568621355, 38.772166729310079 ], [ -120.87156356861054, 38.77306504360601 ], [ -120.871294074700131, 38.773244707894683 ], [ -120.871294074773232, 38.773873528290601 ], [ -120.871563569328274, 38.773873527583646 ], [ -120.871833063290026, 38.774502348736334 ], [ -120.871653400351434, 38.775131169211051 ], [ -120.871294074556843, 38.775041338157422 ], [ -120.870395758868227, 38.773873527788815 ], [ -120.870036432674567, 38.77387352831385 ], [ -120.870036433086014, 38.774143022406136 ], [ -120.86949744408966, 38.774143022615014 ], [ -120.868958454474182, 38.773873528169283 ], [ -120.868509297517775, 38.773244708270852 ], [ -120.868509297191437, 38.772615887355151 ], [ -120.868868623024554, 38.772615887293661 ], [ -120.869407612940293, 38.772076898146871 ], [ -120.869407612305864, 38.771807403703001 ], [ -120.868599129133926, 38.771717572503107 ], [ -120.86859912863946, 38.771448076805626 ], [ -120.868868623669997, 38.771178583105986 ], [ -120.869138117471564, 38.771178583017864 ], [ -120.869138118193135, 38.770639594178398 ], [ -120.868599128767954, 38.770549761804432 ], [ -120.868509297064207, 38.769651446463428 ], [ -120.869497444373593, 38.769651446120136 ], [ -120.870395758998555, 38.770190435118941 ], [ -120.870934748326221, 38.771178583232221 ], [ -120.870934748688271, 38.771448077953721 ] ] ] } },
{ "type": "Feature", "properties": { "csb_id": "061825008586897", "acres": 18.708548513460102, "geoid": "06017" }, "geometry": { "type": "Polygon", "coordinates": [ [ [ -120.867610981685587, 38.772975212520613 ], [ -120.867610981977151, 38.772615886306923 ], [ -120.867970308331451, 38.772615886899281 ], [ -120.86797030791459, 38.772346391642415 ], [ -120.867071991843162, 38.771717571000991 ], [ -120.867071992799694, 38.771448077088586 ], [ -120.867341487215924, 38.771448076372991 ], [ -120.867161824946862, 38.770909088611738 ], [ -120.866802498018416, 38.770909087518291 ], [ -120.86680249808289, 38.771448076355483 ], [ -120.865814350874246, 38.771448076941418 ], [ -120.865544856230329, 38.770190435760497 ], [ -120.865544856313335, 38.769920940452245 ], [ -120.86581435152317, 38.769920940815624 ], [ -120.865814351422131, 38.76938195171077 ], [ -120.866802498570564, 38.769381951849283 ], [ -120.868239802157746, 38.769920941130131 ], [ -120.86859912909037, 38.769920941666783 ], [ -120.868599128767954, 38.770549761804432 ], [ -120.869138118193135, 38.770639594178398 ], [ -120.869138117471564, 38.771178583017864 ], [ -120.868868623669997, 38.771178583105986 ], [ -120.86859912863946, 38.771448076805626 ], [ -120.868599129133926, 38.771717572503107 ], [ -120.869407612305864, 38.771807403703001 ], [ -120.869407612940293, 38.772076898146871 ], [ -120.868868623024554, 38.772615887293661 ], [ -120.868509297191437, 38.772615887355151 ], [ -120.868509297517775, 38.773244708270852 ], [ -120.867610981685587, 38.772975212520613 ] ], [ [ -120.86806013960225, 38.770010772375059 ], [ -120.867970307389115, 38.7699209404161 ], [ -120.867970307628269, 38.770010772436031 ], [ -120.86806013960225, 38.770010772375059 ] ] ] } },
{ "type": "Feature", "properties": { "csb_id": "061825008586899", "acres": 10.3985723243027, "geoid": "06017" }, "geometry": { "type": "Polygon", "coordinates": [ [ [ -120.868060139408854, 38.767495489805633 ], [ -120.867970308470731, 38.767225996914036 ], [ -120.867431319458433, 38.767225996787303 ], [ -120.867431319497285, 38.765698859923617 ], [ -120.86823980317331, 38.765070038857139 ], [ -120.868868622815981, 38.765070038877873 ], [ -120.868868623693373, 38.765698858985246 ], [ -120.869138116658135, 38.765968354677248 ], [ -120.869856770614177, 38.766058185989806 ], [ -120.869766938275816, 38.766687005745176 ], [ -120.869138118207417, 38.767495490282442 ], [ -120.868060139408854, 38.767495489805633 ] ] ] } },
{ "type": "Feature", "properties": { "csb_id": "061825008586903", "acres": 9.6005726559910407, "geoid": "06017" }, "geometry": { "type": "Polygon", "coordinates": [ [ [ -120.864287215053523, 38.764441217244872 ], [ -120.864287215291682, 38.764171722992096 ], [ -120.863388900100233, 38.764261554614741 ], [ -120.862221089589198, 38.76363273413839 ], [ -120.861322775111205, 38.763363239339334 ], [ -120.861322774751898, 38.762644586587655 ], [ -120.86159226913442, 38.762375092208849 ], [ -120.863658394139165, 38.762464924144098 ], [ -120.864017720302172, 38.76273441808771 ], [ -120.86401772049156, 38.763003912938942 ], [ -120.863658394409143, 38.763003914240734 ], [ -120.863658394093363, 38.76327340800546 ], [ -120.864646541025138, 38.763902228495127 ], [ -120.864646541628375, 38.764261554025289 ], [ -120.864287215053523, 38.764441217244872 ] ] ] } },
{ "type": "Feature", "properties": { "csb_id": "061825008586905", "acres": 5.89711880173535, "geoid": "06017" }, "geometry": { "type": "Polygon", "coordinates": [ [ [ -120.881984025579897, 38.761746271378726 ], [ -120.880007732971379, 38.76183610305258 ], [ -120.879828069082407, 38.76111745099287 ], [ -120.880007732260623, 38.760578461444297 ], [ -120.880636553404003, 38.760578461742057 ], [ -120.880636553520873, 38.760847956252654 ], [ -120.880995878267044, 38.760847956386449 ], [ -120.88099587904675, 38.760308967540382 ], [ -120.881265374132795, 38.760308966694126 ], [ -120.88153486846501, 38.760578461550836 ], [ -120.881894195331299, 38.760578462061204 ], [ -120.881984026639742, 38.760847956282888 ], [ -120.881265373399799, 38.760847956863806 ], [ -120.881534868299383, 38.761117451101789 ], [ -120.88189419527437, 38.761117451212257 ], [ -120.881894194287923, 38.761476776905923 ], [ -120.882163689799043, 38.761476776750399 ], [ -120.881984025579897, 38.761746271378726 ] ] ] } },
{ "type": "Feature", "properties": { "csb_id": "061825008586910", "acres": 3.9184264068457, "geoid": "06017" }, "geometry": { "type": "Polygon", "coordinates": [ [ [ -120.88099587904675, 38.760308967540382 ], [ -120.880995879366068, 38.759949641081924 ], [ -120.880367058249988, 38.759949640948584 ], [ -120.880367058884374, 38.7594106522047 ], [ -120.880097564500176, 38.759141157539815 ], [ -120.880097564753726, 38.758781832039858 ], [ -120.880456890548857, 38.758781831429701 ], [ -120.88045688997336, 38.758512337196329 ], [ -120.880995880122683, 38.758512337309753 ], [ -120.881355205718634, 38.758781830740574 ], [ -120.881355205149703, 38.759410651704471 ], [ -120.881534867952382, 38.759410651889105 ], [ -120.881534868863767, 38.759769977700628 ], [ -120.881355205477291, 38.75976997837774 ], [ -120.881265374132795, 38.760308966694126 ], [ -120.88099587904675, 38.760308967540382 ] ] ] } },
{ "type": "Feature", "properties": { "csb_id": "061825008586911", "acres": 9.0204598241861795, "geoid": "06017" }, "geometry": { "type": "Polygon", "coordinates": [ [ [ -120.884050151244296, 38.758422505356101 ], [ -120.884858635171952, 38.758512336423152 ], [ -120.884858634942788, 38.758691999753637 ], [ -120.884589140275352, 38.758691999408448 ], [ -120.884589140734391, 38.759051325615502 ], [ -120.88521796162847, 38.759051325836495 ], [ -120.885217961058956, 38.760219135807638 ], [ -120.885487455552422, 38.760308966869431 ], [ -120.885667118539985, 38.760578461670129 ], [ -120.885577287871826, 38.760758124609112 ], [ -120.884589140484863, 38.760847956411624 ], [ -120.884589140140577, 38.76057846171512 ], [ -120.8843196458878, 38.760219135960867 ], [ -120.883780657178264, 38.760219135427732 ], [ -120.883421330677791, 38.760039472564515 ], [ -120.882882341530205, 38.759320820213013 ], [ -120.883151836241439, 38.758781831003226 ], [ -120.88396032001296, 38.758691999269885 ], [ -120.884050151244296, 38.758422505356101 ] ] ] } },
{ "type": "Feature", "properties": { "csb_id": "061825008586913", "acres": 12.785439758478001, "geoid": "06017" }, "geometry": { "type": "Polygon", "coordinates": [ [ [ -120.900040163374214, 38.760847956113444 ], [ -120.898782522326115, 38.760847956200827 ], [ -120.89851302618284, 38.76057846194378 ], [ -120.898513025943686, 38.760219136311001 ], [ -120.898243532003917, 38.760039473059642 ], [ -120.896806228033867, 38.760039472322426 ], [ -120.896806226991913, 38.757614021401565 ], [ -120.898602858781089, 38.757614021128759 ], [ -120.898602859312547, 38.75788351621366 ], [ -120.89833336331408, 38.757883516211045 ], [ -120.898333362876642, 38.759410652224666 ], [ -120.897974037339395, 38.75941065233193 ], [ -120.897974037469979, 38.759769978340124 ], [ -120.898513025743924, 38.759949641173989 ], [ -120.898513026626745, 38.759590315328929 ], [ -120.899141846689403, 38.759410652045943 ], [ -120.89941134224236, 38.759590314823804 ], [ -120.899680836790068, 38.760219136065224 ], [ -120.900040164145054, 38.760219135141632 ], [ -120.900040163374214, 38.760847956113444 ] ] ] } },
{ "type": "Feature", "properties": { "csb_id": "061825008586921", "acres": 17.654101121402, "geoid": "06017" }, "geometry": { "type": "Polygon", "coordinates": [ [ [ -120.89797403815372, 38.757434358700507 ], [ -120.897884206251732, 38.75725469530952 ], [ -120.896985891714436, 38.75725469504426 ], [ -120.896985891180805, 38.757434358099268 ], [ -120.896806227967758, 38.757434358343907 ], [ -120.896177407863547, 38.757254695299025 ], [ -120.896087575975614, 38.755997053922044 ], [ -120.896357070639155, 38.755368233469824 ], [ -120.896985890134232, 38.755368233220786 ], [ -120.897614711672261, 38.754469917832822 ], [ -120.898513027704197, 38.754290255422127 ], [ -120.898782521357063, 38.754469917520005 ], [ -120.898782522402669, 38.754829244937149 ], [ -120.898782522174642, 38.755098739329839 ], [ -120.898513027701753, 38.755098738750931 ], [ -120.898513027600657, 38.755368232918478 ], [ -120.898782522390519, 38.755727559448459 ], [ -120.899411343132257, 38.755997054105251 ], [ -120.899411342854762, 38.756625874563859 ], [ -120.899141848298811, 38.757254695089756 ], [ -120.89797403815372, 38.757434358700507 ] ] ] } },
{ "type": "Feature", "properties": { "csb_id": "061825008586923", "acres": 12.0963405766481, "geoid": "06017" }, "geometry": { "type": "Polygon", "coordinates": [ [ [ -120.878660260027601, 38.754200423159034 ], [ -120.87910941768088, 38.754829244196635 ], [ -120.879738238389265, 38.75509873822196 ], [ -120.880636553060455, 38.75599705379814 ], [ -120.88153486823731, 38.756625875006925 ], [ -120.881534868938047, 38.757344526706198 ], [ -120.880636552901194, 38.75752418995117 ], [ -120.879738237934902, 38.756895368837263 ], [ -120.879468743320885, 38.756266548711615 ], [ -120.87910941687619, 38.75599705401477 ], [ -120.878361289394007, 38.755936698659823 ], [ -120.87830093355916, 38.755458064837498 ], [ -120.87803143895664, 38.755188570378351 ], [ -120.877582281874993, 38.75518856992322 ], [ -120.877582280912947, 38.754919075262166 ], [ -120.878660260027601, 38.754200423159034 ] ] ] } },
{ "type": "Feature", "properties": { "csb_id": "061825008586928", "acres": 3.5405519400768601, "geoid": "06017" }, "geometry": { "type": "Polygon", "coordinates": [ [ [ -120.833834326945251, 38.7509664884399 ], [ -120.835002136542002, 38.750966488438337 ], [ -120.835002136676096, 38.751235983186298 ], [ -120.83473264229093, 38.751235982369543 ], [ -120.834732642739269, 38.751595308689261 ], [ -120.835002137028852, 38.751595308874613 ], [ -120.835002136676096, 38.751235983186298 ], [ -120.835361462674342, 38.751595309147334 ], [ -120.835900452153794, 38.751595308777269 ], [ -120.835900451722253, 38.752134297965704 ], [ -120.834732642139642, 38.75213429798788 ], [ -120.833744495820596, 38.751235982436945 ], [ -120.833834326945251, 38.7509664884399 ] ] ] } },
{ "type": "Feature", "properties": { "csb_id": "061825008586935", "acres": 3.1564102590101699, "geoid": "06017" }, "geometry": { "type": "Polygon", "coordinates": [ [ [ -120.838595398442564, 38.736952769439441 ], [ -120.838595397934526, 38.737491759342987 ], [ -120.838236072197049, 38.737491758733412 ], [ -120.838236071859626, 38.737851084676528 ], [ -120.839493712971219, 38.737851084689019 ], [ -120.839493713328508, 38.737491759316903 ], [ -120.839763208156768, 38.737491758640282 ], [ -120.839763208151325, 38.738210410717265 ], [ -120.838685229524557, 38.73821041127357 ], [ -120.837786913581823, 38.737940916346766 ], [ -120.837697083012628, 38.73722226453043 ], [ -120.837966576767656, 38.737222264090001 ], [ -120.837966577810008, 38.736952769917679 ], [ -120.838595398442564, 38.736952769439441 ] ] ] } },
{ "type": "Feature", "properties": { "csb_id": "061825008586936", "acres": 4.7153763025114896, "geoid": "06017" }, "geometry": { "type": "Polygon", "coordinates": [ [ [ -120.839853039931498, 38.736683275469474 ], [ -120.840212365434112, 38.736683275230277 ], [ -120.840212365464268, 38.737312095967425 ], [ -120.839853039110594, 38.737312095745523 ], [ -120.839853039700031, 38.73767142220516 ], [ -120.840481860248147, 38.737671421738227 ], [ -120.840481860144592, 38.738569737073853 ], [ -120.839853038890666, 38.73856973701929 ], [ -120.839763208156768, 38.737491758640282 ], [ -120.839493713328508, 38.737491759316903 ], [ -120.839493712971219, 38.737851084689019 ], [ -120.838236071859626, 38.737851084676528 ], [ -120.838236072197049, 38.737491758733412 ], [ -120.838595397934526, 38.737491759342987 ], [ -120.838595398442564, 38.736952769439441 ], [ -120.83985303909904, 38.737042601280606 ], [ -120.839853039931498, 38.736683275469474 ] ] ] } },
{ "type": "Feature", "properties": { "csb_id": "061825008586940", "acres": 5.28322973712259, "geoid": "06017" }, "geometry": { "type": "Polygon", "coordinates": [ [ [ -120.839583544260478, 38.736952769536764 ], [ -120.837966577810008, 38.736952769917679 ], [ -120.837966576767656, 38.737222264090001 ], [ -120.837068262681171, 38.737222264520994 ], [ -120.837158092859013, 38.736683275661974 ], [ -120.837337756353634, 38.736683274816606 ], [ -120.837427588461125, 38.737042601564958 ], [ -120.837786913331527, 38.73704260147634 ], [ -120.837786912497535, 38.736413780592486 ], [ -120.838954723091902, 38.735515465208685 ], [ -120.839224217656451, 38.735515465184953 ], [ -120.839224219246802, 38.736054454628992 ], [ -120.839763208334873, 38.736144285720954 ], [ -120.839763206873116, 38.736683275712018 ], [ -120.839583545243656, 38.736683275079159 ], [ -120.839583544260478, 38.736952769536764 ] ] ] } },
{ "type": "Feature", "properties": { "csb_id": "061825008586942", "acres": 2.5021207953478899, "geoid": "06017" }, "geometry": { "type": "Polygon", "coordinates": [ [ [ -120.713370247083617, 38.734886644548787 ], [ -120.713639741607167, 38.734886644349636 ], [ -120.71363974240748, 38.734617150147812 ], [ -120.714538057084042, 38.73461715018712 ], [ -120.714538056937243, 38.735784960077432 ], [ -120.71426856298956, 38.735784959591733 ], [ -120.714268562591045, 38.73551546514225 ], [ -120.713370247332648, 38.735515465621411 ], [ -120.713370247083617, 38.734886644548787 ] ] ] } },
{ "type": "Feature", "properties": { "csb_id": "061825008586944", "acres": 3.8880751661028299, "geoid": "06017" }, "geometry": { "type": "Polygon", "coordinates": [ [ [ -120.686600451890044, 38.73273068785376 ], [ -120.686690283417036, 38.73174254094171 ], [ -120.687498766406605, 38.731473047078786 ], [ -120.688127587974179, 38.731473046382931 ], [ -120.688397082687402, 38.732461193371556 ], [ -120.687229272813383, 38.73237136175652 ], [ -120.68722927210051, 38.732730687751648 ], [ -120.686600451890044, 38.73273068785376 ] ] ] } },
{ "type": "Feature", "properties": { "csb_id": "061825008586949", "acres": 11.395248274632999, "geoid": "06017" }, "geometry": { "type": "Polygon", "coordinates": [ [ [ -120.676090163273329, 38.730305237031637 ], [ -120.676090162906618, 38.729766247680374 ], [ -120.67573083685825, 38.72913742709256 ], [ -120.675102016649305, 38.728957763501818 ], [ -120.675461342121494, 38.728418774765906 ], [ -120.676359657590623, 38.727879785331083 ], [ -120.677257973414299, 38.72787978508822 ], [ -120.677617298639873, 38.72850860646296 ], [ -120.678425782369672, 38.728239111341914 ], [ -120.67851561451775, 38.729406921614626 ], [ -120.678246119563724, 38.729676416454893 ], [ -120.678156288128832, 38.729406921303251 ], [ -120.677527468140795, 38.729406921695521 ], [ -120.677527467555805, 38.729766247069236 ], [ -120.67671898360399, 38.729766247697299 ], [ -120.676718983825282, 38.730305237102563 ], [ -120.676090163273329, 38.730305237031637 ] ] ] } },
{ "type": "Feature", "properties": { "csb_id": "061825008586951", "acres": 2.9643145936986399, "geoid": "06017" }, "geometry": { "type": "Polygon", "coordinates": [ [ [ -120.674742690368646, 38.728508605736401 ], [ -120.675012184541728, 38.729137427231855 ], [ -120.674293532295451, 38.729137426873692 ], [ -120.6742935326847, 38.728867932070493 ], [ -120.673664712078448, 38.728867932360124 ], [ -120.673664711612886, 38.729137426705336 ], [ -120.673395216904382, 38.729137427263524 ], [ -120.673395216944272, 38.728867932285141 ], [ -120.67276639670628, 38.728867932548191 ], [ -120.672766396189104, 38.72850860574345 ], [ -120.67339521733544, 38.728239111551957 ], [ -120.674024038137588, 38.72823911148717 ], [ -120.674024037875967, 38.728508606048941 ], [ -120.674742690368646, 38.728508605736401 ] ] ] } },
{ "type": "Feature", "properties": { "csb_id": "061825008586961", "acres": 3.3503316592853598, "geoid": "06017" }, "geometry": { "type": "Polygon", "coordinates": [ [ [ -120.971186733784876, 38.70667954502705 ], [ -120.971186733591949, 38.70632021909141 ], [ -120.970557913314266, 38.706320218305414 ], [ -120.970557912816773, 38.706050723949964 ], [ -120.970827408012056, 38.705781229386396 ], [ -120.971456228736344, 38.705781229598024 ], [ -120.971456228287281, 38.705511734557007 ], [ -120.971725723091765, 38.70578123047526 ], [ -120.97217488052344, 38.705781229980474 ], [ -120.972174881087156, 38.705511735105759 ], [ -120.972354543802027, 38.705511734921551 ], [ -120.972354544202702, 38.705781230657841 ], [ -120.972713869837307, 38.705781229738001 ], [ -120.972713868721229, 38.706320218474062 ], [ -120.971725723133616, 38.706320219312182 ], [ -120.971725723434673, 38.706679544849742 ], [ -120.971186733784876, 38.70667954502705 ] ] ] } },
{ "type": "Feature", "properties": { "csb_id": "061825008586962", "acres": 4.3031224597957198, "geoid": "06017" }, "geometry": { "type": "Polygon", "coordinates": [ [ [ -121.021971725061931, 38.707188356672766 ], [ -121.021492389437299, 38.706949039110334 ], [ -121.021492390646571, 38.705871061589328 ], [ -121.022121210391418, 38.705421904228302 ], [ -121.022660199911286, 38.705421903722261 ], [ -121.022300873343895, 38.705871060798735 ], [ -121.022121210862267, 38.705871061258144 ], [ -121.02212121041191, 38.706140555449515 ], [ -121.022390705565357, 38.706410050266875 ], [ -121.022750031844893, 38.706410051352471 ], [ -121.022750032216749, 38.706140556691857 ], [ -121.023019525705465, 38.706140556174738 ], [ -121.023019526185323, 38.707038871751237 ], [ -121.021971725061931, 38.707188356672766 ] ] ] } },
{ "type": "Feature", "properties": { "csb_id": "061825008586970", "acres": 2.9173724266430701, "geoid": "06017" }, "geometry": { "type": "Polygon", "coordinates": [ [ [ -120.976576625773603, 38.699762516799439 ], [ -120.976307131158222, 38.699672685912155 ], [ -120.976307130504807, 38.699133695988969 ], [ -120.976576625096754, 38.698774370217492 ], [ -120.976935952039682, 38.698774369955096 ], [ -120.976935951803938, 38.699133696106834 ], [ -120.977205446116528, 38.699133696607738 ], [ -120.977474940429119, 38.699133696521166 ], [ -120.977474940255206, 38.698774369905848 ], [ -120.977834266982029, 38.698774369848948 ], [ -120.977834267556133, 38.699403191091271 ], [ -120.977205445768604, 38.69967268533712 ], [ -120.976935951775005, 38.700032011406691 ], [ -120.976576625973721, 38.700032012001422 ], [ -120.976576625773603, 38.699762516799439 ] ] ] } },
{ "type": "Feature", "properties": { "csb_id": "061825008586971", "acres": 3.0136968468604302, "geoid": "06017" }, "geometry": { "type": "Polygon", "coordinates": [ [ [ -120.943877948948256, 38.699133696032767 ], [ -120.943338959710189, 38.698774370038045 ], [ -120.943338960713547, 38.697876054998659 ], [ -120.943877948789535, 38.697876055032566 ], [ -120.943877949300429, 38.697606560631058 ], [ -120.944237275628495, 38.69760656011124 ], [ -120.944506769982127, 38.698235380727994 ], [ -120.944506770538439, 38.698774371113309 ], [ -120.943877949930638, 38.698774370997903 ], [ -120.943877948948256, 38.699133696032767 ] ] ] } },
{ "type": "Feature", "properties": { "csb_id": "061825008586972", "acres": 3.8995622961902301, "geoid": "06017" }, "geometry": { "type": "Polygon", "coordinates": [ [ [ -120.942440644548981, 38.697876054590061 ], [ -120.942081319369279, 38.696798076772488 ], [ -120.943608454532097, 38.696977739427616 ], [ -120.94387794968047, 38.69724723390803 ], [ -120.943877948789535, 38.697876055032566 ], [ -120.942440644548981, 38.697876054590061 ] ] ] } },
{ "type": "Feature", "properties": { "csb_id": "061825008586976", "acres": 5.0219942200266399, "geoid": "06017" }, "geometry": { "type": "Polygon", "coordinates": [ [ [ -120.94118300316471, 38.69338447811603 ], [ -120.941183002747778, 38.693025152543044 ], [ -120.940876006087308, 38.692933873348323 ], [ -120.94107360791763, 38.692799828366468 ], [ -120.942710139223607, 38.692755658313089 ], [ -120.942979634018727, 38.693025152699597 ], [ -120.942979634327187, 38.694552288263331 ], [ -120.942081318109658, 38.694282794358415 ], [ -120.942081318501039, 38.693384478275277 ], [ -120.94118300316471, 38.69338447811603 ] ] ] } },
{ "type": "Feature", "properties": { "csb_id": "061825008586977", "acres": 3.6205073981106999, "geoid": "06017" }, "geometry": { "type": "Polygon", "coordinates": [ [ [ -120.739690884958293, 38.694372625667448 ], [ -120.737894254889127, 38.694372624943412 ], [ -120.737894254364036, 38.693474310015986 ], [ -120.739331558599105, 38.693474310136281 ], [ -120.739690885480641, 38.694013299577549 ], [ -120.739690884958293, 38.694372625667448 ] ] ] } },
{ "type": "Feature", "properties": { "csb_id": "061825008586980", "acres": 2.95613698905616, "geoid": "06017" }, "geometry": { "type": "Polygon", "coordinates": [ [ [ -120.734211162383019, 38.692486163256653 ], [ -120.734211162494518, 38.692845489203812 ], [ -120.733941667140556, 38.693114984252425 ], [ -120.733941667127937, 38.693743804719126 ], [ -120.732684026512587, 38.693743804790792 ], [ -120.732684026287416, 38.693474310111931 ], [ -120.733043351867252, 38.693474309870162 ], [ -120.733312846302823, 38.693114984334315 ], [ -120.733312847122434, 38.692845488977248 ], [ -120.73304335228589, 38.692845489067338 ], [ -120.73304335201226, 38.692486163406024 ], [ -120.734211162383019, 38.692486163256653 ] ] ] } },
{ "type": "Feature", "properties": { "csb_id": "061825008586990", "acres": 3.1013211221155599, "geoid": "06017" }, "geometry": { "type": "Polygon", "coordinates": [ [ [ -120.690912365738768, 38.686467451122894 ], [ -120.689924218594342, 38.686377620283061 ], [ -120.689924218449832, 38.686647114971549 ], [ -120.689385229212732, 38.686647113750738 ], [ -120.689025902965511, 38.686467450840766 ], [ -120.689025901571057, 38.686108124590532 ], [ -120.690163535189271, 38.685898284669491 ], [ -120.690553039523351, 38.685658967026882 ], [ -120.691271691271439, 38.68574879966836 ], [ -120.690912365738768, 38.686467451122894 ] ] ] } },
{ "type": "Feature", "properties": { "csb_id": "061825008586994", "acres": 12.156023886447, "geoid": "06017" }, "geometry": { "type": "Polygon", "coordinates": [ [ [ -120.696302256925193, 38.686108124530932 ], [ -120.6963022571951, 38.685748798942861 ], [ -120.694775121281324, 38.685748798415901 ], [ -120.694775120426613, 38.685479303981865 ], [ -120.694505626677312, 38.685209809464631 ], [ -120.694146300025878, 38.685209809620041 ], [ -120.694219638807226, 38.684115382373989 ], [ -120.69450562655625, 38.683952167776987 ], [ -120.695403941620327, 38.683952168286226 ], [ -120.695763267683873, 38.6843114938223 ], [ -120.695763267697401, 38.684580989154462 ], [ -120.696302256840667, 38.684580989009731 ], [ -120.696302256812388, 38.684221662592257 ], [ -120.696931077635782, 38.684221662481548 ], [ -120.697200572019298, 38.684401325432994 ], [ -120.697200572232191, 38.68485048363025 ], [ -120.697470066683294, 38.685479304269798 ], [ -120.697829393155942, 38.68547930399162 ], [ -120.697829393166955, 38.685748798131513 ], [ -120.69729040355088, 38.68583863051645 ], [ -120.697290404115009, 38.686108125065836 ], [ -120.696302256925193, 38.686108124530932 ] ] ] } },
{ "type": "Feature", "properties": { "csb_id": "061825008587001", "acres": 16.4592893412226, "geoid": "06017" }, "geometry": { "type": "Polygon", "coordinates": [ [ [ -120.699626023746248, 38.680897895896848 ], [ -120.697829393638131, 38.680628401764729 ], [ -120.697829393115455, 38.6799995808651 ], [ -120.697290404138016, 38.679999580696339 ], [ -120.697200572355158, 38.679191096550539 ], [ -120.696122593570777, 38.678831771319715 ], [ -120.696122594426029, 38.678472445023466 ], [ -120.696931078015339, 38.678292781858964 ], [ -120.697020909476123, 38.677663961005969 ], [ -120.697919224768924, 38.677933455627361 ], [ -120.699356528928888, 38.678023286914133 ], [ -120.69935652844201, 38.678831770706537 ], [ -120.699715855285447, 38.680089412312931 ], [ -120.699626023746248, 38.680897895896848 ] ], [ [ -120.698548045106861, 38.679550423162773 ], [ -120.697919224353313, 38.679550423086674 ], [ -120.697919224993854, 38.679819917994443 ], [ -120.698548045525683, 38.679819917666812 ], [ -120.698548045106861, 38.679550423162773 ] ], [ [ -120.698098887243603, 38.67919109693149 ], [ -120.698188719362136, 38.67892160235742 ], [ -120.698098887360032, 38.678921602666485 ], [ -120.698098887243603, 38.67919109693149 ] ], [ [ -120.697470067141424, 38.678562276593865 ], [ -120.697559898265169, 38.67829278208302 ], [ -120.697290404020663, 38.678562276102049 ], [ -120.697470067141424, 38.678562276593865 ] ] ] } },
{ "type": "Feature", "properties": { "csb_id": "061825008587004", "acres": 2.5233595160573801, "geoid": "06017" }, "geometry": { "type": "Polygon", "coordinates": [ [ [ -120.72882127058385, 38.6784724449845 ], [ -120.728821269990377, 38.678292782218314 ], [ -120.729090765572039, 38.678292782038397 ], [ -120.72909076480164, 38.677663960705814 ], [ -120.728461944431615, 38.677574129118945 ], [ -120.728461944721644, 38.677394466362053 ], [ -120.728731438189001, 38.677035140136105 ], [ -120.729000932794591, 38.677035140325572 ], [ -120.729629754085622, 38.677304635140636 ], [ -120.729629754008783, 38.678472444691778 ], [ -120.72882127058385, 38.6784724449845 ] ] ] } },
{ "type": "Feature", "properties": { "csb_id": "061825008587007", "acres": 3.2747426803927602, "geoid": "06017" }, "geometry": { "type": "Polygon", "coordinates": [ [ [ -120.637552437524292, 38.675148678096569 ], [ -120.637552437636842, 38.674340194797203 ], [ -120.637911763495808, 38.673621541872109 ], [ -120.63845075286244, 38.673621542062932 ], [ -120.638810079018086, 38.673980868455331 ], [ -120.638810078250728, 38.674609689077997 ], [ -120.638181258501191, 38.674609688942027 ], [ -120.638181258387377, 38.674969014984619 ], [ -120.638001595264257, 38.67514867842182 ], [ -120.637552437524292, 38.675148678096569 ] ] ] } },
{ "type": "Feature", "properties": { "csb_id": "061825008587009", "acres": 5.7177592811381697, "geoid": "06017" }, "geometry": { "type": "Polygon", "coordinates": [ [ [ -120.69657175168723, 38.67550800421462 ], [ -120.696571751298791, 38.67487918383901 ], [ -120.697020909186506, 38.674879183467716 ], [ -120.697200572838483, 38.674699520674729 ], [ -120.697470066770705, 38.673980868591535 ], [ -120.699356528361221, 38.674070699600506 ], [ -120.699356528858715, 38.67425036321594 ], [ -120.698997203414336, 38.674340194626545 ], [ -120.698997202781428, 38.674879183532788 ], [ -120.697919224821064, 38.674969015358691 ], [ -120.697559898672992, 38.675238510017323 ], [ -120.697559897988285, 38.675508004858337 ], [ -120.69657175168723, 38.67550800421462 ] ] ] } },
{ "type": "Feature", "properties": { "csb_id": "061825008587010", "acres": 4.1609425454226097, "geoid": "06017" }, "geometry": { "type": "Polygon", "coordinates": [ [ [ -120.636743953900464, 38.673352047915074 ], [ -120.636654122034145, 38.672453732119209 ], [ -120.63701344805591, 38.672184237978271 ], [ -120.638450752800452, 38.672184237992724 ], [ -120.638181257789128, 38.673082553355542 ], [ -120.637372774500989, 38.673352047445071 ], [ -120.636743953900464, 38.673352047915074 ] ] ] } },
{ "type": "Feature", "properties": { "csb_id": "061825008587025", "acres": 5.2220288393479404, "geoid": "06017" }, "geometry": { "type": "Polygon", "coordinates": [ [ [ -120.619675963428634, 38.65583489956903 ], [ -120.619675963058356, 38.655475573161397 ], [ -120.619136973988077, 38.655295910717747 ], [ -120.618867479076769, 38.654936584185734 ], [ -120.618597984794619, 38.654397594793487 ], [ -120.618597985238651, 38.654038269326023 ], [ -120.619136973820019, 38.654038269091146 ], [ -120.619496300743521, 38.654397595506197 ], [ -120.619765795122916, 38.654397595359711 ], [ -120.619765795026296, 38.653858605561197 ], [ -120.620304783554033, 38.654038269051874 ], [ -120.620304783621918, 38.655565405511616 ], [ -120.620035289308845, 38.655834899229568 ], [ -120.619675963428634, 38.65583489956903 ] ] ] } },
{ "type": "Feature", "properties": { "csb_id": "061825008587028", "acres": 6.3496839017226296, "geoid": "06017" }, "geometry": { "type": "Polygon", "coordinates": [ [ [ -120.964539200594189, 38.647031410242285 ], [ -120.964539201437574, 38.646761915569186 ], [ -120.964179874669114, 38.64676191509654 ], [ -120.963910379790789, 38.646402589508774 ], [ -120.963910380411107, 38.646133094445609 ], [ -120.964808695128937, 38.644875453385474 ], [ -120.965078190239211, 38.644875453561319 ], [ -120.965437515690482, 38.645504273975334 ], [ -120.965796842394894, 38.645773768661641 ], [ -120.965796842341405, 38.646222926517666 ], [ -120.965707011295677, 38.646492420718765 ], [ -120.965078189524348, 38.647031410117556 ], [ -120.964539200594189, 38.647031410242285 ] ] ] } },
{ "type": "Feature", "properties": { "csb_id": "061825008587034", "acres": 7.4290826849298703, "geoid": "06017" }, "geometry": { "type": "Polygon", "coordinates": [ [ [ -120.7850558062282, 38.644695789883883 ], [ -120.784786311918438, 38.644695790445674 ], [ -120.784786312363252, 38.644965284967078 ], [ -120.783887996977356, 38.644965284585965 ], [ -120.784157490904391, 38.644066969720065 ], [ -120.784516816325549, 38.64352798069455 ], [ -120.784516817057138, 38.643168654691081 ], [ -120.784067660155358, 38.643078822321769 ], [ -120.784067659383865, 38.64289915978312 ], [ -120.784157491162034, 38.642450002195531 ], [ -120.784516816345914, 38.642270339306847 ], [ -120.784516816206605, 38.641641518209539 ], [ -120.784786312480378, 38.641641518291067 ], [ -120.784786311639124, 38.643168654428891 ], [ -120.785684627287111, 38.643168653849095 ], [ -120.785684626181705, 38.644965284678392 ], [ -120.785055805425273, 38.644965284865393 ], [ -120.7850558062282, 38.644695789883883 ] ], [ [ -120.784786310880605, 38.644066969909069 ], [ -120.784516816348756, 38.644066969481095 ], [ -120.784516817036803, 38.644426296131712 ], [ -120.784786312594235, 38.644426295697684 ], [ -120.784786310880605, 38.644066969909069 ] ], [ [ -120.785415132130098, 38.643527980178625 ], [ -120.785055805897628, 38.643527980042428 ], [ -120.785055807335922, 38.643797474548975 ], [ -120.785415132651863, 38.643797475145298 ], [ -120.785415132130098, 38.643527980178625 ] ] ] } },
{ "type": "Feature", "properties": { "csb_id": "061825008587036", "acres": 4.5772335995525504, "geoid": "06017" }, "geometry": { "type": "Polygon", "coordinates": [ [ [ -120.678246119663953, 38.640024550833367 ], [ -120.67824611943783, 38.639575393507656 ], [ -120.677886793379685, 38.639216066589526 ], [ -120.677617299138205, 38.639216066456115 ], [ -120.67761729764706, 38.63957539294325 ], [ -120.676898646353109, 38.639485561545456 ], [ -120.676988477505574, 38.638317751746932 ], [ -120.678156288337931, 38.638227920067045 ], [ -120.678425783104018, 38.638677077589122 ], [ -120.678515614197295, 38.640114382610726 ], [ -120.678246119663953, 38.640024550833367 ] ] ] } },
{ "type": "Feature", "properties": { "csb_id": "061825008587037", "acres": 3.68111454175305, "geoid": "06017" }, "geometry": { "type": "Polygon", "coordinates": [ [ [ -120.678156288337931, 38.638227920067045 ], [ -120.677796961713184, 38.638227919886937 ], [ -120.677796962112353, 38.637958425741495 ], [ -120.677527467725696, 38.637958425466152 ], [ -120.677527467416652, 38.637599099463586 ], [ -120.678246119863005, 38.63714994192464 ], [ -120.678785108648128, 38.637149942146728 ], [ -120.678874940633065, 38.637778762131212 ], [ -120.679413929825714, 38.638048256676882 ], [ -120.679413929782839, 38.638317751968813 ], [ -120.678515614515987, 38.638317751752211 ], [ -120.678425783104018, 38.638677077589122 ], [ -120.678156288337931, 38.638227920067045 ] ] ] } },
{ "type": "Feature", "properties": { "csb_id": "061825008587040", "acres": 3.81622732029737, "geoid": "06017" }, "geometry": { "type": "Polygon", "coordinates": [ [ [ -120.625245516965535, 38.634993985239802 ], [ -120.625155686790364, 38.634005838457568 ], [ -120.624616696951122, 38.633736343489645 ], [ -120.624616697098944, 38.633197354255593 ], [ -120.625784507102821, 38.6331075232589 ], [ -120.625784507411467, 38.634005838081265 ], [ -120.626054002270195, 38.63400583832788 ], [ -120.626054002152856, 38.634275333119191 ], [ -120.625784506896352, 38.634904154030011 ], [ -120.625245516965535, 38.634993985239802 ] ], [ [ -120.625425181144266, 38.633466848830309 ], [ -120.624976023237977, 38.633466849518918 ], [ -120.624976023630921, 38.633736343389458 ], [ -120.62542518124809, 38.633736344020384 ], [ -120.625425181144266, 38.633466848830309 ] ] ] } },
{ "type": "Feature", "properties": { "csb_id": "061825008587069", "acres": 3.2099923907703198, "geoid": "06017" }, "geometry": { "type": "Polygon", "coordinates": [ [ [ -120.662166275828611, 38.614332733864082 ], [ -120.662166275925173, 38.613793743950822 ], [ -120.663334085745063, 38.612895428941492 ], [ -120.663603580268074, 38.612895429281593 ], [ -120.663693411634739, 38.614063238609027 ], [ -120.662705265844536, 38.614063239203908 ], [ -120.662705265243915, 38.614332733757493 ], [ -120.662166275828611, 38.614332733864082 ] ] ] } },
{ "type": "Feature", "properties": { "csb_id": "061825008587070", "acres": 6.8923949537005402, "geoid": "06017" }, "geometry": { "type": "Polygon", "coordinates": [ [ [ -120.663064592195113, 38.611997113432786 ], [ -120.662795096797879, 38.611997113694514 ], [ -120.662795095407802, 38.612266608456224 ], [ -120.663064590677607, 38.612266608423411 ], [ -120.663064592195113, 38.611997113432786 ], [ -120.663423917920625, 38.611997113700227 ], [ -120.663603579742428, 38.612536102907001 ], [ -120.662795097861149, 38.612625934544731 ], [ -120.66252560254307, 38.612895428932845 ], [ -120.662435770800613, 38.613524249529014 ], [ -120.662166275150412, 38.61352425008949 ], [ -120.662166275198686, 38.613254755139735 ], [ -120.661537454080914, 38.613254755750233 ], [ -120.661447622854453, 38.614063239102528 ], [ -120.661267960328175, 38.614332734005615 ], [ -120.660369643924454, 38.61370391279641 ], [ -120.660549307047219, 38.612805597688897 ], [ -120.661178129836145, 38.612805597287405 ], [ -120.661178127953747, 38.612266608374149 ], [ -120.66270526609236, 38.612176776367292 ], [ -120.662705264452015, 38.611907282293366 ], [ -120.663064592195113, 38.611997113432786 ] ], [ [ -120.662076443834763, 38.612536103100901 ], [ -120.66180694933297, 38.612805598048752 ], [ -120.661806949172345, 38.613164923686632 ], [ -120.662435770112708, 38.613164923428421 ], [ -120.662435769897996, 38.612536103023402 ], [ -120.662076443834763, 38.612536103100901 ] ] ] } },
{ "type": "Feature", "properties": { "csb_id": "061825008587072", "acres": 8.6950151777432207, "geoid": "06017" }, "geometry": { "type": "Polygon", "coordinates": [ [ [ -120.652733965337731, 38.613703912456529 ], [ -120.65147632426708, 38.613703913213271 ], [ -120.650937335221727, 38.613254755494303 ], [ -120.650578008974662, 38.613164923767947 ], [ -120.649949188317791, 38.613164923586147 ], [ -120.649949188804058, 38.613434418460649 ], [ -120.6497695250319, 38.613434418625062 ], [ -120.64967969320783, 38.61280559746853 ], [ -120.650308514959946, 38.612805597244964 ], [ -120.650578008630703, 38.612536102985139 ], [ -120.650578008551747, 38.612176776674353 ], [ -120.651206830042824, 38.612176776363832 ], [ -120.651206829849784, 38.612536103361187 ], [ -120.653003459893213, 38.61262593452463 ], [ -120.653901776223847, 38.613434418349904 ], [ -120.653003460199514, 38.613524249465051 ], [ -120.652733965337731, 38.613703912456529 ] ] ] } },
{ "type": "Feature", "properties": { "csb_id": "061825008587073", "acres": 14.2379687900942, "geoid": "06017" }, "geometry": { "type": "Polygon", "coordinates": [ [ [ -120.658123856997946, 38.613164923540673 ], [ -120.656956047642595, 38.613164923223195 ], [ -120.6569560476687, 38.612176776897861 ], [ -120.65758486866082, 38.612176777441157 ], [ -120.657944193273565, 38.611637787491375 ], [ -120.658483184136955, 38.611637787613169 ], [ -120.658483182614177, 38.611907282844435 ], [ -120.65875267723996, 38.612176777054842 ], [ -120.659112003868088, 38.612176776019012 ], [ -120.659381498298586, 38.611907282067335 ], [ -120.659381499049616, 38.611637787240525 ], [ -120.659112004292254, 38.611637787911853 ], [ -120.659112004178439, 38.611278461363256 ], [ -120.659650993638905, 38.611008965878838 ], [ -120.660279814426104, 38.611008967304677 ], [ -120.660279814446781, 38.611278461720715 ], [ -120.660908635194943, 38.61199711348879 ], [ -120.660908635291833, 38.612266608372543 ], [ -120.661178127953747, 38.612266608374149 ], [ -120.661178129836145, 38.612805597287405 ], [ -120.659650992813042, 38.612805597949325 ], [ -120.65965099186063, 38.613434418322427 ], [ -120.659201834852851, 38.613614081304839 ], [ -120.658123856997946, 38.613164923540673 ] ], [ [ -120.660279814093926, 38.612536103379377 ], [ -120.660549307118359, 38.612625934581779 ], [ -120.660549308274454, 38.612536102799758 ], [ -120.660279814093926, 38.612536103379377 ] ], [ [ -120.658752678125381, 38.612625935115084 ], [ -120.658573014044094, 38.612536102737742 ], [ -120.658573014119455, 38.612625934695309 ], [ -120.658752678125381, 38.612625935115084 ] ] ] } },
{ "type": "Feature", "properties": { "csb_id": "061825008587075", "acres": 4.0776748886300096, "geoid": "06017" }, "geometry": { "type": "Polygon", "coordinates": [ [ [ -120.66369341232749, 38.611907281781924 ], [ -120.662705264452015, 38.611907282293366 ], [ -120.66270526609236, 38.612176776367292 ], [ -120.661447624624728, 38.612176777044581 ], [ -120.661537455526144, 38.61190728223999 ], [ -120.66180694969988, 38.611907282136002 ], [ -120.661896781484643, 38.611637787477108 ], [ -120.661806950455471, 38.611098798030135 ], [ -120.662705265882195, 38.611008966707949 ], [ -120.662795096670635, 38.611278461485497 ], [ -120.663693412276288, 38.611278461932656 ], [ -120.66369341232749, 38.611907281781924 ] ] ] } },
{ "type": "Feature", "properties": { "csb_id": "061825008587076", "acres": 5.9241633754745102, "geoid": "06017" }, "geometry": { "type": "Polygon", "coordinates": [ [ [ -120.651206830042824, 38.612176776363832 ], [ -120.650578008551747, 38.612176776674353 ], [ -120.650578008630703, 38.612536102985139 ], [ -120.650308514959946, 38.612805597244964 ], [ -120.649410198746224, 38.612805597257854 ], [ -120.649410199643, 38.611637787326082 ], [ -120.650308514730284, 38.61163778738311 ], [ -120.650308514854856, 38.611278461313013 ], [ -120.650937335600617, 38.611368292848894 ], [ -120.651206830244291, 38.611727619247375 ], [ -120.65237463984262, 38.612356439648593 ], [ -120.652374640225204, 38.61253610317447 ], [ -120.651206829849784, 38.612536103361187 ], [ -120.651206830042824, 38.612176776363832 ] ] ] } },
{ "type": "Feature", "properties": { "csb_id": "061825008587079", "acres": 4.1162917299408299, "geoid": "06017" }, "geometry": { "type": "Polygon", "coordinates": [ [ [ -120.662705265882195, 38.611008966707949 ], [ -120.661178129735774, 38.611008966972278 ], [ -120.660908634590868, 38.610739472610661 ], [ -120.660908635409285, 38.610110651964497 ], [ -120.66270526507148, 38.610110651610157 ], [ -120.662795096670635, 38.611278461485497 ], [ -120.662705265882195, 38.611008966707949 ] ] ] } },
{ "type": "Feature", "properties": { "csb_id": "061825008587084", "acres": 4.8876914442811703, "geoid": "06017" }, "geometry": { "type": "Polygon", "coordinates": [ [ [ -120.662795096828049, 38.608583515971155 ], [ -120.662795097282114, 38.608403852609477 ], [ -120.660908635332945, 38.607415706045622 ], [ -120.660908634733474, 38.606786884841391 ], [ -120.66144762440311, 38.606786885271376 ], [ -120.662435770432992, 38.607685200160155 ], [ -120.662795097154842, 38.60768520049438 ], [ -120.662974759151666, 38.607415706441579 ], [ -120.663423917391256, 38.60741570558428 ], [ -120.6633340860636, 38.60831402072899 ], [ -120.663064591743861, 38.608583516006874 ], [ -120.662795096828049, 38.608583515971155 ] ] ] } },
{ "type": "Feature", "properties": { "csb_id": "061825008587085", "acres": 3.1234981303581999, "geoid": "06017" }, "geometry": { "type": "Polygon", "coordinates": [ [ [ -120.638181257669004, 38.608314021388821 ], [ -120.638181256729723, 38.607056380252651 ], [ -120.639079572509104, 38.607056380217614 ], [ -120.639708393975681, 38.60741570606649 ], [ -120.639708392720152, 38.60768520091964 ], [ -120.639079572115676, 38.607685200223862 ], [ -120.638810079358478, 38.608314021080261 ], [ -120.638181257669004, 38.608314021388821 ] ] ] } },
{ "type": "Feature", "properties": { "csb_id": "061825008587086", "acres": 3.2584913246267302, "geoid": "06017" }, "geometry": { "type": "Polygon", "coordinates": [ [ [ -120.63997788865295, 38.606517390449582 ], [ -120.641774519385947, 38.60651739024339 ], [ -120.641774519182391, 38.607685200767058 ], [ -120.641235529851656, 38.607685200731829 ], [ -120.6406067097777, 38.606786885216849 ], [ -120.639977888390405, 38.606786885294063 ], [ -120.63997788865295, 38.606517390449582 ] ] ] } },
{ "type": "Feature", "properties": { "csb_id": "061825008587089", "acres": 3.5093840609586402, "geoid": "06017" }, "geometry": { "type": "Polygon", "coordinates": [ [ [ -120.714807552127624, 38.602564803096996 ], [ -120.71480755198786, 38.602205477011381 ], [ -120.714178730720889, 38.602205477139485 ], [ -120.71417873117808, 38.601935982706742 ], [ -120.714448226181204, 38.601576656136665 ], [ -120.715346541298445, 38.601307161955987 ], [ -120.715705867306937, 38.601576656315885 ], [ -120.715705867769671, 38.602205477799735 ], [ -120.71534654134841, 38.602564802916341 ], [ -120.715346540713199, 38.602834298272533 ], [ -120.715077046492041, 38.602834297450663 ], [ -120.714807552127624, 38.602564803096996 ] ] ] } },
{ "type": "Feature", "properties": { "csb_id": "061825008587090", "acres": 21.498797618089299, "geoid": "06017" }, "geometry": { "type": "Polygon", "coordinates": [ [ [ -120.678785108624368, 38.605259749343915 ], [ -120.67824611968841, 38.605080086505907 ], [ -120.678246120330272, 38.604720760058974 ], [ -120.678874940844835, 38.604720760104726 ], [ -120.67887494009355, 38.603193623781799 ], [ -120.678156288329788, 38.603103792395054 ], [ -120.67815628828356, 38.601935982498247 ], [ -120.681480054410159, 38.602025814126911 ], [ -120.681480054915355, 38.602564803245016 ], [ -120.681839381056392, 38.60346311819918 ], [ -120.681749549976288, 38.604002107659724 ], [ -120.680222413344524, 38.604990255113066 ], [ -120.678785108624368, 38.605259749343915 ] ], [ [ -120.679952918913884, 38.603732613356193 ], [ -120.679773255363415, 38.603732613077142 ], [ -120.679773255524211, 38.604002108229608 ], [ -120.679952918318691, 38.60400210787558 ], [ -120.679952918913884, 38.603732613356193 ] ] ] } },
{ "type": "Feature", "properties": { "csb_id": "061825008587095", "acres": 3.6637663139412999, "geoid": "06017" }, "geometry": { "type": "Polygon", "coordinates": [ [ [ -120.64375081288415, 38.599780025571178 ], [ -120.643930475506181, 38.599061373791976 ], [ -120.644559297193183, 38.598881710824521 ], [ -120.644918622593281, 38.598971542508224 ], [ -120.644918622422679, 38.599330868563904 ], [ -120.645457611519419, 38.599241037203299 ], [ -120.645457611428156, 38.599780025686123 ], [ -120.64572710637195, 38.599780025547147 ], [ -120.645727106811862, 38.600139352298854 ], [ -120.644828791018483, 38.600139352509984 ], [ -120.6448287914031, 38.599869857745027 ], [ -120.644559296983843, 38.599780025485174 ], [ -120.64375081288415, 38.599780025571178 ] ] ] } },
{ "type": "Feature", "properties": { "csb_id": "061825008587096", "acres": 2.9117297528300798, "geoid": "06017" }, "geometry": { "type": "Polygon", "coordinates": [ [ [ -120.673305386329957, 38.600139352230421 ], [ -120.673305385931627, 38.599780025480612 ], [ -120.673035890701911, 38.599780025874679 ], [ -120.673035891118715, 38.599241036418206 ], [ -120.673305385679754, 38.598881710780546 ], [ -120.673934205306168, 38.598881712060027 ], [ -120.674203701214708, 38.599241037535563 ], [ -120.674203700668443, 38.599780026008553 ], [ -120.673934206615485, 38.600139351893141 ], [ -120.673305386329957, 38.600139352230421 ] ], [ [ -120.674024038429607, 38.599600363152263 ], [ -120.673934206783485, 38.599510530878689 ], [ -120.673934205489203, 38.599600363238629 ], [ -120.674024038429607, 38.599600363152263 ] ] ] } },
{ "type": "Feature", "properties": { "csb_id": "061825008587098", "acres": 3.0370742986660799, "geoid": "06017" }, "geometry": { "type": "Polygon", "coordinates": [ [ [ -120.645188117408168, 38.598881710699381 ], [ -120.645457611888801, 38.598612216342076 ], [ -120.645727106188346, 38.598612216379109 ], [ -120.645727106575407, 38.598881710728143 ], [ -120.64635592775069, 38.598881710920345 ], [ -120.646445758243942, 38.600139352284806 ], [ -120.645727106811862, 38.600139352298854 ], [ -120.64572710637195, 38.599780025547147 ], [ -120.645457611428156, 38.599780025686123 ], [ -120.645457611519419, 38.599241037203299 ], [ -120.645188117441066, 38.599241036982804 ], [ -120.645188117408168, 38.598881710699381 ] ] ] } },
{ "type": "Feature", "properties": { "csb_id": "061825008587102", "acres": 20.5847853154173, "geoid": "06017" }, "geometry": { "type": "Polygon", "coordinates": [ [ [ -120.681480054629915, 38.599869857294507 ], [ -120.67815628829328, 38.599869857674477 ], [ -120.677527468176976, 38.599510531346077 ], [ -120.67752746815097, 38.599241036975876 ], [ -120.677796962427919, 38.599241036720791 ], [ -120.677796962314432, 38.598612217300825 ], [ -120.67698847857524, 38.598881710948859 ], [ -120.676359657548133, 38.598881710741722 ], [ -120.676090163440591, 38.598612215731492 ], [ -120.676629152217387, 38.598252890686339 ], [ -120.677527468032253, 38.598252889746078 ], [ -120.677796962529669, 38.597713900492138 ], [ -120.679054603673293, 38.597713900374949 ], [ -120.679054603426849, 38.597983395014801 ], [ -120.679952918821471, 38.597983395221689 ], [ -120.681210559861995, 38.597713900975918 ], [ -120.68174954926522, 38.598252890259573 ], [ -120.681749549899422, 38.599241037047527 ], [ -120.681749549727016, 38.599510530946986 ], [ -120.681480054629915, 38.599869857294507 ] ], [ [ -120.681480055143211, 38.598612216417237 ], [ -120.681210560206637, 38.598612216089037 ], [ -120.68121056058655, 38.598881710386934 ], [ -120.681480055395824, 38.598881710944227 ], [ -120.681480055143211, 38.598612216417237 ] ], [ [ -120.68085123465336, 38.598971542461236 ], [ -120.680671570740827, 38.598881710323397 ], [ -120.680671571821861, 38.598971542964534 ], [ -120.68085123465336, 38.598971542461236 ] ] ] } },
{ "type": "Feature", "properties": { "csb_id": "061825008587105", "acres": 2.3622305048743799, "geoid": "06017" }, "geometry": { "type": "Polygon", "coordinates": [ [ [ -120.673035891443647, 38.597983394830528 ], [ -120.671508755690368, 38.598073227078231 ], [ -120.67150875534459, 38.597085079940825 ], [ -120.671778249352187, 38.596905417084258 ], [ -120.672407070368422, 38.596905416845445 ], [ -120.672407069905688, 38.597354574540311 ], [ -120.672137575770137, 38.597354574576812 ], [ -120.672137575893117, 38.597803731820171 ], [ -120.67312572278918, 38.597803732466261 ], [ -120.673125723080958, 38.598252889999131 ], [ -120.673035891443647, 38.597983394830528 ] ] ] } },
{ "type": "Feature", "properties": { "csb_id": "061825008587106", "acres": 4.6570345251035601, "geoid": "06017" }, "geometry": { "type": "Polygon", "coordinates": [ [ [ -120.670879933996915, 38.597354574859494 ], [ -120.670610440225957, 38.596815585813331 ], [ -120.67070027110681, 38.595557944500698 ], [ -120.671149428770946, 38.59555794415968 ], [ -120.671508755494898, 38.595827438306458 ], [ -120.671508755008404, 38.596456259662901 ], [ -120.673035891714392, 38.596456259568797 ], [ -120.673035891454589, 38.596905417082041 ], [ -120.671508754720449, 38.596815585632612 ], [ -120.671239260802324, 38.59690541732661 ], [ -120.670879933996915, 38.597354574859494 ] ] ] } },
{ "type": "Feature", "properties": { "csb_id": "061825008587109", "acres": 4.3292486952542397, "geoid": "06017" }, "geometry": { "type": "Polygon", "coordinates": [ [ [ -120.67213757634687, 38.596456259018339 ], [ -120.672047744883344, 38.595917270395418 ], [ -120.671508755494898, 38.595827438306458 ], [ -120.671149428770946, 38.59555794415968 ], [ -120.671149429237346, 38.595378281296064 ], [ -120.673305386193931, 38.595378281088756 ], [ -120.673305385449197, 38.59618676488558 ], [ -120.673035891714392, 38.596456259568797 ], [ -120.67213757634687, 38.596456259018339 ] ] ] } },
{ "type": "Feature", "properties": { "csb_id": "061825008587110", "acres": 4.9078202489193901, "geoid": "06017" }, "geometry": { "type": "Polygon", "coordinates": [ [ [ -120.670071451104732, 38.595917270048815 ], [ -120.669981619572226, 38.595557944452395 ], [ -120.668813809165314, 38.595557944099859 ], [ -120.668813809483012, 38.595018954635954 ], [ -120.669083303293007, 38.594390133965405 ], [ -120.670520607878501, 38.594479965636168 ], [ -120.670520608847625, 38.595827438433837 ], [ -120.670071451104732, 38.595917270048815 ] ], [ [ -120.669442629756148, 38.595018955255455 ], [ -120.669352798755256, 38.5949291236766 ], [ -120.669352798556176, 38.595018954648957 ], [ -120.669442629756148, 38.595018955255455 ] ] ] } },
{ "type": "Feature", "properties": { "csb_id": "061825008587111", "acres": 3.75074783735504, "geoid": "06017" }, "geometry": { "type": "Polygon", "coordinates": [ [ [ -120.65821368860712, 38.596276596457948 ], [ -120.657854363614632, 38.595288450283093 ], [ -120.658483183165629, 38.594659628688049 ], [ -120.65875267861307, 38.594659628467092 ], [ -120.659201836424756, 38.594929124200618 ], [ -120.659112004043735, 38.595827437878121 ], [ -120.658752678436286, 38.595827438500443 ], [ -120.658752677905284, 38.596186764628641 ], [ -120.65821368860712, 38.596276596457948 ] ] ] } },
{ "type": "Feature", "properties": { "csb_id": "061825008587112", "acres": 11.0980903917549, "geoid": "06017" }, "geometry": { "type": "Polygon", "coordinates": [ [ [ -120.682198707066505, 38.596186765157206 ], [ -120.68148005481271, 38.596186764460299 ], [ -120.680941065220765, 38.59564777574834 ], [ -120.680042750806408, 38.595557943701671 ], [ -120.679952918973612, 38.59492912302828 ], [ -120.679324098194257, 38.594929123585878 ], [ -120.679324098020416, 38.595378280646834 ], [ -120.679144435052734, 38.595378280760613 ], [ -120.678785108826958, 38.595018955368353 ], [ -120.678515614264938, 38.594479965321575 ], [ -120.678515613880563, 38.594120639863263 ], [ -120.679324098120517, 38.593581650716843 ], [ -120.680851233570223, 38.593491818893739 ], [ -120.681210559721194, 38.593761313214117 ], [ -120.681210560398725, 38.594030808332207 ], [ -120.680312243947739, 38.594120639868621 ], [ -120.680312245018442, 38.594479966068327 ], [ -120.681210560390866, 38.594749460208853 ], [ -120.68148005456419, 38.595018955096968 ], [ -120.681569886180981, 38.595917270186874 ], [ -120.682198707526865, 38.595917269966478 ], [ -120.682198707066505, 38.596186765157206 ] ] ] } },
{ "type": "Feature", "properties": { "csb_id": "061825008587115", "acres": 17.684206790121902, "geoid": "06017" }, "geometry": { "type": "Polygon", "coordinates": [ [ [ -120.691720849342602, 38.594390134968307 ], [ -120.691451354335271, 38.593761313142608 ], [ -120.691451354064597, 38.593132492933513 ], [ -120.692080174935469, 38.593132492970966 ], [ -120.692170006657236, 38.592593503599801 ], [ -120.691541185844727, 38.592503672150798 ], [ -120.691720847971808, 38.591964684244651 ], [ -120.692349669480762, 38.591964682571046 ], [ -120.6923496704309, 38.592234177705343 ], [ -120.692708995438835, 38.59223417735349 ], [ -120.692798827985072, 38.591964683708554 ], [ -120.692798827553503, 38.59142569339204 ], [ -120.692170006948629, 38.591425693500796 ], [ -120.692170006958037, 38.591156199235449 ], [ -120.693068322387319, 38.591335862153294 ], [ -120.693068322222757, 38.591964682491209 ], [ -120.693337816868279, 38.592234177599011 ], [ -120.693876805457819, 38.592234177221634 ], [ -120.694146299386503, 38.591964682773302 ], [ -120.69396663723029, 38.591066367272767 ], [ -120.69414630034106, 38.590437547980486 ], [ -120.69513444780489, 38.590437547703182 ], [ -120.695134447715731, 38.592503672167616 ], [ -120.695403941245345, 38.592503671941977 ], [ -120.695403942532707, 38.592862999398449 ], [ -120.693607311252634, 38.59349181885333 ], [ -120.693247985072219, 38.593491818949332 ], [ -120.692349670323679, 38.594030808386371 ], [ -120.692349669227482, 38.594390134200772 ], [ -120.691720849342602, 38.594390134968307 ] ], [ [ -120.69414630039465, 38.592324009939851 ], [ -120.693966637248693, 38.5922341785489 ], [ -120.693966637187884, 38.592324009205825 ], [ -120.69414630039465, 38.592324009939851 ] ] ] } },
{ "type": "Feature", "properties": { "csb_id": "061825008587116", "acres": 17.481797661914602, "geoid": "06017" }, "geometry": { "type": "Polygon", "coordinates": [ [ [ -120.691541186328891, 38.591695187893954 ], [ -120.691541186414668, 38.591425694084734 ], [ -120.69127169110007, 38.591425693518175 ], [ -120.69127169143934, 38.591695187960404 ], [ -120.691541186328891, 38.591695187893954 ], [ -120.691720847971808, 38.591964684244651 ], [ -120.691541185844727, 38.592503672150798 ], [ -120.690822533220881, 38.592234177284865 ], [ -120.69064287119771, 38.591695188050579 ], [ -120.690373375783551, 38.591695188109711 ], [ -120.690373376471513, 38.591964682728744 ], [ -120.689654724050015, 38.59250367211478 ], [ -120.689025903860085, 38.592593504864091 ], [ -120.689025902964886, 38.593581650660617 ], [ -120.688756408582549, 38.593761313466722 ], [ -120.688397082482084, 38.593761313927068 ], [ -120.688127587679617, 38.593222324008764 ], [ -120.687229272706233, 38.593132492351032 ], [ -120.686959778127871, 38.592862997969362 ], [ -120.686959777943144, 38.592234177351664 ], [ -120.686600451573767, 38.592234177864988 ], [ -120.686600451570641, 38.591964683177956 ], [ -120.687498766867208, 38.591335861952849 ], [ -120.687858093672986, 38.591335862448489 ], [ -120.688127587948017, 38.591605357213936 ], [ -120.689025902742031, 38.591605356740267 ], [ -120.689025902857864, 38.591066367390134 ], [ -120.689654723450786, 38.591066367896289 ], [ -120.689924218695452, 38.591425693932102 ], [ -120.690553039221655, 38.590707041163526 ], [ -120.691181859880913, 38.590796873340544 ], [ -120.691810680524512, 38.591156199393787 ], [ -120.691810680566391, 38.591605357271597 ], [ -120.691541186328891, 38.591695187893954 ] ] ] } },
{ "type": "Feature", "properties": { "csb_id": "061825008587117", "acres": 9.9508568236774408, "geoid": "06017" }, "geometry": { "type": "Polygon", "coordinates": [ [ [ -120.69270899526893, 38.594390133958115 ], [ -120.692349669227482, 38.594390134200772 ], [ -120.692349670323679, 38.594030808386371 ], [ -120.69270899628205, 38.593761314031163 ], [ -120.695403942532707, 38.592862999398449 ], [ -120.695403941245345, 38.592503671941977 ], [ -120.695134447715731, 38.592503672167616 ], [ -120.69513444734504, 38.591335861754338 ], [ -120.696122593692976, 38.591425693925345 ], [ -120.696122594520176, 38.593132492758166 ], [ -120.695224278335985, 38.593222324277107 ], [ -120.695224278347681, 38.593761313750946 ], [ -120.69477512060763, 38.594120639663721 ], [ -120.694595457766596, 38.59412063979012 ], [ -120.69459545839716, 38.593851145392875 ], [ -120.69396663755866, 38.593851144895154 ], [ -120.693697142214575, 38.594120639545402 ], [ -120.69360731113531, 38.594659629071501 ], [ -120.693876805517917, 38.594659629014522 ], [ -120.6939666369815, 38.595018954548237 ], [ -120.693247985420683, 38.594929123003801 ], [ -120.69270899526893, 38.594390133958115 ] ], [ [ -120.695763268206363, 38.592324008687186 ], [ -120.695763267989804, 38.591964682502685 ], [ -120.695673436510248, 38.592234177551852 ], [ -120.695224278973853, 38.592234177104643 ], [ -120.695763268206363, 38.592324008687186 ] ] ] } },
{ "type": "Feature", "properties": { "csb_id": "061825008587118", "acres": 3.92450178852194, "geoid": "06017" }, "geometry": { "type": "Polygon", "coordinates": [ [ [ -120.650308514902463, 38.591156198893792 ], [ -120.651566155532194, 38.591156199241588 ], [ -120.65183565001081, 38.591425694026789 ], [ -120.651925481726209, 38.592054514370673 ], [ -120.651566155358196, 38.592054514633148 ], [ -120.651566156323966, 38.591695188290494 ], [ -120.651296661397126, 38.591695187871473 ], [ -120.651296660899789, 38.592324008718414 ], [ -120.651027166925218, 38.592503671694686 ], [ -120.650398345887382, 38.592503672312247 ], [ -120.650308514902463, 38.591156198893792 ] ] ] } },
{ "type": "Feature", "properties": { "csb_id": "061825008587139", "acres": 15.158776610422199, "geoid": "06017" }, "geometry": { "type": "Polygon", "coordinates": [ [ [ -120.663334086136246, 38.588012095848853 ], [ -120.663603581193598, 38.588012095805652 ], [ -120.663603580668109, 38.587652769729786 ], [ -120.66333408581427, 38.587652770001903 ], [ -120.663334086136246, 38.588012095848853 ], [ -120.662974759591364, 38.588012095566079 ], [ -120.662705265357701, 38.587652769709749 ], [ -120.662705265215138, 38.587203611526995 ], [ -120.663334085944982, 38.586484960092605 ], [ -120.663873075781922, 38.586484959944215 ], [ -120.663693412471986, 38.586574790980279 ], [ -120.663693412151289, 38.586844285972823 ], [ -120.663962906491051, 38.587383274678814 ], [ -120.664232400946943, 38.587383274758501 ], [ -120.664232401819817, 38.587113780166014 ], [ -120.665130716915968, 38.58711378068719 ], [ -120.665490042823421, 38.588101927282622 ], [ -120.666029032093704, 38.588101926733344 ], [ -120.666118863582795, 38.587832433045776 ], [ -120.666388357522635, 38.587832432554812 ], [ -120.666927347532322, 38.588371421349684 ], [ -120.667017178831017, 38.58873074795801 ], [ -120.666388358251595, 38.588910411052865 ], [ -120.66629852672898, 38.589179905807484 ], [ -120.666298526157377, 38.589539232060439 ], [ -120.666657852501316, 38.589539231627441 ], [ -120.666657852127429, 38.589808726117518 ], [ -120.665759537473761, 38.589808726162033 ], [ -120.66486122198917, 38.589000242509989 ], [ -120.663962906718623, 38.588730747566046 ], [ -120.663873074739769, 38.588371421940735 ], [ -120.663334086136246, 38.588012095848853 ] ] ] } },
{ "type": "Feature", "properties": { "csb_id": "061825008587174", "acres": 3.2889743502696902, "geoid": "06017" }, "geometry": { "type": "Polygon", "coordinates": [ [ [ -120.74391296665425, 38.573279725244852 ], [ -120.743912966066631, 38.572650904481911 ], [ -120.743553641129623, 38.572561072638699 ], [ -120.743553641390605, 38.571932252346343 ], [ -120.743284146287451, 38.571662757759945 ], [ -120.744451956393362, 38.571662757476076 ], [ -120.744811282231922, 38.572022083680196 ], [ -120.744721451165788, 38.572650904122007 ], [ -120.744182460527597, 38.572650904452246 ], [ -120.744182460893583, 38.573279724812444 ], [ -120.74391296665425, 38.573279725244852 ] ] ] } },
{ "type": "Feature", "properties": { "csb_id": "061825008587177", "acres": 3.66537054094124, "geoid": "06017" }, "geometry": { "type": "Polygon", "coordinates": [ [ [ -120.723521210280595, 38.567979664523151 ], [ -120.721455085457947, 38.567979664906083 ], [ -120.721455084557817, 38.567081349212494 ], [ -120.722622895307168, 38.567081349246358 ], [ -120.722622894490456, 38.567440675645493 ], [ -120.723521210374614, 38.567440675179263 ], [ -120.723521210280595, 38.567979664523151 ] ] ] } },
{ "type": "Feature", "properties": { "csb_id": "061825008587179", "acres": 2.9901893953853, "geoid": "06017" }, "geometry": { "type": "Polygon", "coordinates": [ [ [ -120.702949789980025, 38.56744067553646 ], [ -120.701512485419229, 38.567440675450761 ], [ -120.701242990942291, 38.567171181326621 ], [ -120.701242991358455, 38.566811855286055 ], [ -120.70241080152114, 38.566632192077265 ], [ -120.70241080108319, 38.566811854807504 ], [ -120.702949790683107, 38.56690168665223 ], [ -120.702949789980025, 38.56744067553646 ] ] ] } },
{ "type": "Feature", "properties": { "csb_id": "061825008587180", "acres": 3.0578090048354198, "geoid": "06017" }, "geometry": { "type": "Polygon", "coordinates": [ [ [ -120.699895518535897, 38.565284719275688 ], [ -120.69935652958462, 38.564655898491502 ], [ -120.69935652891624, 38.564116908879704 ], [ -120.700524338861598, 38.564116909091965 ], [ -120.700524338970467, 38.56528471878493 ], [ -120.699895518535897, 38.565284719275688 ] ] ] } },
{ "type": "Feature", "properties": { "csb_id": "061825008587181", "acres": 3.9548338668318799, "geoid": "06017" }, "geometry": { "type": "Polygon", "coordinates": [ [ [ -120.681480055028047, 38.565374550918811 ], [ -120.681569885758805, 38.566183034242243 ], [ -120.68121056047444, 38.566632192059537 ], [ -120.680941066136413, 38.56663219203957 ], [ -120.680581739922161, 38.56618303416473 ], [ -120.679773256295903, 38.565733876744268 ], [ -120.679773255471986, 38.565105056426965 ], [ -120.680312245444583, 38.565105055642853 ], [ -120.680312245053173, 38.565374550094425 ], [ -120.681480055028047, 38.565374550918811 ] ] ] } },
{ "type": "Feature", "properties": { "csb_id": "061825008587183", "acres": 4.4468722260473701, "geoid": "06017" }, "geometry": { "type": "Polygon", "coordinates": [ [ [ -120.767808153378695, 38.565015224019263 ], [ -120.767808153575658, 38.564476235167554 ], [ -120.766909837980066, 38.564386403478174 ], [ -120.76690983843875, 38.564116909199001 ], [ -120.768077648700356, 38.564116908977908 ], [ -120.768347142596625, 38.563757582834697 ], [ -120.768347142538687, 38.563488088501735 ], [ -120.76861663720662, 38.563488088162664 ], [ -120.769245458066777, 38.564116908969652 ], [ -120.769245458251206, 38.564476235020607 ], [ -120.768706468579126, 38.565015224754269 ], [ -120.767808153378695, 38.565015224019263 ] ] ] } },
{ "type": "Feature", "properties": { "csb_id": "061825008587184", "acres": 15.1346772600567, "geoid": "06017" }, "geometry": { "type": "Polygon", "coordinates": [ [ [ -120.788020247911589, 38.564116908951178 ], [ -120.787750752861186, 38.56411690879149 ], [ -120.787750752729636, 38.564386403997311 ], [ -120.788020247354311, 38.564386403525113 ], [ -120.788020247911589, 38.564116908951178 ], [ -120.788649068701318, 38.56411690877853 ], [ -120.788649068859968, 38.564655898618227 ], [ -120.788289741593573, 38.56465589813196 ], [ -120.788020248118812, 38.565015224395076 ], [ -120.788020247763939, 38.565644045503944 ], [ -120.787391426838539, 38.56564404534361 ], [ -120.787391427484934, 38.565284719274189 ], [ -120.787750752986909, 38.565284718756338 ], [ -120.787750754014766, 38.565015226131095 ], [ -120.787391426999733, 38.565015225385068 ], [ -120.787391427484934, 38.565284719274189 ], [ -120.787121931746654, 38.565374550723099 ], [ -120.786852437275755, 38.565913539315375 ], [ -120.785594796171409, 38.565913539405528 ], [ -120.784696481379896, 38.565644045416221 ], [ -120.784157492381894, 38.565284719554526 ], [ -120.784067659999764, 38.565015224514966 ], [ -120.784426986787921, 38.565015223904695 ], [ -120.784426987127603, 38.564476235732471 ], [ -120.784696481481717, 38.564116909277253 ], [ -120.785594796867798, 38.564116909429131 ], [ -120.785594795811903, 38.564386404116497 ], [ -120.785864290414111, 38.564476235298599 ], [ -120.786223616973302, 38.56438640377479 ], [ -120.786942269518107, 38.563757582632213 ], [ -120.788020248007953, 38.563757583295903 ], [ -120.788020247911589, 38.564116908951178 ] ] ] } },
{ "type": "Feature", "properties": { "csb_id": "061825008587185", "acres": 5.55626760968841, "geoid": "06017" }, "geometry": { "type": "Polygon", "coordinates": [ [ [ -120.789008394760231, 38.563757583136798 ], [ -120.789008394770633, 38.563577920281013 ], [ -120.788289742419337, 38.563488088066791 ], [ -120.788289741984187, 38.563218593498242 ], [ -120.788649068455967, 38.562859267357588 ], [ -120.790715193644303, 38.562859267326324 ], [ -120.791344014023409, 38.563308425210586 ], [ -120.79107451986394, 38.563757583243628 ], [ -120.789008394760231, 38.563757583136798 ] ] ] } },
{ "type": "Feature", "properties": { "csb_id": "061825008587186", "acres": 3.0868007998893798, "geoid": "06017" }, "geometry": { "type": "Polygon", "coordinates": [ [ [ -120.774096360230502, 38.564386403341175 ], [ -120.774096360643412, 38.564116909175951 ], [ -120.774365854791981, 38.56411690886771 ], [ -120.774365854765577, 38.563757583163245 ], [ -120.774096360935076, 38.563488088677907 ], [ -120.77346754004131, 38.563488088775486 ], [ -120.773198044914281, 38.563218593479746 ], [ -120.773198045845547, 38.562859267840174 ], [ -120.774365854967243, 38.56294909936161 ], [ -120.77472518082196, 38.563218593802354 ], [ -120.774725181604438, 38.564386403373142 ], [ -120.774096360230502, 38.564386403341175 ] ] ] } },
{ "type": "Feature", "properties": { "csb_id": "061825008587188", "acres": 5.2091338075648501, "geoid": "06017" }, "geometry": { "type": "Polygon", "coordinates": [ [ [ -120.777420127141752, 38.561691459116602 ], [ -120.776521811539624, 38.56169145825276 ], [ -120.775892991840536, 38.561332132553588 ], [ -120.775892991234386, 38.561062637256455 ], [ -120.776252317577473, 38.560793142393038 ], [ -120.776521812248504, 38.560793143065041 ], [ -120.776521812334252, 38.561062637096562 ], [ -120.777689622075343, 38.561062636656189 ], [ -120.777779452882427, 38.560433816302371 ], [ -120.778048947549721, 38.56079314276748 ], [ -120.778048948245527, 38.560433815995331 ], [ -120.778318442787977, 38.560433816191711 ], [ -120.778318442803496, 38.561062636651222 ], [ -120.778677768689008, 38.56106263697491 ], [ -120.778677768579669, 38.561332131755854 ], [ -120.778318442789015, 38.561332132064152 ], [ -120.778318442804562, 38.561960952535706 ], [ -120.777509958650271, 38.56196095236308 ], [ -120.777420127141752, 38.561691459116602 ] ] ] } },
{ "type": "Feature", "properties": { "csb_id": "061825008587189", "acres": 11.674181016197601, "geoid": "06017" }, "geometry": { "type": "Polygon", "coordinates": [ [ [ -120.770503099108595, 38.562859267385775 ], [ -120.768616637939928, 38.562859268020283 ], [ -120.768706469319966, 38.56232027843307 ], [ -120.768975963662186, 38.561960952539621 ], [ -120.768616637393407, 38.561691458148161 ], [ -120.768526806312181, 38.561332131492982 ], [ -120.76989884203384, 38.560052865797189 ], [ -120.770143773092229, 38.559984658937005 ], [ -120.770143772890009, 38.560793142339911 ], [ -120.769874278304954, 38.561062637055883 ], [ -120.77050310006139, 38.560793142846897 ], [ -120.771131920215723, 38.560882973699606 ], [ -120.771042088007007, 38.560433816197794 ], [ -120.771401414309906, 38.560433816675079 ], [ -120.771401414742996, 38.561062636842912 ], [ -120.770862425649497, 38.561332131404008 ], [ -120.770592930914361, 38.561960952517111 ], [ -120.77077259391983, 38.563218594069212 ], [ -120.77050309957238, 38.563218593714289 ], [ -120.770503099108595, 38.562859267385775 ] ] ] } },
{ "type": "Feature", "properties": { "csb_id": "061825008587190", "acres": 19.543742572198202, "geoid": "06017" }, "geometry": { "type": "Polygon", "coordinates": [ [ [ -120.777689622087934, 38.562859268038714 ], [ -120.777689621059906, 38.56258977330689 ], [ -120.778318441372051, 38.562230447321845 ], [ -120.778318442804562, 38.561960952535706 ], [ -120.778677768433894, 38.561691458132806 ], [ -120.778318441998366, 38.5616914582112 ], [ -120.778318442789015, 38.561332132064152 ], [ -120.778677768579669, 38.561332131755854 ], [ -120.778677769242748, 38.560433816687436 ], [ -120.779845578356074, 38.560433816072404 ], [ -120.779845578048636, 38.560793142730503 ], [ -120.780115072870188, 38.560793142911315 ], [ -120.780115072973771, 38.560433816023149 ], [ -120.780474398981866, 38.560433816919378 ], [ -120.780474398855972, 38.560882974366457 ], [ -120.781372714353722, 38.561152468937337 ], [ -120.781642209210247, 38.561062637407623 ], [ -120.781642209020404, 38.560882973703087 ], [ -120.782091366713516, 38.560882973785461 ], [ -120.782091367084831, 38.561152468279424 ], [ -120.78236086160932, 38.561421963281248 ], [ -120.782630355762478, 38.561421963199052 ], [ -120.782630355943766, 38.561152469105515 ], [ -120.782899850522611, 38.56115246906672 ], [ -120.782899849906144, 38.561691457715433 ], [ -120.782271030038984, 38.561691457617641 ], [ -120.782271029866109, 38.562230447076445 ], [ -120.782001534581028, 38.562589772931915 ], [ -120.780743893442221, 38.562589773190865 ], [ -120.780743893627701, 38.562859267636654 ], [ -120.779576083570731, 38.562859268070682 ], [ -120.77957608342075, 38.562230447241035 ], [ -120.779216758218965, 38.5622304472911 ], [ -120.779216757483468, 38.563218593647605 ], [ -120.778048947889374, 38.563218594054135 ], [ -120.777689622087934, 38.562859268038714 ] ], [ [ -120.779845578511086, 38.561691457749717 ], [ -120.779845577997847, 38.561332132176759 ], [ -120.779216758161596, 38.561332131917545 ], [ -120.779216758124818, 38.561691457892465 ], [ -120.779845578511086, 38.561691457749717 ] ] ] } },
{ "type": "Feature", "properties": { "csb_id": "061825008587191", "acres": 6.1818165523046904, "geoid": "06017" }, "geometry": { "type": "Polygon", "coordinates": [ [ [ -120.772928551080511, 38.561691457332721 ], [ -120.772928550954788, 38.561152469150997 ], [ -120.772569224627659, 38.56106263681496 ], [ -120.772569225177222, 38.559535501945973 ], [ -120.773198045466984, 38.559535502343628 ], [ -120.774365855370547, 38.561332131801031 ], [ -120.773916697821235, 38.56169145778923 ], [ -120.772928551080511, 38.561691457332721 ] ] ] } },
{ "type": "Feature", "properties": { "csb_id": "061825008587192", "acres": 4.9005132990169598, "geoid": "06017" }, "geometry": { "type": "Polygon", "coordinates": [ [ [ -120.777150632389933, 38.56106263764039 ], [ -120.777150631928734, 38.560793142286904 ], [ -120.776521812248504, 38.560793143065041 ], [ -120.776521812009577, 38.560433816178808 ], [ -120.776252317840957, 38.560433816598781 ], [ -120.776252317329593, 38.560164321938771 ], [ -120.776791306373909, 38.559804995524836 ], [ -120.776791306456374, 38.559266007017605 ], [ -120.777150633026679, 38.55935583826232 ], [ -120.777150632562879, 38.559535500753022 ], [ -120.778048948194382, 38.559535500829796 ], [ -120.778048948306846, 38.559804996004097 ], [ -120.777689622178698, 38.559804996091373 ], [ -120.777689621658709, 38.560164321536753 ], [ -120.778677768232754, 38.560164322141631 ], [ -120.778677769242748, 38.560433816687436 ], [ -120.777779452882427, 38.560433816302371 ], [ -120.777509959319559, 38.561062637456537 ], [ -120.777150632389933, 38.56106263764039 ] ] ] } },
{ "type": "Feature", "properties": { "csb_id": "061825008587193", "acres": 3.3823729757052901, "geoid": "06017" }, "geometry": { "type": "Polygon", "coordinates": [ [ [ -120.770143772890009, 38.560793142339911 ], [ -120.770143773092229, 38.559984658937005 ], [ -120.771131919771875, 38.559535500867796 ], [ -120.771670909774386, 38.559535500712471 ], [ -120.771670909161458, 38.559804995827619 ], [ -120.771940403625322, 38.559804995643013 ], [ -120.771940403832645, 38.560164321603551 ], [ -120.771670909671371, 38.560433816446981 ], [ -120.770503099597647, 38.560433816537163 ], [ -120.77050310006139, 38.560793142846897 ], [ -120.770143772890009, 38.560793142339911 ] ] ] } },
{ "type": "Feature", "properties": { "csb_id": "061825008587194", "acres": 41.952765239424998, "geoid": "06017" }, "geometry": { "type": "Polygon", "coordinates": [ [ [ -120.784965975726877, 38.563757582638353 ], [ -120.782989681928285, 38.562679605033964 ], [ -120.782899851015927, 38.561960952674099 ], [ -120.78227102995254, 38.56196095234624 ], [ -120.782271030038984, 38.561691457617641 ], [ -120.782899849906144, 38.561691457715433 ], [ -120.782989681971102, 38.560523647614616 ], [ -120.783259177070434, 38.560523648055039 ], [ -120.783259176657708, 38.560882974486098 ], [ -120.783528670542879, 38.560882973936074 ], [ -120.783438839730451, 38.559804995742375 ], [ -120.783887996881546, 38.559535501348613 ], [ -120.783887997098063, 38.558637186191071 ], [ -120.784965975004994, 38.558727017470339 ], [ -120.785594795970141, 38.559355838126784 ], [ -120.786223617191084, 38.559355838122826 ], [ -120.78712193190141, 38.559804995855337 ], [ -120.787121932469248, 38.560164322283782 ], [ -120.787481257830578, 38.560164322029067 ], [ -120.787391425217038, 38.561691457762144 ], [ -120.786852438009333, 38.563488088650551 ], [ -120.786582942858246, 38.563757583498507 ], [ -120.784965975726877, 38.563757582638353 ] ], [ [ -120.78586429102009, 38.563488088040657 ], [ -120.785864291083598, 38.563218593358577 ], [ -120.786223617335764, 38.563218594124677 ], [ -120.786223616402438, 38.562859267731056 ], [ -120.785415133158438, 38.562949099625797 ], [ -120.785594796421051, 38.563488088172939 ], [ -120.78586429102009, 38.563488088040657 ] ], [ [ -120.786582942672382, 38.561332132203404 ], [ -120.786493110393579, 38.561152468880316 ], [ -120.786493111521821, 38.561332132070142 ], [ -120.786582942672382, 38.561332132203404 ] ], [ [ -120.785055806608796, 38.559355838297222 ], [ -120.784965975276819, 38.559266006266185 ], [ -120.784965975944132, 38.55935583837438 ], [ -120.785055806608796, 38.559355838297222 ] ] ] } },
{ "type": "Feature", "properties": { "csb_id": "061825008587196", "acres": 3.4824807829398998, "geoid": "06017" }, "geometry": { "type": "Polygon", "coordinates": [ [ [ -120.775354002115776, 38.56016432188531 ], [ -120.775354002013799, 38.559804996153616 ], [ -120.774725180638811, 38.559535500879683 ], [ -120.774725181422937, 38.558906680155495 ], [ -120.775354002430262, 38.558906680313108 ], [ -120.775354001412921, 38.559266006268089 ], [ -120.775623496193163, 38.559535501085001 ], [ -120.77625231708177, 38.55953550149281 ], [ -120.776252317689739, 38.559266006607878 ], [ -120.776791306456374, 38.559266007017605 ], [ -120.776791306373909, 38.559804995524836 ], [ -120.776252317329593, 38.560164321938771 ], [ -120.775354002115776, 38.56016432188531 ] ] ] } },
{ "type": "Feature", "properties": { "csb_id": "061825008587198", "acres": 15.5510445298448, "geoid": "06017" }, "geometry": { "type": "Polygon", "coordinates": [ [ [ -120.786852437558636, 38.557738871063847 ], [ -120.784965975949248, 38.557738870909667 ], [ -120.784067660506338, 38.558367691622657 ], [ -120.782989682290051, 38.558098196848732 ], [ -120.782271029836593, 38.558367691531245 ], [ -120.781103220329797, 38.558367691483959 ], [ -120.781103219537201, 38.558008365647929 ], [ -120.78137271428993, 38.557738870673667 ], [ -120.782360860786838, 38.557469376328278 ], [ -120.783169344751244, 38.556840555443564 ], [ -120.783169344485728, 38.556481229272293 ], [ -120.782899850242572, 38.556481229672116 ], [ -120.782899850252122, 38.55621173451383 ], [ -120.783169344920907, 38.556211734746022 ], [ -120.783438839331225, 38.555942240726793 ], [ -120.783438839589664, 38.556211734389642 ], [ -120.784067660285459, 38.556211735311095 ], [ -120.784067660620764, 38.556481229435455 ], [ -120.784426986552944, 38.556481229623614 ], [ -120.784426986799133, 38.556840555221058 ], [ -120.784965975844102, 38.556840554978479 ], [ -120.784965975663965, 38.557469376088456 ], [ -120.785325301269111, 38.557110050012795 ], [ -120.785594796262075, 38.557110050177918 ], [ -120.785594796198637, 38.556840555761951 ], [ -120.78685243705894, 38.556840555071439 ], [ -120.787121932046034, 38.557110050053552 ], [ -120.787121932315131, 38.557469375600149 ], [ -120.786852437558636, 38.557738871063847 ] ] ] } },
{ "type": "Feature", "properties": { "csb_id": "061825008587199", "acres": 10.1875171735752, "geoid": "06017" }, "geometry": { "type": "Polygon", "coordinates": [ [ [ -120.783438839981159, 38.555582914101855 ], [ -120.783528671335091, 38.555672744995704 ], [ -120.783259176929533, 38.555043925095269 ], [ -120.783438839516791, 38.554684598441561 ], [ -120.785325301707701, 38.554774430583024 ], [ -120.785864291093631, 38.556211734350001 ], [ -120.78622361749494, 38.55621173447831 ], [ -120.786223617150569, 38.556840555064888 ], [ -120.785594796198637, 38.556840555761951 ], [ -120.785594796262075, 38.557110050177918 ], [ -120.78496597501011, 38.557110050026381 ], [ -120.784965975488973, 38.556481229782939 ], [ -120.784426986552944, 38.556481229623614 ], [ -120.784426985715072, 38.556211734407213 ], [ -120.784067660285459, 38.556211735311095 ], [ -120.784067660770688, 38.555942240096137 ], [ -120.783438839331225, 38.555942240726793 ], [ -120.783169344920907, 38.556211734746022 ], [ -120.783438839981159, 38.555582914101855 ] ] ] } },
{ "type": "Feature", "properties": { "csb_id": "061825008587200", "acres": 3.3476618697665201, "geoid": "06017" }, "geometry": { "type": "Polygon", "coordinates": [ [ [ -120.678156287749431, 38.555313419760104 ], [ -120.6781562887668, 38.555043925015489 ], [ -120.677796961685729, 38.555043924486633 ], [ -120.677796961287399, 38.554055777708371 ], [ -120.678515613059446, 38.55405577806966 ], [ -120.678515613427152, 38.553876115409238 ], [ -120.678874939237772, 38.554145609850174 ], [ -120.679324098498725, 38.554055778100839 ], [ -120.679324098000222, 38.554684598677113 ], [ -120.679054603623101, 38.554684598931829 ], [ -120.678156287749431, 38.555313419760104 ] ] ] } }
]
}
