{
"type": "FeatureCollection",
"name": "06011",
"crs": { "type": "name", "properties": { "name": "urn:ogc:def:crs:OGC:1.3:CRS84" } },
"features": [
{ "type": "Feature", "properties": { "csb_id": "061825012213653", "acres": 5.3628642944143703, "geoid": "06011" }, "geometry": { "type": "Polygon", "coordinates": [ [ [ -122.026911714442718, 39.342061937645184 ], [ -122.026642219834216, 39.342061937381281 ], [ -122.026642220819184, 39.342421263963175 ], [ -122.026911715004232, 39.342421262750392 ], [ -122.026911714442718, 39.342061937645184 ], [ -122.027181209367967, 39.342061938185779 ], [ -122.027181208829333, 39.343050084004666 ], [ -122.026732052315992, 39.343319578501919 ], [ -122.026732051573987, 39.343858567333804 ], [ -122.026013398379746, 39.343948399354375 ], [ -122.026013398439417, 39.344128062490455 ], [ -122.025474411349563, 39.34412806209216 ], [ -122.025474409003493, 39.343858567376934 ], [ -122.025833735630826, 39.343499241753726 ], [ -122.026462556772486, 39.343499241331962 ], [ -122.026642218703174, 39.343229747045704 ], [ -122.026642219797139, 39.342690757445553 ], [ -122.025654073392346, 39.342690758512518 ], [ -122.025384578764076, 39.342421262772696 ], [ -122.025384578699644, 39.342061938256364 ], [ -122.025654073536131, 39.341792442270268 ], [ -122.02691171495573, 39.341792442248789 ], [ -122.026911714442718, 39.342061937645184 ] ] ] } },
{ "type": "Feature", "properties": { "csb_id": "061825012214681", "acres": 4.1343359966067803, "geoid": "06011" }, "geometry": { "type": "Polygon", "coordinates": [ [ [ -122.027181209524699, 39.299930950064983 ], [ -122.027810029636541, 39.299930950126345 ], [ -122.028438851085284, 39.300290276116833 ], [ -122.028438851006584, 39.300919096385279 ], [ -122.027540535858051, 39.301458085614904 ], [ -122.027181209713248, 39.301458085898545 ], [ -122.026911715221658, 39.301188591816221 ], [ -122.027181209717185, 39.30118859139764 ], [ -122.027181209721164, 39.300919096915244 ], [ -122.02691171489441, 39.300559770723261 ], [ -122.026642220484391, 39.300559771041776 ], [ -122.026642219923247, 39.300290276226079 ], [ -122.027181209624899, 39.300290276241711 ], [ -122.027181209524699, 39.299930950064983 ] ] ] } },
{ "type": "Feature", "properties": { "csb_id": "061825012215291", "acres": 5.1100369013417701, "geoid": "06011" }, "geometry": { "type": "Polygon", "coordinates": [ [ [ -122.030325310323136, 39.276934079212765 ], [ -122.030055818397926, 39.2762154268353 ], [ -122.030055818053199, 39.274418796421614 ], [ -122.030504974061586, 39.27414930170788 ], [ -122.030504975507569, 39.275137447924408 ], [ -122.030864302257783, 39.275406942717119 ], [ -122.031493122907179, 39.275406942437442 ], [ -122.031493122851359, 39.275676437719198 ], [ -122.031133796033615, 39.275676437079028 ], [ -122.031133796409435, 39.276664583879821 ], [ -122.030864302055548, 39.27693407847547 ], [ -122.030325310323136, 39.276934079212765 ] ] ] } },
{ "type": "Feature", "properties": { "csb_id": "061825012216066", "acres": 2.5993585325899402, "geoid": "06011" }, "geometry": { "type": "Polygon", "coordinates": [ [ [ -122.011011533733281, 39.238935342237497 ], [ -122.010382713769928, 39.238935341982 ], [ -122.010382713855833, 39.238037026655249 ], [ -122.010652208370658, 39.238037026518306 ], [ -122.010652207823526, 39.237767532792077 ], [ -122.011281028740356, 39.2377675320934 ], [ -122.011281028563289, 39.238126858236107 ], [ -122.011730186238111, 39.238665848012829 ], [ -122.011101365999224, 39.238755679038015 ], [ -122.011011533733281, 39.238935342237497 ] ] ] } },
{ "type": "Feature", "properties": { "csb_id": "061825012216317", "acres": 2.71447784236332, "geoid": "06011" }, "geometry": { "type": "Polygon", "coordinates": [ [ [ -122.001130066320684, 39.227526737862384 ], [ -122.00068090868713, 39.226808085464903 ], [ -122.000950403512448, 39.226179265291762 ], [ -122.001579223979164, 39.226179265280216 ], [ -122.001848718988171, 39.226897917907088 ], [ -122.001579223830774, 39.227526738515714 ], [ -122.001130066320684, 39.227526737862384 ] ] ] } },
{ "type": "Feature", "properties": { "csb_id": "061825012216338", "acres": 4.3393921341329502, "geoid": "06011" }, "geometry": { "type": "Polygon", "coordinates": [ [ [ -122.001848718988171, 39.226897917907088 ], [ -122.001579223979164, 39.226179265280216 ], [ -122.001130066618629, 39.22617926545535 ], [ -122.000950402087156, 39.225909770950913 ], [ -122.001309728089936, 39.225909770777733 ], [ -122.001309727580718, 39.225640275971422 ], [ -122.002028380746637, 39.225640276327475 ], [ -122.00202838013422, 39.225370781914791 ], [ -122.001758886000928, 39.225370781730369 ], [ -122.001848718742451, 39.225011455104898 ], [ -122.00247753949067, 39.225011455741722 ], [ -122.002477538284083, 39.225640275866098 ], [ -122.002747032924972, 39.225640276454364 ], [ -122.002747033546498, 39.226179265676343 ], [ -122.002477538263435, 39.226808085758428 ], [ -122.001848718988171, 39.226897917907088 ] ] ] } },
{ "type": "Feature", "properties": { "csb_id": "061825012216736", "acres": 4.1269345350792097, "geoid": "06011" }, "geometry": { "type": "Polygon", "coordinates": [ [ [ -121.987026515804544, 39.207763801782065 ], [ -121.987026516358952, 39.207404475993684 ], [ -121.986757021749142, 39.207134981090562 ], [ -121.986397695034583, 39.20713498157378 ], [ -121.986128200871548, 39.206775655012279 ], [ -121.986307864482598, 39.206146834529562 ], [ -121.987924831678569, 39.206506160779583 ], [ -121.98765533652022, 39.207404476301619 ], [ -121.987026515804544, 39.207763801782065 ] ] ] } },
{ "type": "Feature", "properties": { "csb_id": "061825012216889", "acres": 2.7441854434672401, "geoid": "06011" }, "geometry": { "type": "Polygon", "coordinates": [ [ [ -121.997357141260778, 39.200487448041876 ], [ -121.997357141817318, 39.199589132423931 ], [ -121.997626636243936, 39.199589132677367 ], [ -121.997896131331004, 39.199858627450894 ], [ -121.997626636900193, 39.199319638448983 ], [ -121.998524951781945, 39.199589132538513 ], [ -121.998524952359887, 39.200487448230902 ], [ -121.997357141260778, 39.200487448041876 ] ] ] } },
{ "type": "Feature", "properties": { "csb_id": "061825012217044", "acres": 3.7198929150301598, "geoid": "06011" }, "geometry": { "type": "Polygon", "coordinates": [ [ [ -121.995201185097642, 39.191683958678787 ], [ -121.995380848256758, 39.191414463484527 ], [ -121.996907983943771, 39.191324632604527 ], [ -121.996997816127532, 39.191683957976302 ], [ -121.997357142056728, 39.191683957933748 ], [ -121.997357142131634, 39.192582273701909 ], [ -121.996728321026922, 39.192582274132292 ], [ -121.996728321383131, 39.192222947646819 ], [ -121.995830005946075, 39.192222947848528 ], [ -121.99583000552424, 39.191683958881164 ], [ -121.995201185097642, 39.191683958678787 ] ] ] } },
{ "type": "Feature", "properties": { "csb_id": "061825012217057", "acres": 3.9877044326531399, "geoid": "06011" }, "geometry": { "type": "Polygon", "coordinates": [ [ [ -121.996907983943771, 39.191324632604527 ], [ -121.995380848256758, 39.191414463484527 ], [ -121.995380848393694, 39.190785643067173 ], [ -121.995830005900402, 39.190785642610301 ], [ -121.99583000620467, 39.190426317230546 ], [ -121.996099500246586, 39.190156822180327 ], [ -121.996728321215443, 39.190156822306328 ], [ -121.996728320104495, 39.190426317226489 ], [ -121.997177478406158, 39.190426316820201 ], [ -121.997177479019143, 39.190875474196737 ], [ -121.996907983943771, 39.191324632604527 ] ] ] } },
{ "type": "Feature", "properties": { "csb_id": "061825012217078", "acres": 4.2894319030714199, "geoid": "06011" }, "geometry": { "type": "Polygon", "coordinates": [ [ [ -121.995380848393694, 39.190785643067173 ], [ -121.995380848742315, 39.190246653892594 ], [ -121.994931690071567, 39.190246653692675 ], [ -121.994931690817623, 39.189887327360282 ], [ -121.995380848389246, 39.189887327319255 ], [ -121.994931691161938, 39.189797496211163 ], [ -121.99500996438293, 39.189426590062894 ], [ -121.995740174189223, 39.189258507368216 ], [ -121.996638489848436, 39.189348338835771 ], [ -121.996728321215443, 39.190156822306328 ], [ -121.996099500246586, 39.190156822180327 ], [ -121.99583000620467, 39.190426317230546 ], [ -121.995830005900402, 39.190785642610301 ], [ -121.995380848393694, 39.190785643067173 ] ], [ [ -121.995650343222636, 39.189617833032372 ], [ -121.995470679898901, 39.189528002069423 ], [ -121.995470680221814, 39.189617833213298 ], [ -121.995650343222636, 39.189617833032372 ] ] ] } },
{ "type": "Feature", "properties": { "csb_id": "061825012217187", "acres": 10.8094627622856, "geoid": "06011" }, "geometry": { "type": "Polygon", "coordinates": [ [ [ -121.992326576761457, 39.186922887234267 ], [ -121.992326576849749, 39.186024571983857 ], [ -121.991787587316708, 39.18602457245246 ], [ -121.991787587743389, 39.185665246148005 ], [ -121.992685902510857, 39.185395750935903 ], [ -121.992775733749156, 39.183599120214353 ], [ -121.993224891666898, 39.183509288115218 ], [ -121.993404554815854, 39.183599120305253 ], [ -121.993404555314797, 39.183868616484297 ], [ -121.993674047728945, 39.184407604413749 ], [ -121.994033374075428, 39.184677099285423 ], [ -121.994062740222887, 39.184917205442012 ], [ -121.993853711913715, 39.185036425120543 ], [ -121.993853712181391, 39.18566524553377 ], [ -121.993584217264626, 39.186294066497723 ], [ -121.992955396923804, 39.186294066789749 ], [ -121.992955397013759, 39.186833056179118 ], [ -121.993853711907391, 39.186922887718417 ], [ -121.993853712270152, 39.187821202464463 ], [ -121.993404554918271, 39.187731371837216 ], [ -121.992326576761457, 39.186922887234267 ] ] ] } },
{ "type": "Feature", "properties": { "csb_id": "061825012217240", "acres": 5.0975800530651298, "geoid": "06011" }, "geometry": { "type": "Polygon", "coordinates": [ [ [ -121.989002809861731, 39.18386861561941 ], [ -121.989002809328142, 39.183599121096073 ], [ -121.988733315426444, 39.183599120338954 ], [ -121.988733315404559, 39.183239794779361 ], [ -121.989362135414709, 39.183239794468165 ], [ -121.989362135608786, 39.1823414794342 ], [ -121.989002809732781, 39.182341479266235 ], [ -121.989002809501514, 39.181982153563467 ], [ -121.98945196723264, 39.181982153283897 ], [ -121.989451967027378, 39.181622827127107 ], [ -121.990080787925891, 39.181622827406599 ], [ -121.990080788400434, 39.182251647720037 ], [ -121.991607924285873, 39.182251648058589 ], [ -121.99142826116271, 39.182341479115898 ], [ -121.991428261072386, 39.182610973775525 ], [ -121.989901124828251, 39.182610974322714 ], [ -121.989901124870983, 39.183239794529719 ], [ -121.989362135918199, 39.183868615515053 ], [ -121.989002809861731, 39.18386861561941 ] ] ] } },
{ "type": "Feature", "properties": { "csb_id": "061825012217247", "acres": 9.5162623822897796, "geoid": "06011" }, "geometry": { "type": "Polygon", "coordinates": [ [ [ -121.991607924285873, 39.182251648058589 ], [ -121.990080788400434, 39.182251647720037 ], [ -121.990080787925891, 39.181622827406599 ], [ -121.989451967027378, 39.181622827127107 ], [ -121.98945196723264, 39.181982153283897 ], [ -121.98837398886765, 39.182071984637211 ], [ -121.988373989631626, 39.182341479448574 ], [ -121.988104493965892, 39.182341479634637 ], [ -121.988104493603842, 39.181712659246308 ], [ -121.98873331528759, 39.180814343111216 ], [ -121.989002809603875, 39.180814343417737 ], [ -121.989002810150708, 39.181173669888864 ], [ -121.989901124742275, 39.181173669458012 ], [ -121.989901124383991, 39.180544848672973 ], [ -121.990799439972335, 39.180544849143502 ], [ -121.990799440557907, 39.181443163765906 ], [ -121.992057081546861, 39.181443163716452 ], [ -121.99214691323651, 39.181982152858858 ], [ -121.992326576458112, 39.18198215337884 ], [ -121.991607924285873, 39.182251648058589 ] ] ] } },
{ "type": "Feature", "properties": { "csb_id": "061825012217306", "acres": 16.0572874877784, "geoid": "06011" }, "geometry": { "type": "Polygon", "coordinates": [ [ [ -121.990799440557907, 39.181443163765906 ], [ -121.990799439972335, 39.180544849143502 ], [ -121.989901124383991, 39.180544848672973 ], [ -121.989901124742275, 39.181173669458012 ], [ -121.989002810150708, 39.181173669888864 ], [ -121.989002809372593, 39.18045501783358 ], [ -121.987924831641848, 39.180455017128899 ], [ -121.98792483142087, 39.18018552266836 ], [ -121.988104493899797, 39.180095691074321 ], [ -121.989362136302887, 39.179916028194931 ], [ -121.989631630670488, 39.179646533359957 ], [ -121.989631629272452, 39.179017713504983 ], [ -121.989362135677979, 39.178388892558949 ], [ -121.989002809795295, 39.178388891951215 ], [ -121.989002809897613, 39.177221082709892 ], [ -121.988733315603611, 39.177221082476834 ], [ -121.988823146279969, 39.176502429698417 ], [ -121.989451967768659, 39.176502430011823 ], [ -121.98972146156467, 39.176861756167114 ], [ -121.989631630375186, 39.177400745297582 ], [ -121.990080788502226, 39.177670240064273 ], [ -121.990619777141745, 39.179197376016667 ], [ -121.991770501910125, 39.180691702202203 ], [ -121.991607923871584, 39.181083838242117 ], [ -121.991248598007559, 39.181083837549878 ], [ -121.991248596352719, 39.181443164115507 ], [ -121.990799440557907, 39.181443163765906 ] ] ] } },
{ "type": "Feature", "properties": { "csb_id": "061825012217327", "acres": 14.0598468952434, "geoid": "06011" }, "geometry": { "type": "Polygon", "coordinates": [ [ [ -121.989362136302887, 39.179916028194931 ], [ -121.987655336416253, 39.180095691718464 ], [ -121.987655337130562, 39.179646533835324 ], [ -121.987835000235776, 39.179646533139476 ], [ -121.987834999643383, 39.179017712739793 ], [ -121.987206179092823, 39.179017713286264 ], [ -121.9872061789751, 39.178748218532007 ], [ -121.987834999755975, 39.178748218362692 ], [ -121.987834999583555, 39.177760071954808 ], [ -121.987296010999955, 39.177490576697238 ], [ -121.987206180063893, 39.17722108336379 ], [ -121.987655336981987, 39.177131251751909 ], [ -121.988104494939023, 39.176232935674932 ], [ -121.988553651841315, 39.175873610096808 ], [ -121.988823147071798, 39.175873610373259 ], [ -121.989182473110731, 39.17596344085851 ], [ -121.989182472137429, 39.176502429756255 ], [ -121.988823146279969, 39.176502429698417 ], [ -121.988733315603611, 39.177221082476834 ], [ -121.989002809897613, 39.177221082709892 ], [ -121.989002809795295, 39.178388891951215 ], [ -121.989362135677979, 39.178388892558949 ], [ -121.989631629272452, 39.179017713504983 ], [ -121.989631630670488, 39.179646533359957 ], [ -121.989362136302887, 39.179916028194931 ] ] ] } },
{ "type": "Feature", "properties": { "csb_id": "061825012217453", "acres": 6.3322953779805404, "geoid": "06011" }, "geometry": { "type": "Polygon", "coordinates": [ [ [ -121.970946672753854, 39.17281933733863 ], [ -121.970946673070586, 39.172280348354114 ], [ -121.971216167617115, 39.171921022335198 ], [ -121.971844988023776, 39.171921021810768 ], [ -121.971844988260557, 39.171741358648198 ], [ -121.97157549372983, 39.171382033105438 ], [ -121.971126335389329, 39.171382033077926 ], [ -121.970946672986031, 39.170393885798084 ], [ -121.971755156621541, 39.170393885639349 ], [ -121.972383976828212, 39.171112538586186 ], [ -121.972383977185075, 39.172010853592454 ], [ -121.972653471780177, 39.172010853520348 ], [ -121.972653471457079, 39.172280348454748 ], [ -121.972473808641254, 39.172280347754096 ], [ -121.972473808775902, 39.172549842463127 ], [ -121.97220431387862, 39.172819337248114 ], [ -121.970946672753854, 39.17281933733863 ] ] ] } },
{ "type": "Feature", "properties": { "csb_id": "061825012477012", "acres": 4.2392038721768897, "geoid": "06011" }, "geometry": { "type": "Polygon", "coordinates": [ [ [ -122.136736373334401, 39.143174095871998 ], [ -122.136646542046932, 39.141736790956777 ], [ -122.137005867795722, 39.141736791464972 ], [ -122.137275362952707, 39.142006286150242 ], [ -122.137904182487276, 39.142006286113549 ], [ -122.138173677800282, 39.142275780695151 ], [ -122.138173677293409, 39.142994433214092 ], [ -122.137634688557995, 39.143174096343465 ], [ -122.136736373334401, 39.143174095871998 ] ] ] } },
{ "type": "Feature", "properties": { "csb_id": "061825012477021", "acres": 3.8373133057578599, "geoid": "06011" }, "geometry": { "type": "Polygon", "coordinates": [ [ [ -122.141138118317841, 39.14227578039344 ], [ -122.139970308019315, 39.1426351069573 ], [ -122.139341487734555, 39.142635107156337 ], [ -122.139341487716862, 39.141736791164455 ], [ -122.139970307599498, 39.141736791228766 ], [ -122.139970307820619, 39.142006286187652 ], [ -122.140239802982393, 39.142006286449963 ], [ -122.140868623424296, 39.141557128383525 ], [ -122.141497444605562, 39.141557128455389 ], [ -122.141497444842884, 39.141736791621412 ], [ -122.141138118025424, 39.141736791340506 ], [ -122.141138117768293, 39.142006286410115 ], [ -122.141766938343977, 39.142006286088879 ], [ -122.1417669382231, 39.142635106574168 ], [ -122.141497444588467, 39.14263510693398 ], [ -122.141497443829181, 39.142365612688586 ], [ -122.141138118317841, 39.14227578039344 ] ] ] } },
{ "type": "Feature", "properties": { "csb_id": "061825012477087", "acres": 9.7522914980913509, "geoid": "06011" }, "geometry": { "type": "Polygon", "coordinates": [ [ [ -122.251181740302869, 39.135089258352323 ], [ -122.251271571651358, 39.133292627539021 ], [ -122.25154106620235, 39.133023133262085 ], [ -122.252080056017974, 39.13302313331404 ], [ -122.252080056089142, 39.133292627813731 ], [ -122.252439382038133, 39.133292627895692 ], [ -122.252978370599607, 39.133023133231653 ], [ -122.252978371201721, 39.132753639733266 ], [ -122.253607192293217, 39.132843471044211 ], [ -122.253607192336247, 39.133741785874179 ], [ -122.25333769757853, 39.133741785593294 ], [ -122.253337697358106, 39.134550269597916 ], [ -122.252978371005639, 39.13481976338857 ], [ -122.251810561263483, 39.134909595333582 ], [ -122.251810561776352, 39.13517909055053 ], [ -122.251181740302869, 39.135089258352323 ] ] ] } },
{ "type": "Feature", "properties": { "csb_id": "061825012477095", "acres": 14.0207765601569, "geoid": "06011" }, "geometry": { "type": "Polygon", "coordinates": [ [ [ -122.250373256681073, 39.135538416762998 ], [ -122.25037325637841, 39.134909596142286 ], [ -122.250013930911237, 39.134909596599726 ], [ -122.249744435712927, 39.135179090630103 ], [ -122.249744436601929, 39.135538416277264 ], [ -122.249474941731336, 39.135538415480049 ], [ -122.249385108521281, 39.132843471288268 ], [ -122.249115613820862, 39.132753638973774 ], [ -122.249115614856606, 39.13194515506531 ], [ -122.249474941992162, 39.131675661316628 ], [ -122.249474941175123, 39.131495997463261 ], [ -122.250013931225624, 39.131495998399338 ], [ -122.250013929540216, 39.132124818345474 ], [ -122.250642751815008, 39.132124818009309 ], [ -122.2509122450479, 39.133292628861618 ], [ -122.251271571651358, 39.133292627539021 ], [ -122.25118174081932, 39.135179089849572 ], [ -122.250912245203509, 39.135179089835027 ], [ -122.250912245935751, 39.135538415840394 ], [ -122.250373256681073, 39.135538416762998 ] ] ] } },
{ "type": "Feature", "properties": { "csb_id": "061825012477100", "acres": 5.5605915587445196, "geoid": "06011" }, "geometry": { "type": "Polygon", "coordinates": [ [ [ -122.2509122450479, 39.133292628861618 ], [ -122.250642751815008, 39.132124818009309 ], [ -122.250013929540216, 39.132124818345474 ], [ -122.250013931126617, 39.131226502881532 ], [ -122.249744436380581, 39.131226502397936 ], [ -122.249744436434753, 39.130777344784022 ], [ -122.250912246025621, 39.130777345327019 ], [ -122.250912245817531, 39.131226502684143 ], [ -122.250642751557976, 39.131226502187118 ], [ -122.250642750824198, 39.131855323072692 ], [ -122.251810561369012, 39.131855323365521 ], [ -122.251810560976324, 39.13257397539541 ], [ -122.251541066209569, 39.132573975871658 ], [ -122.25154106620235, 39.133023133262085 ], [ -122.251271571651358, 39.133292627539021 ], [ -122.2509122450479, 39.133292628861618 ] ] ] } },
{ "type": "Feature", "properties": { "csb_id": "061825012477103", "acres": 6.6612205294879097, "geoid": "06011" }, "geometry": { "type": "Polygon", "coordinates": [ [ [ -122.252080056089142, 39.133292627813731 ], [ -122.252080056017974, 39.13302313331404 ], [ -122.25154106620235, 39.133023133262085 ], [ -122.251541066209569, 39.132573975871658 ], [ -122.251810560976324, 39.13257397539541 ], [ -122.251810561369012, 39.131855323365521 ], [ -122.250642750824198, 39.131855323072692 ], [ -122.250642751557976, 39.131226502187118 ], [ -122.250912245817531, 39.131226502684143 ], [ -122.250912246391735, 39.130957008167705 ], [ -122.251541066400094, 39.130957008081459 ], [ -122.251541066724968, 39.130777344754129 ], [ -122.252080055749303, 39.130777345076176 ], [ -122.252439381897091, 39.13095700801216 ], [ -122.252439381336345, 39.131495997532916 ], [ -122.252080055776915, 39.131495997437597 ], [ -122.252080056352384, 39.131855323535405 ], [ -122.252439381687253, 39.132394312633394 ], [ -122.25297837067464, 39.132394312597427 ], [ -122.252978370599607, 39.133023133231653 ], [ -122.252439382038133, 39.133292627895692 ], [ -122.252080056089142, 39.133292627813731 ] ] ] } },
{ "type": "Feature", "properties": { "csb_id": "061825012477106", "acres": 24.673233383791999, "geoid": "06011" }, "geometry": { "type": "Polygon", "coordinates": [ [ [ -122.253337696494853, 39.13419094294742 ], [ -122.25333769757853, 39.133741785593294 ], [ -122.253607192336247, 39.133741785874179 ], [ -122.253607192293217, 39.132843471044211 ], [ -122.252978371201721, 39.132753639733266 ], [ -122.25297837067464, 39.132394312597427 ], [ -122.252439381687253, 39.132394312633394 ], [ -122.252080056352384, 39.131855323535405 ], [ -122.252080055776915, 39.131495997437597 ], [ -122.252439381336345, 39.131495997532916 ], [ -122.25243938217838, 39.131226502643621 ], [ -122.253607191226777, 39.131226502746706 ], [ -122.253607191423455, 39.130957008000252 ], [ -122.253337697376608, 39.130957007949441 ], [ -122.253337696831835, 39.130597682416322 ], [ -122.254864833361893, 39.130597682148846 ], [ -122.256032642839656, 39.130328187466453 ], [ -122.256032642098617, 39.13194515550903 ], [ -122.255763147285549, 39.131945155448754 ], [ -122.255673316805527, 39.133023133396897 ], [ -122.255673316812192, 39.13365195358417 ], [ -122.256032642744259, 39.133651954801834 ], [ -122.256032642715311, 39.134190942857522 ], [ -122.253337696494853, 39.13419094294742 ] ] ] } },
{ "type": "Feature", "properties": { "csb_id": "061825012477365", "acres": 3.1957048085252802, "geoid": "06011" }, "geometry": { "type": "Polygon", "coordinates": [ [ [ -122.281634628024108, 39.09843799501926 ], [ -122.281634627907849, 39.098707489254942 ], [ -122.280826144391881, 39.098707489898018 ], [ -122.280001212638098, 39.098364612218283 ], [ -122.279927829429042, 39.097809174000751 ], [ -122.280556650084378, 39.097809174411054 ], [ -122.280826145338608, 39.097539679420152 ], [ -122.281185470913869, 39.097539679654481 ], [ -122.281454965913341, 39.097809174382206 ], [ -122.281454965724492, 39.098168500113694 ], [ -122.28118547129661, 39.098168499703178 ], [ -122.281185470955677, 39.098437994539779 ], [ -122.281634628024108, 39.09843799501926 ] ] ] } },
{ "type": "Feature", "properties": { "csb_id": "061825012477511", "acres": 3.47722391398236, "geoid": "06011" }, "geometry": { "type": "Polygon", "coordinates": [ [ [ -122.181831800757209, 39.068524096137317 ], [ -122.18398775764652, 39.068524095886872 ], [ -122.183987757732396, 39.069152916835208 ], [ -122.183628431611069, 39.069152916478799 ], [ -122.183628430706207, 39.068793590120691 ], [ -122.183089441455834, 39.068793590082983 ], [ -122.183089442258577, 39.069152916814218 ], [ -122.182191126761097, 39.069152916794202 ], [ -122.182191127119467, 39.06942241119043 ], [ -122.181562306199936, 39.069422411459485 ], [ -122.181562306427466, 39.068793590313966 ], [ -122.181831800757209, 39.068524096137317 ] ] ] } },
{ "type": "Feature", "properties": { "csb_id": "061825012477547", "acres": 11.7652523350836, "geoid": "06011" }, "geometry": { "type": "Polygon", "coordinates": [ [ [ -122.165392630760252, 39.057205323211157 ], [ -122.162428190461426, 39.057205323523625 ], [ -122.162428189890321, 39.056845997333149 ], [ -122.161799369075794, 39.056845997100083 ], [ -122.161799369758285, 39.056307007604879 ], [ -122.162158696386584, 39.056307008117408 ], [ -122.162158695165843, 39.055408692574076 ], [ -122.162428190443492, 39.055229030010295 ], [ -122.162428190148049, 39.054690040799642 ], [ -122.162697684730787, 39.054690040328602 ], [ -122.163057011520365, 39.055229029544343 ], [ -122.16422481954443, 39.055857850988382 ], [ -122.164224820586441, 39.056307008198097 ], [ -122.1644943154039, 39.056486671168905 ], [ -122.165662125494052, 39.056576502338324 ], [ -122.165662124680466, 39.057025660070721 ], [ -122.165392630760252, 39.057205323211157 ] ] ] } },
{ "type": "Feature", "properties": { "csb_id": "061825012477567", "acres": 8.3076051956162793, "geoid": "06011" }, "geometry": { "type": "Polygon", "coordinates": [ [ [ -122.166290946417121, 39.048222170595508 ], [ -122.166290945980208, 39.047862844524197 ], [ -122.166021451406024, 39.047323855576067 ], [ -122.166021451813521, 39.046695034387419 ], [ -122.166290946477162, 39.046425539977996 ], [ -122.167818081584031, 39.046425539637958 ], [ -122.167818082232714, 39.046874697281289 ], [ -122.168357071645147, 39.047323855417112 ], [ -122.168357070860623, 39.04759334998473 ], [ -122.167818082122764, 39.047862843995773 ], [ -122.167189261253654, 39.047862844273617 ], [ -122.167189261017015, 39.048491664954547 ], [ -122.167458755970713, 39.048491664870433 ], [ -122.167458755820363, 39.049120486105359 ], [ -122.16718926078039, 39.04912048570425 ], [ -122.166919766196727, 39.048761159580572 ], [ -122.166919766247034, 39.048222170198542 ], [ -122.166290946417121, 39.048222170595508 ] ] ] } },
{ "type": "Feature", "properties": { "csb_id": "061825012477573", "acres": 10.0710406470986, "geoid": "06011" }, "geometry": { "type": "Polygon", "coordinates": [ [ [ -122.166560441058053, 39.045796719184899 ], [ -122.166560440487757, 39.045167898293464 ], [ -122.166290946314348, 39.045167897995789 ], [ -122.166021451880084, 39.045527224734016 ], [ -122.16602145135893, 39.04597638294269 ], [ -122.165392630836664, 39.046066213483016 ], [ -122.165392631472599, 39.04570688827372 ], [ -122.165123136252475, 39.045706888018231 ], [ -122.164763810638576, 39.045167898373556 ], [ -122.165123135939368, 39.04507806698637 ], [ -122.165392630671917, 39.044808572156448 ], [ -122.165662125272277, 39.044179752013463 ], [ -122.166290945736122, 39.044000088781715 ], [ -122.166290945689028, 39.043730594362451 ], [ -122.166560440463286, 39.043730594305949 ], [ -122.166560440310789, 39.04426958364207 ], [ -122.166919766688068, 39.044628909226162 ], [ -122.16718926174228, 39.044628909391676 ], [ -122.167458755394236, 39.044269583013183 ], [ -122.167458756254973, 39.043730593938747 ], [ -122.167818082181157, 39.043730593540623 ], [ -122.168087576096156, 39.044269583033945 ], [ -122.168087577060305, 39.045527224875016 ], [ -122.167189261515702, 39.045527224938205 ], [ -122.166919766631935, 39.045796719033021 ], [ -122.166560441058053, 39.045796719184899 ] ] ] } },
{ "type": "Feature", "properties": { "csb_id": "061825012477587", "acres": 27.309534893468399, "geoid": "06011" }, "geometry": { "type": "Polygon", "coordinates": [ [ [ -122.151917900709094, 39.045976382072944 ], [ -122.15191790006854, 39.042832279186406 ], [ -122.152187394576231, 39.042742447654135 ], [ -122.1522772273876, 39.04238312086251 ], [ -122.151917900617022, 39.042113627531556 ], [ -122.151917900920438, 39.041305142855421 ], [ -122.152187394741148, 39.040945817069677 ], [ -122.152187394832467, 39.039778007443843 ], [ -122.153534867643828, 39.039867838779628 ], [ -122.153534867792573, 39.039688175315113 ], [ -122.154343351215843, 39.039688175513177 ], [ -122.154612846873519, 39.040047501866269 ], [ -122.154612846463635, 39.040406827216913 ], [ -122.153714530819215, 39.041215311129861 ], [ -122.153714531092703, 39.041574637299846 ], [ -122.154343351612667, 39.042113626932966 ], [ -122.154343351873649, 39.043281436087973 ], [ -122.153445035865147, 39.043371268236463 ], [ -122.153445036432657, 39.044539078169571 ], [ -122.153175541754337, 39.044539077843474 ], [ -122.153175541608661, 39.044898403734273 ], [ -122.153445035872835, 39.045437393236377 ], [ -122.153445036371394, 39.045976381977759 ], [ -122.151917900709094, 39.045976382072944 ] ] ] } },
{ "type": "Feature", "properties": { "csb_id": "061825012477643", "acres": 7.5711218719705897, "geoid": "06011" }, "geometry": { "type": "Polygon", "coordinates": [ [ [ -122.166560440442467, 39.035555924687984 ], [ -122.164763810336368, 39.035645756109517 ], [ -122.164763810136904, 39.035196598676954 ], [ -122.16512313580067, 39.034657609925027 ], [ -122.165123136292678, 39.034028788981423 ], [ -122.165662125794881, 39.034118620100024 ], [ -122.16691976662193, 39.033849126021828 ], [ -122.167189261617764, 39.034118620601703 ], [ -122.167189261627783, 39.034388115305902 ], [ -122.166919767022051, 39.034657609406672 ], [ -122.166919767155406, 39.034927103892905 ], [ -122.167189261330847, 39.03492710389262 ], [ -122.16718926134088, 39.035196598633682 ], [ -122.166560440918147, 39.035196598913302 ], [ -122.166560440442467, 39.035555924687984 ] ] ] } },
{ "type": "Feature", "properties": { "csb_id": "061825012477661", "acres": 15.3926261247634, "geoid": "06011" }, "geometry": { "type": "Polygon", "coordinates": [ [ [ -122.150121271268063, 39.030884684994774 ], [ -122.149851776524542, 39.030435528016135 ], [ -122.149851776385319, 39.027740582192259 ], [ -122.151917901300763, 39.027740581768271 ], [ -122.15191790150179, 39.028099907996193 ], [ -122.151648406628937, 39.028189739326443 ], [ -122.152546722258293, 39.028189739533275 ], [ -122.152546722617373, 39.028459234217408 ], [ -122.152277227622889, 39.02845923376082 ], [ -122.152187396268971, 39.028638897018993 ], [ -122.152187396418512, 39.028908391480989 ], [ -122.152546722630547, 39.028908391559796 ], [ -122.152546722614716, 39.029537212459616 ], [ -122.152187395856544, 39.029537212754597 ], [ -122.151648406907611, 39.029806707412 ], [ -122.151648406899142, 39.030166033522079 ], [ -122.150750091551473, 39.030705022225675 ], [ -122.150750091104115, 39.031064349379989 ], [ -122.150121271268063, 39.030884684994774 ] ] ] } },
{ "type": "Feature", "properties": { "csb_id": "061825012477662", "acres": 74.584011359166297, "geoid": "06011" }, "geometry": { "type": "Polygon", "coordinates": [ [ [ -122.156139983143021, 39.034657609464567 ], [ -122.153714532726582, 39.034657609754966 ], [ -122.152546721650992, 39.03492710402957 ], [ -122.152187396063113, 39.035286429947135 ], [ -122.152277227021585, 39.034118620322523 ], [ -122.152187396622608, 39.033130473751079 ], [ -122.15191790133747, 39.032860979002635 ], [ -122.151917900863523, 39.03223215810457 ], [ -122.151648407265739, 39.031693169181551 ], [ -122.150750091537631, 39.031333842739691 ], [ -122.150750091551473, 39.030705022225675 ], [ -122.151648406899142, 39.030166033522079 ], [ -122.151648406907611, 39.029806707412 ], [ -122.151917901917358, 39.029627044337666 ], [ -122.152546722614716, 39.029537212459616 ], [ -122.152546722630547, 39.028908391559796 ], [ -122.152187396418512, 39.028908391480989 ], [ -122.152187396268971, 39.028638897018993 ], [ -122.152277227622889, 39.02845923376082 ], [ -122.152546722617373, 39.028459234217408 ], [ -122.152546722258293, 39.028189739533275 ], [ -122.152187395969904, 39.028099908131495 ], [ -122.152187395559338, 39.027740581661121 ], [ -122.154612846975809, 39.027740582452189 ], [ -122.154612847131304, 39.027471086961889 ], [ -122.155511162926302, 39.027471086948779 ], [ -122.15613998345583, 39.028459234493546 ], [ -122.15640947832803, 39.028638896782105 ], [ -122.15640947776069, 39.029267717573369 ], [ -122.156139983227519, 39.029537212241749 ], [ -122.156139983609393, 39.029806707077974 ], [ -122.156409477451874, 39.030166033525973 ], [ -122.156678972700362, 39.030255864299576 ], [ -122.156768803711699, 39.031064348972969 ], [ -122.156678972290408, 39.031333843211968 ], [ -122.156139982684238, 39.031333842909135 ], [ -122.156139981944008, 39.031603338069267 ], [ -122.156409478503036, 39.031693169318267 ], [ -122.156409478386323, 39.032232157966227 ], [ -122.156139983534658, 39.032232158204131 ], [ -122.156139983262989, 39.03313047387784 ], [ -122.156678972275671, 39.033489800523242 ], [ -122.156678972899186, 39.033759294064275 ], [ -122.156139983056363, 39.034298283869767 ], [ -122.156139983143021, 39.034657609464567 ] ] ] } },
{ "type": "Feature", "properties": { "csb_id": "061825012477723", "acres": 17.841081032624299, "geoid": "06011" }, "geometry": { "type": "Polygon", "coordinates": [ [ [ -122.096941006057023, 39.012469221984965 ], [ -122.093617238660372, 39.012469222687912 ], [ -122.093617239359958, 39.012199727411428 ], [ -122.093886732484734, 39.012199727626928 ], [ -122.093886733623933, 39.011930232979161 ], [ -122.093257912765878, 39.011301412239135 ], [ -122.093257913601278, 39.010672591524475 ], [ -122.095413869657051, 39.010672591358258 ], [ -122.095413870227489, 39.010133601990127 ], [ -122.095952858643855, 39.009774276534195 ], [ -122.096941006043039, 39.009864108164351 ], [ -122.096941006057023, 39.012469221984965 ] ] ] } },
{ "type": "Feature", "properties": { "csb_id": "061825012477725", "acres": 17.496004737575198, "geoid": "06011" }, "geometry": { "type": "Polygon", "coordinates": [ [ [ -122.092718923130391, 39.012469222764679 ], [ -122.088945999033996, 39.01246922231703 ], [ -122.089125662470721, 39.009504782081997 ], [ -122.089395156126756, 39.009325118808583 ], [ -122.090293473457095, 39.00932511826295 ], [ -122.090293471489247, 39.009594613813135 ], [ -122.090652800770229, 39.009594613224074 ], [ -122.090652797743033, 39.010133602884004 ], [ -122.090922292898568, 39.010403097547652 ], [ -122.091461283186959, 39.010403097009366 ], [ -122.091461282468771, 39.01130141323668 ], [ -122.091820608184676, 39.011930233481657 ], [ -122.092359596640989, 39.01193023280517 ], [ -122.092718924598159, 39.012199727113291 ], [ -122.092718923130391, 39.012469222764679 ] ] ] } },
{ "type": "Feature", "properties": { "csb_id": "061825012477726", "acres": 18.080904167875001, "geoid": "06011" }, "geometry": { "type": "Polygon", "coordinates": [ [ [ -122.116344615758848, 39.01219972798031 ], [ -122.114547985999664, 39.011930232993798 ], [ -122.114547985796307, 39.011301412599181 ], [ -122.115176806266689, 39.011031917588241 ], [ -122.115176806553194, 39.010403096933445 ], [ -122.11454798624159, 39.010403097040054 ], [ -122.114547985657481, 39.010223434089134 ], [ -122.113649669918672, 39.010223434048072 ], [ -122.113380175183906, 39.010492928308828 ], [ -122.113380175475697, 39.011301412612092 ], [ -122.113020850032925, 39.011570906277768 ], [ -122.112481860183124, 39.011570906679623 ], [ -122.112122534302713, 39.011031917279631 ], [ -122.112212365734223, 39.010403096911851 ], [ -122.114278490869083, 39.009325118795026 ], [ -122.116075121702337, 39.009325119023011 ], [ -122.116075121706587, 39.010223433763336 ], [ -122.116614111263488, 39.010223434211021 ], [ -122.116614110560008, 39.01112174881726 ], [ -122.116883605167061, 39.011301412339861 ], [ -122.116883604582995, 39.011660738396664 ], [ -122.116344615758848, 39.01219972798031 ] ] ] } },
{ "type": "Feature", "properties": { "csb_id": "061825012477730", "acres": 17.2376037820985, "geoid": "06011" }, "geometry": { "type": "Polygon", "coordinates": [ [ [ -122.0923595984451, 39.011570906646647 ], [ -122.092359597072203, 39.011301412860917 ], [ -122.091820609239861, 39.010403096451292 ], [ -122.091191786762764, 39.010403097383517 ], [ -122.091191788565112, 39.009504781770573 ], [ -122.092449430014156, 39.009325118215891 ], [ -122.092449429891005, 39.008426803533737 ], [ -122.09298841874913, 39.007708151262598 ], [ -122.09325791378015, 39.007528487918236 ], [ -122.093257913816856, 39.007708150690036 ], [ -122.094156228971045, 39.007708150801953 ], [ -122.094515554548266, 39.007977645520121 ], [ -122.095683364861856, 39.007977645512099 ], [ -122.095683364656139, 39.008606466630312 ], [ -122.096312184939066, 39.008606466027807 ], [ -122.096312185738071, 39.008875961123287 ], [ -122.095413869688542, 39.008875960717113 ], [ -122.095413869973754, 39.008606466105419 ], [ -122.095054543883379, 39.008606466007514 ], [ -122.094785049778181, 39.008875960821825 ], [ -122.094785049225621, 39.009235287283261 ], [ -122.094515554283717, 39.009235287142872 ], [ -122.094515554976979, 39.008606466178655 ], [ -122.093886734172713, 39.008606466136413 ], [ -122.093617239975615, 39.009235287235889 ], [ -122.093617240108941, 39.010133602361819 ], [ -122.094515555097075, 39.010133603587256 ], [ -122.094515554533558, 39.010403096680882 ], [ -122.092359597742401, 39.010403097032949 ], [ -122.092359598309358, 39.010672591880088 ], [ -122.092718924397687, 39.010672591782338 ], [ -122.092988418460692, 39.011031917985584 ], [ -122.092988418797347, 39.011301412485246 ], [ -122.092718924167031, 39.011570906657745 ], [ -122.0923595984451, 39.011570906646647 ] ] ] } },
{ "type": "Feature", "properties": { "csb_id": "061825012477750", "acres": 5.4645632696934703, "geoid": "06011" }, "geometry": { "type": "Polygon", "coordinates": [ [ [ -122.128022714880075, 39.007438656391848 ], [ -122.128022714797879, 39.006899667221695 ], [ -122.12829220939625, 39.006630173130226 ], [ -122.128022715157385, 39.006270846174857 ], [ -122.12802271447319, 39.005462362709956 ], [ -122.128292210150803, 39.005462362954688 ], [ -122.12829220950762, 39.005731857835052 ], [ -122.128651535415131, 39.006001352011339 ], [ -122.129190524666072, 39.006001352356577 ], [ -122.129460019292878, 39.006270846423355 ], [ -122.129460019294228, 39.006540341206708 ], [ -122.129999009000898, 39.00654034158697 ], [ -122.129573537216601, 39.007305268897746 ], [ -122.128022714880075, 39.007438656391848 ] ] ] } },
{ "type": "Feature", "properties": { "csb_id": "061825012477755", "acres": 45.549796665147603, "geoid": "06011" }, "geometry": { "type": "Polygon", "coordinates": [ [ [ -122.095413869657051, 39.010672591358258 ], [ -122.093617239515751, 39.010672591645196 ], [ -122.093617240029502, 39.010492929404293 ], [ -122.094515554533558, 39.010403096680882 ], [ -122.094515555097075, 39.010133603587256 ], [ -122.093617240108941, 39.010133602361819 ], [ -122.093617239975615, 39.009235287235889 ], [ -122.093886734172713, 39.008606466136413 ], [ -122.094515554976979, 39.008606466178655 ], [ -122.094515554283717, 39.009235287142872 ], [ -122.094785049225621, 39.009235287283261 ], [ -122.094785049778181, 39.008875960821825 ], [ -122.095054543883379, 39.008606466007514 ], [ -122.095413869973754, 39.008606466105419 ], [ -122.095413869688542, 39.008875960717113 ], [ -122.096312185738071, 39.008875961123287 ], [ -122.096312184939066, 39.008606466027807 ], [ -122.095683364656139, 39.008606466630312 ], [ -122.095683364861856, 39.007977645512099 ], [ -122.094515554548266, 39.007977645520121 ], [ -122.094156228971045, 39.007708150801953 ], [ -122.093257913816856, 39.007708150690036 ], [ -122.093257912481789, 39.007438656346807 ], [ -122.093617238164626, 39.007169162801347 ], [ -122.093617238837226, 39.006270847003918 ], [ -122.09451555467561, 39.006181014861603 ], [ -122.094515554607042, 39.005911520233788 ], [ -122.093617238916636, 39.005911520205935 ], [ -122.093617239932186, 39.005642026073623 ], [ -122.094515555077351, 39.005462363038539 ], [ -122.094515554538418, 39.005642025617611 ], [ -122.094785050089641, 39.00564202739082 ], [ -122.09478504925913, 39.005013205689316 ], [ -122.095413869696102, 39.004384384550733 ], [ -122.095413870266469, 39.003845395727858 ], [ -122.096581680166821, 39.003845395300367 ], [ -122.096581680722593, 39.003665733522809 ], [ -122.09721050086614, 39.003665732167434 ], [ -122.09721050105756, 39.003845395045722 ], [ -122.097749489688397, 39.003845396019585 ], [ -122.097749490173754, 39.00420472141677 ], [ -122.098378310302991, 39.005103036698948 ], [ -122.098378310496628, 39.005731857829595 ], [ -122.098108815765798, 39.005731857119166 ], [ -122.098108815948564, 39.006270846540801 ], [ -122.096941006408841, 39.006270846370164 ], [ -122.096851174647767, 39.009504781559016 ], [ -122.096581679687063, 39.009504781984418 ], [ -122.096581680046484, 39.009774276502199 ], [ -122.095952858643855, 39.009774276534195 ], [ -122.095413870227489, 39.010133601990127 ], [ -122.095413869657051, 39.010672591358258 ] ] ] } },
{ "type": "Feature", "properties": { "csb_id": "061825012477766", "acres": 16.117164819855301, "geoid": "06011" }, "geometry": { "type": "Polygon", "coordinates": [ [ [ -122.129190525285537, 39.004564047500857 ], [ -122.1291905240993, 39.003036912199747 ], [ -122.129549850245354, 39.003036911371659 ], [ -122.12954985134941, 39.002767417355948 ], [ -122.12919052509298, 39.002408091079054 ], [ -122.128921030490289, 39.002408091287386 ], [ -122.128651535472258, 39.002767416914729 ], [ -122.128651535204838, 39.004833541843432 ], [ -122.128292208180738, 39.004833542052843 ], [ -122.12775321995386, 39.004564047964394 ], [ -122.127753220003001, 39.004204721967447 ], [ -122.127124398163275, 39.004204721653728 ], [ -122.126854905045874, 39.004564048063521 ], [ -122.12676507352073, 39.005282700802098 ], [ -122.12622608458986, 39.005282699350722 ], [ -122.126226084430115, 39.004833542730985 ], [ -122.126495578523574, 39.004743710680827 ], [ -122.126226084530444, 39.004743710455351 ], [ -122.126495578691532, 39.004564047850828 ], [ -122.126495579046889, 39.003845395723637 ], [ -122.126226084699894, 39.003845395366 ], [ -122.126226084452583, 39.003036911796826 ], [ -122.127393893800956, 39.003036911770756 ], [ -122.127393893931185, 39.003665732139488 ], [ -122.12775322047932, 39.00366573246027 ], [ -122.127753220608369, 39.003036911364894 ], [ -122.128022713745764, 39.002767417320236 ], [ -122.128292209046691, 39.002767417344543 ], [ -122.128292209798772, 39.002408090724074 ], [ -122.127753219932103, 39.002408091433445 ], [ -122.127753220012053, 39.002138596322013 ], [ -122.129549849237122, 39.002138596262263 ], [ -122.130088840042248, 39.002408090570462 ], [ -122.130088840067245, 39.003935227260044 ], [ -122.129819343977758, 39.00393522759083 ], [ -122.129819345543225, 39.00456404763198 ], [ -122.130448165628508, 39.004564047396364 ], [ -122.130448165589073, 39.005103036563227 ], [ -122.129549851474266, 39.005103036940518 ], [ -122.129190525285537, 39.004564047500857 ] ] ] } },
{ "type": "Feature", "properties": { "csb_id": "061825012477767", "acres": 4.6405827235302803, "geoid": "06011" }, "geometry": { "type": "Polygon", "coordinates": [ [ [ -122.127393893931185, 39.003665732139488 ], [ -122.127393893800956, 39.003036911770756 ], [ -122.126226084452583, 39.003036911796826 ], [ -122.126226084264701, 39.002767417010695 ], [ -122.125956589424078, 39.002767417036914 ], [ -122.125956589173683, 39.002318259122468 ], [ -122.126765073018277, 39.002318259138278 ], [ -122.126765073393585, 39.002048764757333 ], [ -122.128022714546958, 39.002048764826434 ], [ -122.127753220012053, 39.002138596322013 ], [ -122.127753219932103, 39.002408091433445 ], [ -122.128292209798772, 39.002408090724074 ], [ -122.128292209046691, 39.002767417344543 ], [ -122.128022713745764, 39.002767417320236 ], [ -122.127753220608369, 39.003036911364894 ], [ -122.12775322047932, 39.00366573246027 ], [ -122.127393893931185, 39.003665732139488 ] ] ] } },
{ "type": "Feature", "properties": { "csb_id": "061825012477788", "acres": 3.8737989185450901, "geoid": "06011" }, "geometry": { "type": "Polygon", "coordinates": [ [ [ -122.085622232133545, 38.99854533578641 ], [ -122.085532402295669, 38.997916514417824 ], [ -122.086790043451657, 38.99791651449118 ], [ -122.087059538347333, 38.997647020134721 ], [ -122.087059537852696, 38.997018199654413 ], [ -122.087329032126917, 38.997018198950755 ], [ -122.087329032707288, 38.997647019914801 ], [ -122.087688358088556, 38.997647019731453 ], [ -122.087688358093345, 38.998275840624672 ], [ -122.087329031849904, 38.998275840324332 ], [ -122.087329032188904, 38.998545335314432 ], [ -122.085622232133545, 38.99854533578641 ] ] ] } },
{ "type": "Feature", "properties": { "csb_id": "061825012477793", "acres": 3.6245860046154501, "geoid": "06011" }, "geometry": { "type": "Polygon", "coordinates": [ [ [ -122.085532402526965, 38.995221568670303 ], [ -122.086161222792711, 38.995221568589571 ], [ -122.086161222885664, 38.995850389158605 ], [ -122.085891727644196, 38.99585038939496 ], [ -122.085891728583931, 38.996119883931584 ], [ -122.086790043389399, 38.996119884323235 ], [ -122.086790043212275, 38.99647920980086 ], [ -122.085891728409138, 38.997018198922355 ], [ -122.085532402104121, 38.997018199408366 ], [ -122.08553240159668, 38.996119883667383 ], [ -122.085262907110533, 38.996119884014334 ], [ -122.085262907330119, 38.995580894577401 ], [ -122.085532402526965, 38.995221568670303 ] ] ] } },
{ "type": "Feature", "properties": { "csb_id": "061825012477834", "acres": 8.0079395886643603, "geoid": "06011" }, "geometry": { "type": "Polygon", "coordinates": [ [ [ -122.113649670505851, 38.985879089567369 ], [ -122.113649670778941, 38.985340100108992 ], [ -122.114008996408501, 38.985070605973426 ], [ -122.114547986164851, 38.985070605719528 ], [ -122.114547986134511, 38.984441785175342 ], [ -122.114817480279584, 38.98444178521666 ], [ -122.114817479929826, 38.984172291103228 ], [ -122.115446301480375, 38.98417229048755 ], [ -122.116075121136475, 38.984441785070274 ], [ -122.116075121863318, 38.984980774408669 ], [ -122.116344616710123, 38.984980774194412 ], [ -122.116344616820143, 38.985879089886744 ], [ -122.113649670505851, 38.985879089567369 ] ] ] } },
{ "type": "Feature", "properties": { "csb_id": "061825012477840", "acres": 38.706055256051798, "geoid": "06011" }, "geometry": { "type": "Polygon", "coordinates": [ [ [ -122.060738900139327, 38.98767572042069 ], [ -122.059211764242434, 38.987765552189373 ], [ -122.058313448513331, 38.987496057047046 ], [ -122.057774459263584, 38.987496057525597 ], [ -122.057774460106799, 38.98776555153605 ], [ -122.056876144273119, 38.987765551757754 ], [ -122.056247323719944, 38.987406226006485 ], [ -122.055977829609915, 38.987046899746957 ], [ -122.055977829181202, 38.986777405256539 ], [ -122.055349008588848, 38.986777405398605 ], [ -122.055349007930118, 38.986507910543637 ], [ -122.055887996883101, 38.986148584452472 ], [ -122.055887997634471, 38.98569942622278 ], [ -122.055349008512891, 38.985699426421768 ], [ -122.055349008224198, 38.984711280234826 ], [ -122.055887997387615, 38.984711280304275 ], [ -122.055887997864644, 38.984082458683524 ], [ -122.05561850304089, 38.983902795630421 ], [ -122.057055807678481, 38.983902796368127 ], [ -122.057145638560471, 38.984441784950604 ], [ -122.057415134124653, 38.984441785120914 ], [ -122.057415133244021, 38.985070605998253 ], [ -122.057774459070998, 38.985070605708884 ], [ -122.058043954316645, 38.984801111715797 ], [ -122.058043954565491, 38.984172290757158 ], [ -122.058313448640916, 38.984172290936243 ], [ -122.058313449236891, 38.984441785291843 ], [ -122.059211764314384, 38.984441785456163 ], [ -122.05921176455675, 38.984711279688788 ], [ -122.06037957321459, 38.984711279565637 ], [ -122.060738899590589, 38.984980774976044 ], [ -122.060738900139327, 38.98767572042069 ] ] ] } },
{ "type": "Feature", "properties": { "csb_id": "061825012477886", "acres": 57.505267273759102, "geoid": "06011" }, "geometry": { "type": "Polygon", "coordinates": [ [ [ -122.055349008860972, 38.972853519122062 ], [ -122.05355237767229, 38.972853518213981 ], [ -122.053552377916446, 38.973123013018842 ], [ -122.052654062780661, 38.973123013117025 ], [ -122.051486253190561, 38.972494191747366 ], [ -122.051126927422843, 38.972494192752166 ], [ -122.05112692703517, 38.972853517952039 ], [ -122.050857432403191, 38.973123013290895 ], [ -122.049330295804978, 38.97312301229325 ], [ -122.049330296412847, 38.97015857207299 ], [ -122.049060801471114, 38.969709414917894 ], [ -122.048162485885754, 38.969709414841979 ], [ -122.048162486394219, 38.969439920603506 ], [ -122.049060801758188, 38.969170426103119 ], [ -122.04933029577272, 38.968541604684091 ], [ -122.050857432091476, 38.968541606356567 ], [ -122.050857432189588, 38.967912785520149 ], [ -122.051396421082757, 38.967912783922117 ], [ -122.051396421655085, 38.969439921410519 ], [ -122.053552378434375, 38.969529752433644 ], [ -122.053552377874823, 38.969260256914609 ], [ -122.053821872607216, 38.969439920567574 ], [ -122.055618503068118, 38.969799245991602 ], [ -122.055618503397199, 38.972224697068 ], [ -122.055349008877997, 38.972224697881607 ], [ -122.055349008860972, 38.972853519122062 ] ] ] } },
{ "type": "Feature", "properties": { "csb_id": "061825012477944", "acres": 3.14663681330422, "geoid": "06011" }, "geometry": { "type": "Polygon", "coordinates": [ [ [ -122.087329032092597, 38.962612723581884 ], [ -122.086430717005285, 38.962343228932809 ], [ -122.086430717113856, 38.96144491354935 ], [ -122.087329032619806, 38.961444913983314 ], [ -122.08732903215315, 38.96171440856272 ], [ -122.08795785299958, 38.96171440818857 ], [ -122.087957853612863, 38.962073734714167 ], [ -122.087688358066899, 38.962343229167423 ], [ -122.087329032559268, 38.962343228966986 ], [ -122.087329032092597, 38.962612723581884 ] ] ] } },
{ "type": "Feature", "properties": { "csb_id": "061825012478001", "acres": 8.7885950892568694, "geoid": "06011" }, "geometry": { "type": "Polygon", "coordinates": [ [ [ -122.091820609155548, 38.954617717818273 ], [ -122.091820608992208, 38.954258392106205 ], [ -122.09209010250656, 38.954258391567642 ], [ -122.092090103427267, 38.953988897087143 ], [ -122.090922292058011, 38.953988897450635 ], [ -122.090922293349522, 38.952821086909914 ], [ -122.091551114443803, 38.95246176155208 ], [ -122.09271892433577, 38.952371929543659 ], [ -122.092988419021992, 38.952821086926335 ], [ -122.092988419184664, 38.953090581845288 ], [ -122.092718923584073, 38.953270244866552 ], [ -122.092718924329333, 38.953719402329575 ], [ -122.092988418079457, 38.953988897127935 ], [ -122.092988418242129, 38.954258392092257 ], [ -122.092718923863757, 38.954887212573503 ], [ -122.092090102274057, 38.954887212885303 ], [ -122.092090102878998, 38.954617717521586 ], [ -122.091820609155548, 38.954617717818273 ] ] ] } },
{ "type": "Feature", "properties": { "csb_id": "061825012478115", "acres": 8.2150794368257198, "geoid": "06011" }, "geometry": { "type": "Polygon", "coordinates": [ [ [ -122.065230476630077, 38.936022591433698 ], [ -122.065230475234728, 38.935753097344552 ], [ -122.064601654712234, 38.93575309753578 ], [ -122.064601655777395, 38.935124276110109 ], [ -122.064871149885818, 38.934854781668676 ], [ -122.065230475394031, 38.93485478151382 ], [ -122.065230475137326, 38.935393771218962 ], [ -122.065769465620619, 38.935393770806357 ], [ -122.065769464472254, 38.935124276257383 ], [ -122.065499969667599, 38.935124276877261 ], [ -122.065499970637561, 38.93485478209665 ], [ -122.065769465365705, 38.934495455529564 ], [ -122.066398285712168, 38.934495455455803 ], [ -122.06702710631626, 38.934225961005907 ], [ -122.067027105946934, 38.933597140140428 ], [ -122.067566095441592, 38.933327646078666 ], [ -122.068823738246607, 38.933327645672883 ], [ -122.068823738298136, 38.933956466221431 ], [ -122.067566094987299, 38.934225961508197 ], [ -122.067296601059198, 38.934495455126623 ], [ -122.067296601754464, 38.934854781423219 ], [ -122.066128790899143, 38.934854781295954 ], [ -122.066128791908952, 38.935753096483381 ], [ -122.065769465848064, 38.936022591370538 ], [ -122.065230476630077, 38.936022591433698 ] ] ] } },
{ "type": "Feature", "properties": { "csb_id": "061825013240573", "acres": 4.7515430717489497, "geoid": "06011" }, "geometry": { "type": "Polygon", "coordinates": [ [ [ -121.851630507816964, 39.06540315817864 ], [ -121.851630507593512, 39.064774337141742 ], [ -121.85136101254669, 39.064774337918834 ], [ -121.851361013476279, 39.064504842807878 ], [ -121.8516305080812, 39.064235348651565 ], [ -121.852259327989444, 39.064235348908888 ], [ -121.853157643318752, 39.063606527805284 ], [ -121.853427138163568, 39.063606527808204 ], [ -121.853427137917336, 39.064774337801019 ], [ -121.852528822220208, 39.064774337590954 ], [ -121.852528823130598, 39.065133663346295 ], [ -121.851630507816964, 39.06540315817864 ] ] ] } },
{ "type": "Feature", "properties": { "csb_id": "061825014745359", "acres": 3.5396184521378702, "geoid": "06011" }, "geometry": { "type": "Polygon", "coordinates": [ [ [ -122.279027172962046, 39.354725022599808 ], [ -122.279386499578322, 39.354725022757492 ], [ -122.279925488847297, 39.354994517435301 ], [ -122.279925487871836, 39.355353843523929 ], [ -122.278757678616103, 39.355353843217109 ], [ -122.2787576781122, 39.355892832183727 ], [ -122.277859363152686, 39.355892832511891 ], [ -122.277859363452023, 39.355623337340141 ], [ -122.277230543058451, 39.355623338105417 ], [ -122.277230542671873, 39.355892832789948 ], [ -122.27696104785818, 39.355892832008358 ], [ -122.276691553823369, 39.355623338163916 ], [ -122.276691553643062, 39.355353843127908 ], [ -122.278488183722729, 39.355353843403229 ], [ -122.279027172990013, 39.354994516719771 ], [ -122.279027172962046, 39.354725022599808 ] ] ] } },
{ "type": "Feature", "properties": { "csb_id": "061825014745923", "acres": 7.4566738225076801, "geoid": "06011" }, "geometry": { "type": "Polygon", "coordinates": [ [ [ -122.281183129583965, 39.304958355533238 ], [ -122.278128856606529, 39.304958356054208 ], [ -122.278128856016551, 39.305227850687459 ], [ -122.277230542905841, 39.305227850290308 ], [ -122.277230542773523, 39.304329535308781 ], [ -122.278667847081636, 39.304060040061081 ], [ -122.279386498700205, 39.304060040618715 ], [ -122.279386499091032, 39.304329535062564 ], [ -122.281183130119388, 39.304329535115045 ], [ -122.281183129583965, 39.304958355533238 ] ] ] } },
{ "type": "Feature", "properties": { "csb_id": "061825014745945", "acres": 5.2226342713708096, "geoid": "06011" }, "geometry": { "type": "Polygon", "coordinates": [ [ [ -122.284506895781703, 39.30432953530979 ], [ -122.284147570410582, 39.303790545802393 ], [ -122.284147569398684, 39.302892230406243 ], [ -122.283878075663409, 39.302532904334662 ], [ -122.283878075606097, 39.302263410037021 ], [ -122.28477639027416, 39.302263409888745 ], [ -122.284776390834409, 39.301904083703739 ], [ -122.285045885422861, 39.301904083550887 ], [ -122.285045885005772, 39.303161725093169 ], [ -122.285315380349246, 39.303431219807948 ], [ -122.28531537989079, 39.303790545761778 ], [ -122.285135716694768, 39.304329534970655 ], [ -122.284506895781703, 39.30432953530979 ] ] ] } },
{ "type": "Feature", "properties": { "csb_id": "061825014745960", "acres": 26.218283478705398, "geoid": "06011" }, "geometry": { "type": "Polygon", "coordinates": [ [ [ -122.286573021403285, 39.304329535187556 ], [ -122.286213694940756, 39.303161725474929 ], [ -122.286842516308639, 39.303161725363921 ], [ -122.286842515996682, 39.302892230546867 ], [ -122.286213695841965, 39.302892230901577 ], [ -122.286213694998111, 39.302263410012493 ], [ -122.28657302101206, 39.30226341027258 ], [ -122.286573021872584, 39.301634589367922 ], [ -122.287112011114871, 39.301634589538139 ], [ -122.287112010983762, 39.301904083654158 ], [ -122.287471336174448, 39.301904083899728 ], [ -122.2877408319182, 39.301634589569133 ], [ -122.287740830836199, 39.301365095227894 ], [ -122.287830662520349, 39.301634589120752 ], [ -122.288369652278291, 39.301904083479037 ], [ -122.288369651385267, 39.30136509441801 ], [ -122.288728977752669, 39.301365094842573 ], [ -122.288728977687157, 39.301634589300171 ], [ -122.289357799115407, 39.301634589386488 ], [ -122.289357799093651, 39.301365094441479 ], [ -122.289627293261006, 39.301365095171043 ], [ -122.289627292839697, 39.301634589501411 ], [ -122.290525609103923, 39.301634589480791 ], [ -122.291423923993918, 39.302263410332486 ], [ -122.291423923759595, 39.302892231039941 ], [ -122.29169341880656, 39.303161725276802 ], [ -122.291693418339861, 39.303790545757415 ], [ -122.291334092639971, 39.304060040417305 ], [ -122.291064598261386, 39.304060040326128 ], [ -122.291064598159522, 39.303790545712751 ], [ -122.290795102819658, 39.303431220219885 ], [ -122.290525608179621, 39.303161725368078 ], [ -122.290256114084556, 39.303161725118485 ], [ -122.290256113682517, 39.302532904844512 ], [ -122.289627293631355, 39.302532904521648 ], [ -122.289627292694334, 39.302892230487664 ], [ -122.288728977863258, 39.302892230551826 ], [ -122.288728977732191, 39.303431219695234 ], [ -122.289627293297187, 39.303431219991225 ], [ -122.289627293485992, 39.303790545795792 ], [ -122.288369652429481, 39.303790545955337 ], [ -122.288369651820858, 39.304958355562491 ], [ -122.287740831595102, 39.30495835604507 ], [ -122.286932347378354, 39.304688861528064 ], [ -122.286573021403285, 39.304329535187556 ] ] ] } },
{ "type": "Feature", "properties": { "csb_id": "061825014745963", "acres": 6.5308324732473597, "geoid": "06011" }, "geometry": { "type": "Polygon", "coordinates": [ [ [ -122.282081444423369, 39.302532904580744 ], [ -122.282081445362877, 39.301904083704507 ], [ -122.281183130282614, 39.301904084034604 ], [ -122.281183129159189, 39.301365094535697 ], [ -122.281452624009319, 39.301365095168542 ], [ -122.281452624013298, 39.301005769043194 ], [ -122.281991613611723, 39.301005768932065 ], [ -122.281991613177013, 39.300736274484251 ], [ -122.28351874884406, 39.300736273754033 ], [ -122.28351874901027, 39.301005768561595 ], [ -122.283249255344273, 39.301005768718731 ], [ -122.283249255250482, 39.30226340964694 ], [ -122.282979759797442, 39.302263410450799 ], [ -122.282979760210551, 39.302532904875925 ], [ -122.282081444423369, 39.302532904580744 ] ], [ [ -122.28288992916697, 39.301365094422017 ], [ -122.282620433677749, 39.301365095179932 ], [ -122.282620433880155, 39.301634589299773 ], [ -122.282889928120085, 39.301634589029099 ], [ -122.28288992916697, 39.301365094422017 ] ] ] } },
{ "type": "Feature", "properties": { "csb_id": "061825014745968", "acres": 9.0801540718395106, "geoid": "06011" }, "geometry": { "type": "Polygon", "coordinates": [ [ [ -122.285045885422861, 39.301904083550887 ], [ -122.285045885844809, 39.301634589180146 ], [ -122.284776390834409, 39.301904083703739 ], [ -122.28477639027416, 39.302263409888745 ], [ -122.284147569766105, 39.302263410353319 ], [ -122.284147569747788, 39.30190408404092 ], [ -122.283788243526487, 39.301634589517526 ], [ -122.28378824348377, 39.30136509442319 ], [ -122.284776391111791, 39.301365094609672 ], [ -122.28477639054617, 39.30100576875045 ], [ -122.284506895921496, 39.301005769051578 ], [ -122.284506895776943, 39.300736274371324 ], [ -122.285674705855769, 39.300736274093467 ], [ -122.285674705718847, 39.301365094865488 ], [ -122.285944200387149, 39.301365095101829 ], [ -122.286034031733308, 39.301005768383469 ], [ -122.286213695881713, 39.30100576890743 ], [ -122.286213695337452, 39.300736273867336 ], [ -122.286303526510508, 39.301005768457685 ], [ -122.286932347652495, 39.30100576853021 ], [ -122.28711201061769, 39.300466779054275 ], [ -122.287471336074461, 39.30046677955449 ], [ -122.28747133714117, 39.301365094955081 ], [ -122.287740830836199, 39.301365095227894 ], [ -122.2877408319182, 39.301634589569133 ], [ -122.287471336174448, 39.301904083899728 ], [ -122.287112010983762, 39.301904083654158 ], [ -122.287112011114871, 39.301634589538139 ], [ -122.286573021872584, 39.301634589367922 ], [ -122.286573021182122, 39.301904084098652 ], [ -122.286213695824387, 39.301904084082217 ], [ -122.286213695280111, 39.301634588980498 ], [ -122.285944200735258, 39.3016345890831 ], [ -122.285944201033715, 39.302532904528974 ], [ -122.285315379646732, 39.30253290500373 ], [ -122.285315380330957, 39.301904083673797 ], [ -122.285045885422861, 39.301904083550887 ] ] ] } },
{ "type": "Feature", "properties": { "csb_id": "061825014745982", "acres": 7.4762229906798296, "geoid": "06011" }, "geometry": { "type": "Polygon", "coordinates": [ [ [ -122.285674705718847, 39.301365094865488 ], [ -122.285674705855769, 39.300736274093467 ], [ -122.284506895776943, 39.300736274371324 ], [ -122.284506895921496, 39.301005769051578 ], [ -122.284147569861773, 39.301005768832809 ], [ -122.284147569788502, 39.299568464239911 ], [ -122.284417064786837, 39.299209138045903 ], [ -122.285045884986388, 39.299209137971928 ], [ -122.285045885408309, 39.298939643785751 ], [ -122.285315380061732, 39.298939643432426 ], [ -122.285405211710142, 39.299837959086311 ], [ -122.286303526579871, 39.300107453244458 ], [ -122.286573021171918, 39.30073627438211 ], [ -122.286932347006413, 39.300736273861084 ], [ -122.286932347652495, 39.30100576853021 ], [ -122.286303526510508, 39.301005768457685 ], [ -122.286213695337452, 39.300736273867336 ], [ -122.286034032176872, 39.300736274201697 ], [ -122.285944200387149, 39.301365095101829 ], [ -122.285674705718847, 39.301365094865488 ] ] ] } },
{ "type": "Feature", "properties": { "csb_id": "061825014745998", "acres": 13.5585331971416, "geoid": "06011" }, "geometry": { "type": "Polygon", "coordinates": [ [ [ -122.282889927833708, 39.300466779314647 ], [ -122.282620434442805, 39.300736273516122 ], [ -122.281991613177013, 39.300736274484251 ], [ -122.281991613611723, 39.301005768932065 ], [ -122.280913635053949, 39.301005768540406 ], [ -122.281093298442315, 39.300466779714881 ], [ -122.280284814817151, 39.298939643259956 ], [ -122.280194982351389, 39.298310822840577 ], [ -122.28118313002507, 39.298310823011342 ], [ -122.281452624411145, 39.298041328290154 ], [ -122.281811949933072, 39.298041328575138 ], [ -122.281811950351766, 39.298670148961712 ], [ -122.282350939128676, 39.298670149279822 ], [ -122.282350939774076, 39.298939643829854 ], [ -122.282710265297496, 39.299209138413815 ], [ -122.283249254539285, 39.299209138397053 ], [ -122.283249255054628, 39.300736274154758 ], [ -122.282889929358049, 39.300736274231255 ], [ -122.282889927833708, 39.300466779314647 ] ], [ [ -122.28235093839541, 39.300466779505633 ], [ -122.282350939893078, 39.300107453102562 ], [ -122.281991613450771, 39.300107453280674 ], [ -122.281991613548598, 39.300466778952902 ], [ -122.28235093839541, 39.300466779505633 ] ], [ [ -122.282620433677181, 39.299568464184404 ], [ -122.28235094004765, 39.299568464475882 ], [ -122.282350939247678, 39.299837958472594 ], [ -122.282620434199131, 39.299837959039543 ], [ -122.282620433677181, 39.299568464184404 ] ] ] } },
{ "type": "Feature", "properties": { "csb_id": "061825014746014", "acres": 5.8054878389638596, "geoid": "06011" }, "geometry": { "type": "Polygon", "coordinates": [ [ [ -122.290795103641614, 39.297143013182144 ], [ -122.293220554399724, 39.297143012779642 ], [ -122.293220553921415, 39.297682001951216 ], [ -122.291693418592601, 39.297682001843967 ], [ -122.292322238687063, 39.298041328457273 ], [ -122.292322238643834, 39.298310822793219 ], [ -122.291423923588425, 39.298310823087789 ], [ -122.291423924167319, 39.298670148413798 ], [ -122.290795102768541, 39.298670148545561 ], [ -122.290525608199374, 39.298310822545588 ], [ -122.290525608656807, 39.298041327711559 ], [ -122.290795103286058, 39.297682002131332 ], [ -122.291154429539333, 39.297682001837515 ], [ -122.291154429103344, 39.297412507660979 ], [ -122.290795102741143, 39.297412507340219 ], [ -122.290795103641614, 39.297143013182144 ] ] ] } },
{ "type": "Feature", "properties": { "csb_id": "061825014746015", "acres": 6.4643557347834202, "geoid": "06011" }, "geometry": { "type": "Polygon", "coordinates": [ [ [ -122.281811950351766, 39.298670148961712 ], [ -122.281811949933072, 39.298041328575138 ], [ -122.281452624411145, 39.298041328290154 ], [ -122.28118313002507, 39.298310823011342 ], [ -122.280554309057536, 39.298310823074061 ], [ -122.280554308462584, 39.297682002362293 ], [ -122.280823803443042, 39.297682002289619 ], [ -122.280823803547293, 39.297143012753551 ], [ -122.281452624664425, 39.297143012815724 ], [ -122.28145262441511, 39.297682002467951 ], [ -122.282350939114224, 39.296783686970137 ], [ -122.281991613241516, 39.296783686881994 ], [ -122.281722118888283, 39.296244697374831 ], [ -122.281991613178391, 39.29624469747975 ], [ -122.281991613932604, 39.29651419247908 ], [ -122.282350939594664, 39.296514192323542 ], [ -122.282350940075048, 39.296244697695386 ], [ -122.282889928488089, 39.296244697422068 ], [ -122.282889928886547, 39.296514192293884 ], [ -122.28262043408084, 39.296514192170882 ], [ -122.282620433275142, 39.298310822876608 ], [ -122.282081445143348, 39.298670148861113 ], [ -122.281811950351766, 39.298670148961712 ] ] ] } },
{ "type": "Feature", "properties": { "csb_id": "061825014746036", "acres": 4.13457896836844, "geoid": "06011" }, "geometry": { "type": "Polygon", "coordinates": [ [ [ -122.280284814009192, 39.295885371967543 ], [ -122.279925488559996, 39.295885371432888 ], [ -122.279925488416112, 39.29561587707979 ], [ -122.280554309150531, 39.295615877033931 ], [ -122.280554308619713, 39.296244697660661 ], [ -122.280823803076999, 39.296244697471927 ], [ -122.281093298194435, 39.295885371285245 ], [ -122.2817221186816, 39.295885371472302 ], [ -122.281991613658874, 39.297143013109775 ], [ -122.280554309445733, 39.297143013069771 ], [ -122.280554308850768, 39.296514192543839 ], [ -122.280284814009192, 39.295885371967543 ] ] ] } },
{ "type": "Feature", "properties": { "csb_id": "061825014746046", "acres": 6.2830376924436804, "geoid": "06011" }, "geometry": { "type": "Polygon", "coordinates": [ [ [ -122.284147568438797, 39.298310822965831 ], [ -122.284147570738213, 39.297682002299183 ], [ -122.284506895908777, 39.29768200192553 ], [ -122.284506896583281, 39.298041328096339 ], [ -122.284776391272885, 39.298041328177433 ], [ -122.285405211737995, 39.297143012855067 ], [ -122.285405211431311, 39.296783686649782 ], [ -122.28513571740281, 39.296783686942547 ], [ -122.285135717171059, 39.29651419206354 ], [ -122.284776390863556, 39.296244697417869 ], [ -122.284506895781988, 39.296244697940303 ], [ -122.284506896088743, 39.295615877358728 ], [ -122.284776391402659, 39.295615877207332 ], [ -122.284776391061996, 39.295346381793166 ], [ -122.284506895624659, 39.2953463821882 ], [ -122.284506896075968, 39.294987056018634 ], [ -122.285045884916869, 39.294987056362537 ], [ -122.285135717497369, 39.294717561765104 ], [ -122.285944200475285, 39.294717561375968 ], [ -122.285944200017212, 39.294987056005318 ], [ -122.285674706083384, 39.294987056106677 ], [ -122.28567470626605, 39.29561587682096 ], [ -122.285135716611535, 39.295615876505067 ], [ -122.285135716843314, 39.295885371322854 ], [ -122.285405211227555, 39.295885371157446 ], [ -122.285674706114079, 39.296514192124697 ], [ -122.285674705962037, 39.297412507632465 ], [ -122.285405211622177, 39.29804132777484 ], [ -122.285135716844763, 39.298310823178191 ], [ -122.284147568438797, 39.298310822965831 ] ] ] } },
{ "type": "Feature", "properties": { "csb_id": "061825014746064", "acres": 28.4171813813964, "geoid": "06011" }, "geometry": { "type": "Polygon", "coordinates": [ [ [ -122.288998473013805, 39.295615876408291 ], [ -122.288728978520581, 39.295615878090878 ], [ -122.288728978266491, 39.295346383186107 ], [ -122.288369652810545, 39.295346383460014 ], [ -122.288369652577757, 39.295885371942212 ], [ -122.28899847346409, 39.29588537243346 ], [ -122.288998473013805, 39.295615876408291 ], [ -122.289357798513521, 39.295615877383945 ], [ -122.289537461293605, 39.296244697702654 ], [ -122.289896788560824, 39.296514192450559 ], [ -122.289267967206882, 39.296514193556277 ], [ -122.289267967700681, 39.296783687067631 ], [ -122.289627293043253, 39.296783687626551 ], [ -122.289537461981098, 39.297412507008765 ], [ -122.288998472500012, 39.297412507481127 ], [ -122.288998472727783, 39.296783686641561 ], [ -122.28836965175887, 39.29678368726325 ], [ -122.288369652022325, 39.297412507742713 ], [ -122.287201842201952, 39.297412507707946 ], [ -122.28720184240494, 39.297682001535115 ], [ -122.286573021658697, 39.297682001559835 ], [ -122.286034032839368, 39.297412507762793 ], [ -122.286034031837573, 39.297143013211922 ], [ -122.286932347287618, 39.297143013297436 ], [ -122.286932346961706, 39.29651419186419 ], [ -122.286573021328934, 39.296514192235932 ], [ -122.28630352646573, 39.296244697745422 ], [ -122.286303526526893, 39.295885371505406 ], [ -122.286573022189415, 39.295885372248357 ], [ -122.286573021655826, 39.294987055752685 ], [ -122.287201842001707, 39.294987055389967 ], [ -122.287201841892298, 39.295346382523171 ], [ -122.287471337315125, 39.295346382796765 ], [ -122.287471336407677, 39.294987056521933 ], [ -122.287830662819729, 39.294987056390134 ], [ -122.28783066260749, 39.294088740363783 ], [ -122.288728977937751, 39.294088740663007 ], [ -122.288639147076466, 39.294717561672037 ], [ -122.289537461029695, 39.294717560912403 ], [ -122.289357798680712, 39.294358236015476 ], [ -122.289627293253758, 39.29408874098344 ], [ -122.289627293340885, 39.294717560653098 ], [ -122.290256113723572, 39.294717561062271 ], [ -122.2902561143772, 39.294448067575033 ], [ -122.290525608875228, 39.294088742183376 ], [ -122.29079510330314, 39.294088741893304 ], [ -122.29079510266817, 39.293190425626328 ], [ -122.291064597771467, 39.293190425739056 ], [ -122.291064598192932, 39.293459920486562 ], [ -122.291334092047123, 39.293459920503992 ], [ -122.291064597309585, 39.293819246230328 ], [ -122.291154429783631, 39.294448068036303 ], [ -122.292232407375039, 39.294358235521422 ], [ -122.292232407460276, 39.294717561463116 ], [ -122.292951059959279, 39.294717561884291 ], [ -122.292951060003347, 39.294987056481119 ], [ -122.292232407402594, 39.294987056430926 ], [ -122.29223240711049, 39.295615876581834 ], [ -122.291693418508359, 39.295885372080448 ], [ -122.291423923833051, 39.29588537199227 ], [ -122.291423924646224, 39.295615877450857 ], [ -122.291154430167154, 39.295615877882057 ], [ -122.291154428349685, 39.296514192484025 ], [ -122.291962913058171, 39.296244697422416 ], [ -122.291962912863994, 39.295885370727554 ], [ -122.292232408498208, 39.295885372225335 ], [ -122.292052745004725, 39.296783686678751 ], [ -122.291693418870125, 39.296783687718516 ], [ -122.291693418214322, 39.297143012534598 ], [ -122.291334092868894, 39.297143012909281 ], [ -122.290435776654675, 39.296514192512525 ], [ -122.290795101619679, 39.296514192279723 ], [ -122.290795103614215, 39.29588537246287 ], [ -122.290435777751071, 39.295885371710092 ], [ -122.290256113639074, 39.295346382050084 ], [ -122.289357798172162, 39.295346381991763 ], [ -122.289357799319774, 39.294987056957154 ], [ -122.28899847211585, 39.294987056097924 ], [ -122.288998473013805, 39.295615876408291 ] ], [ [ -122.290795103330538, 39.295346382041906 ], [ -122.291064597933016, 39.295346382143933 ], [ -122.29106459726917, 39.294717561654188 ], [ -122.290795102434359, 39.294717561181223 ], [ -122.290795103330538, 39.295346382041906 ] ], [ [ -122.287740831792632, 39.296514193034184 ], [ -122.287740830782383, 39.29714301163775 ], [ -122.288010326452479, 39.297143013066396 ], [ -122.2880103256105, 39.296514192502485 ], [ -122.288369652035072, 39.296514193380936 ], [ -122.288369651672056, 39.29624469780024 ], [ -122.287471336449812, 39.296244698377329 ], [ -122.287471336209791, 39.296514191510191 ], [ -122.287740831792632, 39.296514193034184 ] ] ] } },
{ "type": "Feature", "properties": { "csb_id": "061825014746075", "acres": 4.1060855567811503, "geoid": "06011" }, "geometry": { "type": "Polygon", "coordinates": [ [ [ -122.291154429582264, 39.294088740518852 ], [ -122.291334092047123, 39.293459920503992 ], [ -122.292052744622609, 39.293459920605166 ], [ -122.292052744222772, 39.293190425984889 ], [ -122.292591734095751, 39.293190425826346 ], [ -122.293220554136624, 39.293819246838993 ], [ -122.293220553900554, 39.294448066794054 ], [ -122.292322239328186, 39.294448067130752 ], [ -122.292322238797468, 39.294088741213422 ], [ -122.291154429582264, 39.294088740518852 ] ] ] } },
{ "type": "Feature", "properties": { "csb_id": "061825014746106", "acres": 6.3598097182244002, "geoid": "06011" }, "geometry": { "type": "Polygon", "coordinates": [ [ [ -122.281183129089655, 39.293190425519299 ], [ -122.2811831301117, 39.29256160501717 ], [ -122.28055430904692, 39.292561604767833 ], [ -122.280554309027153, 39.291663289294632 ], [ -122.281093298259918, 39.291663289238485 ], [ -122.281183129372678, 39.291124300593722 ], [ -122.282350939724765, 39.291124300654253 ], [ -122.282350939837428, 39.292022615240867 ], [ -122.281811949711553, 39.292022615713158 ], [ -122.282350939196178, 39.292561604800021 ], [ -122.28235093914391, 39.292920931132308 ], [ -122.28208144468006, 39.292920930807107 ], [ -122.2820814446426, 39.293190425824065 ], [ -122.281183129089655, 39.293190425519299 ] ], [ [ -122.281183129793419, 39.292292109915387 ], [ -122.281183129794613, 39.292022615690257 ], [ -122.280823803252062, 39.292022615634721 ], [ -122.280823803359695, 39.292292110474641 ], [ -122.281183129793419, 39.292292109915387 ] ] ] } },
{ "type": "Feature", "properties": { "csb_id": "061825014746125", "acres": 8.4797909662210706, "geoid": "06011" }, "geometry": { "type": "Polygon", "coordinates": [ [ [ -122.295017185259667, 39.293459920040085 ], [ -122.295017184426257, 39.291663289349792 ], [ -122.29447819580902, 39.291663289199469 ], [ -122.294478196260272, 39.292022615374279 ], [ -122.293220554128098, 39.292022616177469 ], [ -122.293220554771239, 39.291663289260946 ], [ -122.293490048886454, 39.291393794791226 ], [ -122.293490048683736, 39.291663289650032 ], [ -122.293759543241976, 39.29139379521223 ], [ -122.2937595435681, 39.291124300127969 ], [ -122.294388364871352, 39.291124300564142 ], [ -122.294388364865526, 39.290764974470441 ], [ -122.294118869957984, 39.290764974180007 ], [ -122.294118869267379, 39.290495479996615 ], [ -122.295915500319651, 39.29049548004204 ], [ -122.295915500803659, 39.291124300669097 ], [ -122.295556173826355, 39.291124300553285 ], [ -122.295646005238467, 39.292920931044335 ], [ -122.295915500604167, 39.292920930597141 ], [ -122.29591549977728, 39.293190425792751 ], [ -122.295376510963834, 39.293459919855792 ], [ -122.295017185259667, 39.293459920040085 ] ], [ [ -122.295017185217077, 39.291393794988963 ], [ -122.295017184882227, 39.291124300890111 ], [ -122.294478195451774, 39.291124300856431 ], [ -122.29447819635304, 39.291393795326144 ], [ -122.295017185217077, 39.291393794988963 ] ] ] } },
{ "type": "Feature", "properties": { "csb_id": "061825014746126", "acres": 6.7227709177368302, "geoid": "06011" }, "geometry": { "type": "Polygon", "coordinates": [ [ [ -122.292322239519962, 39.291663289798969 ], [ -122.29232223924356, 39.291393795056784 ], [ -122.291423923622602, 39.29139379548856 ], [ -122.291154429369442, 39.291663289421983 ], [ -122.291154429251208, 39.292022615861711 ], [ -122.290435776935709, 39.292022615465662 ], [ -122.290435776586762, 39.291393794760445 ], [ -122.291064597111188, 39.291124300319645 ], [ -122.291693418122534, 39.291124300503164 ], [ -122.291693419075585, 39.29049548007778 ], [ -122.293490049237917, 39.290495480033933 ], [ -122.293759543303452, 39.290764974765459 ], [ -122.293759543241976, 39.29139379521223 ], [ -122.293490048886454, 39.291393794791226 ], [ -122.293220554771239, 39.291663289260946 ], [ -122.292322239519962, 39.291663289798969 ] ] ] } },
{ "type": "Feature", "properties": { "csb_id": "061825014746127", "acres": 6.0351709425533597, "geoid": "06011" }, "geometry": { "type": "Polygon", "coordinates": [ [ [ -122.289537461521206, 39.292920930956114 ], [ -122.289357798143428, 39.29229211029525 ], [ -122.289537461894014, 39.292292110712701 ], [ -122.289537462010173, 39.292022615302606 ], [ -122.290166281992498, 39.292022615826298 ], [ -122.289896787680973, 39.291393794771885 ], [ -122.289896787906059, 39.291124300037175 ], [ -122.290166282079326, 39.291124300630152 ], [ -122.29016628262373, 39.290495479452233 ], [ -122.291693419075585, 39.29049548007778 ], [ -122.291693418122534, 39.291124300503164 ], [ -122.291064597111188, 39.291124300319645 ], [ -122.290435776586762, 39.291393794760445 ], [ -122.290435776935709, 39.292022615465662 ], [ -122.290795102933657, 39.292022615752487 ], [ -122.290795103478501, 39.292292110177065 ], [ -122.290435777589508, 39.292292110504874 ], [ -122.290435777146953, 39.293190425837565 ], [ -122.289537461521206, 39.292920930956114 ] ] ] } },
{ "type": "Feature", "properties": { "csb_id": "061825014746128", "acres": 2.9698609251045198, "geoid": "06011" }, "geometry": { "type": "Polygon", "coordinates": [ [ [ -122.284147568507706, 39.291393795455853 ], [ -122.284147570167846, 39.290764974169612 ], [ -122.28441706447876, 39.290764974817442 ], [ -122.284417064348787, 39.290495479976073 ], [ -122.285045885603338, 39.290495480002363 ], [ -122.28504588547105, 39.291124300747605 ], [ -122.28567470606734, 39.291124300779892 ], [ -122.285674705732688, 39.291393794921781 ], [ -122.285045885368717, 39.291393795260511 ], [ -122.285045885236428, 39.292022616147712 ], [ -122.284776390751077, 39.292022615885003 ], [ -122.284147568507706, 39.291393795455853 ] ] ] } },
{ "type": "Feature", "properties": { "csb_id": "061825014746147", "acres": 6.0639670183271601, "geoid": "06011" }, "geometry": { "type": "Polygon", "coordinates": [ [ [ -122.281183129228936, 39.289237838276847 ], [ -122.283249254152366, 39.28923783829552 ], [ -122.283249254341399, 39.289866659108455 ], [ -122.282979759827214, 39.289866659484986 ], [ -122.282979760661561, 39.290764974391365 ], [ -122.282081445169297, 39.290495480153567 ], [ -122.282081445150169, 39.289866658615495 ], [ -122.28181195046875, 39.289866659285543 ], [ -122.281811949995202, 39.290225984887165 ], [ -122.28145262452432, 39.290495479878444 ], [ -122.280554308776317, 39.290495479531309 ], [ -122.280554308545263, 39.290225985056637 ], [ -122.280913635503907, 39.290225984798575 ], [ -122.28091363560965, 39.289866659313013 ], [ -122.281452624013951, 39.28986665870012 ], [ -122.281452624138581, 39.289597164395452 ], [ -122.2811831296533, 39.289597164807695 ], [ -122.281183129228936, 39.289237838276847 ] ] ] } },
{ "type": "Feature", "properties": { "csb_id": "061825014746187", "acres": 49.179501654576796, "geoid": "06011" }, "geometry": { "type": "Polygon", "coordinates": [ [ [ -122.283608581238681, 39.294448067170578 ], [ -122.28360858050236, 39.293819246004581 ], [ -122.284147570149145, 39.293819246323643 ], [ -122.284147569624025, 39.292920931237397 ], [ -122.284506895616857, 39.292920931140905 ], [ -122.284506895604054, 39.29229211022794 ], [ -122.284147570158481, 39.292292109953372 ], [ -122.28414756909892, 39.292022616354188 ], [ -122.284417065196621, 39.292022615772645 ], [ -122.28450689559125, 39.291663289414437 ], [ -122.284776390751077, 39.292022615885003 ], [ -122.284776390552636, 39.292920930756978 ], [ -122.285135717184517, 39.292920930564321 ], [ -122.285135716856828, 39.292292110393412 ], [ -122.285405211218759, 39.292292110122851 ], [ -122.285405211429975, 39.292022616163798 ], [ -122.285045885236428, 39.292022616147712 ], [ -122.285045885368717, 39.291393795260511 ], [ -122.285674705732688, 39.291393794921781 ], [ -122.28567470606734, 39.291124300779892 ], [ -122.28504588547105, 39.291124300747605 ], [ -122.285045885603338, 39.290495480002363 ], [ -122.284147569914467, 39.29049547957186 ], [ -122.283878075295675, 39.289866659273315 ], [ -122.283878075597826, 39.289237838100512 ], [ -122.28414756985768, 39.289237838112882 ], [ -122.284147569631969, 39.287800534108371 ], [ -122.284776391292255, 39.28780053405481 ], [ -122.284776390187702, 39.288070028343199 ], [ -122.284506896254825, 39.288070028704844 ], [ -122.284506896718881, 39.288339523382447 ], [ -122.284776390287732, 39.288698849077285 ], [ -122.285135716717789, 39.288698849034219 ], [ -122.285135716548979, 39.287441208163493 ], [ -122.28441706426544, 39.287441207933341 ], [ -122.284417064135468, 39.287171713316297 ], [ -122.285405210925347, 39.287171713181749 ], [ -122.285405211942646, 39.286902218466551 ], [ -122.285674706187578, 39.286902218864796 ], [ -122.28603403193658, 39.287171713162003 ], [ -122.286303526388636, 39.287800534000496 ], [ -122.286303526783129, 39.289237837949464 ], [ -122.286932347712309, 39.289597164523997 ], [ -122.288100157280738, 39.289597164916671 ], [ -122.288100156970387, 39.290225985730849 ], [ -122.288728978028871, 39.290495479873172 ], [ -122.29016628262373, 39.290495479452233 ], [ -122.290166282079326, 39.291124300630152 ], [ -122.289896787906059, 39.291124300037175 ], [ -122.289896787680973, 39.291393794771885 ], [ -122.289627293144648, 39.291393795312835 ], [ -122.289627293551362, 39.292022615414226 ], [ -122.289357799247369, 39.292022615743377 ], [ -122.289357798165184, 39.292561604621611 ], [ -122.28747133651207, 39.292561604597587 ], [ -122.287471336293791, 39.292920930896415 ], [ -122.287830662424625, 39.292920931390185 ], [ -122.287830662714867, 39.293190425399146 ], [ -122.286932348062251, 39.293819246503091 ], [ -122.28603403234753, 39.293819246118794 ], [ -122.286034032619355, 39.293459920342372 ], [ -122.285674706052731, 39.293459920677257 ], [ -122.285674706235397, 39.294088741149324 ], [ -122.285405210820088, 39.294088740784318 ], [ -122.285135716937845, 39.293819246614035 ], [ -122.285135716522333, 39.293459920095536 ], [ -122.284776390914374, 39.293459920415607 ], [ -122.284776390694844, 39.29408874114241 ], [ -122.28414757042087, 39.294448066747492 ], [ -122.283608581238681, 39.294448067170578 ] ], [ [ -122.286303526262941, 39.29319042543684 ], [ -122.286932347736311, 39.293190425597402 ], [ -122.286932347890101, 39.292292110454056 ], [ -122.286573021013808, 39.292292110061744 ], [ -122.286573020792488, 39.292920931196207 ], [ -122.286303526510338, 39.29292093068586 ], [ -122.286303526262941, 39.29319042543684 ] ], [ [ -122.286034031693859, 39.292561604999705 ], [ -122.286034031817849, 39.292292110535058 ], [ -122.285674705900234, 39.292292110127931 ], [ -122.285674705885157, 39.292561605207233 ], [ -122.286034031693859, 39.292561604999705 ] ], [ [ -122.286303527066295, 39.292022615348749 ], [ -122.287471337159047, 39.292022616068579 ], [ -122.287471336579046, 39.291124300828997 ], [ -122.287112010032189, 39.291124300390237 ], [ -122.287112010540241, 39.291393795506806 ], [ -122.286842515981903, 39.291663289696366 ], [ -122.286303527127458, 39.29166328949109 ], [ -122.286303527066295, 39.292022615348749 ] ], [ [ -122.288369652239595, 39.290764974202787 ], [ -122.288369651653539, 39.291124300455685 ], [ -122.28801032559322, 39.291124300646594 ], [ -122.288010325578242, 39.291663289784893 ], [ -122.288369651740325, 39.29166328922306 ], [ -122.28863914671976, 39.291393795048293 ], [ -122.288639146049476, 39.290764974177108 ], [ -122.288369652239595, 39.290764974202787 ] ], [ [ -122.286034032299185, 39.288698849602298 ], [ -122.285674706036133, 39.288698849416662 ], [ -122.285674706021055, 39.28896834425295 ], [ -122.285405211485283, 39.288968344109435 ], [ -122.285405211593627, 39.289237838720283 ], [ -122.286034032051262, 39.289237838063734 ], [ -122.286034032299185, 39.288698849602298 ] ] ] } },
{ "type": "Feature", "properties": { "csb_id": "061825014746203", "acres": 3.2661416987099998, "geoid": "06011" }, "geometry": { "type": "Polygon", "coordinates": [ [ [ -122.281991613669007, 39.286542892048494 ], [ -122.281991612914851, 39.286273397724315 ], [ -122.281452624722405, 39.286273398059052 ], [ -122.281452624087436, 39.285914071583214 ], [ -122.282350939282935, 39.285375082382792 ], [ -122.282350939335231, 39.285015756729635 ], [ -122.282620433652653, 39.285015756633427 ], [ -122.282620433936927, 39.284746261680944 ], [ -122.283249254344781, 39.284746262012511 ], [ -122.283249254953844, 39.285015756350248 ], [ -122.28297976031692, 39.285015756947963 ], [ -122.282620433811047, 39.285375082530209 ], [ -122.282620434652372, 39.285644577281275 ], [ -122.282889929057049, 39.285644577089556 ], [ -122.282889928698864, 39.286273397708541 ], [ -122.282350938908991, 39.286273397636684 ], [ -122.282350939873766, 39.286542892204558 ], [ -122.281991613669007, 39.286542892048494 ] ] ] } },
{ "type": "Feature", "properties": { "csb_id": "061825014746272", "acres": 3.29493305565782, "geoid": "06011" }, "geometry": { "type": "Polygon", "coordinates": [ [ [ -122.293220554593375, 39.282320810928965 ], [ -122.293220554353113, 39.282051316084413 ], [ -122.29438836402224, 39.282051316534584 ], [ -122.294388364589366, 39.282320810393713 ], [ -122.294657858791282, 39.282320810874481 ], [ -122.294747690640094, 39.283219125485196 ], [ -122.293759543582297, 39.28321912609232 ], [ -122.293490049452473, 39.282949631466266 ], [ -122.293490048961999, 39.282320811116556 ], [ -122.293220554593375, 39.282320810928965 ] ] ] } },
{ "type": "Feature", "properties": { "csb_id": "061825014746296", "acres": 5.3579602588026196, "geoid": "06011" }, "geometry": { "type": "Polygon", "coordinates": [ [ [ -122.29322055499614, 39.28169199006286 ], [ -122.292861227970491, 39.281422495894539 ], [ -122.292591733885374, 39.281422495936575 ], [ -122.292591733412792, 39.281153000781202 ], [ -122.292861228920344, 39.28079367479765 ], [ -122.293220554033098, 39.280793674778067 ], [ -122.29322055467803, 39.28025468506744 ], [ -122.293849375531579, 39.280254685520283 ], [ -122.294118869813644, 39.280524180057839 ], [ -122.29438836393561, 39.281422495477329 ], [ -122.29438836402224, 39.282051316534584 ], [ -122.293220554353113, 39.282051316084413 ], [ -122.29322055499614, 39.28169199006286 ] ] ] } },
{ "type": "Feature", "properties": { "csb_id": "061825014746389", "acres": 26.7708057400665, "geoid": "06011" }, "geometry": { "type": "Polygon", "coordinates": [ [ [ -122.288369651466368, 39.279625864695781 ], [ -122.286213695654268, 39.278098729128416 ], [ -122.285315380219899, 39.277649571619726 ], [ -122.285045884822992, 39.277200413238603 ], [ -122.285315379751054, 39.276302098335421 ], [ -122.28477639101753, 39.276302098608028 ], [ -122.284776390357493, 39.27603260363383 ], [ -122.285045885843303, 39.275673277945948 ], [ -122.288369651187537, 39.27567327746538 ], [ -122.288369652366086, 39.276032603842872 ], [ -122.288639146435116, 39.276302098474666 ], [ -122.288998472608583, 39.276302098157956 ], [ -122.288998473058768, 39.276571592884444 ], [ -122.289267966961049, 39.276571593037104 ], [ -122.289267967452346, 39.276930918752193 ], [ -122.288998472664176, 39.277200413367723 ], [ -122.288998473114333, 39.277469908153826 ], [ -122.288639145972468, 39.277469908354107 ], [ -122.288728978599465, 39.278098729641208 ], [ -122.289267967798594, 39.278098729903931 ], [ -122.289267966844932, 39.278458055139801 ], [ -122.288998472775347, 39.278997044384582 ], [ -122.288639146204162, 39.279356370038599 ], [ -122.288369652228937, 39.279356370009801 ], [ -122.288369651466368, 39.279625864695781 ] ] ] } },
{ "type": "Feature", "properties": { "csb_id": "061825014746879", "acres": 22.426922737793902, "geoid": "06011" }, "geometry": { "type": "Polygon", "coordinates": [ [ [ -122.2814526241972, 39.247017020362811 ], [ -122.281452623993701, 39.246118705089039 ], [ -122.281722118957873, 39.246118705168129 ], [ -122.281722119053569, 39.24584920981588 ], [ -122.280554308604266, 39.245849210609357 ], [ -122.280284813968194, 39.245579715846823 ], [ -122.280194982426892, 39.245220389548507 ], [ -122.280194983200019, 39.244591569041688 ], [ -122.280823803130914, 39.244052579443213 ], [ -122.280823803210353, 39.243693253460648 ], [ -122.280554309386019, 39.243693253143185 ], [ -122.280554309322255, 39.243423758919931 ], [ -122.280823803329469, 39.243154264543968 ], [ -122.281452624161304, 39.243154264374027 ], [ -122.28145262421657, 39.24369325426516 ], [ -122.282620434939403, 39.243693254165272 ], [ -122.282620433946292, 39.243423758480283 ], [ -122.282889928365435, 39.243423758618938 ], [ -122.283249255125114, 39.243693253496801 ], [ -122.283249254348547, 39.244950894512463 ], [ -122.283518749138096, 39.244950895367054 ], [ -122.283518749514371, 39.244591570061779 ], [ -122.283878075994693, 39.244591569888108 ], [ -122.283878075957489, 39.245579716323078 ], [ -122.28360858164848, 39.246478031985909 ], [ -122.282889928781145, 39.246478031237153 ], [ -122.282889929243481, 39.247017020067432 ], [ -122.2814526241972, 39.247017020362811 ] ] ] } },
{ "type": "Feature", "properties": { "csb_id": "061825014747056", "acres": 3.4855849395348302, "geoid": "06011" }, "geometry": { "type": "Polygon", "coordinates": [ [ [ -122.036841371957777, 39.228062567360823 ], [ -122.036841372830111, 39.226715094254459 ], [ -122.038099013957279, 39.226804925967585 ], [ -122.038099013255916, 39.227433746641886 ], [ -122.038009182261078, 39.227164251814308 ], [ -122.037739687058007, 39.227164252306622 ], [ -122.037739687451051, 39.228332061886661 ], [ -122.037200698319339, 39.22833206176724 ], [ -122.037200698375372, 39.228062567761484 ], [ -122.036841371957777, 39.228062567360823 ] ] ] } },
{ "type": "Feature", "properties": { "csb_id": "061825014747082", "acres": 3.8158156183232901, "geoid": "06011" }, "geometry": { "type": "Polygon", "coordinates": [ [ [ -122.020851358633294, 39.225637116444865 ], [ -122.020222539761079, 39.225637116209271 ], [ -122.020222539889346, 39.22590661039974 ], [ -122.019683550677328, 39.225906610630737 ], [ -122.019324224530848, 39.22536762126574 ], [ -122.019324224531658, 39.225008295099322 ], [ -122.02139034974239, 39.225008295172294 ], [ -122.021480181004108, 39.225906610754919 ], [ -122.020851359972553, 39.22590661087655 ], [ -122.020851358633294, 39.225637116444865 ] ] ] } },
{ "type": "Feature", "properties": { "csb_id": "061825014747202", "acres": 5.8093669542434503, "geoid": "06011" }, "geometry": { "type": "Polygon", "coordinates": [ [ [ -122.033517605243787, 39.217103120917457 ], [ -122.033158279765246, 39.215036995624466 ], [ -122.03387693180504, 39.215036995623208 ], [ -122.033876931691097, 39.214767501415693 ], [ -122.034415921592398, 39.214767501551563 ], [ -122.034415921132236, 39.217103121361646 ], [ -122.033517605243787, 39.217103120917457 ] ] ] } },
{ "type": "Feature", "properties": { "csb_id": "061825014747252", "acres": 2.8201981566668701, "geoid": "06011" }, "geometry": { "type": "Polygon", "coordinates": [ [ [ -122.033158279306406, 39.212970870983547 ], [ -122.033158279295506, 39.212701376525956 ], [ -122.032619290749324, 39.212701375801331 ], [ -122.032619290403787, 39.212342050526992 ], [ -122.033158279656064, 39.212342050527489 ], [ -122.033158279328916, 39.2120725552492 ], [ -122.032888785545879, 39.212072555111128 ], [ -122.032888784539495, 39.211443734647865 ], [ -122.03351760588582, 39.211443734824464 ], [ -122.033517605665267, 39.211174240218405 ], [ -122.033787100119369, 39.211174239989106 ], [ -122.033517605693973, 39.212970870617546 ], [ -122.033158279306406, 39.212970870983547 ] ] ] } },
{ "type": "Feature", "properties": { "csb_id": "061825014747253", "acres": 12.0167878689165, "geoid": "06011" }, "geometry": { "type": "Polygon", "coordinates": [ [ [ -122.029565018584236, 39.211174239957536 ], [ -122.029565018862726, 39.212072555169229 ], [ -122.029654849761059, 39.212072555593586 ], [ -122.029654850563929, 39.211803061027283 ], [ -122.029924344192196, 39.211803060569757 ], [ -122.02983451367291, 39.212342050347829 ], [ -122.030463333422631, 39.212342050354579 ], [ -122.030463333472568, 39.21207255528924 ], [ -122.031631144571605, 39.212072556424715 ], [ -122.031631143994801, 39.212701375905411 ], [ -122.031361648735711, 39.212970870866343 ], [ -122.030463334115254, 39.21297087113728 ], [ -122.030193839573371, 39.213869185626052 ], [ -122.029295524374561, 39.213869186330591 ], [ -122.029295524487395, 39.214138680540117 ], [ -122.028666703578452, 39.214138680811487 ], [ -122.028666703234919, 39.213869186225594 ], [ -122.028397208354463, 39.213599691862015 ], [ -122.027768386314293, 39.213599691621162 ], [ -122.027768386719288, 39.213240365705524 ], [ -122.028037882148894, 39.212701376338558 ], [ -122.029295523628434, 39.212701376480886 ], [ -122.029295522995142, 39.211803061006698 ], [ -122.029026028557752, 39.211803061203348 ], [ -122.029026029801173, 39.211443734844657 ], [ -122.028666703519292, 39.21144373496842 ], [ -122.028666702050486, 39.211174240788104 ], [ -122.029565018584236, 39.211174239957536 ] ] ] } },
{ "type": "Feature", "properties": { "csb_id": "061825014747263", "acres": 3.1548372862942702, "geoid": "06011" }, "geometry": { "type": "Polygon", "coordinates": [ [ [ -122.038638003024559, 39.211713229392394 ], [ -122.037021035517682, 39.211713229783676 ], [ -122.037110867191402, 39.210545419649527 ], [ -122.037380361030245, 39.210545419614085 ], [ -122.037380361148919, 39.210814914501739 ], [ -122.037739687543393, 39.210814914486427 ], [ -122.037739687203072, 39.210275925103652 ], [ -122.038099014254158, 39.210814914293003 ], [ -122.038099014185477, 39.211443734391402 ], [ -122.038638003051048, 39.21144373434344 ], [ -122.038638003024559, 39.211713229392394 ] ] ] } },
{ "type": "Feature", "properties": { "csb_id": "061825014747265", "acres": 8.4987842958944206, "geoid": "06011" }, "geometry": { "type": "Polygon", "coordinates": [ [ [ -122.025342936755479, 39.213869185619259 ], [ -122.025342936874438, 39.213599691745088 ], [ -122.025702262973937, 39.21359969149534 ], [ -122.025702263164945, 39.212701375936433 ], [ -122.025342936697754, 39.212701376292394 ], [ -122.025342936935829, 39.211713229690396 ], [ -122.025612431813315, 39.211443735027373 ], [ -122.025971757184436, 39.211443734646345 ], [ -122.025971757217945, 39.211174240437295 ], [ -122.026870072739243, 39.211174239806972 ], [ -122.026870073003408, 39.213869185956774 ], [ -122.025342936755479, 39.213869185619259 ] ] ] } },
{ "type": "Feature", "properties": { "csb_id": "061825014747366", "acres": 7.27908740323487, "geoid": "06011" }, "geometry": { "type": "Polygon", "coordinates": [ [ [ -122.013575006998124, 39.204257212306757 ], [ -122.013575007065825, 39.203897886535877 ], [ -122.013305511500221, 39.203628392263745 ], [ -122.013036017527313, 39.203628392060054 ], [ -122.013036017698141, 39.203269065962978 ], [ -122.013305511995085, 39.202999571070094 ], [ -122.013575006198579, 39.202999571066954 ], [ -122.013844500745364, 39.203269065576947 ], [ -122.014473321316885, 39.203269065365596 ], [ -122.014742816355479, 39.202999570691375 ], [ -122.014742816682826, 39.202730076605462 ], [ -122.015730962940665, 39.202730076810063 ], [ -122.015730962908222, 39.202999571619607 ], [ -122.016269952259421, 39.203269065767998 ], [ -122.016180121113237, 39.203628392108286 ], [ -122.015371636883032, 39.203628392230719 ], [ -122.014742816106789, 39.203897886718906 ], [ -122.014742816678805, 39.204526706773329 ], [ -122.013844501399689, 39.204526706998237 ], [ -122.013575006998124, 39.204257212306757 ] ] ] } },
{ "type": "Feature", "properties": { "csb_id": "061825014747412", "acres": 3.1649403300246699, "geoid": "06011" }, "geometry": { "type": "Polygon", "coordinates": [ [ [ -122.020851360797877, 39.199496141905286 ], [ -122.020851360579485, 39.198507995685056 ], [ -122.022288664863993, 39.198507994767084 ], [ -122.022288665349322, 39.19904698495624 ], [ -122.022109001876714, 39.199046983469159 ], [ -122.022019169866795, 39.199496141110679 ], [ -122.020851360797877, 39.199496141905286 ] ] ] } },
{ "type": "Feature", "properties": { "csb_id": "061825014747502", "acres": 10.887036187953401, "geoid": "06011" }, "geometry": { "type": "Polygon", "coordinates": [ [ [ -122.00692747316306, 39.193387597178578 ], [ -122.006927473614567, 39.19186046196058 ], [ -122.007196968960187, 39.191321473446244 ], [ -122.008185115271871, 39.191231640596641 ], [ -122.008454609740966, 39.190962147458279 ], [ -122.008454609821172, 39.19060281983645 ], [ -122.009352924223194, 39.190602819891701 ], [ -122.009352925260274, 39.191231640957767 ], [ -122.0088139364249, 39.19275877786157 ], [ -122.008185115274131, 39.192758777472768 ], [ -122.008185114382172, 39.193387598007376 ], [ -122.00692747316306, 39.193387597178578 ] ], [ [ -122.008813935328973, 39.191590967345526 ], [ -122.008724104513973, 39.191231641408457 ], [ -122.008724103695741, 39.191590966743888 ], [ -122.008813935328973, 39.191590967345526 ] ] ] } },
{ "type": "Feature", "properties": { "csb_id": "061825014747570", "acres": 3.8253621771425799, "geoid": "06011" }, "geometry": { "type": "Polygon", "coordinates": [ [ [ -121.995518869332869, 39.186740064184264 ], [ -121.995518869737055, 39.186380738503992 ], [ -121.995159542751466, 39.186380738165113 ], [ -121.995159543303146, 39.185841748890887 ], [ -121.996417184489957, 39.185841748869208 ], [ -121.996417184953046, 39.187638379720475 ], [ -121.996057858174524, 39.187638379669941 ], [ -121.995518869332869, 39.186740064184264 ] ] ] } },
{ "type": "Feature", "properties": { "csb_id": "061825014747635", "acres": 42.090060377011902, "geoid": "06011" }, "geometry": { "type": "Polygon", "coordinates": [ [ [ -122.295017184638112, 39.185482423433321 ], [ -122.290795103650524, 39.185482422941348 ], [ -122.29079510269662, 39.185841749508477 ], [ -122.289896788166175, 39.185841749293331 ], [ -122.289896787628919, 39.185482423086398 ], [ -122.288998472717225, 39.185482422999229 ], [ -122.28899847147693, 39.185212928571559 ], [ -122.288639145495026, 39.185212928312723 ], [ -122.288639145434132, 39.184314613749194 ], [ -122.288998472471818, 39.184045118186773 ], [ -122.289896786923123, 39.184045119153929 ], [ -122.290525607008419, 39.183685793109447 ], [ -122.290795104243074, 39.183685792359839 ], [ -122.291064596894046, 39.183416298548018 ], [ -122.291064597292078, 39.183146803150024 ], [ -122.290435775567417, 39.183146803392788 ], [ -122.290435778300477, 39.182787477035845 ], [ -122.290795102163784, 39.182517983252517 ], [ -122.291334091483961, 39.182517982948333 ], [ -122.291334091767581, 39.182787477451264 ], [ -122.292591732652852, 39.182787477828796 ], [ -122.293490050125783, 39.182158655995899 ], [ -122.294657860250922, 39.181619667020151 ], [ -122.294657857966953, 39.181260341046872 ], [ -122.29501718520595, 39.181260340744338 ], [ -122.295017183485839, 39.182158656450639 ], [ -122.295286678337703, 39.182517982677517 ], [ -122.295286678339096, 39.184943434216599 ], [ -122.295017184638112, 39.185482423433321 ] ] ] } },
{ "type": "Feature", "properties": { "csb_id": "061825014747684", "acres": 6.9626905655093001, "geoid": "06011" }, "geometry": { "type": "Polygon", "coordinates": [ [ [ -122.293220554978234, 39.181889161746767 ], [ -122.290795103392497, 39.181889161863573 ], [ -122.290795103071972, 39.180362025939765 ], [ -122.291693418930279, 39.180362026008218 ], [ -122.291693418436267, 39.180092531402842 ], [ -122.291962913233675, 39.180092531324505 ], [ -122.291962913604479, 39.180362026173619 ], [ -122.292591733364375, 39.181260341534511 ], [ -122.293220554769732, 39.181260340835536 ], [ -122.293220554978234, 39.181889161746767 ] ] ] } },
{ "type": "Feature", "properties": { "csb_id": "061825014747706", "acres": 13.638622225528, "geoid": "06011" }, "geometry": { "type": "Polygon", "coordinates": [ [ [ -122.295286679830397, 39.181260340938664 ], [ -122.292591733364375, 39.181260341534511 ], [ -122.291962913604479, 39.180362026173619 ], [ -122.291962912862857, 39.179823036491072 ], [ -122.29169341794227, 39.179823036813112 ], [ -122.291693418769185, 39.179194216044529 ], [ -122.292232407950252, 39.179194215802355 ], [ -122.292232408021775, 39.17892472163566 ], [ -122.292591733340046, 39.178924721607736 ], [ -122.293220554312754, 39.179194216198638 ], [ -122.29411886996165, 39.18009253137847 ], [ -122.295017185162223, 39.180092530988532 ], [ -122.295017184522393, 39.179823036536504 ], [ -122.295286679748315, 39.179823036370415 ], [ -122.295556174380565, 39.180990846400235 ], [ -122.295286679830397, 39.181260340938664 ] ] ] } },
{ "type": "Feature", "properties": { "csb_id": "061825014747707", "acres": 9.7268824102631406, "geoid": "06011" }, "geometry": { "type": "Polygon", "coordinates": [ [ [ -122.289537461529051, 39.180721352403538 ], [ -122.28953746132791, 39.180362025980592 ], [ -122.289896788323531, 39.180362025638573 ], [ -122.289896787944912, 39.179463710566814 ], [ -122.290166282864618, 39.179194215778224 ], [ -122.290435776740622, 39.179194215700967 ], [ -122.290435777710897, 39.178565395494331 ], [ -122.290795103026241, 39.178565395631523 ], [ -122.290795103196345, 39.178924721417125 ], [ -122.291962913550876, 39.178924721312129 ], [ -122.291962913537461, 39.178565395166338 ], [ -122.292232407797968, 39.178565395246132 ], [ -122.292232407950252, 39.179194215802355 ], [ -122.291693418769185, 39.179194216044529 ], [ -122.29169341794227, 39.179823036813112 ], [ -122.291962912862857, 39.179823036491072 ], [ -122.291962913233675, 39.180092531324505 ], [ -122.291693418436267, 39.180092531402842 ], [ -122.291693418930279, 39.180362026008218 ], [ -122.290795103071972, 39.180362025939765 ], [ -122.290795102543356, 39.181619667042128 ], [ -122.289896788115442, 39.18161966700616 ], [ -122.289896787736808, 39.180721351690543 ], [ -122.289537461529051, 39.180721352403538 ] ] ] } },
{ "type": "Feature", "properties": { "csb_id": "061825014747763", "acres": 11.295827955334399, "geoid": "06011" }, "geometry": { "type": "Polygon", "coordinates": [ [ [ -122.294118869480471, 39.179194216179098 ], [ -122.294118869965544, 39.176499270277219 ], [ -122.293759543987704, 39.176499270041802 ], [ -122.293759543923969, 39.175870449743783 ], [ -122.294118870160119, 39.175870449247931 ], [ -122.294118869165217, 39.175600954913428 ], [ -122.294478195829271, 39.175600954852911 ], [ -122.294478195558867, 39.175241629101215 ], [ -122.294657858722886, 39.175241628989156 ], [ -122.294657859507495, 39.175870449806588 ], [ -122.295286679962814, 39.176139943729751 ], [ -122.295286679108543, 39.17739758579782 ], [ -122.295556174226974, 39.177667079857294 ], [ -122.295646005723839, 39.178565395586439 ], [ -122.295376510787634, 39.179194216557455 ], [ -122.294118869480471, 39.179194216179098 ] ] ] } },
{ "type": "Feature", "properties": { "csb_id": "061825014747770", "acres": 6.2361987423934799, "geoid": "06011" }, "geometry": { "type": "Polygon", "coordinates": [ [ [ -122.293220553878186, 39.178295900791682 ], [ -122.293220555048407, 39.175870449829453 ], [ -122.292861228326615, 39.175870449691587 ], [ -122.292861228345444, 39.175241628365725 ], [ -122.293490049592876, 39.175241628943226 ], [ -122.294118869165217, 39.175600954913428 ], [ -122.294118870160119, 39.175870449247931 ], [ -122.293759543923969, 39.175870449743783 ], [ -122.293759543987704, 39.176499270041802 ], [ -122.294118869965544, 39.176499270277219 ], [ -122.294118870123171, 39.17829590090976 ], [ -122.293220553878186, 39.178295900791682 ] ] ] } },
{ "type": "Feature", "properties": { "csb_id": "061825014747771", "acres": 6.0162157174358102, "geoid": "06011" }, "geometry": { "type": "Polygon", "coordinates": [ [ [ -122.291962912730767, 39.177397585781527 ], [ -122.291962912715434, 39.17587044964997 ], [ -122.292322239022525, 39.175600954730648 ], [ -122.292861228310912, 39.175600955229896 ], [ -122.292861228326615, 39.175870449691587 ], [ -122.293220555048407, 39.175870449829453 ], [ -122.293220555019758, 39.177936574948745 ], [ -122.292591734010188, 39.177936574386841 ], [ -122.292591733871276, 39.177667080049382 ], [ -122.291962912730767, 39.177397585781527 ] ] ] } },
{ "type": "Feature", "properties": { "csb_id": "061825014748023", "acres": 3.52049677983605, "geoid": "06011" }, "geometry": { "type": "Polygon", "coordinates": [ [ [ -122.133320433359032, 39.16383302457843 ], [ -122.133320433179321, 39.162305888379613 ], [ -122.134578075868191, 39.162575383503395 ], [ -122.134847569922741, 39.162934709876843 ], [ -122.134847569888095, 39.163473698713467 ], [ -122.13421874948456, 39.163473698102237 ], [ -122.134218749429422, 39.163204203731532 ], [ -122.133949254612517, 39.163204203981451 ], [ -122.133679760415262, 39.163473698392451 ], [ -122.133589928751945, 39.16383302421545 ], [ -122.133320433359032, 39.16383302457843 ] ] ] } },
{ "type": "Feature", "properties": { "csb_id": "061825014748050", "acres": 4.1806148963901304, "geoid": "06011" }, "geometry": { "type": "Polygon", "coordinates": [ [ [ -122.201502563410756, 39.161946562502543 ], [ -122.20276020546055, 39.161946562388209 ], [ -122.203029700044766, 39.162934709174259 ], [ -122.202131384524009, 39.162934709144501 ], [ -122.202131384479586, 39.163204204158831 ], [ -122.201233069291689, 39.163204204268332 ], [ -122.201233069634725, 39.162575382985651 ], [ -122.201502563960304, 39.162575383086505 ], [ -122.201502563410756, 39.161946562502543 ] ] ] } },
{ "type": "Feature", "properties": { "csb_id": "061825014748101", "acres": 16.330634749579001, "geoid": "06011" }, "geometry": { "type": "Polygon", "coordinates": [ [ [ -122.207251782211046, 39.161407573292109 ], [ -122.206982287768753, 39.161407573625368 ], [ -122.206712792159365, 39.161677068512354 ], [ -122.205455150583461, 39.161677067761701 ], [ -122.205455150933062, 39.161048247120114 ], [ -122.204826330279801, 39.161048247298389 ], [ -122.204826330738769, 39.161677068442287 ], [ -122.204287341103708, 39.161677067946933 ], [ -122.204287341707456, 39.162305889060683 ], [ -122.203928014680699, 39.162305888745422 ], [ -122.203658520288542, 39.161946562802676 ], [ -122.203658520948849, 39.161048247444413 ], [ -122.203389026078227, 39.160778752828662 ], [ -122.202490710772608, 39.160778752767534 ], [ -122.202490710924963, 39.160509258506067 ], [ -122.202760204945534, 39.160149932406362 ], [ -122.203389025876461, 39.16014993165669 ], [ -122.203389026267459, 39.160509257838498 ], [ -122.20365852013758, 39.160778752439029 ], [ -122.203928014832925, 39.160778753182711 ], [ -122.203928015269042, 39.160509257706714 ], [ -122.204826329931819, 39.16050925793504 ], [ -122.204826330264837, 39.160778753038301 ], [ -122.205185656624039, 39.160778752978636 ], [ -122.205455151047929, 39.160509258502188 ], [ -122.205455151181098, 39.160149931851151 ], [ -122.204556835685025, 39.160149931740861 ], [ -122.204556836214095, 39.159610942721812 ], [ -122.206622960553986, 39.159610942669197 ], [ -122.206892455511593, 39.16014993235968 ], [ -122.20761110789914, 39.160149931902552 ], [ -122.207611107493435, 39.161946562996654 ], [ -122.207251782118774, 39.161946562108362 ], [ -122.207251782211046, 39.161407573292109 ] ] ] } },
{ "type": "Feature", "properties": { "csb_id": "061825014748182", "acres": 5.7405893240869297, "geoid": "06011" }, "geometry": { "type": "Polygon", "coordinates": [ [ [ -122.231326631252145, 39.155927850627037 ], [ -122.231326630914012, 39.154760040103035 ], [ -122.2316859572407, 39.154760040523158 ], [ -122.231685957494392, 39.155029534628973 ], [ -122.232584272543917, 39.1550295348082 ], [ -122.232584273207991, 39.15538886119765 ], [ -122.233123261335535, 39.155388861004198 ], [ -122.233123261693279, 39.155029534743683 ], [ -122.234021576873161, 39.155029534716512 ], [ -122.234021576887713, 39.155658356076067 ], [ -122.23438090282815, 39.155658355321897 ], [ -122.234380903777662, 39.155927850564936 ], [ -122.231326631252145, 39.155927850627037 ] ] ] } },
{ "type": "Feature", "properties": { "csb_id": "061825014748202", "acres": 4.6020810548984201, "geoid": "06011" }, "geometry": { "type": "Polygon", "coordinates": [ [ [ -122.231685957494392, 39.155029534628973 ], [ -122.2316859572407, 39.154760040523158 ], [ -122.231326630914012, 39.154760040103035 ], [ -122.231416462543237, 39.154131219759542 ], [ -122.231685957079719, 39.154131219981032 ], [ -122.231685958042405, 39.153502399277819 ], [ -122.232314778043971, 39.153502398635702 ], [ -122.232314778497894, 39.153861724668097 ], [ -122.233482588008769, 39.153861725364131 ], [ -122.233482587849721, 39.154490545598541 ], [ -122.233123262041161, 39.154760040280472 ], [ -122.232584272645127, 39.154760040831306 ], [ -122.232584272428014, 39.154490546011104 ], [ -122.232224946480244, 39.154490545610358 ], [ -122.231955451863968, 39.154760040647211 ], [ -122.231955451994295, 39.155029534996174 ], [ -122.231685957494392, 39.155029534628973 ] ] ] } },
{ "type": "Feature", "properties": { "csb_id": "061825014748211", "acres": 7.3576316729159998, "geoid": "06011" }, "geometry": { "type": "Polygon", "coordinates": [ [ [ -122.235548713194362, 39.154490546209942 ], [ -122.235638544747729, 39.153232904634002 ], [ -122.236447028031293, 39.153053241211495 ], [ -122.237704670295287, 39.153232904305526 ], [ -122.237704670253763, 39.154760039968131 ], [ -122.236806354795021, 39.15476004048022 ], [ -122.236806354786822, 39.154490545932319 ], [ -122.235548713194362, 39.154490546209942 ] ] ] } },
{ "type": "Feature", "properties": { "csb_id": "061825014748212", "acres": 22.6658146156261, "geoid": "06011" }, "geometry": { "type": "Polygon", "coordinates": [ [ [ -122.237435174800709, 39.155927850028959 ], [ -122.235638545116885, 39.15592784991712 ], [ -122.235009723725256, 39.156287176548041 ], [ -122.234380903389308, 39.156287176391622 ], [ -122.23438090282815, 39.155658355321897 ], [ -122.234021576887713, 39.155658356076067 ], [ -122.234021576873161, 39.155029534716512 ], [ -122.233123261693279, 39.155029534743683 ], [ -122.233123261335535, 39.155388861004198 ], [ -122.232584273207991, 39.15538886119765 ], [ -122.232584272543917, 39.1550295348082 ], [ -122.231955451994295, 39.155029534996174 ], [ -122.231955451863968, 39.154760040647211 ], [ -122.232224946480244, 39.154490545610358 ], [ -122.232584272428014, 39.154490546011104 ], [ -122.232584272645127, 39.154760040831306 ], [ -122.233123262041161, 39.154760040280472 ], [ -122.233482587849721, 39.154490545598541 ], [ -122.233482588008769, 39.153861725364131 ], [ -122.232314778497894, 39.153861724668097 ], [ -122.232314778043971, 39.153502398635702 ], [ -122.232584272324843, 39.153502399243322 ], [ -122.232584273231453, 39.153232904250217 ], [ -122.235548713660606, 39.153232904536672 ], [ -122.235548713194362, 39.154490546209942 ], [ -122.236806354786822, 39.154490545932319 ], [ -122.236806354795021, 39.15476004048022 ], [ -122.237704670253763, 39.154760039968131 ], [ -122.237704670059671, 39.155658355217604 ], [ -122.237435175024032, 39.155658355787679 ], [ -122.237435174800709, 39.155927850028959 ] ] ] } },
{ "type": "Feature", "properties": { "csb_id": "061825014748500", "acres": 7.1301538191687497, "geoid": "06011" }, "geometry": { "type": "Polygon", "coordinates": [ [ [ -122.108616763829531, 39.133020810859044 ], [ -122.106909964565673, 39.13302081154513 ], [ -122.106909965003524, 39.132391990517512 ], [ -122.107359121773129, 39.132391990068221 ], [ -122.107359121559682, 39.131493675025311 ], [ -122.108886258013243, 39.131493674538312 ], [ -122.108886258630051, 39.13185300056594 ], [ -122.109515078941371, 39.131852999799811 ], [ -122.109784574861976, 39.132122497502912 ], [ -122.109784573738807, 39.132391989406798 ], [ -122.109245584724093, 39.132391991926745 ], [ -122.108616763207394, 39.132751315595549 ], [ -122.108616763829531, 39.133020810859044 ] ] ] } },
{ "type": "Feature", "properties": { "csb_id": "061825014748509", "acres": 4.6513833412336698, "geoid": "06011" }, "geometry": { "type": "Polygon", "coordinates": [ [ [ -122.109784573738807, 39.132391989406798 ], [ -122.109784574861976, 39.132122497502912 ], [ -122.109515078941371, 39.131852999799811 ], [ -122.108886258630051, 39.13185300056594 ], [ -122.108886258013243, 39.131493674538312 ], [ -122.109155751131496, 39.131224180038373 ], [ -122.109155752514127, 39.130954685863315 ], [ -122.109515077875855, 39.130954685782214 ], [ -122.10951507895048, 39.131224179715218 ], [ -122.111042214744415, 39.131224179484803 ], [ -122.111042214963504, 39.131853000514575 ], [ -122.110413393558261, 39.132391989844741 ], [ -122.109784573738807, 39.132391989406798 ] ] ] } },
{ "type": "Feature", "properties": { "csb_id": "061825014749077", "acres": 6.7118430089151397, "geoid": "06011" }, "geometry": { "type": "Polygon", "coordinates": [ [ [ -122.028936197408186, 39.103466237902822 ], [ -122.028936197226585, 39.103196742810219 ], [ -122.027768387461506, 39.102567922543194 ], [ -122.027768387736003, 39.101939101575319 ], [ -122.028037882335397, 39.101939101801015 ], [ -122.028037883238881, 39.101669607269713 ], [ -122.029026029514412, 39.101669607071955 ], [ -122.029295524136401, 39.101939101544524 ], [ -122.029295524061169, 39.101669607148146 ], [ -122.029834513786042, 39.101669607265755 ], [ -122.029654850248846, 39.102298427917276 ], [ -122.030463334284505, 39.102298427428678 ], [ -122.030463333881642, 39.102567921963761 ], [ -122.029834512789861, 39.102567922437728 ], [ -122.029834513740894, 39.102837417121584 ], [ -122.029565017917236, 39.102837416630877 ], [ -122.029565017688256, 39.103196743550789 ], [ -122.029295524218242, 39.103196742610855 ], [ -122.029295524609168, 39.103466237944772 ], [ -122.028936197408186, 39.103466237902822 ] ] ] } },
{ "type": "Feature", "properties": { "csb_id": "061825014749520", "acres": 26.471120360690399, "geoid": "06011" }, "geometry": { "type": "Polygon", "coordinates": [ [ [ -121.95868794210088, 39.085949089244096 ], [ -121.955992996584271, 39.085949089967293 ], [ -121.955992996484525, 39.085410100820091 ], [ -121.955454007389079, 39.085410100922388 ], [ -121.955454007695522, 39.085050774109789 ], [ -121.955723501860206, 39.084781279815431 ], [ -121.956352322363742, 39.084781279433663 ], [ -121.956352323543172, 39.084511785289486 ], [ -121.955454007908145, 39.084511784915286 ], [ -121.955454007916458, 39.083882964153268 ], [ -121.955992996741188, 39.08388296446244 ], [ -121.95635232269882, 39.08352363822803 ], [ -121.956352323169241, 39.082625322946157 ], [ -121.955992996997836, 39.082355828536521 ], [ -121.955454007320242, 39.082355828056599 ], [ -121.955454008145693, 39.082086333896228 ], [ -121.957520133088181, 39.082086334216093 ], [ -121.957520132554265, 39.082355828102266 ], [ -121.957789627281471, 39.082355828810805 ], [ -121.959047268772366, 39.082984648976051 ], [ -121.959316763798128, 39.083523638236436 ], [ -121.959316763041414, 39.083882964502557 ], [ -121.958777773989581, 39.08388296475816 ], [ -121.958777774333697, 39.084781280011519 ], [ -121.959047269067412, 39.084781279918516 ], [ -121.959047269057564, 39.085679595184459 ], [ -121.95868794210088, 39.085949089244096 ] ] ] } },
{ "type": "Feature", "properties": { "csb_id": "061825014749570", "acres": 10.0882541539083, "geoid": "06011" }, "geometry": { "type": "Polygon", "coordinates": [ [ [ -121.95087259909873, 39.082535491510299 ], [ -121.950872599275598, 39.08235582876447 ], [ -121.950513274218821, 39.082355828734762 ], [ -121.950513272332415, 39.078762567988008 ], [ -121.950243778483596, 39.078762567138483 ], [ -121.950513271959451, 39.078582904748345 ], [ -121.950872599843009, 39.0785829038835 ], [ -121.95087259946844, 39.079032062285975 ], [ -121.951501419814136, 39.07930155632728 ], [ -121.95177091476144, 39.079660882666509 ], [ -121.952130241054462, 39.079660882427156 ], [ -121.952130241453105, 39.080289702937606 ], [ -121.951770914612595, 39.080289703554882 ], [ -121.951501420784837, 39.080559197749629 ], [ -121.951501420042675, 39.080828692382951 ], [ -121.951770915127, 39.080828692808133 ], [ -121.951770914920672, 39.081727007650493 ], [ -121.951501421013404, 39.082086334158973 ], [ -121.95141158880314, 39.082535491754776 ], [ -121.95087259909873, 39.082535491510299 ] ] ] } },
{ "type": "Feature", "properties": { "csb_id": "061825014750312", "acres": 28.672371376953802, "geoid": "06011" }, "geometry": { "type": "Polygon", "coordinates": [ [ [ -122.011419049589819, 39.041931640290336 ], [ -122.011419049851028, 39.041302820479629 ], [ -122.009981745945808, 39.041302820260988 ], [ -122.009622419631498, 39.040763830446714 ], [ -122.008724103931883, 39.040763830820858 ], [ -122.008724103961754, 39.040135009705132 ], [ -122.008185114300886, 39.039865515485573 ], [ -122.007196967620587, 39.039865515682514 ], [ -122.007196968203388, 39.039506189685582 ], [ -122.00782578824969, 39.039506189587506 ], [ -122.007825788961085, 39.03923669477647 ], [ -122.009083430419793, 39.039236694855639 ], [ -122.009083429902759, 39.038607874280935 ], [ -122.012766523042416, 39.03860787378521 ], [ -122.012766522269999, 39.038967200119529 ], [ -122.013036017366929, 39.038967200228136 ], [ -122.013844500981151, 39.039506189806467 ], [ -122.013844501348927, 39.040135010087496 ], [ -122.012946185754146, 39.040135010208573 ], [ -122.012407196121245, 39.040404504456994 ], [ -122.012137702059633, 39.040763830935418 ], [ -122.01213770259659, 39.041033325274746 ], [ -122.012407196546803, 39.04103332585894 ], [ -122.012407196972362, 39.041662147328807 ], [ -122.012137701814169, 39.041662146503377 ], [ -122.012137702351126, 39.041931640884258 ], [ -122.011419049589819, 39.041931640290336 ] ] ] } },
{ "type": "Feature", "properties": { "csb_id": "061825014750870", "acres": 9.2128234541465304, "geoid": "06011" }, "geometry": { "type": "Polygon", "coordinates": [ [ [ -122.020941192161075, 39.012646562059231 ], [ -122.018156415012157, 39.012646562438029 ], [ -122.01815641414224, 39.012916056899535 ], [ -122.017886919557725, 39.012916057028782 ], [ -122.01752759354703, 39.012646562186653 ], [ -122.016000457584212, 39.012646562873066 ], [ -122.016000457277912, 39.011478752724983 ], [ -122.016898773341552, 39.011478752579784 ], [ -122.016898772629418, 39.011209257669329 ], [ -122.018066583510702, 39.011209258232824 ], [ -122.018066582809396, 39.012107573156428 ], [ -122.018964897584056, 39.012107572982941 ], [ -122.018964898587299, 39.012377067662086 ], [ -122.020941191199555, 39.012377067638823 ], [ -122.020941192161075, 39.012646562059231 ] ] ] } },
{ "type": "Feature", "properties": { "csb_id": "061825014750924", "acres": 2.8473905502162302, "geoid": "06011" }, "geometry": { "type": "Polygon", "coordinates": [ [ [ -122.024175127324511, 39.008783806403699 ], [ -122.024175126829036, 39.008424480222651 ], [ -122.023815800453676, 39.008154986007185 ], [ -122.023546305805851, 39.00815498647183 ], [ -122.023546306495675, 39.008424480061272 ], [ -122.022917485178752, 39.008424480633529 ], [ -122.022917485381242, 39.008154986426362 ], [ -122.022019169955655, 39.008154985982088 ], [ -122.022019169804437, 39.007885491651436 ], [ -122.024444621803028, 39.007885491496097 ], [ -122.024714115803491, 39.008154986442563 ], [ -122.024714116015829, 39.008424480138217 ], [ -122.024444621565863, 39.008783807015945 ], [ -122.024175127324511, 39.008783806403699 ] ] ] } },
{ "type": "Feature", "properties": { "csb_id": "061825014751013", "acres": 6.8361518416898202, "geoid": "06011" }, "geometry": { "type": "Polygon", "coordinates": [ [ [ -122.03261929061135, 39.003932903879807 ], [ -122.031361649295135, 39.003932904514663 ], [ -122.031361648993411, 39.004202398800572 ], [ -122.030193839568383, 39.004202398888062 ], [ -122.030193838901752, 39.003663409681792 ], [ -122.029834513334379, 39.003663409480303 ], [ -122.029834512584472, 39.003304083198159 ], [ -122.030193839391885, 39.002765094405738 ], [ -122.031092154502858, 39.003034588623727 ], [ -122.032619290287641, 39.00303458878529 ], [ -122.03261929061135, 39.003932903879807 ] ] ] } },
{ "type": "Feature", "properties": { "csb_id": "061825014751018", "acres": 3.91183443404798, "geoid": "06011" }, "geometry": { "type": "Polygon", "coordinates": [ [ [ -122.028397209294667, 39.005100715208741 ], [ -122.028397209218454, 39.004831219620385 ], [ -122.029295524324979, 39.004831218909125 ], [ -122.029565018345522, 39.004561724536281 ], [ -122.029565019151676, 39.003932905364763 ], [ -122.029295524056593, 39.003932904160834 ], [ -122.029295523788221, 39.003034589541471 ], [ -122.028936197468994, 39.003034589423116 ], [ -122.028936197640263, 39.002765093441099 ], [ -122.030193839391885, 39.002765094405738 ], [ -122.029834512584472, 39.003304083198159 ], [ -122.029834513334379, 39.003663409480303 ], [ -122.030193838901752, 39.003663409681792 ], [ -122.030193839568383, 39.004202398888062 ], [ -122.029834512460795, 39.004202398445223 ], [ -122.02983451349256, 39.004831219603076 ], [ -122.02956501803466, 39.005100713954917 ], [ -122.028397209294667, 39.005100715208741 ] ] ] } },
{ "type": "Feature", "properties": { "csb_id": "061825014751019", "acres": 194.02750039205301, "geoid": "06011" }, "geometry": { "type": "Polygon", "coordinates": [ [ [ -122.025342936998626, 39.012646562433417 ], [ -122.022019170803105, 39.01264656302687 ], [ -122.022019170639084, 39.012916056706182 ], [ -122.021390349833752, 39.012916057767377 ], [ -122.021120855084718, 39.012377067985156 ], [ -122.021077868954507, 39.009455964544337 ], [ -122.020903119222254, 39.009279634930749 ], [ -122.020808198484943, 39.011228557669604 ], [ -122.020941191199555, 39.012377067638823 ], [ -122.018964898587299, 39.012377067662086 ], [ -122.018964897584056, 39.012107572982941 ], [ -122.018066582809396, 39.012107573156428 ], [ -122.018066583510702, 39.011209258232824 ], [ -122.016898772629418, 39.011209257669329 ], [ -122.016898773341552, 39.011478752579784 ], [ -122.016000457277912, 39.011478752724983 ], [ -122.016000457359496, 39.009682122397315 ], [ -122.016988604084858, 39.007526165145087 ], [ -122.017617425526112, 39.004831219331741 ], [ -122.017707257351688, 39.0029447583006 ], [ -122.025792094078923, 39.003034588793312 ], [ -122.025881926307207, 39.006627850189474 ], [ -122.025702262368256, 39.00788549145355 ], [ -122.025881925952206, 39.008424480262022 ], [ -122.025881925367798, 39.012377067472663 ], [ -122.025612431943316, 39.012916057162826 ], [ -122.025342936174084, 39.012916057048962 ], [ -122.025342936998626, 39.012646562433417 ] ], [ [ -122.024444621565863, 39.008783807015945 ], [ -122.024714116015829, 39.008424480138217 ], [ -122.024714115803491, 39.008154986442563 ], [ -122.024444621803028, 39.007885491496097 ], [ -122.022019169804437, 39.007885491651436 ], [ -122.022019169955655, 39.008154985982088 ], [ -122.022917485381242, 39.008154986426362 ], [ -122.022917485178752, 39.008424480633529 ], [ -122.023546306495675, 39.008424480061272 ], [ -122.023546305805851, 39.00815498647183 ], [ -122.023815800453676, 39.008154986007185 ], [ -122.024175126829036, 39.008424480222651 ], [ -122.024175127324511, 39.008783806403699 ], [ -122.024444621565863, 39.008783807015945 ] ] ] } },
{ "type": "Feature", "properties": { "csb_id": "061825014751129", "acres": 3.07791378002646, "geoid": "06011" }, "geometry": { "type": "Polygon", "coordinates": [ [ [ -122.03558373143423, 38.998812506767806 ], [ -122.035583730505891, 38.99854301239337 ], [ -122.035853225676362, 38.998183686258535 ], [ -122.036482045824926, 38.998183686638548 ], [ -122.037110867425568, 38.998543012769311 ], [ -122.037739687768621, 38.998543012038958 ], [ -122.03773968739209, 38.998812507485667 ], [ -122.0371108673084, 38.999082001608258 ], [ -122.036212551475742, 38.999082002011868 ], [ -122.036212551584001, 38.998812506901714 ], [ -122.03558373143423, 38.998812506767806 ] ] ] } },
{ "type": "Feature", "properties": { "csb_id": "061825014751204", "acres": 919.77355247876199, "geoid": "06011" }, "geometry": { "type": "Polygon", "coordinates": [ [ [ -122.051304248596963, 39.012646562539075 ], [ -122.040075307202741, 39.012646562421821 ], [ -122.039536316174477, 39.012826225702874 ], [ -122.038278676791577, 39.012646562501423 ], [ -122.029924345091203, 39.012646562385036 ], [ -122.029565017041364, 39.012826225934866 ], [ -122.028936198045841, 39.012826225139932 ], [ -122.028936198206353, 39.012646562093018 ], [ -122.027229396321545, 39.012646562943601 ], [ -122.027229397871636, 39.012826225642904 ], [ -122.02651074656869, 39.012826225606503 ], [ -122.026061588808645, 39.012646562251255 ], [ -122.026061589244406, 39.008154985940017 ], [ -122.026241250742174, 39.007526166746224 ], [ -122.026241252237369, 39.006358355194088 ], [ -122.025971756282843, 39.005729535308348 ], [ -122.025971756745577, 39.002854925533399 ], [ -122.023636137603049, 39.002854925556647 ], [ -122.023636137889781, 38.999531159623238 ], [ -122.023456474210647, 38.999531159499831 ], [ -122.023546305769713, 38.994859920268482 ], [ -122.032259964643401, 38.994859919792027 ], [ -122.032259964084915, 38.995219245671656 ], [ -122.03504474133085, 38.995219246039959 ], [ -122.038278677238992, 38.995219245691253 ], [ -122.038638002058477, 38.994859919953782 ], [ -122.03890749593468, 38.994859919857504 ], [ -122.038997326321748, 38.995219246321319 ], [ -122.0398058109608, 38.995219245855495 ], [ -122.039805812991162, 38.994859919981714 ], [ -122.040704128573978, 38.994859919482792 ], [ -122.040704127614461, 38.995219246080843 ], [ -122.041692273232485, 38.995219246630398 ], [ -122.041692274700935, 38.995488740055464 ], [ -122.042550411695316, 38.996457587781443 ], [ -122.043668568270107, 38.998183686325724 ], [ -122.043758399525061, 38.998543012508634 ], [ -122.043987716583786, 38.99861354439809 ], [ -122.050944922900513, 39.009322795882113 ], [ -122.051304248076448, 39.009682122203529 ], [ -122.051304248596963, 39.012646562539075 ] ], [ [ -122.027409061661615, 39.005729534514337 ], [ -122.026510746431811, 39.005729534971223 ], [ -122.026510746297163, 39.006088860832548 ], [ -122.027409061475751, 39.006088861340935 ], [ -122.027409061661615, 39.005729534514337 ] ], [ [ -122.028397209294667, 39.005100715208741 ], [ -122.02956501803466, 39.005100713954917 ], [ -122.02983451349256, 39.004831219603076 ], [ -122.029834512460795, 39.004202398445223 ], [ -122.031361648993411, 39.004202398800572 ], [ -122.031361649295135, 39.003932904514663 ], [ -122.03261929061135, 39.003932903879807 ], [ -122.032619290287641, 39.00303458878529 ], [ -122.031092154502858, 39.003034588623727 ], [ -122.03046333415756, 39.002765094653455 ], [ -122.028936197640263, 39.002765093441099 ], [ -122.028936197468994, 39.003034589423116 ], [ -122.029295523788221, 39.003034589541471 ], [ -122.029295524056593, 39.003932904160834 ], [ -122.029565019151676, 39.003932905364763 ], [ -122.029565018345522, 39.004561724536281 ], [ -122.029295524324979, 39.004831218909125 ], [ -122.028397209218454, 39.004831219620385 ], [ -122.028397209294667, 39.005100715208741 ] ], [ [ -122.0371108673084, 38.999082001608258 ], [ -122.03773968739209, 38.998812507485667 ], [ -122.037739687768621, 38.998543012038958 ], [ -122.037110867425568, 38.998543012769311 ], [ -122.036482045824926, 38.998183686638548 ], [ -122.035853225676362, 38.998183686258535 ], [ -122.035583730505891, 38.99854301239337 ], [ -122.03558373143423, 38.998812506767806 ], [ -122.036212551584001, 38.998812506901714 ], [ -122.036212551475742, 38.999082002011868 ], [ -122.0371108673084, 38.999082001608258 ] ] ] } },
{ "type": "Feature", "properties": { "csb_id": "061825014751349", "acres": 18.057722639355401, "geoid": "06011" }, "geometry": { "type": "Polygon", "coordinates": [ [ [ -121.976833909142357, 38.990368344075982 ], [ -121.976833911168754, 38.990098848927474 ], [ -121.975845764264491, 38.990098848624498 ], [ -121.975845764427262, 38.989200533107187 ], [ -121.975037281229262, 38.988841207369759 ], [ -121.974408459894363, 38.988841207085962 ], [ -121.974408460176662, 38.988571712450828 ], [ -121.974947449453936, 38.988571712422356 ], [ -121.974947449069305, 38.986775082218486 ], [ -121.975666101649793, 38.986775082407213 ], [ -121.97566610122287, 38.987044577071742 ], [ -121.976564416597526, 38.987044577110353 ], [ -121.976564416939084, 38.987314071408676 ], [ -121.977642394960171, 38.987314073273318 ], [ -121.97773222492313, 38.989470028497614 ], [ -121.977462730316731, 38.990098850845307 ], [ -121.977103404311293, 38.990368345499014 ], [ -121.976833909142357, 38.990368344075982 ] ] ] } },
{ "type": "Feature", "properties": { "csb_id": "061825014751424", "acres": 9.0403222733795001, "geoid": "06011" }, "geometry": { "type": "Polygon", "coordinates": [ [ [ -122.020581866339, 38.985517441066449 ], [ -122.020581866078501, 38.985247946085067 ], [ -122.020851359811516, 38.984978451740432 ], [ -122.022109001460265, 38.98497845183546 ], [ -122.022019169709807, 38.983181821104608 ], [ -122.023366642811439, 38.983630979145161 ], [ -122.02354630617873, 38.984349630597904 ], [ -122.023546305914778, 38.98551744058723 ], [ -122.020581866339, 38.985517441066449 ] ] ] } },
{ "type": "Feature", "properties": { "csb_id": "061825014751432", "acres": 11.0769324044628, "geoid": "06011" }, "geometry": { "type": "Polygon", "coordinates": [ [ [ -122.020222540104697, 38.985517440798716 ], [ -122.020222540053155, 38.985247946058571 ], [ -122.019054729468323, 38.985247945954065 ], [ -122.01896489863384, 38.984349630987111 ], [ -122.019593718701913, 38.983990304458402 ], [ -122.01968355014381, 38.983451315728004 ], [ -122.019953044897306, 38.983451315997733 ], [ -122.01995304507254, 38.98372081042227 ], [ -122.021120854630453, 38.983720809998779 ], [ -122.021390348813284, 38.983181820915803 ], [ -122.022019169709807, 38.983181821104608 ], [ -122.022109001460265, 38.98497845183546 ], [ -122.020851359811516, 38.984978451740432 ], [ -122.020581866078501, 38.985247946085067 ], [ -122.020581866339, 38.985517441066449 ], [ -122.020222540104697, 38.985517440798716 ] ] ] } },
{ "type": "Feature", "properties": { "csb_id": "061825014751447", "acres": 14.692553862655201, "geoid": "06011" }, "geometry": { "type": "Polygon", "coordinates": [ [ [ -122.017168267232478, 38.985876766868095 ], [ -122.017168268213041, 38.9855174407679 ], [ -122.01752759354045, 38.98551744080585 ], [ -122.017527594189943, 38.984978451760561 ], [ -122.017168267843559, 38.984978451587388 ], [ -122.01716826770226, 38.98461912577806 ], [ -122.017258098967503, 38.984349631454428 ], [ -122.0175275937208, 38.984349631219132 ], [ -122.017527593914096, 38.982822494790334 ], [ -122.017886919848891, 38.98282249542936 ], [ -122.018425909586838, 38.982553000585376 ], [ -122.019683551075786, 38.982553000522728 ], [ -122.01968355025295, 38.982822494910174 ], [ -122.019324224269809, 38.983091989711632 ], [ -122.019324224330944, 38.983451315889717 ], [ -122.01968355014381, 38.983451315728004 ], [ -122.019683550442778, 38.983720809911262 ], [ -122.019593718701913, 38.983990304458402 ], [ -122.01896489863384, 38.984349630987111 ], [ -122.01896489823848, 38.98497845160518 ], [ -122.019054729468323, 38.985247945954065 ], [ -122.020222540053155, 38.985247946058571 ], [ -122.020222540104697, 38.985517440798716 ], [ -122.018785234460893, 38.985517440597668 ], [ -122.01878523554096, 38.985876767044942 ], [ -122.017168267232478, 38.985876766868095 ] ] ] } },
{ "type": "Feature", "properties": { "csb_id": "061825014751490", "acres": 2.5415315685734501, "geoid": "06011" }, "geometry": { "type": "Polygon", "coordinates": [ [ [ -122.021120854784272, 38.982822494814805 ], [ -122.021120854938076, 38.9819241797545 ], [ -122.022019170853198, 38.981924179968473 ], [ -122.022019168950109, 38.981654685270826 ], [ -122.022288664864206, 38.981654685275466 ], [ -122.022288663598516, 38.982553000858296 ], [ -122.021749675036006, 38.982553000910542 ], [ -122.021749675002511, 38.983002157903854 ], [ -122.021120854784272, 38.982822494814805 ] ] ] } },
{ "type": "Feature", "properties": { "csb_id": "061825014751491", "acres": 4.87208863034882, "geoid": "06011" }, "geometry": { "type": "Polygon", "coordinates": [ [ [ -122.020222539956009, 38.983091989398226 ], [ -122.020222539904481, 38.982822494758445 ], [ -122.01968355025295, 38.982822494910174 ], [ -122.019683551075786, 38.982553000522728 ], [ -122.019324224581496, 38.982552999931507 ], [ -122.019324224520361, 38.982193673802797 ], [ -122.018964897990855, 38.981924179874916 ], [ -122.018425909522591, 38.981924179448228 ], [ -122.018156414878675, 38.981654685024694 ], [ -122.018066583154024, 38.98102586442733 ], [ -122.018425909014795, 38.98102586439429 ], [ -122.018695403764724, 38.981295358824489 ], [ -122.019593718900708, 38.981295359337942 ], [ -122.019593719137063, 38.981924179767631 ], [ -122.019773381620851, 38.982193674352892 ], [ -122.020941192173254, 38.982552999847762 ], [ -122.020851360429418, 38.983091989867425 ], [ -122.020222539956009, 38.983091989398226 ] ] ] } },
{ "type": "Feature", "properties": { "csb_id": "061825014751519", "acres": 2.8197031543765898, "geoid": "06011" }, "geometry": { "type": "Polygon", "coordinates": [ [ [ -121.969018566952201, 38.981654685316173 ], [ -121.969018568181397, 38.98129535857916 ], [ -121.968659241534482, 38.981295359079269 ], [ -121.968659241896788, 38.981654685093943 ], [ -121.968389747499643, 38.981654685069529 ], [ -121.968389746714664, 38.981025864394041 ], [ -121.970096546558068, 38.981025864044447 ], [ -121.970096547277322, 38.981924179686068 ], [ -121.969198229021472, 38.981924180377781 ], [ -121.969198231320036, 38.981654685105518 ], [ -121.969018566952201, 38.981654685316173 ] ] ] } },
{ "type": "Feature", "properties": { "csb_id": "061825014751658", "acres": 15.998476579613, "geoid": "06011" }, "geometry": { "type": "Polygon", "coordinates": [ [ [ -122.01995304465477, 38.978600412995448 ], [ -122.019054729941899, 38.978330918416162 ], [ -122.01896489792307, 38.977702098063396 ], [ -122.018695403639356, 38.977702098272303 ], [ -122.018695403473814, 38.978330918628593 ], [ -122.017797088721252, 38.978330918473333 ], [ -122.017797088615382, 38.977432603639919 ], [ -122.018066582392777, 38.977432603422614 ], [ -122.018425909291395, 38.977073277223077 ], [ -122.018425908767554, 38.97527664660231 ], [ -122.018785235682046, 38.975276646611086 ], [ -122.018785235016807, 38.976174962087065 ], [ -122.019054729883806, 38.976174962194932 ], [ -122.019054730309563, 38.975546141320045 ], [ -122.020222540126738, 38.975546141468691 ], [ -122.020222539760155, 38.975276646279063 ], [ -122.020851360558666, 38.975276646981918 ], [ -122.020851360380405, 38.975546140936025 ], [ -122.021480180772542, 38.975546140894274 ], [ -122.021480180753514, 38.975905467113201 ], [ -122.020851359814955, 38.975905467531483 ], [ -122.020222539934409, 38.97680378284312 ], [ -122.020222539985909, 38.977073277235966 ], [ -122.0204920343228, 38.977073276905458 ], [ -122.020492034226535, 38.977432603101285 ], [ -122.020851360707695, 38.977432603217267 ], [ -122.0208513606662, 38.977971592171251 ], [ -122.020492034082139, 38.977971592431786 ], [ -122.020492034154358, 38.977702097761025 ], [ -122.020222539732217, 38.977702097609068 ], [ -122.020222539793593, 38.978330918900994 ], [ -122.019953045601255, 38.97833091854028 ], [ -122.01995304465477, 38.978600412995448 ] ], [ [ -122.019683550412452, 38.977432604431563 ], [ -122.019593718522103, 38.977073277564891 ], [ -122.019593718792166, 38.977432603654769 ], [ -122.019683550412452, 38.977432604431563 ] ] ] } },
{ "type": "Feature", "properties": { "csb_id": "061825014751659", "acres": 7.1457351349357801, "geoid": "06011" }, "geometry": { "type": "Polygon", "coordinates": [ [ [ -122.017886920087733, 38.97707327677989 ], [ -122.017527593729184, 38.977073276776352 ], [ -122.017168268219294, 38.976803782651729 ], [ -122.017168267316194, 38.976534288105249 ], [ -122.017527594378578, 38.976534288425583 ], [ -122.017527593594508, 38.975905467834373 ], [ -122.017168267078603, 38.975905467137565 ], [ -122.017168267355615, 38.974108836851023 ], [ -122.018066582987771, 38.974108837574782 ], [ -122.018156414177071, 38.975276646711549 ], [ -122.018425908767554, 38.97527664660231 ], [ -122.018425908532876, 38.976803782559749 ], [ -122.018066582874937, 38.976803782398875 ], [ -122.017886920087733, 38.97707327677989 ] ] ] } },
{ "type": "Feature", "properties": { "csb_id": "061825014751957", "acres": 10.74394060519, "geoid": "06011" }, "geometry": { "type": "Polygon", "coordinates": [ [ [ -122.003334212483637, 38.967730798470484 ], [ -122.003334211599196, 38.96710197729486 ], [ -122.00369353778288, 38.967101977268804 ], [ -122.003693538440288, 38.96746130346677 ], [ -122.003963032603124, 38.967461303615771 ], [ -122.003963032995415, 38.966562987930821 ], [ -122.003693538793968, 38.966562988505032 ], [ -122.003693538136588, 38.966203662354893 ], [ -122.004322359623515, 38.966203662164183 ], [ -122.004861348079572, 38.965934167966559 ], [ -122.004861347783276, 38.965664673332078 ], [ -122.004591853405628, 38.965664672903607 ], [ -122.004591853114491, 38.96530534669575 ], [ -122.004861348108605, 38.965035852032621 ], [ -122.005490169068949, 38.965035852208089 ], [ -122.00575966292665, 38.964766357699375 ], [ -122.005759663107753, 38.96440703205166 ], [ -122.00602915825958, 38.964407031556334 ], [ -122.006029157772545, 38.965934167540645 ], [ -122.005759664010554, 38.965934167448253 ], [ -122.00549016950842, 38.966203662139108 ], [ -122.00522067477938, 38.966562987854957 ], [ -122.005130842930399, 38.967101977790449 ], [ -122.005130843324451, 38.967461303717059 ], [ -122.005490168436353, 38.967730798077078 ], [ -122.005490168502959, 38.968000292417273 ], [ -122.003693538865591, 38.968000292920173 ], [ -122.003334212483637, 38.967730798470484 ] ] ] } },
{ "type": "Feature", "properties": { "csb_id": "061825014751988", "acres": 25.363883232091499, "geoid": "06011" }, "geometry": { "type": "Polygon", "coordinates": [ [ [ -122.006657978916394, 38.967730797760929 ], [ -122.006657978205354, 38.967461303567248 ], [ -122.005759663791807, 38.96746130343071 ], [ -122.005759663734679, 38.967730798001249 ], [ -122.005490168436353, 38.967730798077078 ], [ -122.005130843324451, 38.967461303717059 ], [ -122.00522067477938, 38.966562987854957 ], [ -122.005759664010554, 38.965934167448253 ], [ -122.006029157772545, 38.965934167540645 ], [ -122.00602915825958, 38.964407031556334 ], [ -122.00549016907749, 38.964407031720498 ], [ -122.005220674019384, 38.96377821109806 ], [ -122.005220674414659, 38.962879895344017 ], [ -122.005490168331775, 38.962610400918521 ], [ -122.006388483853115, 38.96261040101713 ], [ -122.006388483825106, 38.962340906167974 ], [ -122.007556294658997, 38.962340906529839 ], [ -122.007556294067157, 38.965305346976443 ], [ -122.007915620654629, 38.966203662357913 ], [ -122.008185114745444, 38.96620366254507 ], [ -122.008185114378179, 38.966562988122448 ], [ -122.007556293584742, 38.966562988538435 ], [ -122.007196968037206, 38.9677307978287 ], [ -122.006657978916394, 38.967730797760929 ] ] ] } },
{ "type": "Feature", "properties": { "csb_id": "061825014752001", "acres": 10.4757274234099, "geoid": "06011" }, "geometry": { "type": "Polygon", "coordinates": [ [ [ -122.00333421238085, 38.965305346697107 ], [ -122.00297488654526, 38.965035852489429 ], [ -122.002974886707449, 38.962340906499549 ], [ -122.004591853472519, 38.962340906308839 ], [ -122.004591853505772, 38.962879895942528 ], [ -122.004322359112336, 38.963239222077981 ], [ -122.004591854216898, 38.963508716318998 ], [ -122.004591853104927, 38.964407031568449 ], [ -122.004322358897511, 38.964407031519052 ], [ -122.004322359260499, 38.965305346782003 ], [ -122.00333421238085, 38.965305346697107 ] ] ] } },
{ "type": "Feature", "properties": { "csb_id": "061825014752025", "acres": 5.3722571730805999, "geoid": "06011" }, "geometry": { "type": "Polygon", "coordinates": [ [ [ -121.964437160161651, 38.963508716769859 ], [ -121.964437160095542, 38.962879895713428 ], [ -121.964077834669339, 38.962879895713172 ], [ -121.964437160103131, 38.962340906930756 ], [ -121.964437160037022, 38.961712085982086 ], [ -121.965335475478668, 38.961712086273096 ], [ -121.965694801767683, 38.961981580738012 ], [ -121.965694801553838, 38.963239221921874 ], [ -121.965065981554517, 38.963239221494625 ], [ -121.965065981402333, 38.963778210452283 ], [ -121.964796486250023, 38.96377821143394 ], [ -121.964437160161651, 38.963508716769859 ] ] ] } },
{ "type": "Feature", "properties": { "csb_id": "061825014752070", "acres": 31.668291342835001, "geoid": "06011" }, "geometry": { "type": "Polygon", "coordinates": [ [ [ -121.967491432155114, 38.962610401469263 ], [ -121.967491432265319, 38.961981580353779 ], [ -121.966862611507239, 38.961981580407802 ], [ -121.966862611794781, 38.962340906275621 ], [ -121.966593116713113, 38.962340906727142 ], [ -121.966593117225329, 38.961712085362876 ], [ -121.965964297002145, 38.961712085882013 ], [ -121.965964296469053, 38.959915454976759 ], [ -121.965694801394335, 38.959915455403198 ], [ -121.965694801186928, 38.959286634229002 ], [ -121.970096546717656, 38.95928663447831 ], [ -121.970096546624092, 38.959556129091439 ], [ -121.970366041583048, 38.959556129035668 ], [ -121.97036604092618, 38.96198158013911 ], [ -121.969827052566117, 38.96198158010796 ], [ -121.969827052277864, 38.962340907387635 ], [ -121.96955755707873, 38.962610401175517 ], [ -121.967491432155114, 38.962610401469263 ] ] ] } },
{ "type": "Feature", "properties": { "csb_id": "061825014752219", "acres": 15.518944983062701, "geoid": "06011" }, "geometry": { "type": "Polygon", "coordinates": [ [ [ -121.941170794001422, 38.954435731903196 ], [ -121.940272479001237, 38.954435732404946 ], [ -121.940272478906451, 38.954795058522137 ], [ -121.938475849188762, 38.954795058432936 ], [ -121.937936860088399, 38.954435731971159 ], [ -121.937936859407074, 38.954166237326312 ], [ -121.938835174716843, 38.954166237206223 ], [ -121.938835174534461, 38.953537417222719 ], [ -121.940362311267208, 38.953537416621351 ], [ -121.940362310553837, 38.954166237772782 ], [ -121.941260626221265, 38.954166237617308 ], [ -121.941260626514918, 38.953896742914786 ], [ -121.940631805578676, 38.953896742716708 ], [ -121.940631805399718, 38.953267922208397 ], [ -121.939463995857793, 38.953267922398148 ], [ -121.939463995444981, 38.952998427455242 ], [ -121.940002984246107, 38.95263910163608 ], [ -121.940631805220818, 38.952639101756922 ], [ -121.940631805285179, 38.952369606735481 ], [ -121.941530120047275, 38.952369606553809 ], [ -121.941530120778864, 38.952100112539533 ], [ -121.941799614954505, 38.952100112261391 ], [ -121.942069109586356, 38.952369606511795 ], [ -121.942069109357305, 38.95326792215608 ], [ -121.942248772884696, 38.953267922022583 ], [ -121.942158941196638, 38.954435732028109 ], [ -121.942428435678238, 38.954795057772273 ], [ -121.941170794661957, 38.954795057882819 ], [ -121.941170794001422, 38.954435731903196 ] ] ] } },
{ "type": "Feature", "properties": { "csb_id": "061825014752221", "acres": 16.080428362373901, "geoid": "06011" }, "geometry": { "type": "Polygon", "coordinates": [ [ [ -121.9360503971252, 38.954435732241748 ], [ -121.934253767206854, 38.954435732250623 ], [ -121.934253766519987, 38.954795058610131 ], [ -121.933355451701487, 38.954795058068427 ], [ -121.933355452022042, 38.954435731811579 ], [ -121.933085957546908, 38.954166237693215 ], [ -121.932726630676328, 38.954166237039459 ], [ -121.932726631203352, 38.953896742575481 ], [ -121.932097810441633, 38.953896742629922 ], [ -121.932097809926233, 38.953537417003062 ], [ -121.933085957277299, 38.953267921720119 ], [ -121.933085956474045, 38.952998427291021 ], [ -121.933355451060976, 38.952998427450993 ], [ -121.93335545138153, 38.952639101287041 ], [ -121.933624946640037, 38.952369606354154 ], [ -121.933984272627782, 38.952369606400154 ], [ -121.933984272270109, 38.952639101766735 ], [ -121.934882587177285, 38.952639101297329 ], [ -121.934882588202072, 38.952369606927647 ], [ -121.936679217777964, 38.952369607335683 ], [ -121.936679218289939, 38.952639100948893 ], [ -121.936409723957368, 38.952639101754322 ], [ -121.936050397128582, 38.953267922485601 ], [ -121.9360503971252, 38.954435732241748 ] ] ] } },
{ "type": "Feature", "properties": { "csb_id": "061825014752495", "acres": 8.0715628939334394, "geoid": "06011" }, "geometry": { "type": "Polygon", "coordinates": [ [ [ -121.866161468940632, 38.931528692548284 ], [ -121.866161468562026, 38.931259197235704 ], [ -121.864275006837815, 38.931259197720784 ], [ -121.86400551202685, 38.930899871400626 ], [ -121.864005511463631, 38.93063037693075 ], [ -121.864364838213788, 38.930630377649159 ], [ -121.86463433239426, 38.930360881920699 ], [ -121.864634332261389, 38.93000155735519 ], [ -121.865802142461106, 38.930001556282683 ], [ -121.866161469042268, 38.929732062315139 ], [ -121.866161468663648, 38.929462567068711 ], [ -121.866700457109118, 38.929462567549351 ], [ -121.866700457030149, 38.931259197776711 ], [ -121.866430962796073, 38.931259197799029 ], [ -121.866430962737553, 38.931528692492023 ], [ -121.866161468940632, 38.931528692548284 ] ] ] } },
{ "type": "Feature", "properties": { "csb_id": "061825014752563", "acres": 73.991203529017994, "geoid": "06011" }, "geometry": { "type": "Polygon", "coordinates": [ [ [ -121.931199495531416, 38.92946256730751 ], [ -121.931199494774503, 38.928833746161892 ], [ -121.930930000321652, 38.928564251821122 ], [ -121.925809603697289, 38.928564251926396 ], [ -121.925540108635104, 38.928833746261084 ], [ -121.925540108824094, 38.92946256724133 ], [ -121.925180782620686, 38.929462567016969 ], [ -121.924551961967623, 38.928833746505532 ], [ -121.924102804346006, 38.928833746297698 ], [ -121.924102803689792, 38.928564251548465 ], [ -121.923923140785462, 38.928564252233244 ], [ -121.923653646345741, 38.929103240940712 ], [ -121.923114657634557, 38.929103241259412 ], [ -121.9231146577159, 38.928564252093743 ], [ -121.923384151758739, 38.928564251866639 ], [ -121.923833309513782, 38.927665936306092 ], [ -121.924012973037946, 38.925509979991652 ], [ -121.933085956789711, 38.925509979756214 ], [ -121.933085957955825, 38.929103240553232 ], [ -121.93272662967297, 38.929103241708724 ], [ -121.932726630028, 38.929732062085613 ], [ -121.932097808579385, 38.929732061637914 ], [ -121.932097809998297, 38.929462567478588 ], [ -121.931199495531416, 38.92946256730751 ] ] ] } },
{ "type": "Feature", "properties": { "csb_id": "061825014752564", "acres": 5.2310116314138302, "geoid": "06011" }, "geometry": { "type": "Polygon", "coordinates": [ [ [ -121.868586919548747, 38.927037115683326 ], [ -121.86795809937459, 38.92613880054769 ], [ -121.86795809949497, 38.92550997972689 ], [ -121.868856414549157, 38.925509979967487 ], [ -121.868856414107952, 38.92524048553468 ], [ -121.870024224244844, 38.925240484892598 ], [ -121.870024224209004, 38.925509979425627 ], [ -121.86975472955173, 38.925509980196175 ], [ -121.869754729290904, 38.926677789359502 ], [ -121.869485235110702, 38.926677789444263 ], [ -121.869485234372917, 38.926138800403194 ], [ -121.86912590894643, 38.926138800451362 ], [ -121.868856414150798, 38.926408295214216 ], [ -121.86885641443267, 38.927037115832007 ], [ -121.868586919548747, 38.927037115683326 ] ] ] } }
]
}
