{
"type": "FeatureCollection",
"name": "06023",
"crs": { "type": "name", "properties": { "name": "urn:ogc:def:crs:OGC:1.3:CRS84" } },
"features": [
{ "type": "Feature", "properties": { "csb_id": "061825000413863", "acres": 3.86163509184715, "geoid": "06023" }, "geometry": { "type": "Polygon", "coordinates": [ [ [ -123.947644712157711, 41.39632356786742 ], [ -123.94665656549877, 41.396054073030221 ], [ -123.946117576212842, 41.395694747180983 ], [ -123.946117575727413, 41.395425252902925 ], [ -123.94665656466205, 41.395155757946512 ], [ -123.947015891640717, 41.395155757898976 ], [ -123.947015890948933, 41.395425253143259 ], [ -123.94764471245621, 41.395425252268474 ], [ -123.947644712245221, 41.395155757620309 ], [ -123.947914205871044, 41.395155757829691 ], [ -123.948273533363647, 41.395694747482949 ], [ -123.948273533194339, 41.396054073146956 ], [ -123.947644711946708, 41.396054072987368 ], [ -123.947644712157711, 41.39632356786742 ] ] ] } },
{ "type": "Feature", "properties": { "csb_id": "061825000413864", "acres": 5.6882910523865302, "geoid": "06023" }, "geometry": { "type": "Polygon", "coordinates": [ [ [ -123.501541341642863, 41.367397815691731 ], [ -123.502170163103841, 41.367397816047884 ], [ -123.502439657589562, 41.367757141407978 ], [ -123.502439657494293, 41.368296130878399 ], [ -123.502170163088209, 41.368296131199628 ], [ -123.502170163011826, 41.36802663668491 ], [ -123.501900668481738, 41.368026636694346 ], [ -123.501900668294269, 41.368655457196333 ], [ -123.502170162576022, 41.368655456840543 ], [ -123.502170162484006, 41.369284278227276 ], [ -123.501541341710848, 41.369553772053024 ], [ -123.500283701017082, 41.369553772671431 ], [ -123.500283700745939, 41.368924952124445 ], [ -123.500643026224793, 41.368924952062322 ], [ -123.500643026695869, 41.369284277845324 ], [ -123.500912521196341, 41.369284277820583 ], [ -123.500912521431147, 41.368655457015947 ], [ -123.501541342075797, 41.367757141974288 ], [ -123.501541341642863, 41.367397815691731 ] ] ] } },
{ "type": "Feature", "properties": { "csb_id": "061825000413865", "acres": 5.0772704010073602, "geoid": "06023" }, "geometry": { "type": "Polygon", "coordinates": [ [ [ -123.958065169529959, 41.363085901988242 ], [ -123.958065169020614, 41.362816407683837 ], [ -123.959322810122686, 41.362816407767021 ], [ -123.959322810798696, 41.362457081634091 ], [ -123.960580451881285, 41.362457081939532 ], [ -123.961209272264057, 41.362816407508546 ], [ -123.961209272568794, 41.363085902693577 ], [ -123.960849946217209, 41.363445228659543 ], [ -123.960221126309278, 41.363445228315214 ], [ -123.960221126390181, 41.364074049366167 ], [ -123.959592304924072, 41.364074049692725 ], [ -123.959592305378905, 41.363714722873091 ], [ -123.959951631880628, 41.363714723464085 ], [ -123.959951631424175, 41.363445228300016 ], [ -123.95932281048033, 41.363085902252614 ], [ -123.958065169529959, 41.363085901988242 ] ] ] } },
{ "type": "Feature", "properties": { "csb_id": "061825000413866", "acres": 13.3885522093763, "geoid": "06023" }, "geometry": { "type": "Polygon", "coordinates": [ [ [ -123.511692304828969, 41.346197574739804 ], [ -123.511692305162256, 41.345928080511229 ], [ -123.510165168489294, 41.345029765051642 ], [ -123.509895673821546, 41.344670438761391 ], [ -123.509895674198475, 41.344311112585359 ], [ -123.51016516822996, 41.34377212376048 ], [ -123.510165169254435, 41.343143303417051 ], [ -123.510434663038893, 41.342873808276785 ], [ -123.511692304229371, 41.342783977343522 ], [ -123.511692304264386, 41.34368229190413 ], [ -123.5114228095333, 41.343682292464081 ], [ -123.511422809600546, 41.344670439447356 ], [ -123.512321125111214, 41.344670438837248 ], [ -123.513219440998213, 41.345209427758604 ], [ -123.513219440029516, 41.345568754383564 ], [ -123.512949946146549, 41.345838248704915 ], [ -123.512321125532139, 41.34619757501747 ], [ -123.511692304828969, 41.346197574739804 ] ] ] } },
{ "type": "Feature", "properties": { "csb_id": "061825000413867", "acres": 2.8272142370686999, "geoid": "06023" }, "geometry": { "type": "Polygon", "coordinates": [ [ [ -123.519058490533837, 41.330477057563826 ], [ -123.520046636622965, 41.330746552432473 ], [ -123.52004663676199, 41.331105877903404 ], [ -123.520316131791375, 41.331375373237137 ], [ -123.520675457785202, 41.331375372463349 ], [ -123.520675457667053, 41.3317346989108 ], [ -123.520316131092926, 41.332004193533486 ], [ -123.520046637220219, 41.332004193948492 ], [ -123.519687310328251, 41.331734698854106 ], [ -123.519687310522727, 41.331375372570953 ], [ -123.519417816276572, 41.331105878136576 ], [ -123.519058490379763, 41.331105878460839 ], [ -123.519058490533837, 41.330477057563826 ] ] ] } },
{ "type": "Feature", "properties": { "csb_id": "061825000413868", "acres": 2.4752917075004501, "geoid": "06023" }, "geometry": { "type": "Polygon", "coordinates": [ [ [ -123.522202593031039, 41.323200703996591 ], [ -123.520944952273126, 41.323110871891828 ], [ -123.520944951484225, 41.322751546369801 ], [ -123.520046636759702, 41.322751545970242 ], [ -123.520046636661306, 41.322482051625549 ], [ -123.520316131614493, 41.32212272560556 ], [ -123.520944951778873, 41.322122725693283 ], [ -123.520944951414052, 41.322482051259811 ], [ -123.521214446083349, 41.322751546339362 ], [ -123.522202593896665, 41.322751545826769 ], [ -123.522202593031039, 41.323200703996591 ] ] ] } },
{ "type": "Feature", "properties": { "csb_id": "061825000413869", "acres": 2.64255821813257, "geoid": "06023" }, "geometry": { "type": "Polygon", "coordinates": [ [ [ -123.521843267468043, 41.313229403836083 ], [ -123.522202593694232, 41.313229404381865 ], [ -123.522472087851909, 41.312959909980819 ], [ -123.522472088496016, 41.31233108914639 ], [ -123.524358549622761, 41.312331089135164 ], [ -123.524358549703621, 41.312600583650884 ], [ -123.523999223664703, 41.312959909973756 ], [ -123.523729728680379, 41.312959909309704 ], [ -123.523729729853756, 41.312600583609083 ], [ -123.522831413497116, 41.312600583225866 ], [ -123.522831413405882, 41.313229403871752 ], [ -123.52247208847092, 41.313498898901194 ], [ -123.521843266700159, 41.313498898502893 ], [ -123.521843267468043, 41.313229403836083 ] ] ] } },
{ "type": "Feature", "properties": { "csb_id": "061825000413870", "acres": 2.70763804804854, "geoid": "06023" }, "geometry": { "type": "Polygon", "coordinates": [ [ [ -123.543762159819863, 41.308019175605594 ], [ -123.544031655082648, 41.308019175547308 ], [ -123.544031655278928, 41.308288669744684 ], [ -123.544301149590623, 41.308647996242122 ], [ -123.544660474927682, 41.308647995917561 ], [ -123.544660475219786, 41.308917490782598 ], [ -123.542774012824992, 41.308917490631586 ], [ -123.542774013629767, 41.308647996186991 ], [ -123.542504518149713, 41.308647995911258 ], [ -123.542504518558658, 41.308288670229956 ], [ -123.543762160483851, 41.308288670403705 ], [ -123.543762159819863, 41.308019175605594 ] ] ] } },
{ "type": "Feature", "properties": { "csb_id": "061825000413871", "acres": 3.1621129802303201, "geoid": "06023" }, "geometry": { "type": "Polygon", "coordinates": [ [ [ -123.547714747378876, 41.307749681165525 ], [ -123.549601209538508, 41.307659849198473 ], [ -123.549601210031412, 41.307929344222529 ], [ -123.549177229772411, 41.308472105362874 ], [ -123.548343567928967, 41.308737827671145 ], [ -123.548343568580421, 41.308288670445556 ], [ -123.547714747324221, 41.308288670229103 ], [ -123.547714747378876, 41.307749681165525 ] ] ] } },
{ "type": "Feature", "properties": { "csb_id": "061825000413872", "acres": 3.7184006023030798, "geoid": "06023" }, "geometry": { "type": "Polygon", "coordinates": [ [ [ -123.544301149137311, 41.30739035533459 ], [ -123.544301149209886, 41.307659849630241 ], [ -123.545289296494332, 41.307659848962103 ], [ -123.545289296450392, 41.307390354756542 ], [ -123.545918117447599, 41.307390354914311 ], [ -123.54618761204371, 41.3076598495702 ], [ -123.546187611721081, 41.308019175447505 ], [ -123.546457106397042, 41.308019175075302 ], [ -123.546457105842251, 41.308647995945158 ], [ -123.545558791083067, 41.30864799613127 ], [ -123.545558790884783, 41.308019175336568 ], [ -123.544031655082648, 41.308019175547308 ], [ -123.544031654435798, 41.307390354503291 ], [ -123.544301149137311, 41.30739035533459 ] ] ] } },
{ "type": "Feature", "properties": { "csb_id": "061825000413873", "acres": 2.9395346123445201, "geoid": "06023" }, "geometry": { "type": "Polygon", "coordinates": [ [ [ -123.538192605949988, 41.307390354626222 ], [ -123.538192605591377, 41.306132713168516 ], [ -123.538821426405889, 41.306132713109925 ], [ -123.539090920389384, 41.30658187087343 ], [ -123.539450247593621, 41.306761534345554 ], [ -123.539450246841639, 41.307120859879284 ], [ -123.539090920598412, 41.30739035505529 ], [ -123.538192605949988, 41.307390354626222 ] ] ] } },
{ "type": "Feature", "properties": { "csb_id": "061825000413874", "acres": 4.83097249854357, "geoid": "06023" }, "geometry": { "type": "Polygon", "coordinates": [ [ [ -123.547445253461945, 41.305324229573223 ], [ -123.548343568138861, 41.305503892421299 ], [ -123.548972389311203, 41.306132712978922 ], [ -123.549241883973494, 41.30676153402603 ], [ -123.549241883457867, 41.307390354989607 ], [ -123.548882557870115, 41.307390354729158 ], [ -123.548343568549967, 41.307120860119149 ], [ -123.548343568412946, 41.306581870617421 ], [ -123.547984242222356, 41.306492039595355 ], [ -123.547714748008161, 41.306132713622496 ], [ -123.547714747114753, 41.30586321886701 ], [ -123.547085926377136, 41.305863219302481 ], [ -123.547085926736912, 41.305503893121482 ], [ -123.547445253461945, 41.305324229573223 ] ] ] } },
{ "type": "Feature", "properties": { "csb_id": "061825000413875", "acres": 9.9129046997824197, "geoid": "06023" }, "geometry": { "type": "Polygon", "coordinates": [ [ [ -123.546457105798382, 41.307390354827319 ], [ -123.54618761085824, 41.307120859949841 ], [ -123.545918117307849, 41.307120860265478 ], [ -123.545918117226478, 41.306222545170037 ], [ -123.544301149149447, 41.30613271392513 ], [ -123.543762159121741, 41.305863218621852 ], [ -123.543762160044153, 41.305503892335786 ], [ -123.544031654261914, 41.305234398700328 ], [ -123.54376215986963, 41.304964903941844 ], [ -123.543762160448026, 41.304605577098584 ], [ -123.544660474128008, 41.304605577427147 ], [ -123.544840138266878, 41.305503892934858 ], [ -123.545918117278774, 41.305503892673634 ], [ -123.546457106327551, 41.305863218361893 ], [ -123.547085926377136, 41.305863219302481 ], [ -123.547085926021296, 41.306132713802675 ], [ -123.546457106219904, 41.306132713207482 ], [ -123.546457106460807, 41.306492039687747 ], [ -123.546816431984297, 41.306492039230292 ], [ -123.54708592645909, 41.306761534594713 ], [ -123.547445251819752, 41.307210691620718 ], [ -123.547445253400284, 41.307659849433691 ], [ -123.546816432436032, 41.308019175293786 ], [ -123.546457106397042, 41.308019175075302 ], [ -123.546457105798382, 41.307390354827319 ] ] ] } },
{ "type": "Feature", "properties": { "csb_id": "061825000413876", "acres": 3.7084370629536898, "geoid": "06023" }, "geometry": { "type": "Polygon", "coordinates": [ [ [ -123.54034856234334, 41.301820799716893 ], [ -123.540618056303373, 41.301820800025446 ], [ -123.540618056666489, 41.303078441373088 ], [ -123.540348562236531, 41.303347935591397 ], [ -123.540348562322293, 41.303976756460081 ], [ -123.539989235508557, 41.303976756803586 ], [ -123.5395400790282, 41.303707262269057 ], [ -123.539719741981386, 41.303707261869924 ], [ -123.539719741764955, 41.302808946608081 ], [ -123.539090921080486, 41.302808946421273 ], [ -123.539090920668386, 41.302449621120104 ], [ -123.539989236130879, 41.302449620716445 ], [ -123.540348562241974, 41.302180126340673 ], [ -123.54034856234334, 41.301820799716893 ] ] ] } },
{ "type": "Feature", "properties": { "csb_id": "061825000413877", "acres": 24.651253657733498, "geoid": "06023" }, "geometry": { "type": "Polygon", "coordinates": [ [ [ -123.540977383523668, 41.308647996506124 ], [ -123.540977382606727, 41.308288670043645 ], [ -123.540618056772857, 41.308288669869839 ], [ -123.540618057012608, 41.308647996077099 ], [ -123.540977383523668, 41.308647996506124 ], [ -123.540977383118701, 41.308917490275114 ], [ -123.539719741331837, 41.308917491000244 ], [ -123.539719741772998, 41.308288670242788 ], [ -123.53998923612464, 41.307659848974971 ], [ -123.540348561871298, 41.307659849291461 ], [ -123.540348562453204, 41.306671702577013 ], [ -123.541107129996547, 41.306238774673346 ], [ -123.540438393749724, 41.304336082764749 ], [ -123.54061805668573, 41.304336083327769 ], [ -123.540618056749111, 41.304605577477204 ], [ -123.541606203961052, 41.304605577133678 ], [ -123.541875697906775, 41.304964903605743 ], [ -123.542145192345814, 41.304964903252788 ], [ -123.542774012811861, 41.304605577395066 ], [ -123.542774013662694, 41.303078441006868 ], [ -123.54214519233696, 41.303078441447674 ], [ -123.541875698395799, 41.302808946575105 ], [ -123.541875698414501, 41.302180126145885 ], [ -123.542774013397846, 41.302180126058474 ], [ -123.542774014123495, 41.302808947163335 ], [ -123.543133339442278, 41.303347936430796 ], [ -123.543402833692582, 41.303347935833955 ], [ -123.543762160567823, 41.302808947152563 ], [ -123.543762160518185, 41.301551305759169 ], [ -123.543402834324922, 41.301551305229523 ], [ -123.543402834104143, 41.300922484435432 ], [ -123.543762160898012, 41.30092248505516 ], [ -123.543762160752578, 41.301191979194485 ], [ -123.544660475918718, 41.301191978892568 ], [ -123.544660475939224, 41.301820799572937 ], [ -123.544301149182502, 41.301820800453044 ], [ -123.544301149575332, 41.301551305646441 ], [ -123.54403165470282, 41.301551305130374 ], [ -123.54403165460009, 41.30280894668892 ], [ -123.544031655215164, 41.303347936230196 ], [ -123.544301150014078, 41.303707262390326 ], [ -123.54466047531281, 41.30370726209587 ], [ -123.54466047614271, 41.304336083127822 ], [ -123.54376215978408, 41.304336083219759 ], [ -123.543762160448026, 41.304605577098584 ], [ -123.543133339813693, 41.304605577361372 ], [ -123.542774013310392, 41.304964903817918 ], [ -123.5427740135422, 41.305503892392224 ], [ -123.542504519285629, 41.305863219168323 ], [ -123.542145192675747, 41.305863218729137 ], [ -123.54187569817573, 41.306132713011671 ], [ -123.541875698526638, 41.306581871187248 ], [ -123.541246877776032, 41.306581871362141 ], [ -123.541246877591306, 41.306851365726516 ], [ -123.541516372297835, 41.307210691298963 ], [ -123.54187569747603, 41.307210691610294 ], [ -123.541875698622505, 41.306761533773887 ], [ -123.542504518546465, 41.306761533844941 ], [ -123.543133340092794, 41.307390355109987 ], [ -123.543762159932839, 41.307659849713268 ], [ -123.543762159819863, 41.308019175605594 ], [ -123.543133339995293, 41.308019175478243 ], [ -123.543133339507548, 41.307659849495792 ], [ -123.542504518144426, 41.307390354537759 ], [ -123.540977382965295, 41.307390354756478 ], [ -123.540977382667748, 41.30801917557568 ], [ -123.541246877644838, 41.308288669598632 ], [ -123.541606203013217, 41.308288669975255 ], [ -123.541606203329408, 41.308647996347538 ], [ -123.540977383523668, 41.308647996506124 ] ], [ [ -123.541246877667845, 41.30523439798133 ], [ -123.541246877508613, 41.304964903164503 ], [ -123.540977382604112, 41.304964903594126 ], [ -123.54097738288705, 41.305234398155648 ], [ -123.541246877667845, 41.30523439798133 ] ] ] } },
{ "type": "Feature", "properties": { "csb_id": "061825000413878", "acres": 2.5966659456946699, "geoid": "06023" }, "geometry": { "type": "Polygon", "coordinates": [ [ [ -123.558225036523069, 41.300024169818819 ], [ -123.5588538573151, 41.300024169325781 ], [ -123.558853856786257, 41.30182079967998 ], [ -123.55822503634684, 41.301820800276474 ], [ -123.558225036523069, 41.300024169818819 ] ] ] } },
{ "type": "Feature", "properties": { "csb_id": "061825000413879", "acres": 25.129753945725, "geoid": "06023" }, "geometry": { "type": "Polygon", "coordinates": [ [ [ -123.548343567648232, 41.303707262317396 ], [ -123.548613062785918, 41.303707262047908 ], [ -123.548613062630139, 41.303347935907979 ], [ -123.548343568865349, 41.30334793617746 ], [ -123.548343567648232, 41.303707262317396 ], [ -123.548074073663898, 41.303707261764302 ], [ -123.54771474714336, 41.302449620384103 ], [ -123.545738454407697, 41.302449620984063 ], [ -123.545260171284639, 41.302245306595353 ], [ -123.547445252333702, 41.302180125947146 ], [ -123.547445253279321, 41.301910631065937 ], [ -123.547804579479021, 41.301551305310966 ], [ -123.548613062660479, 41.301551305888331 ], [ -123.548613062448496, 41.300922485063808 ], [ -123.548074073279182, 41.300922484840825 ], [ -123.548343567676071, 41.300383495573989 ], [ -123.549511378343311, 41.300652990055497 ], [ -123.549601209114172, 41.300922484428106 ], [ -123.549870703488182, 41.301012316137665 ], [ -123.550499524525137, 41.301012316622298 ], [ -123.550499524329894, 41.300652990191068 ], [ -123.550230030380092, 41.300652990226354 ], [ -123.550230030624974, 41.3000241694278 ], [ -123.551128345378302, 41.299485180178621 ], [ -123.551397840511697, 41.299485179799106 ], [ -123.551577503335196, 41.300024169585406 ], [ -123.551128346030026, 41.302180125988961 ], [ -123.550999387803429, 41.303738492957123 ], [ -123.551218177310886, 41.304336082586438 ], [ -123.551067990237826, 41.304545222065556 ], [ -123.550769019178674, 41.304605577468003 ], [ -123.550769019454734, 41.303976757029019 ], [ -123.549241883233009, 41.303976756815402 ], [ -123.549241883941519, 41.304336082819091 ], [ -123.548613062309883, 41.30433608277999 ], [ -123.548613062154075, 41.303976756430984 ], [ -123.548343567648232, 41.303707262317396 ] ], [ [ -123.550499525278283, 41.302808946889549 ], [ -123.55049952449707, 41.301910631938576 ], [ -123.549241884060848, 41.301820800313031 ], [ -123.549241883616006, 41.302180125855436 ], [ -123.549870704593999, 41.302808946509444 ], [ -123.550499525278283, 41.302808946889549 ], [ -123.550499524590009, 41.303078441724679 ], [ -123.550230030723412, 41.303347936076143 ], [ -123.54987070452303, 41.303347935826089 ], [ -123.549870703821554, 41.303707262642092 ], [ -123.550769019113361, 41.303707261969898 ], [ -123.550769019048019, 41.302808947218487 ], [ -123.550499525278283, 41.302808946889549 ] ], [ [ -123.548343567759986, 41.30244962040414 ], [ -123.548343567924107, 41.302180125801158 ], [ -123.548074074007815, 41.302180126524718 ], [ -123.548074073967356, 41.302449620872345 ], [ -123.548343567759986, 41.30244962040414 ] ], [ [ -123.548613062528474, 41.30218012622241 ], [ -123.548972388667607, 41.302180125901657 ], [ -123.548972388988005, 41.301820799758602 ], [ -123.548613062372667, 41.301820800589994 ], [ -123.548613062528474, 41.30218012622241 ] ], [ [ -123.550769019718558, 41.301820799638797 ], [ -123.551128345626196, 41.301820800371139 ], [ -123.551128345065308, 41.30155130559406 ], [ -123.550769019377199, 41.30155130511708 ], [ -123.550769019718558, 41.301820799638797 ] ] ] } },
{ "type": "Feature", "properties": { "csb_id": "061825000413880", "acres": 2.9220258000370101, "geoid": "06023" }, "geometry": { "type": "Polygon", "coordinates": [ [ [ -123.850446998404522, 41.28277651578729 ], [ -123.851255481999232, 41.282776515618309 ], [ -123.851614808679741, 41.283046010759932 ], [ -123.851614808131799, 41.28340533644775 ], [ -123.850985987686812, 41.283405337086513 ], [ -123.850985987286336, 41.283046010462535 ], [ -123.850626661076646, 41.283046010971049 ], [ -123.850626661280899, 41.283674831568113 ], [ -123.850357167189614, 41.283944325730886 ], [ -123.849728345525847, 41.283944325920018 ], [ -123.849728346019205, 41.283046010523925 ], [ -123.85035716728332, 41.283046010496925 ], [ -123.850446998404522, 41.28277651578729 ] ] ] } },
{ "type": "Feature", "properties": { "csb_id": "061825000413882", "acres": 5.0129862364049202, "geoid": "06023" }, "geometry": { "type": "Polygon", "coordinates": [ [ [ -123.716777683745079, 41.116857683216111 ], [ -123.717675999545222, 41.117127177857235 ], [ -123.717675999483006, 41.117486504148602 ], [ -123.716777684414296, 41.117486503360389 ], [ -123.716777683962164, 41.117755998643197 ], [ -123.717047178371374, 41.117755998585089 ], [ -123.717047178792654, 41.118384818873537 ], [ -123.715520042185915, 41.118384819581728 ], [ -123.7151607165287, 41.118025493260127 ], [ -123.715160717049912, 41.117755998343419 ], [ -123.716777683745079, 41.116857683216111 ] ] ] } },
{ "type": "Feature", "properties": { "csb_id": "061825000413883", "acres": 6.79539461809284, "geoid": "06023" }, "geometry": { "type": "Polygon", "coordinates": [ [ [ -123.698901210115963, 41.098621882893802 ], [ -123.698811378289591, 41.097813398821948 ], [ -123.69845205166196, 41.097813398857461 ], [ -123.698182557252778, 41.097364241216624 ], [ -123.698182558095439, 41.097094746797431 ], [ -123.698541883556388, 41.096915083353849 ], [ -123.698811378322702, 41.09691508344627 ], [ -123.699530030114062, 41.097454073094546 ], [ -123.700069019738933, 41.097543904510324 ], [ -123.700069019900539, 41.098082893617317 ], [ -123.700697840331785, 41.098082893184085 ], [ -123.70069784066385, 41.097454073239142 ], [ -123.701685987433493, 41.097454073047622 ], [ -123.701685987410926, 41.097723567549643 ], [ -123.70105716602508, 41.098352387977101 ], [ -123.700069019808907, 41.098352387836094 ], [ -123.700069020062188, 41.098621882972274 ], [ -123.698901210115963, 41.098621882893802 ] ] ] } },
{ "type": "Feature", "properties": { "csb_id": "061825000413884", "acres": 4.8906760475944697, "geoid": "06023" }, "geometry": { "type": "Polygon", "coordinates": [ [ [ -123.70285379739434, 41.098082893609352 ], [ -123.7025843021474, 41.097094746586805 ], [ -123.701955481765239, 41.097094747071097 ], [ -123.701955482000955, 41.096016768130987 ], [ -123.702224975923968, 41.095657442453685 ], [ -123.702454292053162, 41.095727973866268 ], [ -123.703841943866379, 41.097723567630055 ], [ -123.7032131229778, 41.098082893848257 ], [ -123.70285379739434, 41.098082893609352 ] ] ] } },
{ "type": "Feature", "properties": { "csb_id": "061825000413885", "acres": 14.351261250253801, "geoid": "06023" }, "geometry": { "type": "Polygon", "coordinates": [ [ [ -123.70752503632005, 41.09592693740607 ], [ -123.707525037092921, 41.096465926199819 ], [ -123.707165709952832, 41.096465926289888 ], [ -123.707165710359362, 41.098981208464998 ], [ -123.706267394931601, 41.098981208712331 ], [ -123.706267394893942, 41.099250703737439 ], [ -123.705288634484205, 41.099109815459585 ], [ -123.705189417131962, 41.098981209273177 ], [ -123.70536907961953, 41.098981209141591 ], [ -123.705369079456332, 41.098352387942946 ], [ -123.705009753882607, 41.098352387868019 ], [ -123.70500975338193, 41.098711714616911 ], [ -123.70465042750439, 41.098352387894181 ], [ -123.70474025918152, 41.097723567848739 ], [ -123.705009753352854, 41.097454073274498 ], [ -123.705009753740569, 41.096825252553344 ], [ -123.705369080116242, 41.096465926114938 ], [ -123.705638574091594, 41.096465926512352 ], [ -123.705638573981872, 41.096915083387401 ], [ -123.706267395412041, 41.096915083756699 ], [ -123.706536889641882, 41.096465926323859 ], [ -123.70653688994598, 41.095567610522806 ], [ -123.70689621556609, 41.095298115884908 ], [ -123.707165710264647, 41.095298116566291 ], [ -123.707165710423865, 41.095926936897349 ], [ -123.70752503632005, 41.09592693740607 ] ] ] } },
{ "type": "Feature", "properties": { "csb_id": "061825000413886", "acres": 5.7460899960997001, "geoid": "06023" }, "geometry": { "type": "Polygon", "coordinates": [ [ [ -123.697374074162539, 41.094938790446442 ], [ -123.69764356909991, 41.094938790351613 ], [ -123.697643568510415, 41.095567610401623 ], [ -123.698272389452868, 41.095567610278188 ], [ -123.698272388862321, 41.095926936942341 ], [ -123.697643568013049, 41.096465926199123 ], [ -123.697014747966435, 41.096825252218487 ], [ -123.696745252622804, 41.096825252269369 ], [ -123.69674525361259, 41.096196431373869 ], [ -123.696385927485537, 41.095926936748349 ], [ -123.695846937436897, 41.095926936877746 ], [ -123.695846937677544, 41.095298116549323 ], [ -123.696745253335294, 41.095298116638155 ], [ -123.697374074162539, 41.094938790446442 ] ] ] } },
{ "type": "Feature", "properties": { "csb_id": "061825000413887", "acres": 6.96203382697969, "geoid": "06023" }, "geometry": { "type": "Polygon", "coordinates": [ [ [ -123.699530030634335, 41.094669295469366 ], [ -123.699530030328162, 41.094938790357766 ], [ -123.700069019053544, 41.094938790079951 ], [ -123.700069019949723, 41.094669295533642 ], [ -123.699530030634335, 41.094669295469366 ], [ -123.699530030123071, 41.094309969874764 ], [ -123.699799524817379, 41.094040474506315 ], [ -123.701057166328653, 41.094130306082342 ], [ -123.70132666173653, 41.094399801105652 ], [ -123.701326661490228, 41.094759127070112 ], [ -123.701057166544501, 41.094938790476611 ], [ -123.699230358071318, 41.095896758721224 ], [ -123.698901209436187, 41.095926937315191 ], [ -123.698901209879097, 41.095298116473622 ], [ -123.698272388803829, 41.095298116528589 ], [ -123.698272389394376, 41.094938790057029 ], [ -123.698541883000701, 41.094669295316592 ], [ -123.699530030634335, 41.094669295469366 ] ], [ [ -123.700697840026805, 41.094399801043295 ], [ -123.700428345878677, 41.094399801339542 ], [ -123.7004283463516, 41.094669295823898 ], [ -123.700697840377174, 41.094669295784279 ], [ -123.700697840026805, 41.094399801043295 ] ] ] } },
{ "type": "Feature", "properties": { "csb_id": "061825000413888", "acres": 19.7829365267581, "geoid": "06023" }, "geometry": { "type": "Polygon", "coordinates": [ [ [ -123.70411143891495, 41.09682525200688 ], [ -123.704111439036836, 41.096465926007745 ], [ -123.703841944142297, 41.096465926322495 ], [ -123.70384194380074, 41.096825252064932 ], [ -123.703572449031384, 41.096825252409609 ], [ -123.70335734462644, 41.096625938563143 ], [ -123.701955482036936, 41.094669295207638 ], [ -123.702224976292555, 41.094669295623376 ], [ -123.702224975691152, 41.094040474685521 ], [ -123.701685987719031, 41.094040475167347 ], [ -123.701685987396729, 41.093770980656231 ], [ -123.702584302509919, 41.093770980214323 ], [ -123.702584302458973, 41.09341165412448 ], [ -123.702853797380655, 41.093142159359232 ], [ -123.704380933428297, 41.093142159588851 ], [ -123.70438093308239, 41.093770979875202 ], [ -123.705009754145365, 41.093770980277036 ], [ -123.705009753911739, 41.094309969618934 ], [ -123.704740258610954, 41.094309969092571 ], [ -123.704740259729803, 41.094669295800074 ], [ -123.705369080388564, 41.094669295373791 ], [ -123.705638574215499, 41.095298115935002 ], [ -123.705638574820753, 41.095926936864018 ], [ -123.705369079783551, 41.096196431644856 ], [ -123.705009753783344, 41.096196431314013 ], [ -123.704740259461417, 41.096465925770445 ], [ -123.704740259085924, 41.096825252539723 ], [ -123.70411143891495, 41.09682525200688 ] ], [ [ -123.704111438290241, 41.094938790157201 ], [ -123.704111438611449, 41.094669295097162 ], [ -123.704380933442096, 41.094669295496551 ], [ -123.704380932999356, 41.094309969045675 ], [ -123.70348261724665, 41.094309969551986 ], [ -123.703482618068179, 41.094669295831444 ], [ -123.703841943927046, 41.094938789787804 ], [ -123.704111438290241, 41.094938790157201 ] ], [ [ -123.70321312277791, 41.094669295503699 ], [ -123.7025843024648, 41.09466929549253 ], [ -123.702584302416781, 41.094938790124566 ], [ -123.703213122827009, 41.094938790649145 ], [ -123.70321312277791, 41.094669295503699 ] ] ] } },
{ "type": "Feature", "properties": { "csb_id": "061825000413889", "acres": 10.364730000731599, "geoid": "06023" }, "geometry": { "type": "Polygon", "coordinates": [ [ [ -123.710579309015912, 41.092333676096281 ], [ -123.71057930791315, 41.092513338621771 ], [ -123.710848802691942, 41.09251333939892 ], [ -123.710848802765213, 41.092333676017965 ], [ -123.712645433111234, 41.093770979958265 ], [ -123.712106444702812, 41.094220137757354 ], [ -123.710579308494715, 41.094309969322907 ], [ -123.709052173087244, 41.094040474995019 ], [ -123.709052172937703, 41.09341165379162 ], [ -123.710579309015912, 41.092333676096281 ] ] ] } },
{ "type": "Feature", "properties": { "csb_id": "061825000413890", "acres": 3.6633097045427201, "geoid": "06023" }, "geometry": { "type": "Polygon", "coordinates": [ [ [ -123.709860656823011, 41.091615023384684 ], [ -123.710235071453738, 41.091866095295657 ], [ -123.71030981441028, 41.092154012765818 ], [ -123.70905217224977, 41.093142159765428 ], [ -123.708692846247601, 41.093142159278095 ], [ -123.708692846657684, 41.092782833806574 ], [ -123.707794531446638, 41.092782833425609 ], [ -123.707794531412546, 41.092513338603126 ], [ -123.708692846993856, 41.092513339069328 ], [ -123.709321666887561, 41.09224384417621 ], [ -123.709321666640847, 41.091615023421433 ], [ -123.709860656823011, 41.091615023384684 ] ] ] } },
{ "type": "Feature", "properties": { "csb_id": "061825000413891", "acres": 13.193458654213099, "geoid": "06023" }, "geometry": { "type": "Polygon", "coordinates": [ [ [ -123.707165710671944, 41.089459066984176 ], [ -123.70746450572716, 41.089608903267447 ], [ -123.707525037011294, 41.089998056309348 ], [ -123.706896215700212, 41.090357382479475 ], [ -123.706964028421808, 41.090711620262383 ], [ -123.707525036457483, 41.090626876539737 ], [ -123.707525036300808, 41.090357382468468 ], [ -123.708423352315478, 41.090357382347712 ], [ -123.709052171994657, 41.090896371489883 ], [ -123.70905217260561, 41.09125569749655 ], [ -123.708692846302256, 41.091255697352196 ], [ -123.708692846638442, 41.090986202965318 ], [ -123.708423352161944, 41.090986202599844 ], [ -123.708423352293238, 41.091255697585453 ], [ -123.708692846302256, 41.091255697352196 ], [ -123.708692845966056, 41.091525191800919 ], [ -123.708064025975361, 41.091884518457164 ], [ -123.706896216344489, 41.091884518362008 ], [ -123.706896216291952, 41.092513339173806 ], [ -123.706536889807154, 41.092513339035442 ], [ -123.706536889261187, 41.091884518138308 ], [ -123.706267395423055, 41.091615023653304 ], [ -123.705997900620275, 41.091615023301109 ], [ -123.705997900698463, 41.09125569769899 ], [ -123.706267395281515, 41.091255697794466 ], [ -123.706267394629364, 41.090986202895074 ], [ -123.70599790107309, 41.09098620279957 ], [ -123.705997900698463, 41.09125569769899 ], [ -123.705638574051434, 41.091255697428274 ], [ -123.705638575055062, 41.090626876776994 ], [ -123.705009753209055, 41.090626876564961 ], [ -123.705009753900541, 41.090357382579882 ], [ -123.705638574500099, 41.090357382535188 ], [ -123.70599790040626, 41.090087887342342 ], [ -123.705997900139536, 41.08972856135167 ], [ -123.706267395837799, 41.089459067068525 ], [ -123.707165710671944, 41.089459066984176 ] ] ] } },
{ "type": "Feature", "properties": { "csb_id": "061825000413892", "acres": 34.899101493267203, "geoid": "06023" }, "geometry": { "type": "Polygon", "coordinates": [ [ [ -123.710758971860528, 41.087572604653701 ], [ -123.711477624092367, 41.088470919783752 ], [ -123.711477623692303, 41.088830246162416 ], [ -123.711208128923872, 41.08883024611518 ], [ -123.711208129780786, 41.08909974094955 ], [ -123.711477624081724, 41.089099740398133 ], [ -123.711477623692303, 41.088830246162416 ], [ -123.711926781716542, 41.088830246203287 ], [ -123.712658065607073, 41.089653818734028 ], [ -123.713166438944427, 41.090564941763191 ], [ -123.713004760111616, 41.090626876957707 ], [ -123.713004759084782, 41.09224384406383 ], [ -123.711836950295009, 41.092243843817435 ], [ -123.71183694975484, 41.092513339349495 ], [ -123.712735264996013, 41.092513338493397 ], [ -123.713364086139507, 41.09278283303879 ], [ -123.713364085897652, 41.093142159111565 ], [ -123.712236804941568, 41.093098120888968 ], [ -123.710848802911798, 41.091974349338521 ], [ -123.710848803549894, 41.091255697164826 ], [ -123.711477623749346, 41.091255697278321 ], [ -123.71147762410493, 41.09062687636618 ], [ -123.711208128927808, 41.090626876746001 ], [ -123.711208129457304, 41.09098620327002 ], [ -123.710848803257647, 41.090986202948372 ], [ -123.710848803549894, 41.091255697164826 ], [ -123.709950488192192, 41.091255697667798 ], [ -123.710067777238024, 41.090740394498731 ], [ -123.709142004411234, 41.090626876699702 ], [ -123.70738695600879, 41.089237821822444 ], [ -123.707345372894338, 41.089099740666533 ], [ -123.707794530558701, 41.08909974078724 ], [ -123.707794531328929, 41.088830245697238 ], [ -123.707525036217049, 41.088830246344919 ], [ -123.707585743369293, 41.088293186731413 ], [ -123.708423351938265, 41.087931930442707 ], [ -123.709052173045308, 41.087931931035634 ], [ -123.709052172963865, 41.088830246217412 ], [ -123.708692846453872, 41.088830246074174 ], [ -123.708423351932765, 41.089099741141744 ], [ -123.708423352124129, 41.089728561576536 ], [ -123.709052172537511, 41.089728561229883 ], [ -123.709321666917845, 41.089099740687587 ], [ -123.709321667130581, 41.088470919647314 ], [ -123.709950488368918, 41.087572605014074 ], [ -123.710758971860528, 41.087572604653701 ] ], [ [ -123.70905217234403, 41.090087887991622 ], [ -123.709052172227601, 41.090357382429282 ], [ -123.709680993174501, 41.090357381980169 ], [ -123.709680993538697, 41.090087887884501 ], [ -123.70905217234403, 41.090087887991622 ] ], [ [ -123.710309813710651, 41.089728561425552 ], [ -123.710309813469593, 41.090087887760141 ], [ -123.710579308546826, 41.090087887907515 ], [ -123.710579308568171, 41.089728561316143 ], [ -123.710309813710651, 41.089728561425552 ] ], [ [ -123.71084880313343, 41.089459066771553 ], [ -123.710848802621356, 41.089728561750164 ], [ -123.711208129672954, 41.089728561386664 ], [ -123.711208129161008, 41.089459067263576 ], [ -123.71084880313343, 41.089459066771553 ] ] ] } },
{ "type": "Feature", "properties": { "csb_id": "061825000413893", "acres": 4.21014460968403, "geoid": "06023" }, "geometry": { "type": "Polygon", "coordinates": [ [ [ -123.706267395674573, 41.086494626738258 ], [ -123.705927368238207, 41.086903605497668 ], [ -123.704740259869112, 41.086943784348179 ], [ -123.704740259034153, 41.087303110172222 ], [ -123.705009753843953, 41.087303110440551 ], [ -123.705009753497379, 41.087572604581183 ], [ -123.704591475640498, 41.087877891390512 ], [ -123.70438093246716, 41.08793193071137 ], [ -123.704111438831376, 41.087572605067301 ], [ -123.704111438699343, 41.086943784076446 ], [ -123.704380932698555, 41.086674289365746 ], [ -123.705009753582033, 41.086314963020158 ], [ -123.705369079496208, 41.086314963348251 ], [ -123.705369079556974, 41.086674289493722 ], [ -123.705638574959352, 41.086674289632192 ], [ -123.705638574678872, 41.086314963229967 ], [ -123.705369079496208, 41.086314963348251 ], [ -123.705369079623068, 41.086045469238812 ], [ -123.706267394664124, 41.086045468542927 ], [ -123.706267395674573, 41.086494626738258 ] ] ] } },
{ "type": "Feature", "properties": { "csb_id": "061825000413894", "acres": 6.8640184884041098, "geoid": "06023" }, "geometry": { "type": "Polygon", "coordinates": [ [ [ -123.697014748035059, 41.082631870406011 ], [ -123.698002893969601, 41.083889511876251 ], [ -123.697643568516654, 41.084159006588223 ], [ -123.696171436774776, 41.084103914512639 ], [ -123.695846937567836, 41.083620017260237 ], [ -123.69584693769373, 41.082991197011943 ], [ -123.695038454163779, 41.082991196701172 ], [ -123.694858790916257, 41.082631870963041 ], [ -123.697014748035059, 41.082631870406011 ] ] ] } },
{ "type": "Feature", "properties": { "csb_id": "061825000413895", "acres": 10.3962379880958, "geoid": "06023" }, "geometry": { "type": "Polygon", "coordinates": [ [ [ -123.700428345872496, 41.080206419875168 ], [ -123.700697840083905, 41.080475913977054 ], [ -123.700069019407167, 41.080475913985396 ], [ -123.699530029888734, 41.081464060807406 ], [ -123.698002894955749, 41.08146406047603 ], [ -123.698002894189926, 41.080835240094281 ], [ -123.697374074341568, 41.080835239916702 ], [ -123.697014748079752, 41.08020641911115 ], [ -123.697014747243685, 41.079847093398456 ], [ -123.698272389335671, 41.079308104548836 ], [ -123.699170703975824, 41.079308103997967 ], [ -123.699530029847637, 41.079577598528552 ], [ -123.699530030920599, 41.079847093382917 ], [ -123.699170704533259, 41.079847093388551 ], [ -123.699170704647329, 41.080475913842577 ], [ -123.69953003043635, 41.080475913751471 ], [ -123.699530030857304, 41.080206419352308 ], [ -123.700428345872496, 41.080206419875168 ] ], [ [ -123.698541883281223, 41.080475913942337 ], [ -123.698541883140336, 41.080835239932057 ], [ -123.698901210064918, 41.080835239899969 ], [ -123.698901209529879, 41.080475913653572 ], [ -123.698541883281223, 41.080475913942337 ] ] ] } },
{ "type": "Feature", "properties": { "csb_id": "061825000413896", "acres": 7.2380420089554498, "geoid": "06023" }, "geometry": { "type": "Polygon", "coordinates": [ [ [ -123.695218117046636, 41.076792821494621 ], [ -123.695896853895192, 41.076832824202341 ], [ -123.696745252776694, 41.077691136849033 ], [ -123.696745252588713, 41.078050462761233 ], [ -123.696116432556195, 41.078050462890154 ], [ -123.696116432002071, 41.078319957652674 ], [ -123.696745253280852, 41.078319957780423 ], [ -123.696745252588713, 41.078050462761233 ], [ -123.697374074000152, 41.078050462956689 ], [ -123.697374074444639, 41.078319957633632 ], [ -123.697014748031336, 41.078679283405876 ], [ -123.696116432412396, 41.078679283841808 ], [ -123.696116432662691, 41.078948777635702 ], [ -123.695846937387046, 41.078948777928211 ], [ -123.695846938059546, 41.078050462840466 ], [ -123.695218117467746, 41.077691136396119 ], [ -123.694858790883913, 41.077691137011136 ], [ -123.694858790942817, 41.077421641707559 ], [ -123.694589296428205, 41.077421642339104 ], [ -123.694589296147186, 41.077691136530625 ], [ -123.694858790883913, 41.077691137011136 ], [ -123.694858790997017, 41.078050462581331 ], [ -123.694229969814984, 41.078050462998974 ], [ -123.694229970564706, 41.077152147567297 ], [ -123.695218117046636, 41.076792821494621 ] ] ] } },
{ "type": "Feature", "properties": { "csb_id": "061825000413898", "acres": 16.9821072591904, "geoid": "06023" }, "geometry": { "type": "Polygon", "coordinates": [ [ [ -123.693690981684412, 41.074636864489193 ], [ -123.69369098125064, 41.074367370052791 ], [ -123.69333165546044, 41.074367369961521 ], [ -123.693331654525537, 41.074636864397952 ], [ -123.693690981684412, 41.074636864489193 ], [ -123.693690981496815, 41.074996190670987 ], [ -123.69297232915946, 41.074996191017107 ], [ -123.692972328820233, 41.074726696156574 ], [ -123.692702834573851, 41.074726695970391 ], [ -123.692433340107371, 41.074996190674739 ], [ -123.692433339542603, 41.075265685340106 ], [ -123.693062160556352, 41.075535179688913 ], [ -123.693331654435028, 41.075535179886259 ], [ -123.69333165536996, 41.075265685245178 ], [ -123.693690980781497, 41.075265685507318 ], [ -123.693690981116802, 41.076164000532046 ], [ -123.693062160154582, 41.076164000757124 ], [ -123.693062160557261, 41.07679282104781 ], [ -123.693511318254707, 41.077421641999038 ], [ -123.693331654654727, 41.077691136574927 ], [ -123.693331654809811, 41.078319957335928 ], [ -123.693690980565691, 41.078319957255317 ], [ -123.693690981182499, 41.078679283444735 ], [ -123.693331654964894, 41.07894877843168 ], [ -123.693062160608306, 41.078948778234825 ], [ -123.692702834529143, 41.078679283093429 ], [ -123.692702833872801, 41.078050462568662 ], [ -123.692074013034855, 41.078050462546415 ], [ -123.692074014175603, 41.077421642270643 ], [ -123.692433340080598, 41.077421641880655 ], [ -123.692343508883297, 41.076613158497551 ], [ -123.691175698304676, 41.074367370158541 ], [ -123.690546878027192, 41.074367369797891 ], [ -123.690546878033075, 41.073738549170415 ], [ -123.69090620396247, 41.073738549829287 ], [ -123.690906203670792, 41.074008043780779 ], [ -123.691804519502739, 41.074008044339003 ], [ -123.691804519616127, 41.074367369988018 ], [ -123.692433339663253, 41.074367369799418 ], [ -123.692433339219207, 41.073738549258316 ], [ -123.692074013060292, 41.073738549219705 ], [ -123.692074013844703, 41.073469055158789 ], [ -123.692702833836165, 41.073469054669516 ], [ -123.692702833955266, 41.074008044478028 ], [ -123.693062160678423, 41.074008043858612 ], [ -123.693062159997055, 41.073738549223108 ], [ -123.694229969782725, 41.073738549249661 ], [ -123.694229970223034, 41.074367370560054 ], [ -123.693960475966705, 41.074367369607096 ], [ -123.693690981684412, 41.074636864489193 ] ] ] } },
{ "type": "Feature", "properties": { "csb_id": "061825000413899", "acres": 5.6951565832050397, "geoid": "06023" }, "geometry": { "type": "Polygon", "coordinates": [ [ [ -123.688390921067395, 41.070145287892927 ], [ -123.688390920586528, 41.069516467367322 ], [ -123.68866041509618, 41.06951646750472 ], [ -123.688660415094233, 41.069157141273337 ], [ -123.688031595045686, 41.069157141607121 ], [ -123.688031594152235, 41.06951646732545 ], [ -123.687762100331739, 41.069516467571333 ], [ -123.687762100136169, 41.0687079841735 ], [ -123.689289236668671, 41.068618151949877 ], [ -123.689289236521091, 41.069157141263531 ], [ -123.689648562508907, 41.069157141186878 ], [ -123.689918056258207, 41.068887646590895 ], [ -123.689918057326338, 41.068618152606554 ], [ -123.690546877524184, 41.068618152132835 ], [ -123.689918057534683, 41.069696130708358 ], [ -123.689289235657043, 41.070145288019724 ], [ -123.688390921067395, 41.070145287892927 ] ] ] } },
{ "type": "Feature", "properties": { "csb_id": "061825000413900", "acres": 3.3316187093593701, "geoid": "06023" }, "geometry": { "type": "Polygon", "coordinates": [ [ [ -123.689648562694344, 41.068438489564763 ], [ -123.691535023985637, 41.068528320442809 ], [ -123.691535024480245, 41.068797815433051 ], [ -123.690906203743339, 41.06969613029532 ], [ -123.689918057534683, 41.069696130708358 ], [ -123.690546877524184, 41.068618152132835 ], [ -123.689648562561857, 41.068618152215585 ], [ -123.689648562694344, 41.068438489564763 ] ] ] } },
{ "type": "Feature", "properties": { "csb_id": "061825000413901", "acres": 7.1607224365689701, "geoid": "06023" }, "geometry": { "type": "Polygon", "coordinates": [ [ [ -123.690546877048732, 41.066911353130948 ], [ -123.690906204384618, 41.066911353193071 ], [ -123.691085866197767, 41.067899499824001 ], [ -123.690906204000683, 41.068079163468674 ], [ -123.689289235891536, 41.068168994731991 ], [ -123.689289236039087, 41.067630005867379 ], [ -123.689019742289275, 41.067360511133984 ], [ -123.68839092085868, 41.067360510584855 ], [ -123.687492606085982, 41.06798933164314 ], [ -123.686863785023064, 41.06789949968914 ], [ -123.686912034567172, 41.067139265633898 ], [ -123.688707173206112, 41.066962760429547 ], [ -123.688791829513463, 41.06678415068334 ], [ -123.688390920604817, 41.066641858339295 ], [ -123.689019741738207, 41.066641858461175 ], [ -123.689379068146749, 41.066911352765317 ], [ -123.689379068217463, 41.067540173962065 ], [ -123.690277382477362, 41.067540173809263 ], [ -123.690546878243296, 41.067270679622439 ], [ -123.690546877048732, 41.066911353130948 ] ] ] } },
{ "type": "Feature", "properties": { "csb_id": "061825000413902", "acres": 3.9946293268691599, "geoid": "06023" }, "geometry": { "type": "Polygon", "coordinates": [ [ [ -123.689648562085665, 41.062958766243327 ], [ -123.689648562597981, 41.063587586715769 ], [ -123.689259058780806, 41.063797427740404 ], [ -123.688750246930212, 41.063767249745652 ], [ -123.688750246702867, 41.06322826108245 ], [ -123.688390921525297, 41.063228260510066 ], [ -123.688390920509121, 41.063767249772219 ], [ -123.687223111692887, 41.063857081304775 ], [ -123.687223110961668, 41.063587586494009 ], [ -123.687762100546664, 41.063587586515425 ], [ -123.687762100342752, 41.062689271691546 ], [ -123.688750247279842, 41.062689271551648 ], [ -123.688750247393557, 41.062958765730478 ], [ -123.689648562085665, 41.062958766243327 ] ] ] } },
{ "type": "Feature", "properties": { "csb_id": "061825000413903", "acres": 5.37233186959336, "geoid": "06023" }, "geometry": { "type": "Polygon", "coordinates": [ [ [ -123.691804518810201, 41.062689271589193 ], [ -123.691684509384217, 41.062030272872207 ], [ -123.692433339085667, 41.061431629864209 ], [ -123.692702834284418, 41.061701124771119 ], [ -123.69270283424872, 41.062060450541438 ], [ -123.69306216061797, 41.062060450437748 ], [ -123.693062160905214, 41.061431630346888 ], [ -123.693331654608485, 41.061431629776372 ], [ -123.693921349881805, 41.062009745207696 ], [ -123.693960476162474, 41.062329945262704 ], [ -123.693331654861993, 41.062329945442244 ], [ -123.693331655377008, 41.062689271060314 ], [ -123.69396047642401, 41.062689271650505 ], [ -123.693960475322797, 41.063228260837072 ], [ -123.693690981325801, 41.06322826034031 ], [ -123.693690981007137, 41.062958765673699 ], [ -123.692702833757281, 41.062958765998324 ], [ -123.692702834559569, 41.062689271050445 ], [ -123.691804518810201, 41.062689271589193 ] ] ] } },
{ "type": "Feature", "properties": { "csb_id": "061825000413904", "acres": 3.4667470004715599, "geoid": "06023" }, "geometry": { "type": "Polygon", "coordinates": [ [ [ -123.686283388871871, 41.0594786719087 ], [ -123.687714640705011, 41.058409993323586 ], [ -123.687538223268788, 41.058238400601589 ], [ -123.687223111186924, 41.058377357621247 ], [ -123.687223111016351, 41.058018031763545 ], [ -123.687492606047002, 41.057748537118343 ], [ -123.688839376751815, 41.057839071104532 ], [ -123.688929909530358, 41.058018031732445 ], [ -123.688750246841607, 41.058377357767313 ], [ -123.688121425852472, 41.05837735776646 ], [ -123.687492605701237, 41.058646852232755 ], [ -123.687311275708382, 41.05920917727579 ], [ -123.686638416308384, 41.059686231339576 ], [ -123.686283388871871, 41.0594786719087 ] ] ] } },
{ "type": "Feature", "properties": { "csb_id": "061825000413905", "acres": 4.3938321199312096, "geoid": "06023" }, "geometry": { "type": "Polygon", "coordinates": [ [ [ -123.678239958532771, 41.048765384137809 ], [ -123.678868778786267, 41.048765385019429 ], [ -123.678868779657961, 41.048495890109848 ], [ -123.680126420772808, 41.048495889763515 ], [ -123.680126420189296, 41.050023025704398 ], [ -123.679767094624381, 41.050023026165007 ], [ -123.679767094717292, 41.049753531314359 ], [ -123.678868779342963, 41.049753531460233 ], [ -123.678868778926102, 41.04912471074784 ], [ -123.678239958121821, 41.049124710208808 ], [ -123.678239958532771, 41.048765384137809 ] ] ] } },
{ "type": "Feature", "properties": { "csb_id": "061825000413909", "acres": 3.0708985925917198, "geoid": "06023" }, "geometry": { "type": "Polygon", "coordinates": [ [ [ -123.64042088482428, 40.969713639687505 ], [ -123.640690379087204, 40.969713639647992 ], [ -123.640690379583859, 40.97025262898304 ], [ -123.641319199685171, 40.970252628640502 ], [ -123.641319199783808, 40.970881449783121 ], [ -123.641948020415427, 40.970881449330271 ], [ -123.64194802106266, 40.970611954626996 ], [ -123.642217515182892, 40.970611954950016 ], [ -123.64239717899099, 40.970881449552039 ], [ -123.642286204503378, 40.971279901321466 ], [ -123.641105060950181, 40.971043040478293 ], [ -123.640061558419987, 40.970611954973556 ], [ -123.640061559021987, 40.97025262819087 ], [ -123.64042088441829, 40.97025262876646 ], [ -123.64042088482428, 40.969713639687505 ] ] ] } },
{ "type": "Feature", "properties": { "csb_id": "061825000413910", "acres": 3.5509254332381799, "geoid": "06023" }, "geometry": { "type": "Polygon", "coordinates": [ [ [ -123.643205662763037, 40.960281329276782 ], [ -123.64320566246063, 40.960460991589891 ], [ -123.644103977979654, 40.960371160236086 ], [ -123.644103978056762, 40.961359307623709 ], [ -123.643744651982502, 40.961628802141888 ], [ -123.642846336500597, 40.961628801863107 ], [ -123.642883882451684, 40.960202376000844 ], [ -123.643205662763037, 40.960281329276782 ] ] ] } },
{ "type": "Feature", "properties": { "csb_id": "061825000413911", "acres": 3.1407003053079299, "geoid": "06023" }, "geometry": { "type": "Polygon", "coordinates": [ [ [ -123.643205661926501, 40.958125372426139 ], [ -123.643228470599226, 40.956800708589867 ], [ -123.644103977929106, 40.956598236026636 ], [ -123.644103977458016, 40.9582152035834 ], [ -123.643205661926501, 40.958125372426139 ] ] ] } },
{ "type": "Feature", "properties": { "csb_id": "061825000413912", "acres": 6.3586377330955903, "geoid": "06023" }, "geometry": { "type": "Polygon", "coordinates": [ [ [ -123.645002292143943, 40.956418573157308 ], [ -123.64347515706794, 40.956328741693746 ], [ -123.643475156846051, 40.955789752691111 ], [ -123.643744650930074, 40.955520258390294 ], [ -123.644956499477487, 40.955468675306385 ], [ -123.644822191411208, 40.955203391253036 ], [ -123.643475156624163, 40.955250763922116 ], [ -123.643475156783168, 40.954891436894471 ], [ -123.64374465123629, 40.954621942875463 ], [ -123.644373472572781, 40.954621942837157 ], [ -123.645631113904003, 40.955250762988165 ], [ -123.645631113431321, 40.955789752776404 ], [ -123.645002292143943, 40.956418573157308 ] ] ] } },
{ "type": "Feature", "properties": { "csb_id": "061825000413913", "acres": 3.41517167162446, "geoid": "06023" }, "geometry": { "type": "Polygon", "coordinates": [ [ [ -123.639163243452529, 40.95031002900663 ], [ -123.640061558974324, 40.950310029733181 ], [ -123.640420884276239, 40.950579523645544 ], [ -123.64042088526233, 40.950938850376993 ], [ -123.640690379433607, 40.951208345079159 ], [ -123.641049705996821, 40.951208344439308 ], [ -123.641049705135856, 40.952106660242556 ], [ -123.640420885252183, 40.951926996534688 ], [ -123.640061559229736, 40.951298176078851 ], [ -123.639163242993732, 40.950579524352378 ], [ -123.639163243452529, 40.95031002900663 ] ] ] } },
{ "type": "Feature", "properties": { "csb_id": "061825000586023", "acres": 3.0481728460409299, "geoid": "06023" }, "geometry": { "type": "Polygon", "coordinates": [ [ [ -123.551757776369072, 41.298325874828045 ], [ -123.551757776863425, 41.29868520090757 ], [ -123.551089829450888, 41.299185063759708 ], [ -123.550230640794823, 41.29949368474562 ], [ -123.549961146162076, 41.298954695016526 ], [ -123.549961146153379, 41.298325874859223 ], [ -123.550589966874284, 41.298325874328008 ], [ -123.550589966720963, 41.29868520109811 ], [ -123.551128955488196, 41.298685201016859 ], [ -123.55112895554646, 41.298325874591939 ], [ -123.551757776369072, 41.298325874828045 ] ] ] } },
{ "type": "Feature", "properties": { "csb_id": "061825000586024", "acres": 10.285289604685101, "geoid": "06023" }, "geometry": { "type": "Polygon", "coordinates": [ [ [ -123.549961145310988, 41.296169917658453 ], [ -123.549961145758274, 41.296529243803448 ], [ -123.550230639168717, 41.296529244693893 ], [ -123.55023063965514, 41.296169918038174 ], [ -123.549961145310988, 41.296169917658453 ], [ -123.54996114506153, 41.295900423341834 ], [ -123.550589965638451, 41.295271603088153 ], [ -123.551578113571452, 41.295271602945569 ], [ -123.551578113101144, 41.295720760217407 ], [ -123.550949292737471, 41.296080086688363 ], [ -123.550589965215849, 41.297068233921699 ], [ -123.550589967370328, 41.297697054115041 ], [ -123.549961145903922, 41.298056380006393 ], [ -123.547445861847493, 41.298056380667923 ], [ -123.547445861648285, 41.297697054001809 ], [ -123.548434008796306, 41.2976970541282 ], [ -123.548434010301705, 41.297068232718992 ], [ -123.549332324061581, 41.297068233067947 ], [ -123.549332324109798, 41.297697054041855 ], [ -123.549601818643225, 41.297697054198608 ], [ -123.54996114439794, 41.297427559769936 ], [ -123.549961146257175, 41.297068232816322 ], [ -123.549062829346795, 41.296798739080764 ], [ -123.549062830203653, 41.296169918027545 ], [ -123.549961145310988, 41.296169917658453 ] ] ] } },
{ "type": "Feature", "properties": { "csb_id": "061825000586025", "acres": 8.5603452205299302, "geoid": "06023" }, "geometry": { "type": "Polygon", "coordinates": [ [ [ -123.563435875311484, 41.295541097569661 ], [ -123.561908738967716, 41.295541096878331 ], [ -123.561908739527652, 41.295271602684075 ], [ -123.561549413612326, 41.295271602308951 ], [ -123.561100255575752, 41.295900423230179 ], [ -123.561279919167376, 41.296439412776444 ], [ -123.56043375609012, 41.296539332834065 ], [ -123.560645483827642, 41.296149696824607 ], [ -123.560381602941476, 41.294373287533894 ], [ -123.561279918407621, 41.294373287429508 ], [ -123.561279918678508, 41.295002108004923 ], [ -123.562178233494535, 41.29500210817632 ], [ -123.562178233976496, 41.294373287524706 ], [ -123.562537559463877, 41.294373287080511 ], [ -123.562537559878621, 41.295002108243061 ], [ -123.562807054539462, 41.295271602889095 ], [ -123.56343587464994, 41.295271602353516 ], [ -123.563435875332146, 41.294642781814346 ], [ -123.564064696170732, 41.294642781448232 ], [ -123.564334190332247, 41.2952716028814 ], [ -123.564334191203514, 41.295900423350695 ], [ -123.563435875120859, 41.295900423001882 ], [ -123.563435875311484, 41.295541097569661 ] ] ] } },
{ "type": "Feature", "properties": { "csb_id": "061825000586026", "acres": 4.17520380555586, "geoid": "06023" }, "geometry": { "type": "Polygon", "coordinates": [ [ [ -123.543223781591053, 41.292127498813137 ], [ -123.54322378114324, 41.292486825540891 ], [ -123.542864455148745, 41.293115645766001 ], [ -123.543133949402076, 41.29347497232505 ], [ -123.543133950194928, 41.293744466669338 ], [ -123.542864454703675, 41.294013961065872 ], [ -123.542594961069938, 41.294013960829346 ], [ -123.542594960952059, 41.293474971728301 ], [ -123.542235634339093, 41.293115645688083 ], [ -123.541696645397252, 41.293115645754646 ], [ -123.541696645499187, 41.292217330837666 ], [ -123.543223781591053, 41.292127498813137 ] ] ] } },
{ "type": "Feature", "properties": { "csb_id": "061825000586027", "acres": 4.2170890205363296, "geoid": "06023" }, "geometry": { "type": "Polygon", "coordinates": [ [ [ -123.545379738437589, 41.290420700305361 ], [ -123.545578656505384, 41.290460878387407 ], [ -123.546121154833074, 41.291482054260996 ], [ -123.546367884801796, 41.291319014969595 ], [ -123.546956526555888, 41.291389591246435 ], [ -123.546906874011668, 41.291947835764056 ], [ -123.546547548340897, 41.291947836130909 ], [ -123.546547548225959, 41.291588509686704 ], [ -123.545020411853997, 41.29158851014251 ], [ -123.545020412230272, 41.291768172884197 ], [ -123.543852602005003, 41.291768173346 ], [ -123.543762770331426, 41.291319015330338 ], [ -123.544032264748324, 41.290959689095303 ], [ -123.544750917575456, 41.290959689593542 ], [ -123.544750917299254, 41.291319015754475 ], [ -123.545379738319482, 41.29131901573264 ], [ -123.545379738437589, 41.290420700305361 ] ] ] } },
{ "type": "Feature", "properties": { "csb_id": "061825000586029", "acres": 14.673899452420301, "geoid": "06023" }, "geometry": { "type": "Polygon", "coordinates": [ [ [ -123.569274924851612, 41.288803732788601 ], [ -123.569274924861872, 41.289971542322014 ], [ -123.56909526135891, 41.289971542658321 ], [ -123.568915598831481, 41.290330868527668 ], [ -123.568735935070166, 41.2914986783465 ], [ -123.5689155991127, 41.29221733052438 ], [ -123.568646103625056, 41.292486825478058 ], [ -123.568286777868295, 41.292486824746661 ], [ -123.568107114915975, 41.292666487897158 ], [ -123.568107114079652, 41.293025814063071 ], [ -123.568466440872569, 41.29311564589424 ], [ -123.568646104034485, 41.293474972231373 ], [ -123.568017283159307, 41.293474972244233 ], [ -123.567657957284794, 41.293744466216474 ], [ -123.567478294566058, 41.294193624161316 ], [ -123.566490147722831, 41.294013961062682 ], [ -123.566490146803957, 41.293744466494658 ], [ -123.567029137052216, 41.292935982876969 ], [ -123.567657956576397, 41.292486825038736 ], [ -123.567675414982503, 41.289899168664917 ], [ -123.567846744074942, 41.289432553256965 ], [ -123.568286777840669, 41.289163058616253 ], [ -123.568286777417683, 41.288803732872339 ], [ -123.569274924851612, 41.288803732788601 ] ] ] } },
{ "type": "Feature", "properties": { "csb_id": "061825000586030", "acres": 6.0110672656104001, "geoid": "06023" }, "geometry": { "type": "Polygon", "coordinates": [ [ [ -123.544750918144743, 41.290330869311937 ], [ -123.544750917749994, 41.290061373427143 ], [ -123.543852603004026, 41.290061375819562 ], [ -123.543852602394878, 41.290330868370368 ], [ -123.54336594127561, 41.290175198717357 ], [ -123.543583106936381, 41.288534237725948 ], [ -123.544750917340693, 41.288534239017032 ], [ -123.545020411890633, 41.288983395521001 ], [ -123.544571254644126, 41.288983395747451 ], [ -123.544571254314405, 41.289612216705926 ], [ -123.545200074646729, 41.289612216214969 ], [ -123.545200075505704, 41.28916305825814 ], [ -123.545379737591418, 41.289163058687599 ], [ -123.545649232796606, 41.289791879185628 ], [ -123.544750918144743, 41.290330869311937 ] ] ] } },
{ "type": "Feature", "properties": { "csb_id": "061825000586031", "acres": 11.2506754956029, "geoid": "06023" }, "geometry": { "type": "Polygon", "coordinates": [ [ [ -123.54322378241713, 41.29122918490949 ], [ -123.541696645601121, 41.291319016664076 ], [ -123.541696645617876, 41.290690195798582 ], [ -123.541966140736477, 41.290690195718788 ], [ -123.541966139983245, 41.290330869405238 ], [ -123.541337319091539, 41.290330868563636 ], [ -123.541337319159467, 41.288803732316921 ], [ -123.541966140155509, 41.288803732918552 ], [ -123.541966140485798, 41.288534237742759 ], [ -123.542864455288523, 41.288534237745253 ], [ -123.542864455525205, 41.288264744693841 ], [ -123.542594960345838, 41.288264742204134 ], [ -123.542594960615176, 41.287815585810172 ], [ -123.543313613014249, 41.287815585516796 ], [ -123.54322378154086, 41.290061373716561 ], [ -123.542864456233147, 41.290061375114334 ], [ -123.542864454527731, 41.290690193633175 ], [ -123.543403444865831, 41.290690194492278 ], [ -123.543403445069615, 41.290959690367885 ], [ -123.54322378241713, 41.29122918490949 ] ] ] } },
{ "type": "Feature", "properties": { "csb_id": "061825000586032", "acres": 29.557902267838401, "geoid": "06023" }, "geometry": { "type": "Polygon", "coordinates": [ [ [ -123.548703504267465, 41.290061373971341 ], [ -123.548703504203957, 41.290330868639835 ], [ -123.549062830500134, 41.290330868649228 ], [ -123.549062830344127, 41.290061373725401 ], [ -123.548703504267465, 41.290061373971341 ], [ -123.548703504330973, 41.289791879369744 ], [ -123.549332325759494, 41.289791879200926 ], [ -123.549332325176891, 41.289432553229382 ], [ -123.548074683647798, 41.289432553466924 ], [ -123.548074683463227, 41.289163058675918 ], [ -123.548434010730062, 41.289163058918263 ], [ -123.548434010575633, 41.288803732208621 ], [ -123.54807468398586, 41.288803732221616 ], [ -123.547984852481036, 41.289163058972065 ], [ -123.547854403582889, 41.288564942119521 ], [ -123.548996246563817, 41.288681442084403 ], [ -123.549741217153738, 41.289206746373559 ], [ -123.550859461063453, 41.288534238257434 ], [ -123.551128956403232, 41.287905417369828 ], [ -123.551757777242685, 41.287905417541147 ], [ -123.55175777700066, 41.288534238057842 ], [ -123.553015418460092, 41.288534238190429 ], [ -123.553015418501772, 41.288803732375776 ], [ -123.553644238569234, 41.288803732682403 ], [ -123.553644238637844, 41.290061374054602 ], [ -123.552386597347478, 41.290690194188201 ], [ -123.552386597409935, 41.291319015625874 ], [ -123.549332324836726, 41.291319015260235 ], [ -123.54933232567825, 41.291588509640128 ], [ -123.548434010462159, 41.291588510149275 ], [ -123.548434010402005, 41.291319015424094 ], [ -123.548703504665596, 41.291319014932974 ], [ -123.548703504979599, 41.290959688966964 ], [ -123.548074684430674, 41.290959689140401 ], [ -123.548074683564096, 41.291319015451741 ], [ -123.547056710123883, 41.291258484786752 ], [ -123.546906873588767, 41.290959688869279 ], [ -123.547445863671783, 41.29069019438937 ], [ -123.548074684590063, 41.290690194826603 ], [ -123.548074683959555, 41.290330868122609 ], [ -123.547625526570016, 41.290330868807771 ], [ -123.548074684118902, 41.290061373964782 ], [ -123.548434009507659, 41.290061373771813 ], [ -123.548434010032068, 41.290869858067836 ], [ -123.548613672883704, 41.290869857548067 ], [ -123.548703504267465, 41.290061373971341 ] ], [ [ -123.550679798640772, 41.290061373443436 ], [ -123.550859461153365, 41.29006137405203 ], [ -123.550859461740828, 41.289791879374988 ], [ -123.551757776172593, 41.289791879326451 ], [ -123.551757776952485, 41.289432553114061 ], [ -123.551488281525451, 41.289163058575561 ], [ -123.550589967028955, 41.289163058520614 ], [ -123.550679798640772, 41.290061373443436 ] ] ] } },
{ "type": "Feature", "properties": { "csb_id": "061825000586033", "acres": 3.0331256765657999, "geoid": "06023" }, "geometry": { "type": "Polygon", "coordinates": [ [ [ -123.541966139639996, 41.287276596865389 ], [ -123.542235634445092, 41.287635922903981 ], [ -123.542235634619956, 41.288264743023134 ], [ -123.541966140006863, 41.288264743745152 ], [ -123.541966140485798, 41.288534237742759 ], [ -123.541337319585608, 41.288534237651724 ], [ -123.540708499085852, 41.288264743207385 ], [ -123.540708498284786, 41.28790541726007 ], [ -123.541337319811149, 41.287905417196228 ], [ -123.541337319692843, 41.287276596248368 ], [ -123.541966139639996, 41.287276596865389 ] ] ] } },
{ "type": "Feature", "properties": { "csb_id": "061825000586034", "acres": 3.3948939595049401, "geoid": "06023" }, "geometry": { "type": "Polygon", "coordinates": [ [ [ -123.568017283077424, 41.287007102373231 ], [ -123.569274924780174, 41.287007101685539 ], [ -123.569274925169594, 41.288534237814417 ], [ -123.56891559903076, 41.288534237800611 ], [ -123.568646103571467, 41.288264743479424 ], [ -123.568646103694192, 41.287635922424933 ], [ -123.568286777862824, 41.287635922524096 ], [ -123.568286777573419, 41.287905417365025 ], [ -123.567747789357512, 41.28790541737925 ], [ -123.567657957163192, 41.287635922943949 ], [ -123.568017283459199, 41.287635922642423 ], [ -123.568017283077424, 41.287007102373231 ] ] ] } },
{ "type": "Feature", "properties": { "csb_id": "061825000586035", "acres": 3.1138951969927402, "geoid": "06023" }, "geometry": { "type": "Polygon", "coordinates": [ [ [ -123.568286778349602, 41.286108786609184 ], [ -123.568017283326071, 41.286108786293141 ], [ -123.568017283504432, 41.286378281356157 ], [ -123.567542860381394, 41.286297705086703 ], [ -123.567388462444811, 41.285479965555595 ], [ -123.568017282682987, 41.284851145060145 ], [ -123.568646103566479, 41.284851145724105 ], [ -123.568646103787955, 41.285479966024809 ], [ -123.568286778349602, 41.286108786609184 ] ] ] } },
{ "type": "Feature", "properties": { "csb_id": "061825000586036", "acres": 7.69015940712098, "geoid": "06023" }, "geometry": { "type": "Polygon", "coordinates": [ [ [ -123.570442734316359, 41.283324009077532 ], [ -123.569274924180974, 41.283324009515901 ], [ -123.56927492530771, 41.283054514787352 ], [ -123.569544419002838, 41.282605357128972 ], [ -123.5701732404886, 41.28206636778426 ], [ -123.571071555433406, 41.281796873082619 ], [ -123.571341049798761, 41.28152737880076 ], [ -123.571341050305975, 41.281168052856117 ], [ -123.571161386523173, 41.281168052732696 ], [ -123.571341049649618, 41.280898558239073 ], [ -123.571700375842767, 41.280898557729429 ], [ -123.571790207300396, 41.281078221040985 ], [ -123.572688522524359, 41.281078220881248 ], [ -123.572419028115888, 41.281796873196207 ], [ -123.572149533634459, 41.281976536452184 ], [ -123.571969870933913, 41.282425693898169 ], [ -123.571071555486512, 41.282425693651469 ], [ -123.570442734316359, 41.283324009077532 ] ] ] } },
{ "type": "Feature", "properties": { "csb_id": "061825000586037", "acres": 8.9426535350437408, "geoid": "06023" }, "geometry": { "type": "Polygon", "coordinates": [ [ [ -123.574125827494527, 41.28206636776455 ], [ -123.574125827725766, 41.281527378688594 ], [ -123.572868186403298, 41.28152737868195 ], [ -123.572868185286893, 41.281796873275795 ], [ -123.572419028115888, 41.281796873196207 ], [ -123.572688522524359, 41.281078220881248 ], [ -123.572149533944042, 41.281078221237898 ], [ -123.572149533850961, 41.280449400258021 ], [ -123.573047848640286, 41.280179905461779 ], [ -123.573227511921687, 41.280000242446128 ], [ -123.573227511580214, 41.279640916927868 ], [ -123.573856332197408, 41.279640916256291 ], [ -123.573856332282631, 41.28000024254122 ], [ -123.574125827691589, 41.280269737121301 ], [ -123.574754648372632, 41.280269736993731 ], [ -123.57475464818711, 41.281796873309105 ], [ -123.574485153165639, 41.282066368329545 ], [ -123.574125827494527, 41.28206636776455 ] ] ] } },
{ "type": "Feature", "properties": { "csb_id": "061825000586038", "acres": 6.0765171700170502, "geoid": "06023" }, "geometry": { "type": "Polygon", "coordinates": [ [ [ -123.588498871028904, 41.27631714980437 ], [ -123.588858197317876, 41.2763171500049 ], [ -123.588858197463296, 41.276586644454916 ], [ -123.590026007224381, 41.276586644873291 ], [ -123.590385333827726, 41.276856139660666 ], [ -123.590385333963596, 41.277215465038054 ], [ -123.589487017994898, 41.277215465287405 ], [ -123.589127692572632, 41.2774849596453 ], [ -123.589127692778547, 41.278113780745535 ], [ -123.588858198172588, 41.278113780642812 ], [ -123.5884988715666, 41.27784428579298 ], [ -123.588498872279402, 41.277484960286806 ], [ -123.586702241266764, 41.277484959836727 ], [ -123.586702240597603, 41.277215465242961 ], [ -123.588229377155642, 41.27685613956745 ], [ -123.588498871299052, 41.276586644854653 ], [ -123.588498871028904, 41.27631714980437 ] ] ] } },
{ "type": "Feature", "properties": { "csb_id": "061825000586039", "acres": 2.7451437463103501, "geoid": "06023" }, "geometry": { "type": "Polygon", "coordinates": [ [ [ -123.596763372201679, 41.259249160026044 ], [ -123.595595562465434, 41.25960848532943 ], [ -123.595595562963766, 41.259428822444796 ], [ -123.595865057169362, 41.259428822450964 ], [ -123.595865057464053, 41.259159328051155 ], [ -123.594966742340759, 41.259159328073018 ], [ -123.594966741240398, 41.258800001791194 ], [ -123.595236236548729, 41.258530507764313 ], [ -123.595595562461796, 41.258530507261817 ], [ -123.595595562634884, 41.258800002107577 ], [ -123.59622438275764, 41.258800002413075 ], [ -123.596224382832702, 41.258530507911658 ], [ -123.596763371867695, 41.258530507708301 ], [ -123.596763372201679, 41.259249160026044 ] ] ] } },
{ "type": "Feature", "properties": { "csb_id": "061825000586040", "acres": 6.0800078280507002, "geoid": "06023" }, "geometry": { "type": "Polygon", "coordinates": [ [ [ -123.695039064924572, 41.173999039408834 ], [ -123.694769569902775, 41.173639713162501 ], [ -123.692703444436887, 41.173639713494097 ], [ -123.692703444200589, 41.173370218288689 ], [ -123.693871254927515, 41.172741398127172 ], [ -123.694500075181082, 41.172741397397608 ], [ -123.694500075267143, 41.173370218923807 ], [ -123.694769569725622, 41.173370218984033 ], [ -123.69476956988774, 41.172741397800181 ], [ -123.696027210969604, 41.172741398268435 ], [ -123.696027211413863, 41.173370218083242 ], [ -123.695398390193048, 41.173999039644272 ], [ -123.695039064924572, 41.173999039408834 ] ] ] } },
{ "type": "Feature", "properties": { "csb_id": "061825000586041", "acres": 2.7563186601115301, "geoid": "06023" }, "geometry": { "type": "Polygon", "coordinates": [ [ [ -123.694589907093246, 41.085784478638843 ], [ -123.695128895760234, 41.086233636436823 ], [ -123.695128895512767, 41.0869522880161 ], [ -123.694500074613259, 41.08695228788428 ], [ -123.694500074774425, 41.086682793544014 ], [ -123.693871255006187, 41.086682793394708 ], [ -123.693871254334795, 41.085784478317393 ], [ -123.694589907093246, 41.085784478638843 ] ] ] } },
{ "type": "Feature", "properties": { "csb_id": "061825000586042", "acres": 2.9954270881162102, "geoid": "06023" }, "geometry": { "type": "Polygon", "coordinates": [ [ [ -123.69575771711672, 41.084886163039087 ], [ -123.696925526594057, 41.08488616278332 ], [ -123.696925526478964, 41.085425151985923 ], [ -123.695757716837974, 41.085425152156311 ], [ -123.695757717035221, 41.085784478285952 ], [ -123.695398390641927, 41.086053972587649 ], [ -123.695128896339298, 41.086053972562581 ], [ -123.694769569962062, 41.085425152406479 ], [ -123.695128895952493, 41.085425152554919 ], [ -123.695128896016612, 41.085155658050944 ], [ -123.695757716805005, 41.08515565713914 ], [ -123.69575771711672, 41.084886163039087 ] ] ] } },
{ "type": "Feature", "properties": { "csb_id": "061825000586043", "acres": 7.5929711115345002, "geoid": "06023" }, "geometry": { "type": "Polygon", "coordinates": [ [ [ -123.694065370347431, 41.085105916554504 ], [ -123.693242433912431, 41.084347174117006 ], [ -123.693601759874213, 41.084257342318587 ], [ -123.693871254907236, 41.083628521642368 ], [ -123.693871254782152, 41.08299970070474 ], [ -123.694230581094232, 41.082999700558823 ], [ -123.694230580314851, 41.083359027232149 ], [ -123.695552919685383, 41.083691245728126 ], [ -123.695847548434571, 41.084437005344469 ], [ -123.69575771711672, 41.084886163039087 ], [ -123.695128895735934, 41.084886162753236 ], [ -123.695128896016612, 41.085155658050944 ], [ -123.694769569901069, 41.085155657303666 ], [ -123.694769569962062, 41.085425152406479 ], [ -123.694065370347431, 41.085105916554504 ] ], [ [ -123.694500075734126, 41.084886162792053 ], [ -123.694500075305811, 41.084257341867847 ], [ -123.694230581296921, 41.084257342341722 ], [ -123.694230580478944, 41.084886163009323 ], [ -123.694500075734126, 41.084886162792053 ] ] ] } },
{ "type": "Feature", "properties": { "csb_id": "061825000586044", "acres": 12.329457841733101, "geoid": "06023" }, "geometry": { "type": "Polygon", "coordinates": [ [ [ -123.68749321585598, 41.079855597562116 ], [ -123.688661026431973, 41.080843744255411 ], [ -123.688630848037135, 41.081711881951428 ], [ -123.688391531564108, 41.081831890892708 ], [ -123.686505069218228, 41.081831891315495 ], [ -123.686505069283456, 41.082101386087906 ], [ -123.685966079956316, 41.08237087996811 ], [ -123.685606753617819, 41.082370879950098 ], [ -123.685606754240823, 41.081831890770914 ], [ -123.684977932882433, 41.081831891299366 ], [ -123.684977932852803, 41.081472564574938 ], [ -123.685337259816635, 41.081203070622109 ], [ -123.685966080067075, 41.081203070120687 ], [ -123.685966080304468, 41.080843744272684 ], [ -123.685379192764202, 41.080783037511715 ], [ -123.686182434623973, 41.080251593095028 ], [ -123.687493216135408, 41.080214923792937 ], [ -123.68749321585598, 41.079855597562116 ] ] ] } },
{ "type": "Feature", "properties": { "csb_id": "061825000586046", "acres": 4.7352597116561101, "geoid": "06023" }, "geometry": { "type": "Polygon", "coordinates": [ [ [ -123.681654166202449, 41.064943563836408 ], [ -123.68170862290377, 41.06397471693225 ], [ -123.683450797320191, 41.063775753528475 ], [ -123.683450796710218, 41.064943564066425 ], [ -123.681654166202449, 41.064943563836408 ] ] ] } },
{ "type": "Feature", "properties": { "csb_id": "061825000586047", "acres": 14.5636261959067, "geoid": "06023" }, "geometry": { "type": "Polygon", "coordinates": [ [ [ -123.68039652586846, 41.058835019996529 ], [ -123.680396524971144, 41.058206199033535 ], [ -123.680127030091114, 41.057936704418921 ], [ -123.67976770420637, 41.057936704373596 ], [ -123.679767704825352, 41.058835019897778 ], [ -123.679498209632925, 41.058835019542421 ], [ -123.679498209480386, 41.058206199262727 ], [ -123.678599894293072, 41.057307884019551 ], [ -123.677791411340834, 41.057307883683698 ], [ -123.677521916254463, 41.056948557462569 ], [ -123.677521916855525, 41.056679062843251 ], [ -123.67824056883768, 41.056679063278494 ], [ -123.677971073599849, 41.055780747933717 ], [ -123.677701579239042, 41.055780748060137 ], [ -123.67770157928156, 41.055421421610767 ], [ -123.67797107380666, 41.055151927552934 ], [ -123.678240568414893, 41.055151927200036 ], [ -123.679498209450813, 41.056050242431965 ], [ -123.679498210292181, 41.056679063284754 ], [ -123.679767705105732, 41.057307883798778 ], [ -123.68012703043965, 41.057307884186621 ], [ -123.680127030688368, 41.056948557278808 ], [ -123.680396525352194, 41.05667906348593 ], [ -123.680755851628604, 41.056679063044889 ], [ -123.680755851123436, 41.057307884227683 ], [ -123.680906849693699, 41.05759746764182 ], [ -123.681654166657907, 41.056948557992968 ], [ -123.681923661328213, 41.05694855790275 ], [ -123.682282987447223, 41.057577378676747 ], [ -123.682282987577196, 41.057936704404156 ], [ -123.681654166936696, 41.057936704103781 ], [ -123.681025345595302, 41.058206199542049 ], [ -123.680755852105889, 41.058475693982302 ], [ -123.680755851719141, 41.058835019297291 ], [ -123.68039652586846, 41.058835019996529 ] ], [ [ -123.678869389831419, 41.056050242180923 ], [ -123.678599894904352, 41.05605024223685 ], [ -123.678599894138955, 41.05640956819056 ], [ -123.678869389285538, 41.056409568391096 ], [ -123.678869389831419, 41.056050242180923 ] ] ] } },
{ "type": "Feature", "properties": { "csb_id": "061825000586048", "acres": 3.12784878152228, "geoid": "06023" }, "geometry": { "type": "Polygon", "coordinates": [ [ [ -123.670604888436216, 41.048594225694998 ], [ -123.670604889143164, 41.04751624732156 ], [ -123.670964214394459, 41.047516247512746 ], [ -123.671503203849255, 41.047785741708871 ], [ -123.671503203761958, 41.048055236549168 ], [ -123.670964214710096, 41.04805523610711 ], [ -123.670964215264789, 41.048414562827084 ], [ -123.672132025234617, 41.048414562617275 ], [ -123.672491351369459, 41.048684056995988 ], [ -123.672491350603508, 41.049043383133181 ], [ -123.671503204284946, 41.049043382763649 ], [ -123.671503203979796, 41.048684057052924 ], [ -123.670604888436216, 41.048594225694998 ] ] ] } },
{ "type": "Feature", "properties": { "csb_id": "061825000586049", "acres": 9.3997222845239605, "geoid": "06023" }, "geometry": { "type": "Polygon", "coordinates": [ [ [ -123.666023480794564, 41.045000964281435 ], [ -123.666079778627989, 41.045243877788025 ], [ -123.664973399555109, 41.04551460023113 ], [ -123.665005112664517, 41.045729266120617 ], [ -123.665625029141054, 41.045500827695655 ], [ -123.666023480797747, 41.045629785415478 ], [ -123.666023480881009, 41.045809447972971 ], [ -123.664808057559483, 41.045857083583996 ], [ -123.664811720245524, 41.046036746788928 ], [ -123.666145134748291, 41.046009551118296 ], [ -123.666292974865726, 41.046258605674183 ], [ -123.66575398604769, 41.046258605805193 ], [ -123.665753986373559, 41.047156921388087 ], [ -123.665394659684466, 41.047516247095977 ], [ -123.665125164965531, 41.047516247346408 ], [ -123.664496344304666, 41.047156920799424 ], [ -123.663867524500404, 41.046528100716749 ], [ -123.663598029711011, 41.045989111018727 ], [ -123.663598028994215, 41.045629785017958 ], [ -123.663867524214353, 41.04536029010093 ], [ -123.663867524771007, 41.045000964631775 ], [ -123.666023480794564, 41.045000964281435 ] ], [ [ -123.664496345364284, 41.045629785370267 ], [ -123.664765839792565, 41.045629784909877 ], [ -123.664765839345208, 41.045360290866256 ], [ -123.664496344450143, 41.045360290727423 ], [ -123.664496345364284, 41.045629785370267 ], [ -123.664226849787283, 41.045629785517804 ], [ -123.664226849906157, 41.045989111432 ], [ -123.664496344209709, 41.045989110941555 ], [ -123.664496345364284, 41.045629785370267 ] ] ] } },
{ "type": "Feature", "properties": { "csb_id": "061825000586050", "acres": 5.1574552129572204, "geoid": "06023" }, "geometry": { "type": "Polygon", "coordinates": [ [ [ -123.667909943148672, 41.038622925385127 ], [ -123.667281122706513, 41.038622926082965 ], [ -123.667281122396176, 41.039251746435404 ], [ -123.666921795550394, 41.04015006210053 ], [ -123.666544046954144, 41.040075319010285 ], [ -123.666023480853497, 41.039521241214096 ], [ -123.665917200645012, 41.038336939238867 ], [ -123.666292975024774, 41.038263599523702 ], [ -123.666292975278537, 41.039251746661833 ], [ -123.66665230119024, 41.039251746687192 ], [ -123.666921796124086, 41.038892420354628 ], [ -123.666921795508642, 41.03862292603101 ], [ -123.66665230180412, 41.038622925649079 ], [ -123.666652301202973, 41.0382636002347 ], [ -123.666292975024774, 41.038263599523702 ], [ -123.666374670881297, 41.038067970713165 ], [ -123.667119025761352, 41.03777531604895 ], [ -123.667421659772458, 41.037853568259216 ], [ -123.667909943148672, 41.038622925385127 ] ] ] } },
{ "type": "Feature", "properties": { "csb_id": "061825000586051", "acres": 13.0134451051608, "geoid": "06023" }, "geometry": { "type": "Polygon", "coordinates": [ [ [ -123.661531904910518, 41.03772461078686 ], [ -123.661531904169578, 41.037544947469897 ], [ -123.661262409510002, 41.037544948020376 ], [ -123.661262409595238, 41.038173767908134 ], [ -123.660543757383763, 41.038892420145977 ], [ -123.659375948040079, 41.038892420075733 ], [ -123.659375947463715, 41.038443263232466 ], [ -123.659735273874958, 41.038443263064153 ], [ -123.659914936997936, 41.038263599944933 ], [ -123.659914936529901, 41.037994105156358 ], [ -123.657579317162686, 41.038173768606228 ], [ -123.65695049664285, 41.037994104958841 ], [ -123.65587251843327, 41.037275453072802 ], [ -123.65587251830307, 41.036736464161152 ], [ -123.656321676231883, 41.036736463939455 ], [ -123.656501338961235, 41.037095789406557 ], [ -123.65713016010416, 41.037095790172572 ], [ -123.65713015873807, 41.037724610349123 ], [ -123.6583878004772, 41.037724610792083 ], [ -123.659735273777102, 41.037275453117275 ], [ -123.659914937299192, 41.036916126949848 ], [ -123.660513579679559, 41.036436791489876 ], [ -123.66054375798727, 41.035748316890398 ], [ -123.66144207245199, 41.035838148359339 ], [ -123.661711566942188, 41.03673646386234 ], [ -123.66054375757065, 41.036736463777508 ], [ -123.660543757826233, 41.037095790283153 ], [ -123.660813251678519, 41.037365284639122 ], [ -123.661711567571729, 41.037365284095763 ], [ -123.661711567324332, 41.037724610359909 ], [ -123.661531904910518, 41.03772461078686 ] ], [ [ -123.660543757030695, 41.037994105006774 ], [ -123.661082746784615, 41.037994105173979 ], [ -123.661082746808987, 41.037724610276321 ], [ -123.66054375795855, 41.037724610365402 ], [ -123.660543757030695, 41.037994105006774 ], [ -123.660184431867322, 41.037994104885406 ], [ -123.660184431064124, 41.038263600186539 ], [ -123.660543757251475, 41.038263599452371 ], [ -123.660543757030695, 41.037994105006774 ] ], [ [ -123.659914936701227, 41.037365284247187 ], [ -123.659914937210516, 41.037724610172035 ], [ -123.660184431865972, 41.037724610756612 ], [ -123.660184431137225, 41.037365284575451 ], [ -123.659914936701227, 41.037365284247187 ] ] ] } },
{ "type": "Feature", "properties": { "csb_id": "061825000586052", "acres": 3.6178138814564198, "geoid": "06023" }, "geometry": { "type": "Polygon", "coordinates": [ [ [ -123.658208137839068, 41.035209327987936 ], [ -123.658157169167808, 41.035617341411452 ], [ -123.65831112772085, 41.035788232462693 ], [ -123.658477632567568, 41.035209328160128 ], [ -123.659286116636579, 41.035209328084036 ], [ -123.659914936912315, 41.035568653754773 ], [ -123.659914937043808, 41.036107643416095 ], [ -123.659555610953092, 41.036466969122849 ], [ -123.659286115686839, 41.036466969346954 ], [ -123.659286116161738, 41.035838148551044 ], [ -123.658387801149971, 41.035838148264972 ], [ -123.658387801086405, 41.036107643255889 ], [ -123.658028474240894, 41.036107643303886 ], [ -123.657758980547129, 41.035568654228904 ], [ -123.657758980417029, 41.035209327576688 ], [ -123.658208137839068, 41.035209327987936 ] ] ] } },
{ "type": "Feature", "properties": { "csb_id": "061825000586055", "acres": 5.4830399901973799, "geoid": "06023" }, "geometry": { "type": "Polygon", "coordinates": [ [ [ -123.643655430086937, 41.00888869010344 ], [ -123.643655429660797, 41.008259869145036 ], [ -123.643385936210279, 41.007990374906726 ], [ -123.643026610005251, 41.007990374644891 ], [ -123.64275711483586, 41.007631048625598 ], [ -123.642757115355082, 41.007092059633159 ], [ -123.643865271186499, 41.007212068462167 ], [ -123.644913071435852, 41.006822564864699 ], [ -123.645182565825024, 41.007631048708006 ], [ -123.644553744891454, 41.00763104831578 ], [ -123.64392492488679, 41.008888690262147 ], [ -123.643655430086937, 41.00888869010344 ] ] ] } },
{ "type": "Feature", "properties": { "csb_id": "061825000586056", "acres": 4.0757808611006503, "geoid": "06023" }, "geometry": { "type": "Polygon", "coordinates": [ [ [ -123.646403515926266, 41.005691424862661 ], [ -123.645567113066576, 41.004421939884075 ], [ -123.645459671040328, 41.003558276822304 ], [ -123.646021907093754, 41.003430547596615 ], [ -123.646709702675551, 41.003678461142279 ], [ -123.646709702246895, 41.003947955915969 ], [ -123.646440207542554, 41.003947955560506 ], [ -123.646440207210915, 41.004576776247816 ], [ -123.646709702012032, 41.004576777115552 ], [ -123.64670970258156, 41.005205597528125 ], [ -123.646403515926266, 41.005691424862661 ] ] ] } },
{ "type": "Feature", "properties": { "csb_id": "061825000586057", "acres": 35.073269958143101, "geoid": "06023" }, "geometry": { "type": "Polygon", "coordinates": [ [ [ -123.643255333029714, 41.007043020331999 ], [ -123.642614142899035, 41.006336738096898 ], [ -123.642517556382032, 41.005355521178835 ], [ -123.641229978688955, 41.002780145732238 ], [ -123.643026609783092, 41.002780145775517 ], [ -123.643026609680803, 41.002420820358914 ], [ -123.643924925024649, 41.002420820171999 ], [ -123.643924924686672, 41.002151325474777 ], [ -123.645182566470552, 41.00215132537982 ], [ -123.645811387127978, 41.00242081943874 ], [ -123.646080881222716, 41.003049640940176 ], [ -123.645398921083995, 41.003355804236584 ], [ -123.645204497894824, 41.003696445026669 ], [ -123.645398920317589, 41.004540106834767 ], [ -123.646258592661965, 41.005850910648704 ], [ -123.64518256631068, 41.006193744110163 ], [ -123.644816858103994, 41.006677378561115 ], [ -123.643255333029714, 41.007043020331999 ] ], [ [ -123.644553745999318, 41.003678461682497 ], [ -123.644284250594879, 41.003678461817344 ], [ -123.644284250808454, 41.003947956252944 ], [ -123.644553745746578, 41.003947955518647 ], [ -123.644553745999318, 41.003678461682497 ] ], [ [ -123.643385935159017, 41.003049640372126 ], [ -123.643026609342471, 41.003049640955084 ], [ -123.643026609444789, 41.003408966557068 ], [ -123.64338593593645, 41.003408966230261 ], [ -123.643385935159017, 41.003049640372126 ] ] ] } },
{ "type": "Feature", "properties": { "csb_id": "061825000586058", "acres": 3.16010184567818, "geoid": "06023" }, "geometry": { "type": "Polygon", "coordinates": [ [ [ -123.631707836543697, 40.979154453866272 ], [ -123.631707837415135, 40.978525633341199 ], [ -123.631438342201946, 40.978525633225978 ], [ -123.631438341926327, 40.978884960044979 ], [ -123.63080952204038, 40.978884959759164 ], [ -123.630809522062293, 40.97852563370818 ], [ -123.631079016588558, 40.978525633441492 ], [ -123.631079016813416, 40.978256138929929 ], [ -123.632606152226273, 40.978256138465404 ], [ -123.63260615200916, 40.978435802034753 ], [ -123.632336656976491, 40.978525633218034 ], [ -123.632426489013454, 40.978884959874186 ], [ -123.632965478334924, 40.979154454277776 ], [ -123.632965478685662, 40.97933411712264 ], [ -123.63206716348563, 40.979423948722278 ], [ -123.631707836543697, 40.979154453866272 ] ] ] } },
{ "type": "Feature", "properties": { "csb_id": "061825000586060", "acres": 12.9052765853988, "geoid": "06023" }, "geometry": { "type": "Polygon", "coordinates": [ [ [ -123.628024743724637, 40.977357823179517 ], [ -123.628114576336728, 40.974932372548814 ], [ -123.628384070478617, 40.974303551301787 ], [ -123.628653565055501, 40.97403405735961 ], [ -123.630180700476018, 40.974034057256617 ], [ -123.630360363587769, 40.974573046043147 ], [ -123.630270532395301, 40.975830687314833 ], [ -123.62955188015755, 40.975830687405832 ], [ -123.629551880132993, 40.975471361814407 ], [ -123.629282385748368, 40.975471361412922 ], [ -123.62928238526311, 40.976100182016133 ], [ -123.629551880548732, 40.976100181818047 ], [ -123.629551880160165, 40.976729003253965 ], [ -123.628923059321551, 40.976729002805257 ], [ -123.62892305995949, 40.976998497757442 ], [ -123.629282385291617, 40.976998497292627 ], [ -123.629282385440362, 40.977357823928834 ], [ -123.628024743724637, 40.977357823179517 ] ] ] } },
{ "type": "Feature", "properties": { "csb_id": "061825000586062", "acres": 5.3867938073501396, "geoid": "06023" }, "geometry": { "type": "Polygon", "coordinates": [ [ [ -123.637546886499607, 40.970620458558194 ], [ -123.637816380659814, 40.970620458861895 ], [ -123.638175706975048, 40.971249279238663 ], [ -123.638175706928791, 40.971788268824504 ], [ -123.637816381185715, 40.972417089251167 ], [ -123.637816380945452, 40.973045910226737 ], [ -123.63691806523569, 40.973045910491116 ], [ -123.636918065443922, 40.97340523621245 ], [ -123.636738402491503, 40.973405236378767 ], [ -123.636738402037651, 40.972596752475582 ], [ -123.636918065071697, 40.971967931987287 ], [ -123.63754688655149, 40.970889953100183 ], [ -123.637546886499607, 40.970620458558194 ] ] ] } },
{ "type": "Feature", "properties": { "csb_id": "061825000586065", "acres": 11.4920387681832, "geoid": "06023" }, "geometry": { "type": "Polygon", "coordinates": [ [ [ -123.637187559679987, 40.967566186981621 ], [ -123.636918065318284, 40.967566187053649 ], [ -123.636918065616868, 40.967835681273272 ], [ -123.635840087621517, 40.967835681596554 ], [ -123.635840087228573, 40.968015344585829 ], [ -123.635121435161196, 40.967835681822613 ], [ -123.635121435271728, 40.967566187172125 ], [ -123.635390929832369, 40.967206861054748 ], [ -123.635390929576076, 40.966308545925735 ], [ -123.636019750262349, 40.966308545139874 ], [ -123.63664857075382, 40.966039051299099 ], [ -123.637546886773521, 40.966039050752478 ], [ -123.63781638121992, 40.96630854554865 ], [ -123.63781638058974, 40.966667871447328 ], [ -123.639163854002135, 40.966667871299222 ], [ -123.639074021804248, 40.967566186948304 ], [ -123.638804527216195, 40.967566187330355 ], [ -123.638804527768627, 40.967206861002119 ], [ -123.638445200923371, 40.966937366059604 ], [ -123.637546885910638, 40.966937366441982 ], [ -123.637546886604127, 40.967566186684117 ], [ -123.6378163804346, 40.967835681382113 ], [ -123.638175707117313, 40.967835681535242 ], [ -123.638445201159726, 40.968195007881853 ], [ -123.63844520118586, 40.968464502663316 ], [ -123.637816380881304, 40.968464501737451 ], [ -123.637187559822905, 40.968195007886742 ], [ -123.637187559679987, 40.967566186981621 ] ], [ [ -123.636648570956581, 40.967566186555928 ], [ -123.636648570663695, 40.966937366139085 ], [ -123.636289245320512, 40.966937366127524 ], [ -123.636109582115964, 40.967566186673842 ], [ -123.636648570956581, 40.967566186555928 ] ] ] } },
{ "type": "Feature", "properties": { "csb_id": "061825000586066", "acres": 5.4338855336987004, "geoid": "06023" }, "geometry": { "type": "Polygon", "coordinates": [ [ [ -123.625868787556925, 40.966667871553341 ], [ -123.625329799361126, 40.966308546602264 ], [ -123.625419629766952, 40.964961073699172 ], [ -123.62568912433936, 40.96496107330762 ], [ -123.625689124721376, 40.96523056766685 ], [ -123.626048450615386, 40.965230567540644 ], [ -123.626048450685758, 40.96478140839919 ], [ -123.626228113582584, 40.964781409111602 ], [ -123.626228113405233, 40.965410230277762 ], [ -123.627126428976624, 40.965410231577188 ], [ -123.627126429085251, 40.96630854508269 ], [ -123.626856934675004, 40.96666787187754 ], [ -123.625868787556925, 40.966667871553341 ] ] ] } },
{ "type": "Feature", "properties": { "csb_id": "061825000586067", "acres": 3.8774153013450401, "geoid": "06023" }, "geometry": { "type": "Polygon", "coordinates": [ [ [ -123.624790809111786, 40.964691577838032 ], [ -123.624970472509716, 40.964332251799021 ], [ -123.625689124023381, 40.964332251682201 ], [ -123.625689124761607, 40.964691577895465 ], [ -123.626048450685758, 40.96478140839919 ], [ -123.626048450615386, 40.965230567540644 ], [ -123.625689124721376, 40.96523056766685 ], [ -123.62568912433936, 40.96496107330762 ], [ -123.625419629766952, 40.964961073699172 ], [ -123.625419630147476, 40.965859388516392 ], [ -123.625060304046173, 40.965859388069177 ], [ -123.625060303573179, 40.965230567267497 ], [ -123.624521314829607, 40.964961072685661 ], [ -123.62353316763263, 40.96496107263242 ], [ -123.623533168207501, 40.964332252279576 ], [ -123.624161988160466, 40.964332252176014 ], [ -123.624161988382596, 40.964691577709132 ], [ -123.624790809111786, 40.964691577838032 ] ] ] } },
{ "type": "Feature", "properties": { "csb_id": "061825000586068", "acres": 4.6683054348043003, "geoid": "06023" }, "geometry": { "type": "Polygon", "coordinates": [ [ [ -123.623712831400212, 40.964152588592299 ], [ -123.624341651592815, 40.964152589057576 ], [ -123.624341651578547, 40.964511914794535 ], [ -123.62479080872545, 40.964511915230283 ], [ -123.624790809111786, 40.964691577838032 ], [ -123.624161988382596, 40.964691577709132 ], [ -123.624161988160466, 40.964332252176014 ], [ -123.623533168207501, 40.964332252279576 ], [ -123.62353316763263, 40.96496107263242 ], [ -123.624521314829607, 40.964961072685661 ], [ -123.625060303573179, 40.965230567267497 ], [ -123.625060304046173, 40.965859388069177 ], [ -123.625419630147476, 40.965859388516392 ], [ -123.625419629489883, 40.966039050976008 ], [ -123.624617703891715, 40.966049490529436 ], [ -123.623799986588978, 40.96569481396579 ], [ -123.623204019193139, 40.965110557822825 ], [ -123.62312559293575, 40.964373834132935 ], [ -123.623712831400212, 40.964152588592299 ] ] ] } },
{ "type": "Feature", "properties": { "csb_id": "061825000586069", "acres": 8.6358774444894895, "geoid": "06023" }, "geometry": { "type": "Polygon", "coordinates": [ [ [ -123.640601158764795, 40.960020338425053 ], [ -123.642667283962723, 40.960200001860805 ], [ -123.642218126216946, 40.961727137923376 ], [ -123.640601158426534, 40.961727137962328 ], [ -123.640601158232599, 40.961457642854221 ], [ -123.639702842837465, 40.961457643258363 ], [ -123.639702843080627, 40.961098316821861 ], [ -123.640331663348874, 40.960469496399149 ], [ -123.640870652800217, 40.960469496074246 ], [ -123.640870653072241, 40.9602000018387 ], [ -123.640601158282593, 40.960200001130879 ], [ -123.640601158764795, 40.960020338425053 ] ] ] } },
{ "type": "Feature", "properties": { "csb_id": "061825000586070", "acres": 3.3394226919768601, "geoid": "06023" }, "geometry": { "type": "Polygon", "coordinates": [ [ [ -123.6320671629571, 40.961367811699581 ], [ -123.630570205435703, 40.961337633947203 ], [ -123.630360364058873, 40.960469496014007 ], [ -123.630450194966315, 40.959840675538381 ], [ -123.630809521391882, 40.959840675349447 ], [ -123.631079016058322, 40.960200001556323 ], [ -123.631079016021971, 40.960828822513783 ], [ -123.632067162666317, 40.960828822179785 ], [ -123.6320671629571, 40.961367811699581 ] ] ] } },
{ "type": "Feature", "properties": { "csb_id": "061825000586071", "acres": 4.2384807161926901, "geoid": "06023" }, "geometry": { "type": "Polygon", "coordinates": [ [ [ -123.64239778834353, 40.959930506927641 ], [ -123.640870652326498, 40.95984067559754 ], [ -123.640870652527056, 40.959301686602601 ], [ -123.642128294418512, 40.959301686684022 ], [ -123.642128294601591, 40.958672865093369 ], [ -123.641858800000051, 40.958672865502479 ], [ -123.641858799544281, 40.958223707930564 ], [ -123.642852889951584, 40.958265553230682 ], [ -123.642693973574637, 40.959537494222737 ], [ -123.64239778834353, 40.959930506927641 ] ] ] } },
{ "type": "Feature", "properties": { "csb_id": "061825000586072", "acres": 3.33714713490432, "geoid": "06023" }, "geometry": { "type": "Polygon", "coordinates": [ [ [ -123.63395362452944, 40.958493202573422 ], [ -123.63242648944663, 40.958493202282106 ], [ -123.632156994393014, 40.958223708198837 ], [ -123.632156994881726, 40.957954213408428 ], [ -123.632426489149964, 40.957594886946019 ], [ -123.632785815309333, 40.957594887093315 ], [ -123.632785815208237, 40.957954213046094 ], [ -123.63368413062669, 40.957954213256905 ], [ -123.633953625392081, 40.957774550466326 ], [ -123.634582446153956, 40.95795421363718 ], [ -123.63458244582776, 40.958223707653175 ], [ -123.63395362452944, 40.958493202573422 ] ] ] } },
{ "type": "Feature", "properties": { "csb_id": "061825000586073", "acres": 18.731677111795999, "geoid": "06023" }, "geometry": { "type": "Polygon", "coordinates": [ [ [ -123.64015200019756, 40.954720278765258 ], [ -123.639702843333964, 40.954720278199609 ], [ -123.639702843093048, 40.9549897730449 ], [ -123.639074022489666, 40.954989772451256 ], [ -123.638804528225279, 40.954720278220918 ], [ -123.638804527275667, 40.954091457394384 ], [ -123.639343516404409, 40.953103311048459 ], [ -123.639702842484567, 40.953103310865572 ], [ -123.639702842966329, 40.952564322050286 ], [ -123.639343516981171, 40.952564321889788 ], [ -123.639343516521109, 40.952833816012173 ], [ -123.639074022669774, 40.95283381625422 ], [ -123.638445201516873, 40.952115163733438 ], [ -123.63826553890695, 40.951486343520614 ], [ -123.63736722341838, 40.949959206880926 ], [ -123.637816380672149, 40.949510049792131 ], [ -123.638265538490614, 40.949689712909603 ], [ -123.639343516989584, 40.951306680171655 ], [ -123.639901762035819, 40.951526521533765 ], [ -123.640152000536375, 40.952204996020804 ], [ -123.640601158155675, 40.952564321697324 ], [ -123.640925854012679, 40.952619501118726 ], [ -123.641229978705908, 40.953013479618853 ], [ -123.641189493384502, 40.953530537102033 ], [ -123.640690990047773, 40.954181289451128 ], [ -123.640690989600103, 40.954899941587115 ], [ -123.640152000067431, 40.954899941304198 ], [ -123.64015200019756, 40.954720278765258 ] ] ] } },
{ "type": "Feature", "properties": { "csb_id": "061825000586074", "acres": 2.51716283165905, "geoid": "06023" }, "geometry": { "type": "Polygon", "coordinates": [ [ [ -123.630629858563935, 40.948881228622007 ], [ -123.631438342213954, 40.94888122914098 ], [ -123.631438342532405, 40.950408364830437 ], [ -123.630809521823537, 40.950408365181261 ], [ -123.630629858229241, 40.95004903925755 ], [ -123.630629858562855, 40.949779543839284 ], [ -123.630809522191313, 40.94977954435894 ], [ -123.630809521411805, 40.94915072410982 ], [ -123.630629858230279, 40.949150723846145 ], [ -123.630629858563935, 40.948881228622007 ] ] ] } },
{ "type": "Feature", "properties": { "csb_id": "061825000586075", "acres": 7.9554138840877, "geoid": "06023" }, "geometry": { "type": "Polygon", "coordinates": [ [ [ -123.62407215746795, 40.947713419474333 ], [ -123.624072156859015, 40.94798291360442 ], [ -123.624700977995559, 40.948521902866275 ], [ -123.625599293313797, 40.948521902647471 ], [ -123.625599293283926, 40.9491507236309 ], [ -123.624970472694542, 40.949150723733666 ], [ -123.624970471674231, 40.949779544010397 ], [ -123.625239967243601, 40.949779544516538 ], [ -123.62523996729044, 40.950049039005435 ], [ -123.624341651079177, 40.950049039096932 ], [ -123.624341651810596, 40.949779544264416 ], [ -123.623712830681995, 40.949779544494262 ], [ -123.623443336123145, 40.950049039101259 ], [ -123.623443335908021, 40.950408365381676 ], [ -123.623173841958163, 40.950408364842183 ], [ -123.623173841484999, 40.949779544409289 ], [ -123.622545021268351, 40.949779544266299 ], [ -123.622545021261686, 40.949510049316537 ], [ -123.624072156732552, 40.949510050162921 ], [ -123.624072157201297, 40.949150723373542 ], [ -123.623712830843616, 40.948881229228348 ], [ -123.623443336278157, 40.948881228827275 ], [ -123.623443335915752, 40.949150723553359 ], [ -123.623173841815955, 40.949150723182022 ], [ -123.622814516118893, 40.948881228982955 ], [ -123.622814515853065, 40.948252408120887 ], [ -123.623173841239506, 40.948252408193582 ], [ -123.623173841342833, 40.948521903383437 ], [ -123.623712830839651, 40.948521903132047 ], [ -123.623712830488472, 40.947803250394379 ], [ -123.62407215746795, 40.947713419474333 ] ], [ [ -123.624072157131636, 40.94852190263888 ], [ -123.624072156662919, 40.948881229247078 ], [ -123.624341651571655, 40.948881229173949 ], [ -123.624341652164432, 40.948521903165393 ], [ -123.624072157131636, 40.94852190263888 ] ] ] } },
{ "type": "Feature", "properties": { "csb_id": "061825000586076", "acres": 2.7904968650453901, "geoid": "06023" }, "geometry": { "type": "Polygon", "coordinates": [ [ [ -123.626497607951691, 40.946096451470794 ], [ -123.626458526242573, 40.946608070079549 ], [ -123.625868787885167, 40.946365945919439 ], [ -123.62586878725493, 40.945826956711635 ], [ -123.62631794513932, 40.945647294176979 ], [ -123.626946766178762, 40.945647294371483 ], [ -123.627395923859126, 40.94546763097344 ], [ -123.627395923988004, 40.945198136537847 ], [ -123.627755250048793, 40.945198135933431 ], [ -123.627755249762572, 40.945826956771064 ], [ -123.627395923826398, 40.946096451178867 ], [ -123.626497607951691, 40.946096451470794 ] ] ] } },
{ "type": "Feature", "properties": { "csb_id": "061825000586077", "acres": 2.3798254679290598, "geoid": "06023" }, "geometry": { "type": "Polygon", "coordinates": [ [ [ -123.629551880412933, 40.943671000180977 ], [ -123.628024744910405, 40.943491337446545 ], [ -123.628024744817452, 40.943311674140624 ], [ -123.628384069913309, 40.943311674504947 ], [ -123.628384070873594, 40.943042179510357 ], [ -123.627755250040451, 40.942772685213143 ], [ -123.627126429276743, 40.942772685316008 ], [ -123.627126428713254, 40.942413359104897 ], [ -123.628024744695949, 40.942413358854076 ], [ -123.628024744881827, 40.942772685233486 ], [ -123.628923059104764, 40.942772684719465 ], [ -123.628923059046784, 40.943042179911942 ], [ -123.628653564788536, 40.943042179568344 ], [ -123.628653564853039, 40.943311674562892 ], [ -123.629551880397429, 40.943311674574161 ], [ -123.629551880412933, 40.943671000180977 ] ] ] } },
{ "type": "Feature", "properties": { "csb_id": "061825000586079", "acres": 3.3004847000995001, "geoid": "06023" }, "geometry": { "type": "Polygon", "coordinates": [ [ [ -123.631438341868687, 40.94133538062195 ], [ -123.631438341927748, 40.941694706853426 ], [ -123.632067162384615, 40.942143864152271 ], [ -123.632067163537073, 40.942772685144234 ], [ -123.631707837054719, 40.942772684898991 ], [ -123.631707837119805, 40.942413358957431 ], [ -123.631438342403541, 40.942143864232143 ], [ -123.630809521157914, 40.942143864287537 ], [ -123.630450194997053, 40.941515043404223 ], [ -123.630450195670562, 40.941245548971885 ], [ -123.630809521098371, 40.940886223070329 ], [ -123.631079016444573, 40.940886223307139 ], [ -123.631438341868687, 40.94133538062195 ] ] ] } },
{ "type": "Feature", "properties": { "csb_id": "061825000586081", "acres": 4.2156368798271204, "geoid": "06023" }, "geometry": { "type": "Polygon", "coordinates": [ [ [ -123.616975466263455, 40.923099579933393 ], [ -123.616975466795068, 40.92283008600036 ], [ -123.617334792798857, 40.922830085768425 ], [ -123.617334792077543, 40.922201264677717 ], [ -123.616436477581274, 40.922201265020384 ], [ -123.616436477260606, 40.921572444067209 ], [ -123.616705971751628, 40.921302949406709 ], [ -123.617604286810121, 40.921572444112783 ], [ -123.618233107337545, 40.922560591628717 ], [ -123.61823310780305, 40.922830085416187 ], [ -123.61760428661303, 40.922830085549066 ], [ -123.617604287087943, 40.923458906609511 ], [ -123.617334792030235, 40.923458906572961 ], [ -123.617334792486275, 40.923099579957338 ], [ -123.616975466263455, 40.923099579933393 ] ] ] } },
{ "type": "Feature", "properties": { "csb_id": "061825000586086", "acres": 3.56641973759056, "geoid": "06023" }, "geometry": { "type": "Polygon", "coordinates": [ [ [ -123.609070291107201, 40.899024730488328 ], [ -123.608763118527605, 40.899150968720136 ], [ -123.60829110784114, 40.89905771561385 ], [ -123.608171976152292, 40.899833214817626 ], [ -123.607812650529098, 40.899833214184731 ], [ -123.607812649893035, 40.899204393495062 ], [ -123.607543156181492, 40.898665404561221 ], [ -123.607183829938975, 40.898665404544474 ], [ -123.607183829453803, 40.89830607893272 ], [ -123.608171976253161, 40.898306078766545 ], [ -123.608171976433667, 40.898036583665004 ], [ -123.608441470729389, 40.898036583564746 ], [ -123.608710965746326, 40.898306078251544 ], [ -123.608710965600835, 40.89866540479823 ], [ -123.609070292067926, 40.898665404184328 ], [ -123.609070291107201, 40.899024730488328 ] ] ] } },
{ "type": "Feature", "properties": { "csb_id": "061825000586094", "acres": 4.5254870391003301, "geoid": "06023" }, "geometry": { "type": "Polygon", "coordinates": [ [ [ -123.60691433448703, 40.891299219226802 ], [ -123.606914335570664, 40.892467028933588 ], [ -123.606285513953679, 40.89246702962734 ], [ -123.60628551454208, 40.892197534470611 ], [ -123.606016019971108, 40.891928040279915 ], [ -123.605656693245606, 40.891928039949278 ], [ -123.605387199041857, 40.890939893442386 ], [ -123.605656693424194, 40.890670399029169 ], [ -123.606285514358049, 40.890670398971153 ], [ -123.606644840759941, 40.890939893050302 ], [ -123.606644840688929, 40.891299218900038 ], [ -123.60691433448703, 40.891299219226802 ] ] ] } },
{ "type": "Feature", "properties": { "csb_id": "061825014732729", "acres": 3.80254201385597, "geoid": "06023" }, "geometry": { "type": "Polygon", "coordinates": [ [ [ -123.608354130618949, 40.890035675663178 ], [ -123.608354130689648, 40.889406854841226 ], [ -123.607994804649849, 40.889137360519044 ], [ -123.607096489387587, 40.889137360649997 ], [ -123.607096489254005, 40.888957697332458 ], [ -123.609162615003285, 40.888508539514454 ], [ -123.609432108251568, 40.889137359427103 ], [ -123.608893120285316, 40.889406854287145 ], [ -123.608893119722282, 40.890035674421178 ], [ -123.608354130618949, 40.890035675663178 ] ] ] } },
{ "type": "Feature", "properties": { "csb_id": "061825014732730", "acres": 2.5669148937717798, "geoid": "06023" }, "geometry": { "type": "Polygon", "coordinates": [ [ [ -123.616798294596521, 40.88554409839162 ], [ -123.617067788734758, 40.885544098371213 ], [ -123.61733728370578, 40.885813593134088 ], [ -123.617337283196491, 40.886352581700592 ], [ -123.617067787948983, 40.88671190793098 ], [ -123.61679829430166, 40.886711907783443 ], [ -123.616798293704278, 40.886352582143786 ], [ -123.615271158420143, 40.886352582301001 ], [ -123.615271157698103, 40.886711908372483 ], [ -123.615001663129362, 40.886711908356347 ], [ -123.615097372362598, 40.886331352756834 ], [ -123.615948227744695, 40.885951673594462 ], [ -123.616438968388891, 40.886083086986794 ], [ -123.616798294184832, 40.885813592633816 ], [ -123.616798294596521, 40.88554409839162 ] ] ] } },
{ "type": "Feature", "properties": { "csb_id": "061825014732732", "acres": 3.4533707803901099, "geoid": "06023" }, "geometry": { "type": "Polygon", "coordinates": [ [ [ -123.983849918799024, 40.87251852640464 ], [ -123.984478740196977, 40.872518526626735 ], [ -123.98501772861087, 40.873416842318406 ], [ -123.985017729471906, 40.874045662343008 ], [ -123.984478740022837, 40.87404566232513 ], [ -123.984478740158025, 40.873416842223541 ], [ -123.983221099096014, 40.873416842140593 ], [ -123.983221098687451, 40.872788021260064 ], [ -123.98384991879594, 40.872788021688294 ], [ -123.983849918799024, 40.87251852640464 ] ] ] } },
{ "type": "Feature", "properties": { "csb_id": "061825014732733", "acres": 2.9214679231249701, "geoid": "06023" }, "geometry": { "type": "Polygon", "coordinates": [ [ [ -123.983221098116942, 40.870362569804023 ], [ -123.983580424424062, 40.870362570326996 ], [ -123.983849919329359, 40.87072189592557 ], [ -123.983849919326303, 40.870991390833872 ], [ -123.98358042470133, 40.871260885507922 ], [ -123.982053288560707, 40.87126088551635 ], [ -123.982053288429853, 40.871620211747029 ], [ -123.981693962414596, 40.87162021100427 ], [ -123.981693962706373, 40.870991390173202 ], [ -123.982322782672156, 40.870991390838981 ], [ -123.982322783550458, 40.870721896112777 ], [ -123.983221098975051, 40.870721895966682 ], [ -123.983221098116942, 40.870362569804023 ] ] ] } },
{ "type": "Feature", "properties": { "csb_id": "061825014732734", "acres": 12.8155301843501, "geoid": "06023" }, "geometry": { "type": "Polygon", "coordinates": [ [ [ -123.981424468266425, 40.870721896420186 ], [ -123.98142446780092, 40.87036257036258 ], [ -123.980526151934242, 40.870362570158733 ], [ -123.980256657450866, 40.8700930756197 ], [ -123.980256657470491, 40.869823581186012 ], [ -123.980526152215432, 40.869823580716769 ], [ -123.980526152659181, 40.869194760270446 ], [ -123.980256657666388, 40.86919476040341 ], [ -123.980256657646791, 40.869464254705854 ], [ -123.978100701279629, 40.86946425496312 ], [ -123.978100699788641, 40.868206613800439 ], [ -123.97872952131776, 40.868296444751934 ], [ -123.978999015766988, 40.868565939298406 ], [ -123.978999015638621, 40.868925265942096 ], [ -123.979358343092059, 40.868925265277106 ], [ -123.979358342543065, 40.868296445036727 ], [ -123.981154972666886, 40.868296445039327 ], [ -123.981154972829529, 40.869194760253798 ], [ -123.980795646507218, 40.869194759826122 ], [ -123.980795647390366, 40.869464254387708 ], [ -123.981693962775608, 40.869464254889493 ], [ -123.98169396133909, 40.870093075235708 ], [ -123.982682109384641, 40.870093075513935 ], [ -123.98268210889789, 40.869823580975329 ], [ -123.98322109797455, 40.869823580488443 ], [ -123.983221098975051, 40.870721895966682 ], [ -123.981424468266425, 40.870721896420186 ] ] ] } },
{ "type": "Feature", "properties": { "csb_id": "061825014732763", "acres": 4.0875935175074796, "geoid": "06023" }, "geometry": { "type": "Polygon", "coordinates": [ [ [ -123.548256837763319, 40.72528465132882 ], [ -123.548885658364611, 40.725284651187906 ], [ -123.548885658621373, 40.725643977793595 ], [ -123.548616164106079, 40.725643977259281 ], [ -123.548616164004812, 40.726811787197903 ], [ -123.548885659174687, 40.726811787642198 ], [ -123.548885659090175, 40.727171113790355 ], [ -123.548256837390099, 40.727440608539595 ], [ -123.547358522559847, 40.727440608640855 ], [ -123.547358523097245, 40.726811787719079 ], [ -123.547717848953667, 40.726542293222394 ], [ -123.547987343222033, 40.726542292749933 ], [ -123.548256837663047, 40.726182967342986 ], [ -123.548256837763319, 40.72528465132882 ] ] ] } },
{ "type": "Feature", "properties": { "csb_id": "061825014733684", "acres": 3.3437655282433898, "geoid": "06023" }, "geometry": { "type": "Polygon", "coordinates": [ [ [ -124.010979040909916, 40.352034650788113 ], [ -124.010080725219936, 40.352214314337843 ], [ -124.009811231102546, 40.352483808406475 ], [ -124.009451904470865, 40.352483808370671 ], [ -124.008912915774587, 40.352214314200779 ], [ -124.008912916032514, 40.351585493155369 ], [ -124.010080725323519, 40.351585493780455 ], [ -124.010080725283856, 40.351315998681216 ], [ -124.010350219925542, 40.35131599909927 ], [ -124.010709546402524, 40.351585493725111 ], [ -124.010709546013274, 40.351944819859654 ], [ -124.010979040909916, 40.352034650788113 ] ] ] } },
{ "type": "Feature", "properties": { "csb_id": "061825014733712", "acres": 3.4432163211981499, "geoid": "06023" }, "geometry": { "type": "Polygon", "coordinates": [ [ [ -124.03619152230236, 40.335715490223393 ], [ -124.035143721308785, 40.33550564968882 ], [ -124.035143721672057, 40.335056492404121 ], [ -124.035413216047189, 40.334697166072829 ], [ -124.036670857551869, 40.334697165863162 ], [ -124.036940352397863, 40.335056492568491 ], [ -124.036940352655122, 40.335325986685298 ], [ -124.036670857950028, 40.335595481691648 ], [ -124.03619152230236, 40.335715490223393 ] ], [ [ -124.036042036790136, 40.335056492002593 ], [ -124.035772543069982, 40.33505649204735 ], [ -124.035772543020883, 40.335325987093739 ], [ -124.036042037757497, 40.335325987048961 ], [ -124.036042036790136, 40.335056492002593 ] ] ] } },
{ "type": "Feature", "properties": { "csb_id": "061825014733718", "acres": 4.1688378811453299, "geoid": "06023" }, "geometry": { "type": "Polygon", "coordinates": [ [ [ -124.272209125295745, 40.316012208119744 ], [ -124.271849799981581, 40.315742714348971 ], [ -124.271849799416628, 40.315113893327123 ], [ -124.271580304816851, 40.315113893822158 ], [ -124.271580304481418, 40.314215577417187 ], [ -124.272209124870415, 40.314215577670694 ], [ -124.272837946469309, 40.314485071718238 ], [ -124.272837946573731, 40.315742714041349 ], [ -124.272478620628306, 40.315742714432801 ], [ -124.272478620226394, 40.316012207922022 ], [ -124.272209125295745, 40.316012208119744 ] ] ] } },
{ "type": "Feature", "properties": { "csb_id": "061825014733720", "acres": 8.3218912276856898, "geoid": "06023" }, "geometry": { "type": "Polygon", "coordinates": [ [ [ -123.813978499435692, 40.290949212451885 ], [ -123.813978498634228, 40.28978140163467 ], [ -123.81317001572927, 40.289781401829394 ], [ -123.813170014886168, 40.290050896607617 ], [ -123.812810688783415, 40.290050896466859 ], [ -123.812541194863655, 40.289781401491737 ], [ -123.812541193838683, 40.289152580884036 ], [ -123.813709004006952, 40.288883086447434 ], [ -123.814876814637742, 40.289152581180289 ], [ -123.814876814406517, 40.290050896249248 ], [ -123.815146308707099, 40.2900508967668 ], [ -123.815146309006082, 40.290679717466091 ], [ -123.814876813813569, 40.290679717545693 ], [ -123.814876814376063, 40.291578032295433 ], [ -123.8146073198902, 40.291578032736751 ], [ -123.813978499435692, 40.290949212451885 ] ] ] } },
{ "type": "Feature", "properties": { "csb_id": "061825014733721", "acres": 5.4227020914774799, "geoid": "06023" }, "geometry": { "type": "Polygon", "coordinates": [ [ [ -123.802210568348087, 40.285828814214632 ], [ -123.801042758713891, 40.285828814712715 ], [ -123.801042758804684, 40.286188140789363 ], [ -123.801402083883644, 40.286457635567146 ], [ -123.80230040080616, 40.286457635538568 ], [ -123.802210568348087, 40.285828814214632 ], [ -123.803108883515407, 40.285828814501635 ], [ -123.803108884217238, 40.286188140928289 ], [ -123.802569894248634, 40.28645763577326 ], [ -123.802480063600228, 40.287355950319125 ], [ -123.802210568487027, 40.287625445537898 ], [ -123.801941074735254, 40.287625445473751 ], [ -123.801941072884475, 40.287086456192192 ], [ -123.801671579391467, 40.286727129887424 ], [ -123.801042758769754, 40.28672712961658 ], [ -123.800773264671676, 40.286367803869069 ], [ -123.800773264418098, 40.285559320220059 ], [ -123.801042757270665, 40.28528982556734 ], [ -123.801581746775668, 40.285199994037711 ], [ -123.802210568453148, 40.285559320300692 ], [ -123.802210568348087, 40.285828814214632 ] ] ] } },
{ "type": "Feature", "properties": { "csb_id": "061825014733722", "acres": 5.6491523226756799, "geoid": "06023" }, "geometry": { "type": "Polygon", "coordinates": [ [ [ -123.801941074583169, 40.27981010190625 ], [ -123.801671579835528, 40.279810102574558 ], [ -123.801671579519251, 40.280079597048697 ], [ -123.801941074146669, 40.28007959663779 ], [ -123.801941074583169, 40.27981010190625 ], [ -123.804097030784746, 40.279810102364685 ], [ -123.80409703097402, 40.280079596931479 ], [ -123.802839389238201, 40.280079596473364 ], [ -123.802839388927836, 40.280438922565551 ], [ -123.802569894533761, 40.2804389226689 ], [ -123.802569895062476, 40.28007959683417 ], [ -123.802300399750806, 40.280079596877435 ], [ -123.802300400481826, 40.280438923051982 ], [ -123.802569894533761, 40.2804389226689 ], [ -123.802569895331317, 40.280708417755299 ], [ -123.801671579045887, 40.280708417279961 ], [ -123.801671579362178, 40.280438922708434 ], [ -123.800773264313619, 40.280438922856618 ], [ -123.800773263756952, 40.280079596517183 ], [ -123.801402084891862, 40.280079596884612 ], [ -123.80140208474576, 40.279810101813204 ], [ -123.800773263708962, 40.279810101960635 ], [ -123.800773263756952, 40.280079596517183 ], [ -123.800503770155942, 40.280079597000444 ], [ -123.800144444040669, 40.279810102396198 ], [ -123.800144443748664, 40.279540607541549 ], [ -123.801042759322655, 40.279540607324691 ], [ -123.801042758889793, 40.279181281767997 ], [ -123.801671579966737, 40.27918128181323 ], [ -123.801941073883697, 40.279540607473855 ], [ -123.801941074583169, 40.27981010190625 ] ] ] } },
{ "type": "Feature", "properties": { "csb_id": "061825014733723", "acres": 4.8964302004051596, "geoid": "06023" }, "geometry": { "type": "Polygon", "coordinates": [ [ [ -123.877040231568131, 40.264448911273249 ], [ -123.87665577241242, 40.264786655901673 ], [ -123.876511287456111, 40.265637160732943 ], [ -123.876141916064824, 40.26624554143622 ], [ -123.874974107255966, 40.265347226182485 ], [ -123.874974107108258, 40.26489806857532 ], [ -123.875153770011835, 40.26471840509307 ], [ -123.875602927879498, 40.264718405488246 ], [ -123.876141916923743, 40.264448910306882 ], [ -123.877040231568131, 40.264448911273249 ] ] ] } },
{ "type": "Feature", "properties": { "csb_id": "061825014733724", "acres": 3.1008204495557399, "geoid": "06023" }, "geometry": { "type": "Polygon", "coordinates": [ [ [ -123.873357139512834, 40.263820090140804 ], [ -123.874036226996353, 40.26390211419529 ], [ -123.874165623371397, 40.264089584286303 ], [ -123.87407579099073, 40.264448910639054 ], [ -123.87434528595378, 40.264718405553737 ], [ -123.874704611694611, 40.264718405067264 ], [ -123.873806296606233, 40.26561672116631 ], [ -123.873177476509937, 40.26534722562522 ], [ -123.873446971048651, 40.264448910534057 ], [ -123.873985959242077, 40.264089584535704 ], [ -123.873357139512834, 40.263820090140804 ] ] ] } },
{ "type": "Feature", "properties": { "csb_id": "061825014733725", "acres": 3.22077379708628, "geoid": "06023" }, "geometry": { "type": "Polygon", "coordinates": [ [ [ -123.871919834694552, 40.263191269144158 ], [ -123.872279161267059, 40.263191268964349 ], [ -123.872279160729747, 40.263550595306491 ], [ -123.872548655070858, 40.263820089886032 ], [ -123.873357139512834, 40.263820090140804 ], [ -123.873985959242077, 40.264089584535704 ], [ -123.873446971048651, 40.264448910534057 ], [ -123.871919834389885, 40.264448911267543 ], [ -123.871919834694552, 40.263191269144158 ] ] ] } },
{ "type": "Feature", "properties": { "csb_id": "061825014733726", "acres": 5.2540578995501299, "geoid": "06023" }, "geometry": { "type": "Polygon", "coordinates": [ [ [ -123.874075791431068, 40.2620234591109 ], [ -123.874075791263877, 40.262652280224316 ], [ -123.874345286374023, 40.262023459295115 ], [ -123.87461478052451, 40.262023460016692 ], [ -123.874614780398687, 40.26292177481082 ], [ -123.874884275730381, 40.263191269275715 ], [ -123.87551309599209, 40.263191268961826 ], [ -123.875513095826363, 40.262921774643331 ], [ -123.876141916568699, 40.262921775212405 ], [ -123.876141916490155, 40.263191269192554 ], [ -123.875872422043258, 40.263550595525977 ], [ -123.87548094361604, 40.263496205217471 ], [ -123.875243600835816, 40.263820090415457 ], [ -123.875243601121497, 40.264089584613572 ], [ -123.87470461190351, 40.264089584745747 ], [ -123.874704612170476, 40.263820089951189 ], [ -123.874345286200921, 40.263550595265883 ], [ -123.873806296396594, 40.263550595417584 ], [ -123.873716465100642, 40.262921775085367 ], [ -123.873357139303025, 40.262921774824598 ], [ -123.873357139762803, 40.262652280386952 ], [ -123.873985959697634, 40.262652280147854 ], [ -123.874075791431068, 40.2620234591109 ] ] ] } },
{ "type": "Feature", "properties": { "csb_id": "061825014733727", "acres": 8.69253567922852, "geoid": "06023" }, "geometry": { "type": "Polygon", "coordinates": [ [ [ -123.874884275730381, 40.263191269275715 ], [ -123.874614780398687, 40.26292177481082 ], [ -123.87461478052451, 40.262023460016692 ], [ -123.87398595951926, 40.262023459292557 ], [ -123.873985959697634, 40.262652280147854 ], [ -123.873357139762803, 40.262652280386952 ], [ -123.873357139303025, 40.262921774824598 ], [ -123.872818149589278, 40.262921774612394 ], [ -123.872818149809191, 40.26265228069088 ], [ -123.87371646516047, 40.261753964637862 ], [ -123.874345285724175, 40.261753965333426 ], [ -123.874614780837348, 40.261394638950343 ], [ -123.874614779964503, 40.261125143972464 ], [ -123.875243601598584, 40.261125144289174 ], [ -123.87524360109181, 40.261394639186832 ], [ -123.874884274889212, 40.261394638580605 ], [ -123.874884275057425, 40.261753964572812 ], [ -123.875513095407854, 40.261753965096027 ], [ -123.875513095829504, 40.261394639184047 ], [ -123.876141916320265, 40.261394638623138 ], [ -123.876141916787063, 40.261753965051263 ], [ -123.875782590364096, 40.261753964776204 ], [ -123.875782590409926, 40.262023459173747 ], [ -123.876411411239772, 40.2622929543707 ], [ -123.876680905724726, 40.262652280035844 ], [ -123.876680905406346, 40.262921774490877 ], [ -123.875513095826363, 40.262921774643331 ], [ -123.87551309599209, 40.263191268961826 ], [ -123.874884275730381, 40.263191269275715 ] ] ] } },
{ "type": "Feature", "properties": { "csb_id": "061825014733730", "acres": 2.8827992902605, "geoid": "06023" }, "geometry": { "type": "Polygon", "coordinates": [ [ [ -123.829429522012362, 40.2496267089914 ], [ -123.830297659436908, 40.249746718091167 ], [ -123.83086682653861, 40.250884350336705 ], [ -123.830327836592957, 40.250884349767503 ], [ -123.830327837498544, 40.250525023439799 ], [ -123.829429521812116, 40.250525023793855 ], [ -123.829160027229918, 40.250255529499853 ], [ -123.829160027339384, 40.249986034805396 ], [ -123.829429521478133, 40.24998603496082 ], [ -123.829429522012362, 40.2496267089914 ] ] ] } },
{ "type": "Feature", "properties": { "csb_id": "061825014733736", "acres": 4.9178413189957801, "geoid": "06023" }, "geometry": { "type": "Polygon", "coordinates": [ [ [ -123.821883673640514, 40.238038441269147 ], [ -123.821254852550254, 40.237858778528427 ], [ -123.821254852810071, 40.237319789664532 ], [ -123.820985358386721, 40.236960462761644 ], [ -123.820356537001715, 40.236960463220051 ], [ -123.820356537335243, 40.236690968692741 ], [ -123.820626032463863, 40.23642147395163 ], [ -123.82161417869321, 40.236421473996572 ], [ -123.821614178870021, 40.236960463104438 ], [ -123.82188367331625, 40.236960463501596 ], [ -123.821883673379574, 40.236421473878551 ], [ -123.822512494584132, 40.236421474101348 ], [ -123.822512493807338, 40.237589284212987 ], [ -123.822153167784236, 40.237589283718059 ], [ -123.821883673640514, 40.238038441269147 ] ] ] } },
{ "type": "Feature", "properties": { "csb_id": "061825014733739", "acres": 3.9482600789165399, "geoid": "06023" }, "geometry": { "type": "Polygon", "coordinates": [ [ [ -123.864733312411815, 40.222497587019177 ], [ -123.865631627263838, 40.222767081352089 ], [ -123.865631627542172, 40.223126407602543 ], [ -123.865272301567714, 40.223126407428751 ], [ -123.865272301558051, 40.223395901905697 ], [ -123.865631627750943, 40.223395902337437 ], [ -123.865631627542172, 40.223126407602543 ], [ -123.866529943056648, 40.22312640809163 ], [ -123.866529942466201, 40.223755228445015 ], [ -123.865002807101405, 40.223755227987787 ], [ -123.864373986417675, 40.223126408161548 ], [ -123.864373986095202, 40.222767081492094 ], [ -123.864733312411815, 40.222497587019177 ] ] ] } },
{ "type": "Feature", "properties": { "csb_id": "061825014733742", "acres": 2.8805118882621601, "geoid": "06023" }, "geometry": { "type": "Polygon", "coordinates": [ [ [ -123.788107018451143, 40.212346624107582 ], [ -123.78875338428638, 40.212387592393867 ], [ -123.788698292748563, 40.212937898715843 ], [ -123.788988402921703, 40.213476273063975 ], [ -123.787478198584097, 40.2134246029607 ], [ -123.787478197434424, 40.212885613260603 ], [ -123.787837524383662, 40.212885613280925 ], [ -123.788107018451143, 40.212346624107582 ] ] ] } },
{ "type": "Feature", "properties": { "csb_id": "061825014733743", "acres": 15.362407157924901, "geoid": "06023" }, "geometry": { "type": "Polygon", "coordinates": [ [ [ -123.790442638344928, 40.214053423115239 ], [ -123.790532469406969, 40.214322917701686 ], [ -123.788376512849865, 40.214322917718398 ], [ -123.788376513281833, 40.214682243686639 ], [ -123.788735839863037, 40.214951738180702 ], [ -123.789634154406016, 40.21495173900832 ], [ -123.789634155256479, 40.215580559405424 ], [ -123.789274828847269, 40.215580559446636 ], [ -123.789274828603311, 40.215311064977044 ], [ -123.788376513186563, 40.215311064495822 ], [ -123.788376513267082, 40.215850053898038 ], [ -123.787837524411955, 40.215850053631584 ], [ -123.787478198367822, 40.216209380039821 ], [ -123.787478198204397, 40.216478875066215 ], [ -123.787837524462361, 40.216478874672411 ], [ -123.787837524175373, 40.216748369141612 ], [ -123.787478198502427, 40.217107695554027 ], [ -123.787208702816372, 40.217377189759482 ], [ -123.786849377612867, 40.21737718989786 ], [ -123.786579882914921, 40.217107694920891 ], [ -123.786579883217229, 40.216748369416891 ], [ -123.786849376743334, 40.216478874341256 ], [ -123.786849377350435, 40.215580559828588 ], [ -123.786669714086827, 40.214951739010353 ], [ -123.786849377016765, 40.214322917918992 ], [ -123.787478197925367, 40.21432291820355 ], [ -123.787478197593572, 40.21468224425459 ], [ -123.788107018937836, 40.214682243886983 ], [ -123.787837524206097, 40.213694096912299 ], [ -123.788915502367416, 40.213694097000435 ], [ -123.788915503102345, 40.214233086692815 ], [ -123.789095165590737, 40.214233086241059 ], [ -123.78927482829917, 40.213514434352511 ], [ -123.788914099070126, 40.213002289460782 ], [ -123.789005334048483, 40.211987298237382 ], [ -123.789274829032209, 40.211987298333639 ], [ -123.789903649530416, 40.212526286993125 ], [ -123.789903649685627, 40.213155108174071 ], [ -123.790173143525536, 40.214053423711775 ], [ -123.790442638344928, 40.214053423115239 ] ], [ [ -123.787478198565069, 40.214951738796131 ], [ -123.787478197728149, 40.215580559009936 ], [ -123.787837524698915, 40.215580559296335 ], [ -123.787837523850925, 40.215311065258497 ], [ -123.78810701908624, 40.215311065036254 ], [ -123.788107018530738, 40.214951738345711 ], [ -123.787478198565069, 40.214951738796131 ] ] ] } },
{ "type": "Feature", "properties": { "csb_id": "061825014733744", "acres": 7.7404383871811397, "geoid": "06023" }, "geometry": { "type": "Polygon", "coordinates": [ [ [ -123.788107018457609, 40.210460162436839 ], [ -123.788376513023721, 40.210460162310461 ], [ -123.788376513385018, 40.210100836067696 ], [ -123.788107019037028, 40.210100836451332 ], [ -123.788017187806034, 40.2104601624644 ], [ -123.787431088954932, 40.209887048011019 ], [ -123.787747692897639, 40.209382183914883 ], [ -123.789274829009301, 40.209382183368859 ], [ -123.78927482908189, 40.210460161892492 ], [ -123.78900533453816, 40.210729656573086 ], [ -123.78900533358761, 40.211088982857611 ], [ -123.78963415493007, 40.211088982637506 ], [ -123.789634154525203, 40.211448308653218 ], [ -123.786849377159655, 40.211358477191226 ], [ -123.786849377079463, 40.211088982587079 ], [ -123.787208703161085, 40.2107296566614 ], [ -123.787478198058722, 40.210729656744086 ], [ -123.787478198068541, 40.211088982936971 ], [ -123.788376513445854, 40.210999151123396 ], [ -123.788376513973063, 40.210729656995611 ], [ -123.788107018457609, 40.210460162436839 ] ] ] } },
{ "type": "Feature", "properties": { "csb_id": "061825014733745", "acres": 3.7606080772882602, "geoid": "06023" }, "geometry": { "type": "Polygon", "coordinates": [ [ [ -123.78927482824065, 40.209202520515369 ], [ -123.787478198014483, 40.209112689756971 ], [ -123.787478197667923, 40.208933025992721 ], [ -123.787837524639215, 40.208933026169923 ], [ -123.788107018401675, 40.208663532026328 ], [ -123.788107018639437, 40.208304205541872 ], [ -123.787478197479913, 40.208304205521671 ], [ -123.787478198436574, 40.2080347105993 ], [ -123.787837524247834, 40.207765215976906 ], [ -123.788107018428676, 40.207765216077156 ], [ -123.788107018704878, 40.208034711216882 ], [ -123.788735839998026, 40.208034711264887 ], [ -123.788735839965426, 40.207765216465262 ], [ -123.789005333694703, 40.207765216613588 ], [ -123.789005334409666, 40.20893302639255 ], [ -123.789274828789942, 40.208933025882494 ], [ -123.78927482824065, 40.209202520515369 ] ] ] } },
{ "type": "Feature", "properties": { "csb_id": "061825014733782", "acres": 4.2549638232228002, "geoid": "06023" }, "geometry": { "type": "Polygon", "coordinates": [ [ [ -123.820985358176699, 40.139583086630935 ], [ -123.820985357702241, 40.139223760483098 ], [ -123.820626032295692, 40.139223760395609 ], [ -123.820626032101529, 40.13958308628596 ], [ -123.820985358176699, 40.139583086630935 ], [ -123.820985358532539, 40.139852581286526 ], [ -123.820087043257629, 40.139852580552287 ], [ -123.820087042843113, 40.14012207558568 ], [ -123.819727716564842, 40.140122075841013 ], [ -123.819188727315208, 40.139852581026325 ], [ -123.819188727366395, 40.139583085949397 ], [ -123.820356537699809, 40.138954265671337 ], [ -123.821254853279882, 40.138954265585369 ], [ -123.821254852382225, 40.139223760666681 ], [ -123.822153167723599, 40.139223760594895 ], [ -123.822153167703959, 40.139583086321515 ], [ -123.820985358176699, 40.139583086630935 ] ] ] } },
{ "type": "Feature", "properties": { "csb_id": "061825014733812", "acres": 3.7742337222387601, "geoid": "06023" }, "geometry": { "type": "Polygon", "coordinates": [ [ [ -123.823949798441177, 40.118472677145569 ], [ -123.8241294618701, 40.117843856221931 ], [ -123.823949798284261, 40.117574362230492 ], [ -123.824219293268442, 40.117215035941747 ], [ -123.824668450246719, 40.117215035495917 ], [ -123.825207440497195, 40.11802351958481 ], [ -123.82520744006527, 40.119011666502963 ], [ -123.824578619082828, 40.119011666805932 ], [ -123.824578619677098, 40.118472676982918 ], [ -123.823949798441177, 40.118472677145569 ] ] ] } },
{ "type": "Feature", "properties": { "csb_id": "061825014733832", "acres": 5.28122314046235, "geoid": "06023" }, "geometry": { "type": "Polygon", "coordinates": [ [ [ -123.799874948604824, 40.104279295473077 ], [ -123.799874949506375, 40.104548790306374 ], [ -123.800144443978297, 40.104548790202692 ], [ -123.80014444353786, 40.104279295966613 ], [ -123.800503769359779, 40.104279295899666 ], [ -123.801042759193905, 40.10454879059543 ], [ -123.801042758810198, 40.105447105168025 ], [ -123.800503769227348, 40.105447105387938 ], [ -123.8005037692526, 40.10607592665334 ], [ -123.799335960299842, 40.105806431945723 ], [ -123.799335959306106, 40.105447105221387 ], [ -123.799515622195557, 40.105447105274244 ], [ -123.799515622332322, 40.104279295713532 ], [ -123.799874948604824, 40.104279295473077 ] ] ] } },
{ "type": "Feature", "properties": { "csb_id": "061825014733835", "acres": 4.0023930157145404, "geoid": "06023" }, "geometry": { "type": "Polygon", "coordinates": [ [ [ -123.887011531086117, 40.102123339241537 ], [ -123.887011531371371, 40.102482664830326 ], [ -123.88737085707784, 40.102482664871012 ], [ -123.887370857256826, 40.102123338765914 ], [ -123.887011531086117, 40.102123339241537 ], [ -123.887011531267405, 40.101853844537324 ], [ -123.887909846385014, 40.101853844457167 ], [ -123.8885386676195, 40.102123339397004 ], [ -123.888538667633512, 40.102752160054109 ], [ -123.888269173295853, 40.102752159602367 ], [ -123.888269172489217, 40.102482664890687 ], [ -123.887640351983222, 40.10248266501894 ], [ -123.887640351558318, 40.102752159472445 ], [ -123.885484395138022, 40.10275216017223 ], [ -123.885214900728187, 40.102482665588177 ], [ -123.885214900493338, 40.102123339243349 ], [ -123.885843721669005, 40.102123339159583 ], [ -123.885843721315553, 40.102482665424503 ], [ -123.886742037150611, 40.102482665046296 ], [ -123.887011531086117, 40.102123339241537 ] ] ] } },
{ "type": "Feature", "properties": { "csb_id": "061825014733873", "acres": 3.0968867419212902, "geoid": "06023" }, "geometry": { "type": "Polygon", "coordinates": [ [ [ -123.802300400031768, 40.086762147551262 ], [ -123.802300399682139, 40.08712147357744 ], [ -123.801941074689836, 40.087390968312967 ], [ -123.801671580116022, 40.087390968294422 ], [ -123.801402084564543, 40.087121473952344 ], [ -123.801402084544037, 40.086762148101123 ], [ -123.799874948630816, 40.086762147756225 ], [ -123.799874949312866, 40.08649265315875 ], [ -123.800144443953982, 40.086133327269195 ], [ -123.800773263859185, 40.086133326735137 ], [ -123.800773264467736, 40.086492652553495 ], [ -123.801671580086435, 40.086492652894179 ], [ -123.802300400031768, 40.086762147551262 ] ] ] } },
{ "type": "Feature", "properties": { "csb_id": "061825014733874", "acres": 3.3612383208178001, "geoid": "06023" }, "geometry": { "type": "Polygon", "coordinates": [ [ [ -123.799874948630816, 40.086762147756225 ], [ -123.799874948927467, 40.087390968198932 ], [ -123.799515622543069, 40.087660463312602 ], [ -123.798617307045063, 40.087660462888834 ], [ -123.798617307097217, 40.086762147652536 ], [ -123.798347812744069, 40.086762147535438 ], [ -123.798347813148993, 40.086133326449811 ], [ -123.798617307745261, 40.086133326906804 ], [ -123.799246127961808, 40.086492653481777 ], [ -123.799246128748422, 40.087121473405752 ], [ -123.79951562286891, 40.087121473825128 ], [ -123.799515622217157, 40.086762147469152 ], [ -123.799874948630816, 40.086762147756225 ] ] ] } },
{ "type": "Feature", "properties": { "csb_id": "061825014733878", "acres": 2.4737756734831899, "geoid": "06023" }, "geometry": { "type": "Polygon", "coordinates": [ [ [ -123.795293540587423, 40.08469602276115 ], [ -123.795922361904701, 40.084696022749505 ], [ -123.79592236132352, 40.084965517430206 ], [ -123.79565286715858, 40.084965516767959 ], [ -123.795652867038328, 40.085235012082961 ], [ -123.796820677324206, 40.085235011588601 ], [ -123.796820677009407, 40.085863832119038 ], [ -123.797180003329643, 40.08586383256651 ], [ -123.797180003395127, 40.086133326470438 ], [ -123.796551182041981, 40.086133327107703 ], [ -123.796551182216533, 40.08559433754499 ], [ -123.795293541157562, 40.085594337701501 ], [ -123.795293540587423, 40.08469602276115 ] ] ] } },
{ "type": "Feature", "properties": { "csb_id": "061825014733892", "acres": 7.9880641380548303, "geoid": "06023" }, "geometry": { "type": "Polygon", "coordinates": [ [ [ -123.800144443423846, 40.083797707007598 ], [ -123.800503769146687, 40.083797706942889 ], [ -123.800503770131641, 40.083168886107686 ], [ -123.800144443820798, 40.083168886089965 ], [ -123.800144443423846, 40.083797707007598 ], [ -123.79978511690932, 40.083797707159313 ], [ -123.799515623412148, 40.083438381321912 ], [ -123.799515622838072, 40.083168886841115 ], [ -123.799785117059443, 40.083168887013812 ], [ -123.799785116981482, 40.082809560012379 ], [ -123.798886802430772, 40.082809560190576 ], [ -123.798886801613605, 40.082540065456151 ], [ -123.799156296869754, 40.082540066201993 ], [ -123.79915629617237, 40.082270571247172 ], [ -123.800144443886722, 40.082270571355785 ], [ -123.800413937890553, 40.0825400656529 ], [ -123.800503769582747, 40.082899391746281 ], [ -123.80131225341124, 40.082899391627009 ], [ -123.801312253600713, 40.083168886760653 ], [ -123.80104275914745, 40.083168886179095 ], [ -123.801042759456749, 40.083438381092265 ], [ -123.801941074543194, 40.083438381190042 ], [ -123.801941074551053, 40.084336695963714 ], [ -123.801312253057105, 40.084336696015001 ], [ -123.80131225320882, 40.084067201575763 ], [ -123.800683432836507, 40.08406720156686 ], [ -123.800683432927926, 40.0843366963459 ], [ -123.801312253057105, 40.084336696015001 ], [ -123.801312252968572, 40.084696022276454 ], [ -123.800144443357894, 40.084696022440191 ], [ -123.800144443423846, 40.083797707007598 ] ] ] } },
{ "type": "Feature", "properties": { "csb_id": "061825014733935", "acres": 3.36181097671325, "geoid": "06023" }, "geometry": { "type": "Polygon", "coordinates": [ [ [ -123.817032770924442, 40.074365396905861 ], [ -123.819458222839614, 40.074365396886179 ], [ -123.819458221572475, 40.074724722692565 ], [ -123.819188727411003, 40.074724722406245 ], [ -123.819188728120338, 40.075623038355218 ], [ -123.818829400904022, 40.075623037985736 ], [ -123.818290412075839, 40.074724722902623 ], [ -123.817032770985293, 40.074724722442895 ], [ -123.817032770924442, 40.074365396905861 ] ] ] } },
{ "type": "Feature", "properties": { "csb_id": "061825014733964", "acres": 3.4752829693330201, "geoid": "06023" }, "geometry": { "type": "Polygon", "coordinates": [ [ [ -123.820087043277951, 40.071670450993473 ], [ -123.820087042498642, 40.072299271733449 ], [ -123.819458222301762, 40.072299271419546 ], [ -123.819458221805263, 40.072568765849404 ], [ -123.820087043232974, 40.072568766420893 ], [ -123.82008704285191, 40.072928092415715 ], [ -123.818829401405168, 40.07292809197294 ], [ -123.818829402084361, 40.072568766411337 ], [ -123.819188727477353, 40.072568766511417 ], [ -123.819188727889554, 40.072029777348952 ], [ -123.818559906891139, 40.072029776998633 ], [ -123.818559907239134, 40.071400955759188 ], [ -123.819188727594707, 40.071400955933882 ], [ -123.819188727559293, 40.071670450838411 ], [ -123.820087043277951, 40.071670450993473 ] ] ] } },
{ "type": "Feature", "properties": { "csb_id": "061825014733982", "acres": 5.7292628028481198, "geoid": "06023" }, "geometry": { "type": "Polygon", "coordinates": [ [ [ -123.832663456849076, 40.068975505235109 ], [ -123.833022782547715, 40.068975505515681 ], [ -123.833022782500748, 40.069244999801157 ], [ -123.832753288714926, 40.069244999578331 ], [ -123.832753288207371, 40.069873820516079 ], [ -123.833022782882466, 40.069873820141972 ], [ -123.833022782835499, 40.07014331454964 ], [ -123.832753288490764, 40.070502640541086 ], [ -123.832393961826511, 40.070502640766854 ], [ -123.832393961891469, 40.069604325692488 ], [ -123.832124467438192, 40.069604325833232 ], [ -123.832124467736065, 40.070502640989105 ], [ -123.831854972513128, 40.070502640892364 ], [ -123.831854973064935, 40.070143314935756 ], [ -123.830956657633777, 40.070143314440841 ], [ -123.830956657793408, 40.070502641075848 ], [ -123.830597331493436, 40.070772135959196 ], [ -123.830327837756101, 40.070772135755327 ], [ -123.830058342857541, 40.070502640494709 ], [ -123.830058342669432, 40.070143314890309 ], [ -123.83032783649044, 40.069604325372474 ], [ -123.831854972984914, 40.069604325397314 ], [ -123.832663456849076, 40.068975505235109 ] ] ] } },
{ "type": "Feature", "properties": { "csb_id": "061825014733983", "acres": 4.1672680293839699, "geoid": "06023" }, "geometry": { "type": "Polygon", "coordinates": [ [ [ -123.786759545350165, 40.07050264087583 ], [ -123.786035805608648, 40.069451681831303 ], [ -123.785771398555411, 40.068706010613774 ], [ -123.785951062271124, 40.06807718947703 ], [ -123.786310388245809, 40.068077189577437 ], [ -123.786579882358865, 40.068346684783975 ], [ -123.786579882768649, 40.069244999207726 ], [ -123.786849376918497, 40.069604325938947 ], [ -123.786849377014875, 40.070143315007527 ], [ -123.78747819845924, 40.070143315081218 ], [ -123.787478198364028, 40.070772135437437 ], [ -123.787208703296912, 40.070772135556659 ], [ -123.787208703767732, 40.070502640959965 ], [ -123.786759545350165, 40.07050264087583 ] ] ] } },
{ "type": "Feature", "properties": { "csb_id": "061825014733990", "acres": 18.3029014280974, "geoid": "06023" }, "geometry": { "type": "Polygon", "coordinates": [ [ [ -123.752533733420293, 40.067178874892249 ], [ -123.752174407057581, 40.06717887460222 ], [ -123.752174407362602, 40.067448369441209 ], [ -123.752533733602476, 40.067448369133444 ], [ -123.752533733420293, 40.067178874892249 ], [ -123.753072722908783, 40.067178874815589 ], [ -123.753072722438773, 40.066550053378343 ], [ -123.753432049278103, 40.066550054010357 ], [ -123.753432048659832, 40.066909379533541 ], [ -123.754330363407661, 40.0669093795808 ], [ -123.754330364337662, 40.0671788742155 ], [ -123.755228678841178, 40.067178874268613 ], [ -123.755228679523185, 40.067807695485953 ], [ -123.753432048361503, 40.067807695206923 ], [ -123.753432049015402, 40.068975505394874 ], [ -123.753072722313632, 40.06924499975667 ], [ -123.752803227507826, 40.069244999267838 ], [ -123.752803227786131, 40.068975505380259 ], [ -123.752533733200963, 40.068975505426458 ], [ -123.752533733134953, 40.069604325749971 ], [ -123.752803227817864, 40.069604326217622 ], [ -123.752803227539587, 40.069873820190722 ], [ -123.752533733499348, 40.070143314928259 ], [ -123.751006597541647, 40.070143315115615 ], [ -123.750377776153329, 40.069873820009406 ], [ -123.750377776936659, 40.069604326125472 ], [ -123.751006597074792, 40.068975504769696 ], [ -123.751276091771132, 40.068975505169959 ], [ -123.751276091786991, 40.067807695338786 ], [ -123.751635417673072, 40.067807695286724 ], [ -123.75163541779844, 40.067178874510276 ], [ -123.75190491313576, 40.066909380042155 ], [ -123.752533732897561, 40.066909379832822 ], [ -123.752533733420293, 40.067178874892249 ] ] ] } },
{ "type": "Feature", "properties": { "csb_id": "061825014734030", "acres": 3.7120100011929398, "geoid": "06023" }, "geometry": { "type": "Polygon", "coordinates": [ [ [ -123.727201242514226, 40.059633026384475 ], [ -123.727740231981656, 40.059633025881261 ], [ -123.727740232113376, 40.059902520351784 ], [ -123.72720124205496, 40.06053134165434 ], [ -123.7268419161895, 40.060531341761418 ], [ -123.726841916827851, 40.060261846864584 ], [ -123.726572421374158, 40.060261846507593 ], [ -123.726572421647631, 40.061160161973355 ], [ -123.726302926896764, 40.06116016197911 ], [ -123.726302926936881, 40.060800835829966 ], [ -123.725314779901055, 40.060800835990236 ], [ -123.725314780274289, 40.060531341485792 ], [ -123.725674106859984, 40.060261846223938 ], [ -123.72630292743348, 40.05990252018475 ], [ -123.727201242885997, 40.059902520341552 ], [ -123.727201242514226, 40.059633026384475 ] ] ] } },
{ "type": "Feature", "properties": { "csb_id": "061825014734216", "acres": 3.37471007369501, "geoid": "06023" }, "geometry": { "type": "Polygon", "coordinates": [ [ [ -123.781189991075394, 40.003218826078871 ], [ -123.781189991150057, 40.003847646647259 ], [ -123.781459485516791, 40.003847647186618 ], [ -123.781728980510152, 40.004745961995553 ], [ -123.780561170407339, 40.004745961772031 ], [ -123.780561170794982, 40.005015456658086 ], [ -123.780291675668678, 40.005015457099006 ], [ -123.780291675785676, 40.004476467619192 ], [ -123.780561170360272, 40.004476467775703 ], [ -123.780561170411133, 40.003488320886284 ], [ -123.781189991075394, 40.003218826078871 ] ] ] } }
]
}
