{
"type": "FeatureCollection",
"name": "06025",
"crs": { "type": "name", "properties": { "name": "urn:ogc:def:crs:OGC:1.3:CRS84" } },
"features": [
{ "type": "Feature", "properties": { "csb_id": "061825010176818", "acres": 10.7785546886318, "geoid": "06025" }, "geometry": { "type": "Polygon", "coordinates": [ [ [ -116.064234289298113, 33.422544575491173 ], [ -116.064234289105812, 33.422364912779763 ], [ -116.063785131501419, 33.422275080997188 ], [ -116.062976647646465, 33.422275080931968 ], [ -116.062976647668563, 33.422544575672902 ], [ -116.06243765785176, 33.422364912363243 ], [ -116.062617321866838, 33.422005586720651 ], [ -116.062976647264165, 33.42191575451308 ], [ -116.062976647468915, 33.421646260407421 ], [ -116.063246141897309, 33.421646260102285 ], [ -116.063246142576091, 33.421107271206594 ], [ -116.062976647651581, 33.421107271011422 ], [ -116.062976648061067, 33.420568282078953 ], [ -116.063246142196363, 33.420568282086478 ], [ -116.063515636442077, 33.421107270957272 ], [ -116.064952941648116, 33.42110727095897 ], [ -116.064952941381051, 33.42074794507041 ], [ -116.065581761888026, 33.420747945295709 ], [ -116.065581761626959, 33.421107270871666 ], [ -116.065851256750648, 33.421376765522204 ], [ -116.065851255624196, 33.422275081695012 ], [ -116.065312266023568, 33.422544575689535 ], [ -116.064234289298113, 33.422544575491173 ] ] ] } },
{ "type": "Feature", "properties": { "csb_id": "061825010176823", "acres": 24.128645330056901, "geoid": "06025" }, "geometry": { "type": "Polygon", "coordinates": [ [ [ -116.067468224066047, 33.422364912926284 ], [ -116.067019066686413, 33.422364912682369 ], [ -116.067019065606758, 33.422544575831914 ], [ -116.066300412792373, 33.422544576805159 ], [ -116.065851257013151, 33.422005587601205 ], [ -116.065851256750648, 33.421376765522204 ], [ -116.065581761626959, 33.421107270871666 ], [ -116.065581761888026, 33.420747945295709 ], [ -116.064952941381051, 33.42074794507041 ], [ -116.064952941648116, 33.42110727095897 ], [ -116.064683446874682, 33.421107271077467 ], [ -116.064683446526857, 33.420208956043979 ], [ -116.064952941598065, 33.419310640372238 ], [ -116.065312267408459, 33.418771651821515 ], [ -116.067558055388687, 33.419041145657523 ], [ -116.067558055164582, 33.41958013488339 ], [ -116.068007213040332, 33.419580136521553 ], [ -116.0680072131928, 33.422634407522068 ], [ -116.067468223759477, 33.42263440675783 ], [ -116.067468224066047, 33.422364912926284 ] ] ] } },
{ "type": "Feature", "properties": { "csb_id": "061825010176825", "acres": 10.9948082654261, "geoid": "06025" }, "geometry": { "type": "Polygon", "coordinates": [ [ [ -116.063246142247323, 33.420747944880425 ], [ -116.063246141867594, 33.420208955485556 ], [ -116.063515637114904, 33.420208955361197 ], [ -116.063605468722329, 33.419580135271588 ], [ -116.063605467850138, 33.419400472179916 ], [ -116.063246141612794, 33.419310640370803 ], [ -116.063246141584855, 33.418412324986626 ], [ -116.064683446511765, 33.418412325168866 ], [ -116.06468344661161, 33.418142830536574 ], [ -116.06531226684551, 33.418142830422433 ], [ -116.065312267408459, 33.418771651821515 ], [ -116.064952941598065, 33.419310640372238 ], [ -116.064683446526857, 33.420208956043979 ], [ -116.064683446874682, 33.421107271077467 ], [ -116.063515636442077, 33.421107270957272 ], [ -116.063246142247323, 33.420747944880425 ] ] ] } },
{ "type": "Feature", "properties": { "csb_id": "061825010176826", "acres": 12.856647558794499, "geoid": "06025" }, "geometry": { "type": "Polygon", "coordinates": [ [ [ -116.062078331894242, 33.419041145799788 ], [ -116.062078331946481, 33.418412325454867 ], [ -116.06144951175007, 33.418412324879341 ], [ -116.060910522791275, 33.418142830802729 ], [ -116.059742712468804, 33.41814283217073 ], [ -116.059742712721189, 33.417873336747512 ], [ -116.059473217768797, 33.417873336714827 ], [ -116.059473218211679, 33.416975021562223 ], [ -116.060012206871932, 33.41697502287181 ], [ -116.060012207712589, 33.416705528565515 ], [ -116.060641027260942, 33.416705527376685 ], [ -116.060641028575887, 33.416975021682994 ], [ -116.061180016706885, 33.416975024018015 ], [ -116.061449511456587, 33.417244518127703 ], [ -116.061449510529116, 33.417603843175478 ], [ -116.06207833295332, 33.417603843125548 ], [ -116.06207833284455, 33.417873338213987 ], [ -116.062976648520973, 33.417873337925911 ], [ -116.063246142678764, 33.417603842344398 ], [ -116.063246142765095, 33.416975022717935 ], [ -116.063785131274358, 33.416975022837235 ], [ -116.063785131253724, 33.418412325731623 ], [ -116.063246141584855, 33.418412324986626 ], [ -116.063246142128065, 33.41886148272804 ], [ -116.062078331894242, 33.419041145799788 ] ] ] } },
{ "type": "Feature", "properties": { "csb_id": "061825010176827", "acres": 4.7621602483669196, "geoid": "06025" }, "geometry": { "type": "Polygon", "coordinates": [ [ [ -116.06207833284455, 33.417873338213987 ], [ -116.062078332391451, 33.416436031593733 ], [ -116.062347827406725, 33.416436031957119 ], [ -116.062347827403698, 33.416076705750662 ], [ -116.062976647668378, 33.416076705411683 ], [ -116.062976647143302, 33.416436031305416 ], [ -116.063246140495323, 33.416436031687986 ], [ -116.063246142678764, 33.417603842344398 ], [ -116.062976648520973, 33.417873337925911 ], [ -116.06207833284455, 33.417873338213987 ] ] ] } },
{ "type": "Feature", "properties": { "csb_id": "061825010176829", "acres": 32.234447120317, "geoid": "06025" }, "geometry": { "type": "Polygon", "coordinates": [ [ [ -116.067558055164582, 33.41958013488339 ], [ -116.067558055388687, 33.419041145657523 ], [ -116.065312267408459, 33.418771651821515 ], [ -116.06531226684551, 33.418142830422433 ], [ -116.06468344661161, 33.418142830536574 ], [ -116.064683446511765, 33.418412325168866 ], [ -116.063785131253724, 33.418412325731623 ], [ -116.063785131274358, 33.416975022837235 ], [ -116.064144457854383, 33.416975020740502 ], [ -116.064413951582878, 33.416705526391162 ], [ -116.064413952465401, 33.415537716121172 ], [ -116.065851256248877, 33.415537716388528 ], [ -116.065851256523203, 33.415807210829286 ], [ -116.06728856107658, 33.415807211251462 ], [ -116.067558055218043, 33.414908895299234 ], [ -116.067917381503577, 33.414908895347956 ], [ -116.068007213389251, 33.41931064027132 ], [ -116.067917381782621, 33.419580134995954 ], [ -116.067558055164582, 33.41958013488339 ] ] ] } },
{ "type": "Feature", "properties": { "csb_id": "061825010176830", "acres": 4.1759221030631402, "geoid": "06025" }, "geometry": { "type": "Polygon", "coordinates": [ [ [ -116.063246142765095, 33.416975022717935 ], [ -116.063246140495323, 33.416436031687986 ], [ -116.062976647143302, 33.416436031305416 ], [ -116.062976647268343, 33.415807211011767 ], [ -116.064413952465401, 33.415537716121172 ], [ -116.064413951582878, 33.416705526391162 ], [ -116.064144457854383, 33.416975020740502 ], [ -116.063246142765095, 33.416975022717935 ] ] ] } },
{ "type": "Feature", "properties": { "csb_id": "061825010176831", "acres": 8.6192836288548893, "geoid": "06025" }, "geometry": { "type": "Polygon", "coordinates": [ [ [ -116.060641028575887, 33.416975021682994 ], [ -116.060641027998187, 33.416076705947823 ], [ -116.061449511378655, 33.415268222053555 ], [ -116.061449511621902, 33.414639401030037 ], [ -116.061180016868335, 33.41463940143629 ], [ -116.061808837631773, 33.414369906472935 ], [ -116.062078332576519, 33.414729232169115 ], [ -116.062347826815497, 33.415807210850474 ], [ -116.062347827406725, 33.416436031957119 ], [ -116.062078332391451, 33.416436031593733 ], [ -116.06207833295332, 33.417603843125548 ], [ -116.061449510529116, 33.417603843175478 ], [ -116.061449511456587, 33.417244518127703 ], [ -116.061180016706885, 33.416975024018015 ], [ -116.060641028575887, 33.416975021682994 ] ] ] } },
{ "type": "Feature", "properties": { "csb_id": "061825010176832", "acres": 7.0147704093980598, "geoid": "06025" }, "geometry": { "type": "Polygon", "coordinates": [ [ [ -116.059473218211679, 33.416975021562223 ], [ -116.059293554596863, 33.416705526361604 ], [ -116.059473218329444, 33.416705525879905 ], [ -116.06001220671412, 33.414908895949807 ], [ -116.060281701854706, 33.414639401435018 ], [ -116.061449511621902, 33.414639401030037 ], [ -116.061449511378655, 33.415268222053555 ], [ -116.060641027998187, 33.416076705947823 ], [ -116.060641027260942, 33.416705527376685 ], [ -116.060012207712589, 33.416705528565515 ], [ -116.060012206871932, 33.41697502287181 ], [ -116.059473218211679, 33.416975021562223 ] ] ] } },
{ "type": "Feature", "properties": { "csb_id": "061825010176833", "acres": 15.1611222363317, "geoid": "06025" }, "geometry": { "type": "Polygon", "coordinates": [ [ [ -116.065851256523203, 33.415807210829286 ], [ -116.065851256248877, 33.415537716388528 ], [ -116.064683446820766, 33.415537716071313 ], [ -116.064503783483815, 33.414998727380315 ], [ -116.063785130933823, 33.414369906680406 ], [ -116.063785131164536, 33.414100411939948 ], [ -116.065312267234447, 33.414100412261242 ], [ -116.065312267290935, 33.41374108611349 ], [ -116.06710889773413, 33.4137410855353 ], [ -116.067917381716825, 33.414459738462391 ], [ -116.067917381503577, 33.414908895347956 ], [ -116.067558055218043, 33.414908895299234 ], [ -116.06728856107658, 33.415807211251462 ], [ -116.065851256523203, 33.415807210829286 ] ] ] } },
{ "type": "Feature", "properties": { "csb_id": "061825010176835", "acres": 16.7246332154761, "geoid": "06025" }, "geometry": { "type": "Polygon", "coordinates": [ [ [ -116.058844397193312, 33.416705527368542 ], [ -116.058844397479305, 33.412303781522127 ], [ -116.058934228663574, 33.412573275626087 ], [ -116.060012207548041, 33.412573276209123 ], [ -116.060012207478422, 33.412393612643562 ], [ -116.05983254445178, 33.412393612842337 ], [ -116.059832544018207, 33.412124118033418 ], [ -116.060281702086399, 33.412124118479404 ], [ -116.060281701428735, 33.412932602846695 ], [ -116.061269848250362, 33.413741086200709 ], [ -116.06162917492739, 33.414369906792295 ], [ -116.061180016868335, 33.41463940143629 ], [ -116.060281701854706, 33.414639401435018 ], [ -116.06001220671412, 33.414908895949807 ], [ -116.059473218329444, 33.416705525879905 ], [ -116.058844397193312, 33.416705527368542 ] ] ] } },
{ "type": "Feature", "properties": { "csb_id": "061825013404143", "acres": 2.9361247025240398, "geoid": "06025" }, "geometry": { "type": "Polygon", "coordinates": [ [ [ -115.320880930005259, 32.958339695874351 ], [ -115.320162276290816, 32.958339695828002 ], [ -115.320162277382366, 32.957531211797516 ], [ -115.321779244959217, 32.957531212415113 ], [ -115.321779245037376, 32.957890538515258 ], [ -115.321599581825168, 32.958070201562414 ], [ -115.320880930005259, 32.958339695874351 ] ] ] } },
{ "type": "Feature", "properties": { "csb_id": "061825013404147", "acres": 2.5019091445288502, "geoid": "06025" }, "geometry": { "type": "Polygon", "coordinates": [ [ [ -115.322318234152064, 32.958339695764529 ], [ -115.322048740387586, 32.958160032761654 ], [ -115.322048740310294, 32.957890538619772 ], [ -115.321779245037376, 32.957890538515258 ], [ -115.321779244959217, 32.957531212415113 ], [ -115.323486044193089, 32.957531212388389 ], [ -115.323486044434247, 32.958070201608898 ], [ -115.32330638124067, 32.957890538034604 ], [ -115.322767391716354, 32.95789053837818 ], [ -115.322767392417987, 32.95807020162534 ], [ -115.32294705557689, 32.958070201561405 ], [ -115.322947055551523, 32.958339696171805 ], [ -115.322318234152064, 32.958339695764529 ] ] ] } },
{ "type": "Feature", "properties": { "csb_id": "061825013404442", "acres": 2.9676044191768001, "geoid": "06025" }, "geometry": { "type": "Polygon", "coordinates": [ [ [ -115.377834118827053, 32.944415809189501 ], [ -115.377834118944989, 32.943786987947561 ], [ -115.377564624925625, 32.943786988537461 ], [ -115.377564623874633, 32.943517493619467 ], [ -115.377834119301724, 32.943517493544221 ], [ -115.37783411915845, 32.942619178593638 ], [ -115.378103613851991, 32.942619178396519 ], [ -115.378103613892961, 32.943517493891534 ], [ -115.378373107855353, 32.943786988368608 ], [ -115.378732434788589, 32.943786988284067 ], [ -115.378732434193935, 32.943517493517781 ], [ -115.379181592293719, 32.943517493485317 ], [ -115.379181591473696, 32.943966651507843 ], [ -115.378283276720552, 32.944415809031007 ], [ -115.377834118827053, 32.944415809189501 ] ] ] } },
{ "type": "Feature", "properties": { "csb_id": "061825013404903", "acres": 3.0511891304409899, "geoid": "06025" }, "geometry": { "type": "Polygon", "coordinates": [ [ [ -115.440446694466033, 32.91854432888001 ], [ -115.438919558724862, 32.918544328512866 ], [ -115.438919557967552, 32.917735845281143 ], [ -115.439907704661167, 32.917735845187529 ], [ -115.440536525438063, 32.918005340100535 ], [ -115.440446694466033, 32.91854432888001 ] ] ] } },
{ "type": "Feature", "properties": { "csb_id": "061825013405014", "acres": 4.1167006672492104, "geoid": "06025" }, "geometry": { "type": "Polygon", "coordinates": [ [ [ -115.365796694325084, 32.915040899207995 ], [ -115.36516787364738, 32.914951067604008 ], [ -115.365167873646257, 32.914232415201255 ], [ -115.365527200084415, 32.914232415390963 ], [ -115.365527199871835, 32.913603594572429 ], [ -115.365078042494574, 32.913603594657125 ], [ -115.365078042065988, 32.913244268865832 ], [ -115.366335683656786, 32.913513763215548 ], [ -115.366425514752379, 32.914771404297532 ], [ -115.365796694608832, 32.914771404499284 ], [ -115.365796694325084, 32.915040899207995 ] ] ] } },
{ "type": "Feature", "properties": { "csb_id": "061825013405031", "acres": 3.76688999720094, "geoid": "06025" }, "geometry": { "type": "Polygon", "coordinates": [ [ [ -115.363640737013725, 32.914142583830277 ], [ -115.363461074123023, 32.912705279731739 ], [ -115.363910232471895, 32.912705279479233 ], [ -115.363910232087434, 32.912974773960855 ], [ -115.36480854788195, 32.912974774322151 ], [ -115.364847672905071, 32.91329497453448 ], [ -115.364359389313393, 32.914412078502096 ], [ -115.363910231815808, 32.914412078709887 ], [ -115.363640737013725, 32.914142583830277 ] ], [ [ -115.364089894799122, 32.913064605730938 ], [ -115.363730569264575, 32.913064605430591 ], [ -115.363730569539626, 32.913334100458705 ], [ -115.364089895026169, 32.913334100062805 ], [ -115.364089894799122, 32.913064605730938 ] ] ] } },
{ "type": "Feature", "properties": { "csb_id": "061825013405052", "acres": 4.1248548681574704, "geoid": "06025" }, "geometry": { "type": "Polygon", "coordinates": [ [ [ -115.365527199672044, 32.911267975208631 ], [ -115.365796694589605, 32.911267974685735 ], [ -115.366156020204329, 32.911806964183931 ], [ -115.366156020048862, 32.913064605948058 ], [ -115.36579669404405, 32.913064605831835 ], [ -115.365796694567493, 32.912705279015576 ], [ -115.365257704863737, 32.912705279547602 ], [ -115.365257704622906, 32.913244268971653 ], [ -115.365078042065988, 32.913244268865832 ], [ -115.364898378512649, 32.91153747010182 ], [ -115.365257705578543, 32.911537469841903 ], [ -115.365257705551457, 32.91189679588549 ], [ -115.365527199231593, 32.911896795665811 ], [ -115.365527199672044, 32.911267975208631 ] ], [ [ -115.365257705322193, 32.912166290551852 ], [ -115.365257705092972, 32.912435785105878 ], [ -115.365527199554251, 32.912435785067565 ], [ -115.365527199919612, 32.912166290332202 ], [ -115.365257705322193, 32.912166290551852 ] ] ] } },
{ "type": "Feature", "properties": { "csb_id": "061825013405058", "acres": 3.6570688582678499, "geoid": "06025" }, "geometry": { "type": "Polygon", "coordinates": [ [ [ -115.363910232087434, 32.912974773960855 ], [ -115.364089895250146, 32.912435784712642 ], [ -115.363730569409256, 32.912435784956251 ], [ -115.363461074378264, 32.911896795641958 ], [ -115.363461074967631, 32.911537469990186 ], [ -115.364089895673018, 32.910998480473317 ], [ -115.364359390073716, 32.910998480532285 ], [ -115.36435939020275, 32.912705279394594 ], [ -115.364628884092653, 32.912705279904849 ], [ -115.364718715291744, 32.91216629013995 ], [ -115.36480854788195, 32.912974774322151 ], [ -115.363910232087434, 32.912974773960855 ] ] ] } },
{ "type": "Feature", "properties": { "csb_id": "061825013405143", "acres": 7.2306668773982699, "geoid": "06025" }, "geometry": { "type": "Polygon", "coordinates": [ [ [ -115.428139775546626, 32.907674714165715 ], [ -115.427510954738651, 32.907045893321865 ], [ -115.427510954784708, 32.906596735751862 ], [ -115.427780448273737, 32.906596735447494 ], [ -115.427780448357694, 32.906327241136545 ], [ -115.429666911441942, 32.906506904152025 ], [ -115.429666911079195, 32.906327240598472 ], [ -115.430295731978006, 32.906327240808359 ], [ -115.430295731442882, 32.90650690384831 ], [ -115.430116068579935, 32.906506903636114 ], [ -115.430116068076231, 32.907045892969755 ], [ -115.429577079950974, 32.907405219378965 ], [ -115.429127921603069, 32.907674713570373 ], [ -115.428139775546626, 32.907674714165715 ] ] ] } },
{ "type": "Feature", "properties": { "csb_id": "061825013405845", "acres": 4.7083471140417803, "geoid": "06025" }, "geometry": { "type": "Polygon", "coordinates": [ [ [ -115.472965707035257, 32.875155700415995 ], [ -115.47179789628845, 32.875245532663889 ], [ -115.471797897910989, 32.874257384860961 ], [ -115.472606381231486, 32.873987890843416 ], [ -115.473325033948342, 32.873987890367175 ], [ -115.473774190846129, 32.874257385666255 ], [ -115.473055538936407, 32.874886205640998 ], [ -115.472965707035257, 32.875155700415995 ] ] ] } },
{ "type": "Feature", "properties": { "csb_id": "061825013406412", "acres": 4.0367043453204401, "geoid": "06025" }, "geometry": { "type": "Polygon", "coordinates": [ [ [ -115.428948259161174, 32.852877481756643 ], [ -115.42930758475363, 32.852248661177626 ], [ -115.431014383634135, 32.852338492895072 ], [ -115.431014383394654, 32.852607987046028 ], [ -115.430744888160589, 32.852607986769186 ], [ -115.430744889442352, 32.853146975940099 ], [ -115.429307584992728, 32.853146975750889 ], [ -115.428948259161174, 32.852877481756643 ] ] ] } },
{ "type": "Feature", "properties": { "csb_id": "061825013406413", "acres": 2.4427257736708401, "geoid": "06025" }, "geometry": { "type": "Polygon", "coordinates": [ [ [ -115.427331290709617, 32.853146976327274 ], [ -115.427241459281873, 32.852697818269661 ], [ -115.427061796619924, 32.85260798725659 ], [ -115.426343144502638, 32.852607986708144 ], [ -115.426343144783345, 32.852248661155855 ], [ -115.427241458224657, 32.852248660723973 ], [ -115.427241459281916, 32.851979166668137 ], [ -115.427780449169433, 32.851799503488195 ], [ -115.42778044849905, 32.852877481816172 ], [ -115.427600785211652, 32.852877481345239 ], [ -115.427600785594592, 32.853146975900565 ], [ -115.427331290709617, 32.853146976327274 ] ] ] } },
{ "type": "Feature", "properties": { "csb_id": "061825013406429", "acres": 2.7325548955033598, "geoid": "06025" }, "geometry": { "type": "Polygon", "coordinates": [ [ [ -115.428948257834321, 32.852248660743541 ], [ -115.427780447840334, 32.852068997983494 ], [ -115.427780449169433, 32.851799503488195 ], [ -115.430116069091724, 32.851709673163207 ], [ -115.430116069172755, 32.8519791679105 ], [ -115.42966691101455, 32.851979166208835 ], [ -115.42966691062054, 32.852248660660713 ], [ -115.42930758475363, 32.852248661177626 ], [ -115.428948258657371, 32.852697818171592 ], [ -115.428948257834321, 32.852248660743541 ] ] ] } },
{ "type": "Feature", "properties": { "csb_id": "061825013406556", "acres": 4.3682153563465498, "geoid": "06025" }, "geometry": { "type": "Polygon", "coordinates": [ [ [ -115.439278884624329, 32.846768937668884 ], [ -115.437931410946703, 32.846858768969192 ], [ -115.437931411563909, 32.847038432203753 ], [ -115.437212758997788, 32.84703843212629 ], [ -115.437751748432163, 32.846409611854135 ], [ -115.438650064109652, 32.846409611258117 ], [ -115.43865006411535, 32.846140116453853 ], [ -115.439368716301615, 32.845870622683343 ], [ -115.439817874083104, 32.845870622328228 ], [ -115.439817873629096, 32.84703843251372 ], [ -115.439278884652325, 32.847038432572312 ], [ -115.439278884624329, 32.846768937668884 ] ] ] } },
{ "type": "Feature", "properties": { "csb_id": "061825013406995", "acres": 3.0232968657820698, "geoid": "06025" }, "geometry": { "type": "Polygon", "coordinates": [ [ [ -115.38277485339971, 32.824760212810922 ], [ -115.382774853294251, 32.823951729571206 ], [ -115.384122326014094, 32.823951729631041 ], [ -115.384122325764309, 32.824490718681972 ], [ -115.384301989421999, 32.824850044456845 ], [ -115.38277485339971, 32.824760212810922 ] ] ] } },
{ "type": "Feature", "properties": { "csb_id": "061825013407047", "acres": 32.241827547799303, "geoid": "06025" }, "geometry": { "type": "Polygon", "coordinates": [ [ [ -115.399393684425405, 32.825299202188901 ], [ -115.398944528337353, 32.825119538833007 ], [ -115.398944527748284, 32.823951729676715 ], [ -115.398675033768285, 32.823412740509696 ], [ -115.398675033787086, 32.823053413846402 ], [ -115.398225876112562, 32.822783919744161 ], [ -115.398225876062952, 32.822424593089693 ], [ -115.400830989690419, 32.822424593781115 ], [ -115.400830990202522, 32.822694088178942 ], [ -115.401459811384626, 32.822694087914421 ], [ -115.401729305741895, 32.822155099548958 ], [ -115.403166610337806, 32.822155099686384 ], [ -115.403166609536456, 32.82269408799273 ], [ -115.402627620634433, 32.822694087890525 ], [ -115.402627620565895, 32.824131392784459 ], [ -115.401998800571377, 32.824131392744576 ], [ -115.401998800234722, 32.824490718711061 ], [ -115.402627620757315, 32.82449071823666 ], [ -115.402897115767971, 32.825658528280748 ], [ -115.399483516628962, 32.825658528752356 ], [ -115.399393684425405, 32.825299202188901 ] ] ] } },
{ "type": "Feature", "properties": { "csb_id": "061825013407146", "acres": 2.8370812693119398, "geoid": "06025" }, "geometry": { "type": "Polygon", "coordinates": [ [ [ -115.395980087480424, 32.819729647817844 ], [ -115.395710592652279, 32.819819478877683 ], [ -115.395710593245312, 32.820088974103484 ], [ -115.39499194065364, 32.820088974194384 ], [ -115.394991941075617, 32.819190658238782 ], [ -115.395261435686692, 32.818921164041811 ], [ -115.395620761750607, 32.818921164212043 ], [ -115.395890256266171, 32.819460152597813 ], [ -115.3964292454977, 32.819549984330251 ], [ -115.396429245873691, 32.820088974048772 ], [ -115.396249582498839, 32.820088973609792 ], [ -115.395980087480424, 32.819729647817844 ] ] ] } },
{ "type": "Feature", "properties": { "csb_id": "061825013407237", "acres": 2.9925129353489099, "geoid": "06025" }, "geometry": { "type": "Polygon", "coordinates": [ [ [ -115.388254576305627, 32.815956723994098 ], [ -115.3879850817587, 32.815956724530636 ], [ -115.387985081776463, 32.816226218787499 ], [ -115.387715587622338, 32.816316049192224 ], [ -115.387086766859554, 32.816316049977615 ], [ -115.387086766183387, 32.815777060759999 ], [ -115.388074913958363, 32.815417735032078 ], [ -115.388524070744452, 32.815417735174655 ], [ -115.38888339648777, 32.816046554690402 ], [ -115.388883397454819, 32.816316049272388 ], [ -115.38825457622049, 32.816316050179189 ], [ -115.388254576305627, 32.815956723994098 ] ] ] } },
{ "type": "Feature", "properties": { "csb_id": "061825013407246", "acres": 3.9348171696515499, "geoid": "06025" }, "geometry": { "type": "Polygon", "coordinates": [ [ [ -115.410622627508744, 32.815687229331381 ], [ -115.410622627452867, 32.815417735293089 ], [ -115.411431111134306, 32.815417734889543 ], [ -115.411431109427113, 32.815058408671504 ], [ -115.41170060368546, 32.815058408018231 ], [ -115.411970100055512, 32.814788913087263 ], [ -115.412329425939646, 32.81478891317856 ], [ -115.412329426537084, 32.815058408392098 ], [ -115.41259892039723, 32.815058408428236 ], [ -115.412598921110742, 32.815687229110928 ], [ -115.412329425492743, 32.815956723030368 ], [ -115.410981953225914, 32.815956723058896 ], [ -115.410622627508744, 32.815687229331381 ] ] ] } },
{ "type": "Feature", "properties": { "csb_id": "061825013407292", "acres": 7.8075866297147396, "geoid": "06025" }, "geometry": { "type": "Polygon", "coordinates": [ [ [ -115.410532795904331, 32.815417734378386 ], [ -115.409724311976618, 32.815058407848632 ], [ -115.409634480148029, 32.814788913525774 ], [ -115.409903974301443, 32.813980430045739 ], [ -115.409903974538153, 32.813351609375701 ], [ -115.410263301016769, 32.813351609264551 ], [ -115.410353132302319, 32.813621103881836 ], [ -115.410802289733155, 32.813621104004412 ], [ -115.411071784896535, 32.813890598910696 ], [ -115.411700604978492, 32.813890597972723 ], [ -115.41170060368546, 32.815058408018231 ], [ -115.411431109427113, 32.815058408671504 ], [ -115.411251447858646, 32.814878745118428 ], [ -115.41107178410607, 32.81541773441559 ], [ -115.410532795904331, 32.815417734378386 ] ] ] } },
{ "type": "Feature", "properties": { "csb_id": "061825013407307", "acres": 3.3342920853548099, "geoid": "06025" }, "geometry": { "type": "Polygon", "coordinates": [ [ [ -115.411700604879314, 32.814519418718263 ], [ -115.411700605338282, 32.813351608743304 ], [ -115.412329425608917, 32.813351609054386 ], [ -115.412598920440942, 32.813621104003587 ], [ -115.412958246946189, 32.813621103835025 ], [ -115.412958247135705, 32.814249925605537 ], [ -115.412329426232645, 32.814249923982636 ], [ -115.412329425939646, 32.81478891317856 ], [ -115.411970100055512, 32.814788913087263 ], [ -115.411700604879314, 32.814519418718263 ] ] ] } },
{ "type": "Feature", "properties": { "csb_id": "061825013407312", "acres": 3.3239510637794401, "geoid": "06025" }, "geometry": { "type": "Polygon", "coordinates": [ [ [ -115.387985081924512, 32.814249924568216 ], [ -115.387985081906805, 32.81398042947469 ], [ -115.387715587547447, 32.813980429585449 ], [ -115.387805418957626, 32.813082113995847 ], [ -115.388703733456254, 32.813082114484011 ], [ -115.388883397192387, 32.813351609041952 ], [ -115.388883397115038, 32.81398043018023 ], [ -115.388703734117783, 32.814249923919817 ], [ -115.387985081924512, 32.814249924568216 ] ] ] } },
{ "type": "Feature", "properties": { "csb_id": "061825013407329", "acres": 2.7337312533580498, "geoid": "06025" }, "geometry": { "type": "Polygon", "coordinates": [ [ [ -115.412598920440942, 32.813621104003587 ], [ -115.412329425608917, 32.813351609054386 ], [ -115.412329425364675, 32.812722788183024 ], [ -115.413137909901565, 32.812722788158467 ], [ -115.413137909655262, 32.812992283037055 ], [ -115.413766730369119, 32.813082114791762 ], [ -115.413766730777326, 32.813621103798276 ], [ -115.412598920440942, 32.813621104003587 ] ] ] } },
{ "type": "Feature", "properties": { "csb_id": "061825013407330", "acres": 4.5976409461726302, "geoid": "06025" }, "geometry": { "type": "Polygon", "coordinates": [ [ [ -115.410802289733155, 32.813621104004412 ], [ -115.410353132302319, 32.813621103881836 ], [ -115.410263301130286, 32.813082114419075 ], [ -115.409634480546259, 32.81299228320821 ], [ -115.409634479641227, 32.812722788755948 ], [ -115.409903975275611, 32.812453294032018 ], [ -115.410263300839063, 32.812453293375448 ], [ -115.411071783567152, 32.812453294124474 ], [ -115.411700603769432, 32.812722788962787 ], [ -115.411700605338282, 32.813351608743304 ], [ -115.411251446210358, 32.813441441140867 ], [ -115.411071783314057, 32.813621104111689 ], [ -115.411071784896535, 32.813890598910696 ], [ -115.410802289733155, 32.813621104004412 ] ], [ [ -115.410532794430083, 32.812543125222874 ], [ -115.410353131752871, 32.812543125149411 ], [ -115.410353132158789, 32.812722788191408 ], [ -115.410532794191127, 32.812722788446735 ], [ -115.410532794430083, 32.812543125222874 ] ] ] } },
{ "type": "Feature", "properties": { "csb_id": "061825013407801", "acres": 3.3968851312586898, "geoid": "06025" }, "geometry": { "type": "Polygon", "coordinates": [ [ [ -115.418527801299092, 32.802032836493368 ], [ -115.417270160662554, 32.801943006403761 ], [ -115.417270160791475, 32.801583680494666 ], [ -115.417539655070001, 32.801404017405375 ], [ -115.417539654940242, 32.801134523331257 ], [ -115.418258307679096, 32.801044691810304 ], [ -115.41825830738459, 32.801404016996464 ], [ -115.418527801446061, 32.801583679053664 ], [ -115.419156622029291, 32.801583678572804 ], [ -115.419156622654455, 32.802302331160512 ], [ -115.418887127780124, 32.802302331427981 ], [ -115.418527801299092, 32.802032836493368 ] ] ] } },
{ "type": "Feature", "properties": { "csb_id": "061825013407832", "acres": 2.3094812341594899, "geoid": "06025" }, "geometry": { "type": "Polygon", "coordinates": [ [ [ -115.418527801446061, 32.801583679053664 ], [ -115.41825830738459, 32.801404016996464 ], [ -115.418258307319803, 32.800685363787899 ], [ -115.419426116746877, 32.800775195204004 ], [ -115.419426116758885, 32.801044689644215 ], [ -115.419156621988023, 32.801134521147567 ], [ -115.419156622029291, 32.801583678572804 ], [ -115.418527801446061, 32.801583679053664 ] ] ] } },
{ "type": "Feature", "properties": { "csb_id": "061825013413545", "acres": 2.7211198444808899, "geoid": "06025" }, "geometry": { "type": "Polygon", "coordinates": [ [ [ -115.412046048716704, 32.705743175180828 ], [ -115.411520941063415, 32.705194449419061 ], [ -115.411431109349991, 32.704385965269068 ], [ -115.412329423548684, 32.704385965731547 ], [ -115.412329426694541, 32.705014786973301 ], [ -115.412688752372489, 32.705014786945966 ], [ -115.412688752547083, 32.705194449523177 ], [ -115.41232942500568, 32.705194449732367 ], [ -115.412329424782484, 32.705823269829246 ], [ -115.412046048716704, 32.705743175180828 ] ] ] } },
{ "type": "Feature", "properties": { "csb_id": "061825013413653", "acres": 4.6019147269474399, "geoid": "06025" }, "geometry": { "type": "Polygon", "coordinates": [ [ [ -115.410622626700942, 32.70402663931992 ], [ -115.40972431210038, 32.703128324046787 ], [ -115.409903975292636, 32.702948661260692 ], [ -115.410802290218598, 32.702858829525191 ], [ -115.410802289457536, 32.702319840052716 ], [ -115.411520941817045, 32.702319840455765 ], [ -115.411520942134572, 32.702679166197449 ], [ -115.411700605358305, 32.702679166163868 ], [ -115.411700605398309, 32.702858829048239 ], [ -115.411431110478233, 32.702858828901213 ], [ -115.411071784465392, 32.704026639044599 ], [ -115.410622626700942, 32.70402663931992 ] ], [ [ -115.411251447431837, 32.703218155514847 ], [ -115.411071784205276, 32.703128323363792 ], [ -115.411071784256805, 32.703218155534792 ], [ -115.411251447431837, 32.703218155514847 ] ] ] } },
{ "type": "Feature", "properties": { "csb_id": "061825013413742", "acres": 3.5561125895845298, "geoid": "06025" }, "geometry": { "type": "Polygon", "coordinates": [ [ [ -115.411790436559372, 32.703218156567281 ], [ -115.411700605358305, 32.702679166163868 ], [ -115.412149763110023, 32.702679165806963 ], [ -115.412149763304896, 32.701960513903863 ], [ -115.413497236034189, 32.701960513901483 ], [ -115.413497236042787, 32.702679166049357 ], [ -115.41313790934008, 32.702679166060641 ], [ -115.411790436559372, 32.703218156567281 ] ] ] } },
{ "type": "Feature", "properties": { "csb_id": "061825013413951", "acres": 3.9294672166244999, "geoid": "06025" }, "geometry": { "type": "Polygon", "coordinates": [ [ [ -115.447453553869678, 32.700613041266692 ], [ -115.447453553094036, 32.699984220098862 ], [ -115.446375574479973, 32.699984220589322 ], [ -115.446375574669247, 32.699355399186423 ], [ -115.446555238433092, 32.699085905065331 ], [ -115.447723047754451, 32.699175736365376 ], [ -115.447902711414457, 32.6993553997223 ], [ -115.447902710966304, 32.700523209075506 ], [ -115.447453553869678, 32.700613041266692 ] ] ] } },
{ "type": "Feature", "properties": { "csb_id": "061825013413997", "acres": 4.0020977120607499, "geoid": "06025" }, "geometry": { "type": "Polygon", "coordinates": [ [ [ -115.446285743918423, 32.698457085117873 ], [ -115.446824732621465, 32.698457083967433 ], [ -115.446824732727819, 32.697918094881459 ], [ -115.447902710903477, 32.697918095416455 ], [ -115.447723047754451, 32.699175736365376 ], [ -115.446375575087245, 32.69908590483216 ], [ -115.446285743918423, 32.698457085117873 ] ] ] } },
{ "type": "Feature", "properties": { "csb_id": "061825013600960", "acres": 4.0883228261745197, "geoid": "06025" }, "geometry": { "type": "Polygon", "coordinates": [ [ [ -115.619967517506126, 33.309055899098546 ], [ -115.619967516065714, 33.308786405423199 ], [ -115.619698021968134, 33.308786405025167 ], [ -115.619698021522055, 33.308157584688217 ], [ -115.620506506043498, 33.307618595009068 ], [ -115.620865832206405, 33.307618594870362 ], [ -115.620955663962164, 33.307888089132625 ], [ -115.620955663494513, 33.308157584076312 ], [ -115.620506505207572, 33.308157584450804 ], [ -115.620506506598645, 33.308786404829085 ], [ -115.620955664018894, 33.308786404312428 ], [ -115.621135327194338, 33.308516910317394 ], [ -115.621674316375618, 33.30851691055566 ], [ -115.621674316029981, 33.308786404744708 ], [ -115.621404821057581, 33.309055899627339 ], [ -115.619967517506126, 33.309055899098546 ] ] ] } },
{ "type": "Feature", "properties": { "csb_id": "061825013601878", "acres": 3.3808698350905, "geoid": "06025" }, "geometry": { "type": "Polygon", "coordinates": [ [ [ -115.560948202596776, 33.226860051130025 ], [ -115.560858371605448, 33.226141398673398 ], [ -115.562026181325663, 33.226141398494569 ], [ -115.562026180718419, 33.225871903722151 ], [ -115.562924496401379, 33.226141398649425 ], [ -115.562924496687828, 33.226410892987666 ], [ -115.562295675698465, 33.226410893413572 ], [ -115.56229567547534, 33.226770219250383 ], [ -115.562116013229129, 33.226860050806422 ], [ -115.560948202596776, 33.226860051130025 ] ] ] } },
{ "type": "Feature", "properties": { "csb_id": "061825013602629", "acres": 3.3516307207489699, "geoid": "06025" }, "geometry": { "type": "Polygon", "coordinates": [ [ [ -115.433836590295456, 33.182034119028138 ], [ -115.433567095297661, 33.181764624087528 ], [ -115.43356709550028, 33.181225634357268 ], [ -115.435094231278427, 33.18113580264982 ], [ -115.435004398841443, 33.182034118366637 ], [ -115.433836590295456, 33.182034119028138 ] ] ] } },
{ "type": "Feature", "properties": { "csb_id": "061825013602781", "acres": 4.1872350101285001, "geoid": "06025" }, "geometry": { "type": "Polygon", "coordinates": [ [ [ -115.44120277584878, 33.176195069032282 ], [ -115.439406144696903, 33.176284900831988 ], [ -115.439406144667387, 33.175835742721979 ], [ -115.439675639024415, 33.175835742621381 ], [ -115.439675639655633, 33.175296753709937 ], [ -115.440394292318246, 33.175296753584512 ], [ -115.440394291226681, 33.17493742710132 ], [ -115.441023112970598, 33.174937427486448 ], [ -115.440843449246373, 33.175835743162999 ], [ -115.441202775520466, 33.175835743176229 ], [ -115.44120277584878, 33.176195069032282 ] ] ] } },
{ "type": "Feature", "properties": { "csb_id": "061825013602847", "acres": 26.7326475977355, "geoid": "06025" }, "geometry": { "type": "Polygon", "coordinates": [ [ [ -115.439406144696903, 33.176284900831988 ], [ -115.437429851173505, 33.176284900341287 ], [ -115.437340019464756, 33.175566247898963 ], [ -115.436621366691185, 33.175296753630263 ], [ -115.43662136733434, 33.174937427063043 ], [ -115.436441704826834, 33.174937427570789 ], [ -115.436441704487024, 33.174398438254855 ], [ -115.43617221023456, 33.174398437974503 ], [ -115.436172209954719, 33.173589954087355 ], [ -115.436262041981465, 33.173859449098401 ], [ -115.436621367808044, 33.173859449209431 ], [ -115.437070525681278, 33.173230628169549 ], [ -115.437609514081529, 33.173230628914837 ], [ -115.437609515005903, 33.172961134126353 ], [ -115.439406145177145, 33.173050967362997 ], [ -115.43949597688389, 33.1726916399533 ], [ -115.440124797194329, 33.172691640606764 ], [ -115.440124797027664, 33.172961135022319 ], [ -115.439675639831705, 33.172961136052372 ], [ -115.4396756395995, 33.173500124014794 ], [ -115.440573954331299, 33.173589954475418 ], [ -115.440573955276435, 33.174218775076042 ], [ -115.440304460502418, 33.17421877556972 ], [ -115.440394292318246, 33.175296753584512 ], [ -115.438507828419958, 33.175296753783471 ], [ -115.43850782950777, 33.175566247821706 ], [ -115.439406144737418, 33.175566248063411 ], [ -115.439406144696903, 33.176284900831988 ] ] ] } },
{ "type": "Feature", "properties": { "csb_id": "061825013602873", "acres": 3.4860594159562401, "geoid": "06025" }, "geometry": { "type": "Polygon", "coordinates": [ [ [ -115.425302595716161, 33.173050966060813 ], [ -115.425302595172582, 33.172062818701164 ], [ -115.425572090097901, 33.171703492459592 ], [ -115.42620091076013, 33.171703492242948 ], [ -115.426200910246877, 33.171433998312054 ], [ -115.426739899680072, 33.171433997623694 ], [ -115.426470405302851, 33.172422144543454 ], [ -115.425841583646402, 33.172601807408213 ], [ -115.425841584261903, 33.172961133868711 ], [ -115.425302595716161, 33.173050966060813 ] ] ] } },
{ "type": "Feature", "properties": { "csb_id": "061825013602900", "acres": 21.0607265805358, "geoid": "06025" }, "geometry": { "type": "Polygon", "coordinates": [ [ [ -115.436262041981465, 33.173859449098401 ], [ -115.436172209954719, 33.173589954087355 ], [ -115.435273894389667, 33.17350012302996 ], [ -115.435273894620522, 33.173230628927435 ], [ -115.433926421721424, 33.173500122720874 ], [ -115.433836590172533, 33.173769618912203 ], [ -115.433567095994078, 33.173769617431006 ], [ -115.43356709583648, 33.17323062870318 ], [ -115.433836588792019, 33.173230628248227 ], [ -115.433836590810415, 33.173050965696 ], [ -115.432758611837514, 33.17296113353941 ], [ -115.432938274700064, 33.172332312797685 ], [ -115.433836590535392, 33.171433997344877 ], [ -115.433836590298071, 33.170984840588694 ], [ -115.433207766960862, 33.170984840279772 ], [ -115.433207767863792, 33.170266188698619 ], [ -115.433567093254979, 33.169996693983997 ], [ -115.433836588500213, 33.169996693977488 ], [ -115.433836588642606, 33.170266188461724 ], [ -115.434106083751814, 33.170266188002714 ], [ -115.434375578950508, 33.170535682526868 ], [ -115.434375579482065, 33.170895008558681 ], [ -115.435363726608998, 33.171793323567179 ], [ -115.435723052672259, 33.172422144274705 ], [ -115.43599254651329, 33.172422144520723 ], [ -115.435992546621577, 33.172152650501104 ], [ -115.437160356592486, 33.172152649990721 ], [ -115.437609513699812, 33.172601807706521 ], [ -115.437609514081529, 33.173230628914837 ], [ -115.437070525681278, 33.173230628169549 ], [ -115.436801030456138, 33.17350012335519 ], [ -115.436801029939801, 33.173769617382696 ], [ -115.436262041981465, 33.173859449098401 ] ], [ [ -115.436890862459379, 33.172601808057088 ], [ -115.436801031026434, 33.17242214459705 ], [ -115.436801030256945, 33.172601807349174 ], [ -115.436890862459379, 33.172601808057088 ] ] ] } },
{ "type": "Feature", "properties": { "csb_id": "061825013602903", "acres": 3.06322313560494, "geoid": "06025" }, "geometry": { "type": "Polygon", "coordinates": [ [ [ -115.425033100137782, 33.171703492912663 ], [ -115.425033100179917, 33.170895008925072 ], [ -115.426470405046601, 33.170895008677704 ], [ -115.426739899438886, 33.171164503221448 ], [ -115.426739899680072, 33.171433997623694 ], [ -115.426200910246877, 33.171433998312054 ], [ -115.42620091076013, 33.171703492242948 ], [ -115.425033100137782, 33.171703492912663 ] ] ] } },
{ "type": "Feature", "properties": { "csb_id": "061825013602904", "acres": 6.3017935082603396, "geoid": "06025" }, "geometry": { "type": "Polygon", "coordinates": [ [ [ -115.423326301181419, 33.171433997945151 ], [ -115.423505962335511, 33.170895008815009 ], [ -115.423955119722393, 33.170895008786182 ], [ -115.423955121958969, 33.170266188133311 ], [ -115.425033099326413, 33.170266188240234 ], [ -115.425033100137782, 33.171703492912663 ], [ -115.425572090097901, 33.171703492459592 ], [ -115.425302595172582, 33.172062818701164 ], [ -115.423955122446145, 33.172062818707374 ], [ -115.423865291087282, 33.171703492377468 ], [ -115.423326301181419, 33.171433997945151 ] ] ] } },
{ "type": "Feature", "properties": { "csb_id": "061825013602953", "acres": 6.6009812239076098, "geoid": "06025" }, "geometry": { "type": "Polygon", "coordinates": [ [ [ -115.425033100179917, 33.170895008925072 ], [ -115.425033099326413, 33.170266188240234 ], [ -115.425302594898824, 33.170266188298854 ], [ -115.425572088457685, 33.16972719951481 ], [ -115.425572088670194, 33.169367874145777 ], [ -115.42763821550173, 33.169367873674922 ], [ -115.427458551946629, 33.169727198408602 ], [ -115.427099225717498, 33.169727198463498 ], [ -115.426739899133196, 33.170266188294363 ], [ -115.426739899197699, 33.170895008711661 ], [ -115.425033100179917, 33.170895008925072 ] ] ] } },
{ "type": "Feature", "properties": { "csb_id": "061825013602989", "acres": 3.8677781786790599, "geoid": "06025" }, "geometry": { "type": "Polygon", "coordinates": [ [ [ -115.42368562750714, 33.169996693424835 ], [ -115.423865290232143, 33.169367872597256 ], [ -115.425572090092487, 33.169457704794638 ], [ -115.425302594898824, 33.170266188298854 ], [ -115.423955121958969, 33.170266188133311 ], [ -115.42368562750714, 33.169996693424835 ] ] ] } },
{ "type": "Feature", "properties": { "csb_id": "061825013603216", "acres": 3.1770673191611301, "geoid": "06025" }, "geometry": { "type": "Polygon", "coordinates": [ [ [ -115.39952094434193, 33.161193203655564 ], [ -115.399161618459274, 33.160833877483626 ], [ -115.399251448417289, 33.159755900019405 ], [ -115.400329426691158, 33.159755899327706 ], [ -115.400329427234922, 33.160115225469816 ], [ -115.399970102725888, 33.160384721301178 ], [ -115.399970105203906, 33.16092370877427 ], [ -115.399790439110461, 33.161193203694481 ], [ -115.39952094434193, 33.161193203655564 ] ] ] } },
{ "type": "Feature", "properties": { "csb_id": "061825013603305", "acres": 4.6419542984283604, "geoid": "06025" }, "geometry": { "type": "Polygon", "coordinates": [ [ [ -115.410121066571591, 33.158228762815909 ], [ -115.408683762406014, 33.15831859475464 ], [ -115.408683762301408, 33.158049100206902 ], [ -115.408054939953658, 33.15804910005437 ], [ -115.408054941830628, 33.1574202792156 ], [ -115.408324436359067, 33.157420278943199 ], [ -115.408324436644008, 33.157150785094764 ], [ -115.408953256496474, 33.157150784794425 ], [ -115.408953256464969, 33.157420279883382 ], [ -115.409851572631155, 33.157420279641244 ], [ -115.410121066490603, 33.157689773659826 ], [ -115.410121066571591, 33.158228762815909 ] ] ] } },
{ "type": "Feature", "properties": { "csb_id": "061825013603341", "acres": 13.3070572438198, "geoid": "06025" }, "geometry": { "type": "Polygon", "coordinates": [ [ [ -115.399970103124659, 33.158498258360055 ], [ -115.399970102942248, 33.158228763525337 ], [ -115.399790439809394, 33.158228763479499 ], [ -115.399970103597894, 33.158049100413635 ], [ -115.399970104143179, 33.155533816958787 ], [ -115.400329429660871, 33.155264323448712 ], [ -115.400868419358389, 33.155264323073688 ], [ -115.401317577127799, 33.155623649977038 ], [ -115.401766734465014, 33.156521963746208 ], [ -115.401856566110879, 33.157420280778467 ], [ -115.401587071868178, 33.158228763014648 ], [ -115.400868419343539, 33.158498257535676 ], [ -115.399970103124659, 33.158498258360055 ] ] ] } },
{ "type": "Feature", "properties": { "csb_id": "061825013604477", "acres": 4.1171708345860702, "geoid": "06025" }, "geometry": { "type": "Polygon", "coordinates": [ [ [ -115.374996938730675, 33.1300216633988 ], [ -115.374996938660018, 33.129752169027839 ], [ -115.374727444455146, 33.129392842180827 ], [ -115.374547780852595, 33.129392842222437 ], [ -115.374547781900603, 33.129213179444342 ], [ -115.376164748820585, 33.12921317928911 ], [ -115.376164749055434, 33.128853853558759 ], [ -115.37652407511726, 33.128853853378921 ], [ -115.376524074902207, 33.129123348140872 ], [ -115.376793569949768, 33.129123347794767 ], [ -115.376793569247397, 33.129662337356244 ], [ -115.37652407574673, 33.129662338035445 ], [ -115.375895254429338, 33.130021663043266 ], [ -115.374996938730675, 33.1300216633988 ] ] ] } },
{ "type": "Feature", "properties": { "csb_id": "061825013604785", "acres": 3.8595287588555101, "geoid": "06025" }, "geometry": { "type": "Polygon", "coordinates": [ [ [ -115.375086770183415, 33.122385983697413 ], [ -115.374817275729043, 33.121757163565306 ], [ -115.375266434135625, 33.121757163664135 ], [ -115.375266433800064, 33.121487668599336 ], [ -115.376793570022159, 33.121487668976869 ], [ -115.376793569663789, 33.121846995513408 ], [ -115.376524075283143, 33.122385984014663 ], [ -115.375086770183415, 33.122385983697413 ] ] ] } },
{ "type": "Feature", "properties": { "csb_id": "061825013606201", "acres": 7.6599849493691003, "geoid": "06025" }, "geometry": { "type": "Polygon", "coordinates": [ [ [ -115.738275639793912, 33.08771101320059 ], [ -115.739443450044206, 33.08771101338759 ], [ -115.739443450450906, 33.088878823498213 ], [ -115.739173955115476, 33.088878823579584 ], [ -115.739173955673465, 33.088339834250895 ], [ -115.738545134721377, 33.088339833986026 ], [ -115.738545134313782, 33.088878823452369 ], [ -115.738814629204597, 33.088878823099733 ], [ -115.738814629381608, 33.089238148999108 ], [ -115.738006145694825, 33.089238149165929 ], [ -115.738006145809223, 33.088878822944203 ], [ -115.737377324453945, 33.088878822901108 ], [ -115.737377325118629, 33.08950764400695 ], [ -115.736838335988551, 33.089507643761294 ], [ -115.736479009919819, 33.089238149639769 ], [ -115.736479009153513, 33.088878822957831 ], [ -115.736838335395717, 33.08887882339441 ], [ -115.736838335934323, 33.088070339357088 ], [ -115.738275639628483, 33.088070339360989 ], [ -115.738275639793912, 33.08771101320059 ] ] ] } },
{ "type": "Feature", "properties": { "csb_id": "061825013606280", "acres": 2.4880291161233798, "geoid": "06025" }, "geometry": { "type": "Polygon", "coordinates": [ [ [ -115.509474737064252, 33.086183877736154 ], [ -115.509474737751489, 33.085555057002864 ], [ -115.510103558031446, 33.085555056470589 ], [ -115.510283220362254, 33.085375393504791 ], [ -115.510283221196019, 33.085105899255929 ], [ -115.510642546961805, 33.085555056248282 ], [ -115.510822208472746, 33.085555057083404 ], [ -115.510822209630973, 33.086183877523602 ], [ -115.509474737064252, 33.086183877736154 ] ] ] } },
{ "type": "Feature", "properties": { "csb_id": "061825013606313", "acres": 2.6738802442302698, "geoid": "06025" }, "geometry": { "type": "Polygon", "coordinates": [ [ [ -115.509654400713828, 33.085555056676384 ], [ -115.509654399252071, 33.085285562353747 ], [ -115.50947473562772, 33.085285561985756 ], [ -115.509474736260572, 33.084746573524775 ], [ -115.510103557710934, 33.084746572591179 ], [ -115.510103557881081, 33.08438724686647 ], [ -115.510552715463263, 33.08411775178255 ], [ -115.510642546940005, 33.083848257529468 ], [ -115.510552715702801, 33.085285562078596 ], [ -115.510283221196019, 33.085105899255929 ], [ -115.510283220362254, 33.085375393504791 ], [ -115.510103558031446, 33.085555056470589 ], [ -115.509654400713828, 33.085555056676384 ] ] ] } },
{ "type": "Feature", "properties": { "csb_id": "061825013606713", "acres": 4.1094036328580001, "geoid": "06025" }, "geometry": { "type": "Polygon", "coordinates": [ [ [ -115.731358612261715, 33.074685442726171 ], [ -115.731358611892745, 33.074415947603406 ], [ -115.731987432909776, 33.074415946909973 ], [ -115.732256927703318, 33.074146452977942 ], [ -115.73225692743668, 33.073787126907767 ], [ -115.73252642232967, 33.073517631531139 ], [ -115.733424735912067, 33.073517632235799 ], [ -115.733424737708262, 33.074685441382819 ], [ -115.731358612261715, 33.074685442726171 ] ] ] } },
{ "type": "Feature", "properties": { "csb_id": "061825013606716", "acres": 3.8512648687026201, "geoid": "06025" }, "geometry": { "type": "Polygon", "coordinates": [ [ [ -115.712404159439799, 33.074415947640922 ], [ -115.712404159520275, 33.073876958500733 ], [ -115.712853317638007, 33.073517631967661 ], [ -115.713751632710952, 33.073517632263695 ], [ -115.713751633243092, 33.073787126364991 ], [ -115.714021126880212, 33.073787126217042 ], [ -115.714021127472918, 33.074415947376188 ], [ -115.71348213823974, 33.074415947544587 ], [ -115.713482138074497, 33.074685442158028 ], [ -115.712404159439799, 33.074415947640922 ] ] ] } },
{ "type": "Feature", "properties": { "csb_id": "061825013606748", "acres": 7.6097063803948997, "geoid": "06025" }, "geometry": { "type": "Polygon", "coordinates": [ [ [ -115.714649947850504, 33.073248137058243 ], [ -115.714021127141294, 33.073248137351378 ], [ -115.714021127538103, 33.07351763174659 ], [ -115.712943148673517, 33.073517631756552 ], [ -115.712583823594542, 33.073337969643788 ], [ -115.713482138436262, 33.072978642737787 ], [ -115.713482137749878, 33.072619316407476 ], [ -115.714021126992549, 33.072619316839479 ], [ -115.714021127650412, 33.072349821894989 ], [ -115.714200789840859, 33.072349821827991 ], [ -115.713751633110931, 33.072080328280727 ], [ -115.71375163257882, 33.071810833486403 ], [ -115.714649947408276, 33.071900664041038 ], [ -115.714470285004339, 33.07217016030981 ], [ -115.714739779602368, 33.071900665556072 ], [ -115.71500927402009, 33.071900665478402 ], [ -115.715368600238889, 33.072439653715477 ], [ -115.715368600791692, 33.072709148300376 ], [ -115.715638095025412, 33.072709148170716 ], [ -115.71554826352174, 33.073517631705613 ], [ -115.714649948283082, 33.073517631822568 ], [ -115.714649947850504, 33.073248137058243 ] ] ] } },
{ "type": "Feature", "properties": { "csb_id": "061825013607268", "acres": 2.92247202334269, "geoid": "06025" }, "geometry": { "type": "Polygon", "coordinates": [ [ [ -115.500581415347128, 33.060312397101384 ], [ -115.500850910411046, 33.059414082146468 ], [ -115.501120404796623, 33.059414081882231 ], [ -115.501120405495627, 33.05914458801572 ], [ -115.501569562620745, 33.059144587150335 ], [ -115.501479730792397, 33.058875093101001 ], [ -115.501749225888787, 33.058875092743335 ], [ -115.501749225114636, 33.060312396896535 ], [ -115.500581415347128, 33.060312397101384 ] ] ] } },
{ "type": "Feature", "properties": { "csb_id": "061825013607303", "acres": 3.45949924273748, "geoid": "06025" }, "geometry": { "type": "Polygon", "coordinates": [ [ [ -115.500311919749493, 33.059414082010854 ], [ -115.500581415668108, 33.05797677862919 ], [ -115.501120405623922, 33.057976778664894 ], [ -115.501479731102535, 33.058246272215158 ], [ -115.501569562620745, 33.059144587150335 ], [ -115.501120405495627, 33.05914458801572 ], [ -115.501120404796623, 33.059414081882231 ], [ -115.500311919749493, 33.059414082010854 ] ] ] } },
{ "type": "Feature", "properties": { "csb_id": "061825013608171", "acres": 3.14032881776581, "geoid": "06025" }, "geometry": { "type": "Polygon", "coordinates": [ [ [ -115.47677606105988, 33.03210529729882 ], [ -115.476776061307376, 33.03174597104195 ], [ -115.476237071423625, 33.031206982256684 ], [ -115.476237071491568, 33.030937487095663 ], [ -115.476596397249338, 33.030937487318219 ], [ -115.476596397478104, 33.030578161484428 ], [ -115.476776060937922, 33.030398498346678 ], [ -115.477135386793378, 33.030398498263921 ], [ -115.477135386851771, 33.030937487196503 ], [ -115.477494713049097, 33.031206982238743 ], [ -115.477315049968638, 33.032105296911091 ], [ -115.47677606105988, 33.03210529729882 ] ] ] } },
{ "type": "Feature", "properties": { "csb_id": "061825013608533", "acres": 4.1429615737031797, "geoid": "06025" }, "geometry": { "type": "Polygon", "coordinates": [ [ [ -115.559510898798479, 33.018271241779658 ], [ -115.559510898113103, 33.018001747176285 ], [ -115.558792246188716, 33.018001747637683 ], [ -115.558792246533031, 33.018271241874842 ], [ -115.558343088996239, 33.018361073299737 ], [ -115.557893930786861, 33.018271241657558 ], [ -115.557893930546669, 33.017372926583612 ], [ -115.559960055715393, 33.017372926539892 ], [ -115.559960055248638, 33.01800174716427 ], [ -115.559690561687944, 33.018001747624382 ], [ -115.559690560657017, 33.018271241716882 ], [ -115.559510898798479, 33.018271241779658 ] ] ] } },
{ "type": "Feature", "properties": { "csb_id": "061825013608709", "acres": 17.151693506684399, "geoid": "06025" }, "geometry": { "type": "Polygon", "coordinates": [ [ [ -115.519535868404333, 33.012432192474527 ], [ -115.518907048159463, 33.012432193751948 ], [ -115.518907047070797, 33.012701687069175 ], [ -115.518188395373429, 33.012791518401485 ], [ -115.518188395910911, 33.012342361971221 ], [ -115.518008732471955, 33.012162697961017 ], [ -115.518008732534156, 33.010994887614899 ], [ -115.518278227105014, 33.010276235604998 ], [ -115.518547721663268, 33.010006740836069 ], [ -115.519715532008973, 33.010096573642713 ], [ -115.520074856349268, 33.009198257987634 ], [ -115.520254519953824, 33.009108425718658 ], [ -115.521781656947141, 33.009108425542344 ], [ -115.521781656873969, 33.009467751953594 ], [ -115.520973172994516, 33.009557583219078 ], [ -115.520344351877441, 33.009827077951101 ], [ -115.520074857194444, 33.01036606750678 ], [ -115.520074857644289, 33.011533877764329 ], [ -115.520703678163031, 33.012791518251341 ], [ -115.519715531853322, 33.012791518912721 ], [ -115.519535868624246, 33.012701686851699 ], [ -115.519535868404333, 33.012432192474527 ] ] ] } },
{ "type": "Feature", "properties": { "csb_id": "061825013608746", "acres": 2.91569841720366, "geoid": "06025" }, "geometry": { "type": "Polygon", "coordinates": [ [ [ -115.522410477572649, 33.009467751736203 ], [ -115.522320645547978, 33.008299943551386 ], [ -115.522590140018607, 33.008299942986234 ], [ -115.522590139800243, 33.007940616264946 ], [ -115.523218960434605, 33.007940615908964 ], [ -115.522949466259846, 33.009467751885545 ], [ -115.522410477572649, 33.009467751736203 ] ] ] } },
{ "type": "Feature", "properties": { "csb_id": "061825013608785", "acres": 2.3868766272819602, "geoid": "06025" }, "geometry": { "type": "Polygon", "coordinates": [ [ [ -115.410929550297141, 33.007671121439699 ], [ -115.410570224557887, 33.007671121422291 ], [ -115.410570224676022, 33.007940615809446 ], [ -115.410390561412498, 33.007940616254245 ], [ -115.410390561378861, 33.006233817145855 ], [ -115.410570224146269, 33.006233817033241 ], [ -115.410570224164104, 33.006772805999482 ], [ -115.411199045628109, 33.006772806557173 ], [ -115.411199045347288, 33.007671121497367 ], [ -115.411019382259212, 33.0076711211765 ], [ -115.411019381799164, 33.007940615927197 ], [ -115.410929550297141, 33.007671121439699 ] ] ] } },
{ "type": "Feature", "properties": { "csb_id": "061825013608816", "acres": 12.3889901250281, "geoid": "06025" }, "geometry": { "type": "Polygon", "coordinates": [ [ [ -115.520254520253758, 33.007401626930417 ], [ -115.520613846343053, 33.00650331155839 ], [ -115.521152836063777, 33.006233816759497 ], [ -115.521242667080699, 33.005604996148328 ], [ -115.521781655574486, 33.005604996362095 ], [ -115.522140982518479, 33.00596432377322 ], [ -115.522140983139067, 33.006233817697442 ], [ -115.522051150746464, 33.007401626875414 ], [ -115.521781656174696, 33.007401626717112 ], [ -115.521781656679849, 33.007940615723896 ], [ -115.522051149803389, 33.008299942786216 ], [ -115.522320645547978, 33.008299943551386 ], [ -115.522320645338397, 33.009198257721742 ], [ -115.521152835547966, 33.009108425660479 ], [ -115.521152834672748, 33.00856943658885 ], [ -115.520524014235832, 33.008299942618649 ], [ -115.520254520276964, 33.007940616046717 ], [ -115.520254520253758, 33.007401626930417 ] ] ] } },
{ "type": "Feature", "properties": { "csb_id": "061825013608873", "acres": 4.3753694824407301, "geoid": "06025" }, "geometry": { "type": "Polygon", "coordinates": [ [ [ -115.523937613002772, 33.00470668189719 ], [ -115.523757949968484, 33.003898197188789 ], [ -115.524117275921824, 33.003808366332763 ], [ -115.524117276362176, 33.003628702443478 ], [ -115.526093569987196, 33.003808365598054 ], [ -115.525972858688235, 33.004049086659712 ], [ -115.524656265052187, 33.004706681118925 ], [ -115.523937613002772, 33.00470668189719 ] ] ] } },
{ "type": "Feature", "properties": { "csb_id": "061825013608874", "acres": 20.7589605655009, "geoid": "06025" }, "geometry": { "type": "Polygon", "coordinates": [ [ [ -115.522051149803389, 33.008299942786216 ], [ -115.521781656679849, 33.007940615723896 ], [ -115.521781656174696, 33.007401626717112 ], [ -115.522051150746464, 33.007401626875414 ], [ -115.522140982518479, 33.00596432377322 ], [ -115.521781655574486, 33.005604996362095 ], [ -115.521152835635803, 33.005604996480663 ], [ -115.521152836262061, 33.004976175416679 ], [ -115.521871487860864, 33.004976176188912 ], [ -115.521781656266498, 33.004257523831932 ], [ -115.521332499272248, 33.004257523617419 ], [ -115.521422330198888, 33.003808365847448 ], [ -115.523218961126673, 33.003628702683201 ], [ -115.523757949968484, 33.003898197188789 ], [ -115.523937613002772, 33.00470668189719 ], [ -115.52465626586158, 33.004796512392161 ], [ -115.523218961187922, 33.00623381664245 ], [ -115.523218960434605, 33.007940615908964 ], [ -115.522590139800243, 33.007940616264946 ], [ -115.522590140018607, 33.008299942986234 ], [ -115.522051149803389, 33.008299942786216 ] ] ] } },
{ "type": "Feature", "properties": { "csb_id": "061825013608889", "acres": 7.5846117155885304, "geoid": "06025" }, "geometry": { "type": "Polygon", "coordinates": [ [ [ -115.40985157201186, 33.005335502666476 ], [ -115.409402414700978, 33.003808366502255 ], [ -115.409402414288081, 33.002999882732425 ], [ -115.408504099265656, 33.002999882395216 ], [ -115.408504098328635, 33.002191398387332 ], [ -115.408234604901338, 33.002191398569764 ], [ -115.408234603426834, 33.001742240683626 ], [ -115.408863424700996, 33.001742241748673 ], [ -115.40886342429134, 33.001472746784216 ], [ -115.409132918869645, 33.001472746327593 ], [ -115.409671909230553, 33.002191398356217 ], [ -115.409492246528856, 33.003359209357711 ], [ -115.410121066448269, 33.003538871732744 ], [ -115.410390561601261, 33.00452701904625 ], [ -115.410570224927113, 33.004527019084065 ], [ -115.410570224826813, 33.0047965138845 ], [ -115.410121067199668, 33.004796513335265 ], [ -115.410121067326401, 33.005694828798774 ], [ -115.40985157201186, 33.005335502666476 ] ], [ [ -115.40895325628793, 33.002371061015339 ], [ -115.408863425092562, 33.002191398606868 ], [ -115.408863425292893, 33.002371061439526 ], [ -115.40895325628793, 33.002371061015339 ] ] ] } },
{ "type": "Feature", "properties": { "csb_id": "061825013608902", "acres": 3.1103611602363301, "geoid": "06025" }, "geometry": { "type": "Polygon", "coordinates": [ [ [ -115.407156626632442, 33.002101566725742 ], [ -115.406437973814988, 33.002101567244964 ], [ -115.406437974290284, 33.001742240386079 ], [ -115.407515952057182, 33.001203252380947 ], [ -115.407965111779845, 33.001203251976506 ], [ -115.408504098465627, 33.00147274605073 ], [ -115.408504098705166, 33.00174224083343 ], [ -115.407156626632442, 33.002101566725742 ] ] ] } },
{ "type": "Feature", "properties": { "csb_id": "061825013609224", "acres": 3.9897458810126198, "geoid": "06025" }, "geometry": { "type": "Polygon", "coordinates": [ [ [ -115.408504099683611, 32.97883520123878 ], [ -115.408234605000132, 32.978296211631609 ], [ -115.408234604941541, 32.977667390635816 ], [ -115.408504099752591, 32.977397896699181 ], [ -115.408863425115925, 32.977487727683894 ], [ -115.408953257414794, 32.97802671733232 ], [ -115.409671908640902, 32.977936885817236 ], [ -115.410031235149461, 32.978296211556724 ], [ -115.409402415171712, 32.978835201768753 ], [ -115.408504099683611, 32.97883520123878 ] ] ] } },
{ "type": "Feature", "properties": { "csb_id": "061825014226605", "acres": 2.8027688562640698, "geoid": "06025" }, "geometry": { "type": "Polygon", "coordinates": [ [ [ -115.556588169354697, 32.924497704912149 ], [ -115.556498337293348, 32.924677366990686 ], [ -115.55560002112783, 32.924677366875216 ], [ -115.555330526344079, 32.924048546891648 ], [ -115.555600020640924, 32.92404854674794 ], [ -115.555600021222389, 32.923779052868127 ], [ -115.555869515654877, 32.92377905190466 ], [ -115.556767831385315, 32.924048547248518 ], [ -115.556857663450529, 32.924946862738167 ], [ -115.556588169354697, 32.924497704912149 ] ] ] } },
{ "type": "Feature", "properties": { "csb_id": "061825014226627", "acres": 3.5888162111596702, "geoid": "06025" }, "geometry": { "type": "Polygon", "coordinates": [ [ [ -115.55470170661124, 32.924048545920847 ], [ -115.554701706871711, 32.923779051713076 ], [ -115.554432211825784, 32.923779051855377 ], [ -115.55443221187555, 32.922880736167876 ], [ -115.55533052739672, 32.922880736553729 ], [ -115.555420358563467, 32.923150231048737 ], [ -115.555869516406318, 32.923150231233258 ], [ -115.555869515654877, 32.92377905190466 ], [ -115.555600021222389, 32.923779052868127 ], [ -115.555600020640924, 32.92404854674794 ], [ -115.55470170661124, 32.924048545920847 ] ] ] } },
{ "type": "Feature", "properties": { "csb_id": "061825014226628", "acres": 24.717854084958901, "geoid": "06025" }, "geometry": { "type": "Polygon", "coordinates": [ [ [ -115.556588168104057, 32.92674349198473 ], [ -115.55335423390234, 32.92683332347957 ], [ -115.5528152446945, 32.926204503295871 ], [ -115.552815244399085, 32.925935008451759 ], [ -115.553084739147167, 32.925935007964355 ], [ -115.55299490739884, 32.925485850861513 ], [ -115.552096592561284, 32.924946861892707 ], [ -115.553084739475977, 32.923868883362232 ], [ -115.552994907493058, 32.923509556998603 ], [ -115.552366085640898, 32.923509557082788 ], [ -115.552366085907735, 32.923329893825304 ], [ -115.552455917347544, 32.923150231522442 ], [ -115.552994906665276, 32.923150232005277 ], [ -115.55299490736347, 32.922701074724202 ], [ -115.553264401960917, 32.922431579883025 ], [ -115.553533895149698, 32.923150231001877 ], [ -115.553533896733697, 32.923779051703356 ], [ -115.553893222539756, 32.92404854652014 ], [ -115.555330526344079, 32.924048546891648 ], [ -115.555689853787399, 32.925306187847852 ], [ -115.555689853321354, 32.925935008875079 ], [ -115.555330526474492, 32.925935008218872 ], [ -115.555330526836713, 32.926114672729589 ], [ -115.555869516201085, 32.926114671371096 ], [ -115.555869516790438, 32.925216355992923 ], [ -115.556228842921143, 32.925216356339746 ], [ -115.556228842593953, 32.925485850865094 ], [ -115.556588169025986, 32.926114671337565 ], [ -115.556588168104057, 32.92674349198473 ] ], [ [ -115.553354233933959, 32.925036693524916 ], [ -115.553354234129628, 32.924767198706128 ], [ -115.553084738705167, 32.924767198808034 ], [ -115.55308473864514, 32.925036693443687 ], [ -115.553354233933959, 32.925036693524916 ], [ -115.553354233518505, 32.925306187354323 ], [ -115.553623727838371, 32.925306188042306 ], [ -115.553623728169711, 32.925036693152585 ], [ -115.553354233933959, 32.925036693524916 ] ], [ [ -115.553533897288276, 32.924138378651634 ], [ -115.553354233752898, 32.924138378086674 ], [ -115.553354233272231, 32.924497703958295 ], [ -115.55362372799911, 32.924497704097043 ], [ -115.553533897288276, 32.924138378651634 ] ] ] } },
{ "type": "Feature", "properties": { "csb_id": "061825014226641", "acres": 14.1483379169703, "geoid": "06025" }, "geometry": { "type": "Polygon", "coordinates": [ [ [ -115.550389793174787, 32.925216355819003 ], [ -115.548862656838267, 32.925216356068539 ], [ -115.548862656088403, 32.924946862315984 ], [ -115.549221982873107, 32.924946861519956 ], [ -115.5491321518424, 32.924318041078365 ], [ -115.548593162567641, 32.924318041095482 ], [ -115.548593162515473, 32.924048546091996 ], [ -115.548054173034359, 32.924138378240713 ], [ -115.547964341499693, 32.924318041296594 ], [ -115.547964341446516, 32.923509557047872 ], [ -115.548323667806173, 32.923509557105803 ], [ -115.548682994209486, 32.922880736906663 ], [ -115.549491477775987, 32.922970567566857 ], [ -115.549491476470507, 32.923150230885909 ], [ -115.549132150862889, 32.923150230997351 ], [ -115.549221983727634, 32.923779052023477 ], [ -115.54976097200398, 32.923150230973064 ], [ -115.54976097262815, 32.922880736505945 ], [ -115.550299961770477, 32.92270107313108 ], [ -115.550299961246694, 32.922880736707931 ], [ -115.550928781785416, 32.922880736387263 ], [ -115.550928782552219, 32.922251916171327 ], [ -115.551198276959738, 32.922251916189012 ], [ -115.551288108800946, 32.923868882873272 ], [ -115.550749119113959, 32.923868883609863 ], [ -115.550749119637601, 32.925665513751838 ], [ -115.550389792704635, 32.925665514239554 ], [ -115.550389793174787, 32.925216355819003 ] ], [ [ -115.550120298326448, 32.924497703592728 ], [ -115.550030466585824, 32.924318041312858 ], [ -115.55003046755661, 32.92449770407508 ], [ -115.550120298326448, 32.924497703592728 ] ], [ [ -115.548862656945374, 32.923599388324526 ], [ -115.548682994504858, 32.923599388664194 ], [ -115.548682994523787, 32.923779051259665 ], [ -115.548862657591755, 32.923779051797226 ], [ -115.548862656945374, 32.923599388324526 ] ] ] } },
{ "type": "Feature", "properties": { "csb_id": "061825014226653", "acres": 2.4201551867203701, "geoid": "06025" }, "geometry": { "type": "Polygon", "coordinates": [ [ [ -115.554701706189419, 32.922880736536669 ], [ -115.55470170666969, 32.922611242720208 ], [ -115.554162717770637, 32.922611241712247 ], [ -115.554162717116597, 32.921982421593093 ], [ -115.555330527609868, 32.921982421481296 ], [ -115.55533052739672, 32.922880736553729 ], [ -115.554701706189419, 32.922880736536669 ] ] ] } },
{ "type": "Feature", "properties": { "csb_id": "061825014226663", "acres": 3.8888164540669501, "geoid": "06025" }, "geometry": { "type": "Polygon", "coordinates": [ [ [ -115.553893221035025, 32.921982422620978 ], [ -115.553893222994603, 32.921712927736522 ], [ -115.554162717314696, 32.921443432955506 ], [ -115.555420359230368, 32.921443432497604 ], [ -115.555420358583817, 32.921084107158556 ], [ -115.555869515674587, 32.921084107266417 ], [ -115.555869516369782, 32.921712926946185 ], [ -115.556228841781333, 32.921712926483913 ], [ -115.556228842573631, 32.922251915339949 ], [ -115.555420359030123, 32.922251917044292 ], [ -115.555330527609868, 32.921982421481296 ], [ -115.553893221035025, 32.921982422620978 ] ] ] } },
{ "type": "Feature", "properties": { "csb_id": "061825014226689", "acres": 4.5715108697290798, "geoid": "06025" }, "geometry": { "type": "Polygon", "coordinates": [ [ [ -115.55479153808588, 32.920814610883532 ], [ -115.555061032124343, 32.920814611059299 ], [ -115.555061032199887, 32.920634948770392 ], [ -115.554791537500208, 32.92063494790046 ], [ -115.55479153808588, 32.920814610883532 ], [ -115.554432211657172, 32.920545116932715 ], [ -115.554252548786295, 32.92009595887744 ], [ -115.555061032682744, 32.919377306782586 ], [ -115.555600021330832, 32.919377307085213 ], [ -115.555869515674587, 32.921084107266417 ], [ -115.555420358583817, 32.921084107158556 ], [ -115.55479153808588, 32.920814610883532 ] ] ] } },
{ "type": "Feature", "properties": { "csb_id": "061825014226694", "acres": 2.1823242604985298, "geoid": "06025" }, "geometry": { "type": "Polygon", "coordinates": [ [ [ -115.552635581860287, 32.920275622357373 ], [ -115.552994906806262, 32.919916297688246 ], [ -115.553893222955068, 32.919916297026568 ], [ -115.553983054914198, 32.920095960849956 ], [ -115.554252548786295, 32.92009595887744 ], [ -115.554432211657172, 32.920545116932715 ], [ -115.553264401570416, 32.920545116956809 ], [ -115.552635581860287, 32.920275622357373 ] ] ] } },
{ "type": "Feature", "properties": { "csb_id": "061825014226831", "acres": 7.2613186325817498, "geoid": "06025" }, "geometry": { "type": "Polygon", "coordinates": [ [ [ -115.582459648263551, 32.912100952929357 ], [ -115.582459648598871, 32.911831458347514 ], [ -115.582998638038717, 32.911741627319529 ], [ -115.582998638418957, 32.911202638071025 ], [ -115.583357963658401, 32.910933143659356 ], [ -115.583537627444073, 32.910933142976916 ], [ -115.583807122062368, 32.911382300734147 ], [ -115.584076615814539, 32.911112806109934 ], [ -115.58560375222045, 32.911112806163544 ], [ -115.585603751867126, 32.911741627380543 ], [ -115.585334257966281, 32.912011121331616 ], [ -115.584525773968281, 32.911741626606357 ], [ -115.584525773657532, 32.911561963961681 ], [ -115.584795268145299, 32.911561964314899 ], [ -115.584795268186369, 32.911202637631831 ], [ -115.584435942829927, 32.91138230117798 ], [ -115.584525773545792, 32.912460278806932 ], [ -115.583357963741562, 32.912460278964552 ], [ -115.583357963768194, 32.91210095300373 ], [ -115.582459648263551, 32.912100952929357 ] ] ] } },
{ "type": "Feature", "properties": { "csb_id": "061825014226834", "acres": 2.7928275606003901, "geoid": "06025" }, "geometry": { "type": "Polygon", "coordinates": [ [ [ -115.58012402920896, 32.911112806582999 ], [ -115.580573186436624, 32.910573817084028 ], [ -115.58093251272247, 32.910573816824865 ], [ -115.58129183858965, 32.911202637630971 ], [ -115.581291839003711, 32.911831458156058 ], [ -115.580303692458472, 32.911741626814781 ], [ -115.58012402920896, 32.911112806582999 ] ] ] } },
{ "type": "Feature", "properties": { "csb_id": "061825014227636", "acres": 3.82893728933966, "geoid": "06025" }, "geometry": { "type": "Polygon", "coordinates": [ [ [ -115.733107122329699, 32.871137776076189 ], [ -115.73319695304059, 32.870598787004816 ], [ -115.732478300968538, 32.870598787458242 ], [ -115.732478301754696, 32.870419124043138 ], [ -115.732837627419116, 32.87041912613671 ], [ -115.73310712189928, 32.870239461513314 ], [ -115.733107121687127, 32.869969967005574 ], [ -115.733466448289093, 32.869790303663791 ], [ -115.734274931906185, 32.869969967240927 ], [ -115.734274932134326, 32.870958112818315 ], [ -115.733107122329699, 32.871137776076189 ] ] ] } },
{ "type": "Feature", "properties": { "csb_id": "061825014227648", "acres": 5.8365987336488603, "geoid": "06025" }, "geometry": { "type": "Polygon", "coordinates": [ [ [ -115.735442740927255, 32.870239460822468 ], [ -115.734903752603557, 32.869700471998115 ], [ -115.734903752318857, 32.869520808469566 ], [ -115.736341056956221, 32.869520808311982 ], [ -115.73661055051349, 32.869251314491763 ], [ -115.73705970951633, 32.869251313803382 ], [ -115.737239372121152, 32.869071651870073 ], [ -115.737508866369268, 32.869071650644422 ], [ -115.737508866517842, 32.869430977304489 ], [ -115.737778360327681, 32.869430977565216 ], [ -115.737778360230436, 32.869071651597402 ], [ -115.738137687759234, 32.869071651153305 ], [ -115.738137686988836, 32.869700471673433 ], [ -115.73750886715581, 32.869969966386513 ], [ -115.73661055107759, 32.86996996593119 ], [ -115.736610550140455, 32.870239460902312 ], [ -115.735442740927255, 32.870239460822468 ] ] ] } },
{ "type": "Feature", "properties": { "csb_id": "061825014227733", "acres": 3.40480005503025, "geoid": "06025" }, "geometry": { "type": "Polygon", "coordinates": [ [ [ -115.600875111831058, 32.867095357468436 ], [ -115.600875111823044, 32.866466536600434 ], [ -115.601144606189223, 32.866197042110876 ], [ -115.601144606559927, 32.865837715586842 ], [ -115.601863258674413, 32.865837715956978 ], [ -115.602402247696219, 32.866556368208805 ], [ -115.601863257979986, 32.866736030981677 ], [ -115.601773427714193, 32.867095356898254 ], [ -115.600875111831058, 32.867095357468436 ] ] ] } },
{ "type": "Feature", "properties": { "csb_id": "061825014227735", "acres": 3.0732874493717102, "geoid": "06025" }, "geometry": { "type": "Polygon", "coordinates": [ [ [ -115.732029142046045, 32.866736031273888 ], [ -115.733107122010139, 32.866017378587955 ], [ -115.733646110857308, 32.865927547830324 ], [ -115.734274932210937, 32.866466536139811 ], [ -115.734274931744523, 32.866736031103393 ], [ -115.732029142046045, 32.866736031273888 ] ] ] } },
{ "type": "Feature", "properties": { "csb_id": "061825014227993", "acres": 26.554452736755401, "geoid": "06025" }, "geometry": { "type": "Polygon", "coordinates": [ [ [ -115.743078421422339, 32.859819003458924 ], [ -115.739715441886801, 32.859853172945016 ], [ -115.740652970029927, 32.857393552157568 ], [ -115.740652970483879, 32.856854563212799 ], [ -115.741910611821169, 32.856764731919299 ], [ -115.741910611968564, 32.857034226256076 ], [ -115.743078421333934, 32.857034226594507 ], [ -115.743078421770079, 32.857393552478662 ], [ -115.743707242554962, 32.857393551877138 ], [ -115.743797073454331, 32.857932541566591 ], [ -115.743976736549698, 32.858202036065713 ], [ -115.744246231146221, 32.858202036166588 ], [ -115.744246231479693, 32.85936984609895 ], [ -115.743078422122238, 32.859369846179284 ], [ -115.743078421422339, 32.859819003458924 ] ] ] } },
{ "type": "Feature", "properties": { "csb_id": "061825014228047", "acres": 20.516743740245399, "geoid": "06025" }, "geometry": { "type": "Polygon", "coordinates": [ [ [ -115.743078421770079, 32.857393552478662 ], [ -115.743078421333934, 32.857034226594507 ], [ -115.741910611968564, 32.857034226256076 ], [ -115.741910611821169, 32.856764731919299 ], [ -115.740652970483879, 32.856854563212799 ], [ -115.740563138478848, 32.854968101127071 ], [ -115.740832633812829, 32.854788438085158 ], [ -115.741641116921613, 32.854698606114823 ], [ -115.743707241979834, 32.854698606845488 ], [ -115.743707242535336, 32.854968101221644 ], [ -115.744246229927867, 32.855866416426579 ], [ -115.744246231256213, 32.857034225860367 ], [ -115.743707241592546, 32.857034226500303 ], [ -115.743707242554962, 32.857393551877138 ], [ -115.743078421770079, 32.857393552478662 ] ] ] } },
{ "type": "Feature", "properties": { "csb_id": "061825014228156", "acres": 27.584343596346802, "geoid": "06025" }, "geometry": { "type": "Polygon", "coordinates": [ [ [ -115.519218252493502, 32.853261301854623 ], [ -115.518858926142258, 32.853081638877867 ], [ -115.517780948172671, 32.853081639369108 ], [ -115.517780948956414, 32.853351133822194 ], [ -115.51724195901545, 32.853351133753797 ], [ -115.517152127536903, 32.852632482269279 ], [ -115.516792801011576, 32.852632481072618 ], [ -115.516792801483874, 32.852362986682579 ], [ -115.517152127620236, 32.852362986819102 ], [ -115.517241959200177, 32.851554502496676 ], [ -115.517780948101048, 32.851554503369513 ], [ -115.517421622502795, 32.850925682384535 ], [ -115.51742162251729, 32.850746019101216 ], [ -115.517691116888003, 32.850566355988086 ], [ -115.518409768738366, 32.850566355861353 ], [ -115.518589432495318, 32.850925682515424 ], [ -115.519218253041245, 32.85092568182214 ], [ -115.519218252727583, 32.850566355680456 ], [ -115.518858925618716, 32.850566356318673 ], [ -115.518858925816289, 32.850296861717098 ], [ -115.520026736801, 32.850296861815963 ], [ -115.520026736366077, 32.850566357148679 ], [ -115.520655557305048, 32.850566357115866 ], [ -115.520655557384273, 32.850925682599566 ], [ -115.521014883502602, 32.851015514115936 ], [ -115.521194546216663, 32.851734166120458 ], [ -115.521553872952751, 32.852093491976284 ], [ -115.521823367329077, 32.852093492478701 ], [ -115.521823367304521, 32.852362986214395 ], [ -115.521553872230967, 32.852362986589384 ], [ -115.521553872058803, 32.852901976169882 ], [ -115.521194546503565, 32.852901975654113 ], [ -115.52119454634294, 32.852632481633506 ], [ -115.520745388592928, 32.852722312752995 ], [ -115.520745388465727, 32.853081638964362 ], [ -115.521194546785949, 32.85335113362639 ], [ -115.521194546016133, 32.853800291466499 ], [ -115.520386062616339, 32.853800290678542 ], [ -115.520386063146702, 32.853261302256314 ], [ -115.519218252493502, 32.853261301854623 ] ] ] } },
{ "type": "Feature", "properties": { "csb_id": "061825014228813", "acres": 3.2510738371121, "geoid": "06025" }, "geometry": { "type": "Polygon", "coordinates": [ [ [ -115.605007362898348, 32.824874539384233 ], [ -115.603839552207091, 32.825054202270962 ], [ -115.603839553491852, 32.824155889706404 ], [ -115.604109048052095, 32.823706731770791 ], [ -115.604378541664232, 32.823706730923703 ], [ -115.604648037025598, 32.824155888409521 ], [ -115.605007362418263, 32.824155886913957 ], [ -115.604827699774049, 32.824245717998771 ], [ -115.604827699927071, 32.824425382921532 ], [ -115.605007362928419, 32.824425383001149 ], [ -115.605007362898348, 32.824874539384233 ] ] ] } },
{ "type": "Feature", "properties": { "csb_id": "061825014228863", "acres": 5.2820849348069396, "geoid": "06025" }, "geometry": { "type": "Polygon", "coordinates": [ [ [ -115.728076555636235, 32.821910098533799 ], [ -115.727896892054787, 32.820023636364162 ], [ -115.728076555229151, 32.820293130819863 ], [ -115.729334197959005, 32.820293131282668 ], [ -115.729244365579362, 32.821640604037711 ], [ -115.728974871344775, 32.821820267652974 ], [ -115.728076555636235, 32.821910098533799 ] ] ] } },
{ "type": "Feature", "properties": { "csb_id": "061825014228864", "acres": 4.5454589172295998, "geoid": "06025" }, "geometry": { "type": "Polygon", "coordinates": [ [ [ -115.72726807270223, 32.821820266766913 ], [ -115.725740936196146, 32.821460941320211 ], [ -115.725740936211054, 32.820652457430981 ], [ -115.726908746188911, 32.820652456831162 ], [ -115.726908746575404, 32.820921951898249 ], [ -115.727717230516177, 32.820921951415414 ], [ -115.727807061709029, 32.821460940646404 ], [ -115.72726807270223, 32.821820266766913 ] ] ] } },
{ "type": "Feature", "properties": { "csb_id": "061825014228879", "acres": 3.6964639533295398, "geoid": "06025" }, "geometry": { "type": "Polygon", "coordinates": [ [ [ -115.726190094580303, 32.820472793910469 ], [ -115.726190094537358, 32.820652456813242 ], [ -115.725471440839002, 32.820652457200836 ], [ -115.72520194703624, 32.820023636621514 ], [ -115.725561274055892, 32.819484647321396 ], [ -115.725740936867069, 32.819754141395258 ], [ -115.726908746062804, 32.819754142271833 ], [ -115.726908746188911, 32.820652456831162 ], [ -115.72645958930093, 32.82065245728198 ], [ -115.726190094580303, 32.820472793910469 ] ] ] } },
{ "type": "Feature", "properties": { "csb_id": "061825014228891", "acres": 5.0736057451125598, "geoid": "06025" }, "geometry": { "type": "Polygon", "coordinates": [ [ [ -115.727896892054787, 32.820023636364162 ], [ -115.727896892960828, 32.819125321517312 ], [ -115.728974871061837, 32.819125321000982 ], [ -115.728974871851605, 32.819304984330309 ], [ -115.729064703686163, 32.819125321293676 ], [ -115.72987318634982, 32.819125320833159 ], [ -115.729603692684819, 32.819484647386282 ], [ -115.729603692109094, 32.820113468094057 ], [ -115.729334197959005, 32.820293131282668 ], [ -115.728076555229151, 32.820293130819863 ], [ -115.727896892054787, 32.820023636364162 ] ] ] } },
{ "type": "Feature", "properties": { "csb_id": "061825014228925", "acres": 6.2747782004926203, "geoid": "06025" }, "geometry": { "type": "Polygon", "coordinates": [ [ [ -115.727896892960828, 32.819125321517312 ], [ -115.727896893490069, 32.817777847933208 ], [ -115.728166388221183, 32.817777848148452 ], [ -115.728166388230164, 32.817957511673185 ], [ -115.72843588283051, 32.818047343178961 ], [ -115.729873186716247, 32.818047343160984 ], [ -115.729963018540403, 32.818316837068906 ], [ -115.730142680075971, 32.818316837271375 ], [ -115.730142681290573, 32.819125320804631 ], [ -115.727896892960828, 32.819125321517312 ] ] ] } },
{ "type": "Feature", "properties": { "csb_id": "061825014229046", "acres": 3.9556477486606898, "geoid": "06025" }, "geometry": { "type": "Polygon", "coordinates": [ [ [ -115.731669817794312, 32.813286271909689 ], [ -115.730861334249624, 32.813286271926188 ], [ -115.730861332269285, 32.813016777042257 ], [ -115.729873186013023, 32.813016777440026 ], [ -115.729873186222889, 32.812387956739329 ], [ -115.73014268122499, 32.812387956339315 ], [ -115.730142681762558, 32.811848968512322 ], [ -115.730502007114467, 32.811848967094697 ], [ -115.730502007138512, 32.812387956168244 ], [ -115.73166981778347, 32.812387956692426 ], [ -115.731669817794312, 32.813286271909689 ] ] ] } },
{ "type": "Feature", "properties": { "csb_id": "061825014229354", "acres": 11.4853587250507, "geoid": "06025" }, "geometry": { "type": "Polygon", "coordinates": [ [ [ -115.719093403460391, 32.802236993380625 ], [ -115.719093403908545, 32.801338678346326 ], [ -115.718734077062209, 32.801248846737288 ], [ -115.718734077303424, 32.799452216895951 ], [ -115.719362897806207, 32.79954204759877 ], [ -115.719722224232868, 32.799272553813729 ], [ -115.720530708455286, 32.799272553602982 ], [ -115.720530707948384, 32.799003058688243 ], [ -115.720890033730711, 32.799003058973057 ], [ -115.721069696961663, 32.800620026578606 ], [ -115.720440876869091, 32.800620026131838 ], [ -115.720440876374241, 32.801338678861747 ], [ -115.719991718793437, 32.801338678645706 ], [ -115.719362897838806, 32.801608172956016 ], [ -115.719362898428358, 32.802236994112924 ], [ -115.719093403460391, 32.802236993380625 ] ] ] } },
{ "type": "Feature", "properties": { "csb_id": "061825014229530", "acres": 4.1741836624719797, "geoid": "06025" }, "geometry": { "type": "Polygon", "coordinates": [ [ [ -115.710200079790269, 32.790019906372741 ], [ -115.710020418023689, 32.789480917065141 ], [ -115.709122102529804, 32.789480916760589 ], [ -115.709301766871107, 32.788762264797057 ], [ -115.710559408207203, 32.788762264994666 ], [ -115.710469577091516, 32.789211422086133 ], [ -115.711098397061022, 32.789211422341864 ], [ -115.711098397903086, 32.790019906112455 ], [ -115.710200079790269, 32.790019906372741 ] ] ] } },
{ "type": "Feature", "properties": { "csb_id": "061825014229542", "acres": 2.6930266099227, "geoid": "06025" }, "geometry": { "type": "Polygon", "coordinates": [ [ [ -115.56835609864109, 32.789480916845712 ], [ -115.568356099243516, 32.788852096384723 ], [ -115.569434077012801, 32.788582601441092 ], [ -115.569703570719454, 32.78885209627186 ], [ -115.569703571029464, 32.789301253831503 ], [ -115.569523908862564, 32.789480916621947 ], [ -115.56835609864109, 32.789480916845712 ] ] ] } },
{ "type": "Feature", "properties": { "csb_id": "061825014229853", "acres": 2.7245204863785801, "geoid": "06025" }, "geometry": { "type": "Polygon", "coordinates": [ [ [ -115.583537626657005, 32.775467198433788 ], [ -115.582459648765663, 32.775467199090166 ], [ -115.582639311554303, 32.774479051787935 ], [ -115.583537626903137, 32.774568883510462 ], [ -115.583537626657005, 32.775467198433788 ] ] ] } },
{ "type": "Feature", "properties": { "csb_id": "061825014229974", "acres": 8.4846282366444807, "geoid": "06025" }, "geometry": { "type": "Polygon", "coordinates": [ [ [ -115.75924809643864, 32.772862083710358 ], [ -115.759248096328776, 32.772682420697357 ], [ -115.758439612877126, 32.772682420933023 ], [ -115.758170118240884, 32.772233263643678 ], [ -115.758170117980981, 32.770795960011029 ], [ -115.758798938414671, 32.770795959591524 ], [ -115.75879893862286, 32.771334948653546 ], [ -115.759068432327027, 32.771334948915005 ], [ -115.759068432610789, 32.770795960360005 ], [ -115.759337927857445, 32.770795960305392 ], [ -115.759517591287505, 32.771873937551732 ], [ -115.759876917212097, 32.771873936967857 ], [ -115.760236243202684, 32.772143431619334 ], [ -115.760236243875937, 32.772412925934944 ], [ -115.761314222177802, 32.772412926165053 ], [ -115.761314222310517, 32.772682421105998 ], [ -115.760146411364687, 32.772682420810369 ], [ -115.760146411954494, 32.772951915773341 ], [ -115.75924809643864, 32.772862083710358 ] ] ] } },
{ "type": "Feature", "properties": { "csb_id": "061825014230004", "acres": 10.473818942975299, "geoid": "06025" }, "geometry": { "type": "Polygon", "coordinates": [ [ [ -115.761404053219081, 32.769268822822625 ], [ -115.761314221784644, 32.769807811789427 ], [ -115.761493885082871, 32.769268822539537 ], [ -115.761493884902706, 32.770167138307293 ], [ -115.761314222177802, 32.772412926165053 ], [ -115.760236243875937, 32.772412925934944 ], [ -115.760236243202684, 32.772143431619334 ], [ -115.759876917212097, 32.771873936967857 ], [ -115.759517591287505, 32.771873937551732 ], [ -115.759607422882453, 32.770795958735668 ], [ -115.760415906170294, 32.770706127637808 ], [ -115.760415906743887, 32.76944848593331 ], [ -115.761044727573292, 32.769178991464877 ], [ -115.761404053219081, 32.769268822822625 ] ] ] } },
{ "type": "Feature", "properties": { "csb_id": "061825014230015", "acres": 32.384768560373999, "geoid": "06025" }, "geometry": { "type": "Polygon", "coordinates": [ [ [ -115.77011771153596, 32.772682420884841 ], [ -115.764817651205149, 32.772682421344712 ], [ -115.764817651171384, 32.772412926122165 ], [ -115.765446471833002, 32.772412926010368 ], [ -115.765715966411392, 32.771873937470346 ], [ -115.765536303434672, 32.769448486286116 ], [ -115.768321079738342, 32.769448485830864 ], [ -115.768321080375856, 32.769628148709046 ], [ -115.767602428821547, 32.769628148786403 ], [ -115.767602427689098, 32.770526464486984 ], [ -115.767871922695122, 32.770526464263618 ], [ -115.767871922983616, 32.770795959325064 ], [ -115.768770238153593, 32.770795959052627 ], [ -115.769039731757204, 32.770526464326032 ], [ -115.769039731819774, 32.769897643972875 ], [ -115.768770238062757, 32.769897643452879 ], [ -115.768770237267447, 32.769628149392204 ], [ -115.769309227926854, 32.769807812250974 ], [ -115.770117711586977, 32.770975622298323 ], [ -115.77011771153596, 32.772682420884841 ] ] ] } },
{ "type": "Feature", "properties": { "csb_id": "061825014230017", "acres": 13.386118497910701, "geoid": "06025" }, "geometry": { "type": "Polygon", "coordinates": [ [ [ -115.764278662314908, 32.772682421319544 ], [ -115.762212536912273, 32.772682420564479 ], [ -115.762212537327386, 32.771514611011725 ], [ -115.761943042379315, 32.770526464809585 ], [ -115.761673547640825, 32.770346801859496 ], [ -115.761673548109513, 32.769448486854031 ], [ -115.762841357966707, 32.769448486191962 ], [ -115.76284135819472, 32.769628148788328 ], [ -115.763200684405092, 32.769628148695837 ], [ -115.763200683977445, 32.769897643303203 ], [ -115.762571863406919, 32.769897643666077 ], [ -115.762571863673756, 32.770526464090381 ], [ -115.762841357898779, 32.770526464005016 ], [ -115.762841358271587, 32.770167138209928 ], [ -115.763200683549755, 32.770167137795617 ], [ -115.763200683547765, 32.770795958877137 ], [ -115.762571863432882, 32.770795958821594 ], [ -115.762302368408371, 32.771065453577251 ], [ -115.762302368302656, 32.771334947893692 ], [ -115.762841357821273, 32.771334948224165 ], [ -115.762841358197306, 32.771065453537652 ], [ -115.764009167586607, 32.771065453414913 ], [ -115.764368494005296, 32.771334948112468 ], [ -115.764637988576098, 32.772233263267523 ], [ -115.764278662010881, 32.772412926467169 ], [ -115.764278662314908, 32.772682421319544 ] ] ] } },
{ "type": "Feature", "properties": { "csb_id": "061825014230061", "acres": 2.99409180115327, "geoid": "06025" }, "geometry": { "type": "Polygon", "coordinates": [ [ [ -115.547066026545252, 32.768909496551451 ], [ -115.547155858204036, 32.767472192083368 ], [ -115.548593162172466, 32.767562024178559 ], [ -115.548593161971681, 32.767741686657587 ], [ -115.54796434155918, 32.767741686844531 ], [ -115.547694846799558, 32.768280676061522 ], [ -115.547694847321168, 32.768909496466335 ], [ -115.547066026545252, 32.768909496551451 ] ] ] } },
{ "type": "Feature", "properties": { "csb_id": "061825014230158", "acres": 22.8551659510481, "geoid": "06025" }, "geometry": { "type": "Polygon", "coordinates": [ [ [ -115.698432152161388, 32.765046740656707 ], [ -115.698252489105073, 32.765046741194524 ], [ -115.69825248867545, 32.765406067932993 ], [ -115.698432152545422, 32.765406067395119 ], [ -115.698432152161388, 32.765046740656707 ], [ -115.699060972276911, 32.765046740764923 ], [ -115.699060972135854, 32.765406067179583 ], [ -115.697803331771539, 32.766304382420721 ], [ -115.69708467902764, 32.766394213532308 ], [ -115.696725352475823, 32.766843371995961 ], [ -115.694928722718998, 32.767472192445098 ], [ -115.69492872263622, 32.767741686520203 ], [ -115.694299900177057, 32.767741686808407 ], [ -115.69376091023662, 32.767472192628503 ], [ -115.693760911667795, 32.766843371332392 ], [ -115.694030405086139, 32.766843371796035 ], [ -115.69438973185197, 32.766573878132995 ], [ -115.695018554064049, 32.765495898459967 ], [ -115.695467712082959, 32.765046742975251 ], [ -115.695827038529487, 32.765046743020761 ], [ -115.695827038047341, 32.765675561485651 ], [ -115.696635521327551, 32.765675561986356 ], [ -115.696994847943415, 32.765406067221257 ], [ -115.697264342268269, 32.764777246607281 ], [ -115.697803330869505, 32.76423825715424 ], [ -115.697803331277385, 32.763339941563288 ], [ -115.69816265794546, 32.76307044779584 ], [ -115.698791478301061, 32.763160279360882 ], [ -115.698791478352632, 32.764507751817533 ], [ -115.698521983087673, 32.764597583105925 ], [ -115.698432152161388, 32.765046740656707 ] ] ] } },
{ "type": "Feature", "properties": { "csb_id": "061825014230231", "acres": 2.7766927825885301, "geoid": "06025" }, "geometry": { "type": "Polygon", "coordinates": [ [ [ -115.696635522208481, 32.76307044863848 ], [ -115.695198216172145, 32.763070448112792 ], [ -115.695198217435262, 32.762441627791347 ], [ -115.696994847187355, 32.762441627495996 ], [ -115.696635522208481, 32.76307044863848 ] ] ] } },
{ "type": "Feature", "properties": { "csb_id": "061825014230303", "acres": 11.573235765806301, "geoid": "06025" }, "geometry": { "type": "Polygon", "coordinates": [ [ [ -115.727627398411684, 32.761812805871031 ], [ -115.727627398569794, 32.761363647996276 ], [ -115.727357903865922, 32.761363648135671 ], [ -115.727268072740728, 32.761543311240857 ], [ -115.726639252202943, 32.761543311619768 ], [ -115.726908746514638, 32.760644998391889 ], [ -115.727268073365408, 32.760644997281361 ], [ -115.727268072037162, 32.760106006759386 ], [ -115.728076555971768, 32.759926344023981 ], [ -115.728076556217843, 32.760106008295466 ], [ -115.728705377032469, 32.760106007084197 ], [ -115.728705377181797, 32.759836512481129 ], [ -115.729873187227483, 32.759926343915858 ], [ -115.729244365772175, 32.760375501429294 ], [ -115.729064702768895, 32.762261963417544 ], [ -115.728525714556866, 32.762261964001127 ], [ -115.727627398411684, 32.761812805871031 ] ] ] } },
{ "type": "Feature", "properties": { "csb_id": "061825014230313", "acres": 24.845391093486, "geoid": "06025" }, "geometry": { "type": "Polygon", "coordinates": [ [ [ -115.736341057144273, 32.763609436837797 ], [ -115.736341057236132, 32.763339941926994 ], [ -115.735712236164758, 32.763339942387034 ], [ -115.735712236038196, 32.763609436928242 ], [ -115.736341057144273, 32.763609436837797 ], [ -115.736341056831051, 32.763878930756512 ], [ -115.736071562593466, 32.763878930706021 ], [ -115.736071562024705, 32.764238257090682 ], [ -115.735442741851855, 32.764238257399462 ], [ -115.735442742081844, 32.764507752249521 ], [ -115.73427493200515, 32.764507752146528 ], [ -115.734274931397636, 32.763878931375302 ], [ -115.734544426629512, 32.763878930924513 ], [ -115.734544426299038, 32.763609436360433 ], [ -115.735173247234229, 32.763429773859741 ], [ -115.734095268899168, 32.763339942324649 ], [ -115.734095268295192, 32.763160279387762 ], [ -115.73436476241649, 32.762890784306748 ], [ -115.734993583315784, 32.762711121670073 ], [ -115.735263078674151, 32.761992469238145 ], [ -115.735173246894831, 32.760375501191731 ], [ -115.735712236524208, 32.760106007367249 ], [ -115.735712236580611, 32.759477186502778 ], [ -115.736071562689517, 32.759297523014695 ], [ -115.736341056737999, 32.759297523109026 ], [ -115.736430888205504, 32.759656849713977 ], [ -115.736880046655543, 32.759656849683715 ], [ -115.73732920339522, 32.760195838517909 ], [ -115.737239372330052, 32.76100432236673 ], [ -115.737059709470742, 32.761004322530368 ], [ -115.737059709275982, 32.761273817053763 ], [ -115.737329203625094, 32.761543311387491 ], [ -115.737778361640963, 32.761543311599532 ], [ -115.737508867155967, 32.761812806338519 ], [ -115.737239372525934, 32.761812805776465 ], [ -115.737239371627126, 32.763070447537764 ], [ -115.736341057144273, 32.763609436837797 ] ] ] } },
{ "type": "Feature", "properties": { "csb_id": "061825014230545", "acres": 27.8110695782863, "geoid": "06025" }, "geometry": { "type": "Polygon", "coordinates": [ [ [ -115.702564401058595, 32.756602577411719 ], [ -115.702564402031157, 32.756243251296503 ], [ -115.703103390833533, 32.756243250950881 ], [ -115.703103391847065, 32.755973757003687 ], [ -115.702833896585986, 32.755704261793746 ], [ -115.702205076145916, 32.755704261697943 ], [ -115.702025414098571, 32.754895780322194 ], [ -115.70166608704514, 32.754805946952096 ], [ -115.701666087687386, 32.754536453313158 ], [ -115.701935581054897, 32.753997462908863 ], [ -115.702205075099997, 32.753907631729561 ], [ -115.70220507601276, 32.753638137337653 ], [ -115.702564402282889, 32.75345847396558 ], [ -115.702654233465253, 32.753009315850989 ], [ -115.703462717334858, 32.753009316535 ], [ -115.703732212402201, 32.752739822019343 ], [ -115.703732212551657, 32.752470327267311 ], [ -115.704271201269464, 32.752470326980529 ], [ -115.704361032183641, 32.752739821574757 ], [ -115.704630527899681, 32.752739822015755 ], [ -115.704900021456311, 32.752200832153704 ], [ -115.704900022412261, 32.751841506254948 ], [ -115.705798337745975, 32.751841506267517 ], [ -115.70579833724068, 32.751661843056773 ], [ -115.706067832358812, 32.751572011955446 ], [ -115.706067832345795, 32.75184150662902 ], [ -115.706337325973976, 32.752200832481158 ], [ -115.706696652351653, 32.752200832889066 ], [ -115.707235641254471, 32.752470327047291 ], [ -115.707235642055892, 32.752739821890387 ], [ -115.706696653028501, 32.752829653433132 ], [ -115.705888168826974, 32.753997463177484 ], [ -115.705259347816792, 32.753997463197408 ], [ -115.70525934846917, 32.753458473685249 ], [ -115.70409153779319, 32.753458473789188 ], [ -115.704091538584692, 32.755165273064613 ], [ -115.703822043698537, 32.755165272502651 ], [ -115.703822043997761, 32.755524599092979 ], [ -115.70436103305029, 32.756063588525464 ], [ -115.704900022233645, 32.756063590381864 ], [ -115.704900021755648, 32.756243252153673 ], [ -115.703732212339972, 32.756602577183401 ], [ -115.702564401058595, 32.756602577411719 ] ] ] } },
{ "type": "Feature", "properties": { "csb_id": "061825014231203", "acres": 6.1047814546613797, "geoid": "06025" }, "geometry": { "type": "Polygon", "coordinates": [ [ [ -115.690616809315856, 32.729653118705691 ], [ -115.690616809716758, 32.729383625505768 ], [ -115.69025748281355, 32.729383623698098 ], [ -115.69025748350073, 32.729024299205108 ], [ -115.690886303641193, 32.728215814254497 ], [ -115.691784618875189, 32.72821581475327 ], [ -115.692323607604322, 32.728485309299408 ], [ -115.692054113791329, 32.729383624756615 ], [ -115.691784618792724, 32.729653118645302 ], [ -115.690616809315856, 32.729653118705691 ] ] ] } },
{ "type": "Feature", "properties": { "csb_id": "061825014231218", "acres": 12.9973286782995, "geoid": "06025" }, "geometry": { "type": "Polygon", "coordinates": [ [ [ -115.574105316356864, 32.730102276778517 ], [ -115.574105315960281, 32.729832781715004 ], [ -115.573656158683079, 32.729383624206164 ], [ -115.573566327659378, 32.728395477824868 ], [ -115.574105316578297, 32.728395479300474 ], [ -115.574105317069169, 32.727766656875787 ], [ -115.57473413755757, 32.727766656622833 ], [ -115.574823969052218, 32.72803615091722 ], [ -115.57500363227804, 32.728036151046879 ], [ -115.57500363237412, 32.727856487896268 ], [ -115.57527312645577, 32.727766656402856 ], [ -115.575003632242968, 32.726958173310109 ], [ -115.576620599637252, 32.726958172814946 ], [ -115.576890094431391, 32.727497162559693 ], [ -115.576890093935631, 32.727856488727106 ], [ -115.576440936291789, 32.72785648855465 ], [ -115.576440936500262, 32.727497161876464 ], [ -115.576171442269953, 32.727137836269677 ], [ -115.575632452122562, 32.727137836214233 ], [ -115.575632452456318, 32.727497162364585 ], [ -115.575901946763054, 32.72758699348686 ], [ -115.576171441521311, 32.7280361512273 ], [ -115.576171442193854, 32.728395477230293 ], [ -115.576171441812491, 32.728664972439056 ], [ -115.575901947441636, 32.728664972160836 ], [ -115.575722283818294, 32.728934467115437 ], [ -115.575632452462273, 32.729832781828641 ], [ -115.574554473843719, 32.73019210767584 ], [ -115.574105316356864, 32.730102276778517 ] ], [ [ -115.575362958050519, 32.729653118658547 ], [ -115.575273126644447, 32.728934466680329 ], [ -115.575003631941811, 32.728664971669339 ], [ -115.574734137398437, 32.728664972317908 ], [ -115.574464642982079, 32.728934466321164 ], [ -115.574464642278159, 32.729203961259358 ], [ -115.575003630822636, 32.72920396133393 ], [ -115.575093463084428, 32.729653118730845 ], [ -115.575362958050519, 32.729653118658547 ] ] ] } },
{ "type": "Feature", "properties": { "csb_id": "061825014231456", "acres": 4.0324479147490004, "geoid": "06025" }, "geometry": { "type": "Polygon", "coordinates": [ [ [ -115.595036061877721, 32.71608855785324 ], [ -115.59557505243292, 32.715729231586387 ], [ -115.595575051429364, 32.715459738790699 ], [ -115.595305557417902, 32.71545973821496 ], [ -115.595036063107273, 32.715100413337481 ], [ -115.595036063493751, 32.714830918516476 ], [ -115.595844547087552, 32.714830917020663 ], [ -115.595844546294558, 32.715100412392239 ], [ -115.596293703267747, 32.715100411379133 ], [ -115.596473366869759, 32.715280074252391 ], [ -115.596473366724325, 32.716268221421458 ], [ -115.595125893448625, 32.716268220963912 ], [ -115.595036061877721, 32.71608855785324 ] ] ] } },
{ "type": "Feature", "properties": { "csb_id": "061825014231469", "acres": 15.7047588481811, "geoid": "06025" }, "geometry": { "type": "Polygon", "coordinates": [ [ [ -115.598629323374183, 32.7160885580873 ], [ -115.598000503090233, 32.716088558189249 ], [ -115.598000503371978, 32.716447884549339 ], [ -115.598629324181559, 32.716447883937086 ], [ -115.598629323374183, 32.7160885580873 ], [ -115.598898818126855, 32.716088558358244 ], [ -115.598898818956755, 32.717166536207387 ], [ -115.598629323915588, 32.717166536263179 ], [ -115.598539492633122, 32.716986873647485 ], [ -115.59880898670221, 32.716897041515274 ], [ -115.598808987324759, 32.716627547019144 ], [ -115.598539492012577, 32.716627547229258 ], [ -115.598539492575767, 32.716897041358216 ], [ -115.597731008117464, 32.716986873222197 ], [ -115.597731008996661, 32.71608855842225 ], [ -115.597461513852906, 32.716088558200312 ], [ -115.597461514345198, 32.716986873143483 ], [ -115.597731008117464, 32.716986873222197 ], [ -115.597731008283489, 32.717166536517453 ], [ -115.596473365928162, 32.71716653621008 ], [ -115.596473367380739, 32.717795356818584 ], [ -115.595844546546374, 32.717795357388866 ], [ -115.595575052369711, 32.717166536476036 ], [ -115.595575052414844, 32.716627547066992 ], [ -115.596473367666093, 32.716627547271173 ], [ -115.596832693254214, 32.71644788379772 ], [ -115.597012356262354, 32.715729231627101 ], [ -115.596563198223095, 32.714830916323805 ], [ -115.596473367449065, 32.715100410783457 ], [ -115.595844546294558, 32.715100412392239 ], [ -115.595844547087552, 32.714830917020663 ], [ -115.595125894510673, 32.714830916176325 ], [ -115.595305556883488, 32.714651253684281 ], [ -115.595305557168118, 32.713932600980719 ], [ -115.59467673668901, 32.713932601294879 ], [ -115.594676736414328, 32.713663107216057 ], [ -115.595305556859572, 32.713663106534838 ], [ -115.595305557601236, 32.713393611789549 ], [ -115.596203873069953, 32.713393612269023 ], [ -115.59674286143705, 32.714381759466178 ], [ -115.597461514575471, 32.714920748351133 ], [ -115.598000503306253, 32.715819063896213 ], [ -115.598629323374183, 32.7160885580873 ] ] ] } },
{ "type": "Feature", "properties": { "csb_id": "061825014231562", "acres": 3.1307891257246401, "geoid": "06025" }, "geometry": { "type": "Polygon", "coordinates": [ [ [ -115.594407240896615, 32.710159677382535 ], [ -115.593958082875446, 32.709980014003364 ], [ -115.593958083956039, 32.710159677656229 ], [ -115.59377842067191, 32.710159676991431 ], [ -115.593778421706546, 32.709530856593162 ], [ -115.594676736593442, 32.708991867609285 ], [ -115.595036062736668, 32.70899186771512 ], [ -115.595036062830332, 32.710159676745739 ], [ -115.594407240896615, 32.710159677382535 ] ] ] } },
{ "type": "Feature", "properties": { "csb_id": "061825014231612", "acres": 3.2345202085337101, "geoid": "06025" }, "geometry": { "type": "Polygon", "coordinates": [ [ [ -115.591802128189954, 32.708183383900298 ], [ -115.591532633406203, 32.708093552153898 ], [ -115.591442801589821, 32.707824057490164 ], [ -115.59153263330964, 32.707285068413682 ], [ -115.592341116419121, 32.70728506840571 ], [ -115.592341116957044, 32.708093551675532 ], [ -115.592969937917857, 32.708363046125811 ], [ -115.592969937650565, 32.70863254156783 ], [ -115.592161453814725, 32.708632541027903 ], [ -115.591802128189954, 32.708183383900298 ] ] ] } },
{ "type": "Feature", "properties": { "csb_id": "061825014231700", "acres": 9.2787756984721206, "geoid": "06025" }, "geometry": { "type": "Polygon", "coordinates": [ [ [ -115.655043523650818, 32.706027426980675 ], [ -115.65225874684549, 32.70602742687386 ], [ -115.652258745806691, 32.705757931957194 ], [ -115.652618072347551, 32.705757932516647 ], [ -115.652618072006746, 32.70539860622835 ], [ -115.653785882837312, 32.705398606453144 ], [ -115.653785882604822, 32.704859616569323 ], [ -115.654684197679472, 32.704859617332474 ], [ -115.655223186610272, 32.704230796746778 ], [ -115.655852007554287, 32.70423079619006 ], [ -115.655852007310031, 32.705757932030068 ], [ -115.654953692080738, 32.705757932324964 ], [ -115.655043523650818, 32.706027426980675 ] ] ] } },
{ "type": "Feature", "properties": { "csb_id": "061825014231745", "acres": 26.354192097105901, "geoid": "06025" }, "geometry": { "type": "Polygon", "coordinates": [ [ [ -115.652258745806691, 32.705757931957194 ], [ -115.652348577558229, 32.702883323513433 ], [ -115.652618072250831, 32.702793492005227 ], [ -115.652707904022662, 32.70225450298819 ], [ -115.656480828472112, 32.702254502783163 ], [ -115.656480828007901, 32.70333248124507 ], [ -115.656211333354562, 32.703691806985162 ], [ -115.655941838745463, 32.703781638799207 ], [ -115.655852007554287, 32.70423079619006 ], [ -115.655223186610272, 32.704230796746778 ], [ -115.654684197679472, 32.704859617332474 ], [ -115.653785882604822, 32.704859616569323 ], [ -115.653785882837312, 32.705398606453144 ], [ -115.652618072006746, 32.70539860622835 ], [ -115.652618072347551, 32.705757932516647 ], [ -115.652258745806691, 32.705757931957194 ] ] ] } }
]
}
