{
"type": "FeatureCollection",
"name": "06085",
"crs": { "type": "name", "properties": { "name": "urn:ogc:def:crs:OGC:1.3:CRS84" } },
"features": [
{ "type": "Feature", "properties": { "csb_id": "061825012337557", "acres": 5.1990205796329603, "geoid": "06085" }, "geometry": { "type": "Polygon", "coordinates": [ [ [ -121.812349158591928, 37.452429561995295 ], [ -121.813247473605458, 37.45242956197108 ], [ -121.813516968492834, 37.452788888085649 ], [ -121.813516968565381, 37.45332787739116 ], [ -121.81198983185584, 37.453327876811215 ], [ -121.81198983219646, 37.453687203453761 ], [ -121.810193201959734, 37.453687203189659 ], [ -121.810193202305342, 37.453327877363186 ], [ -121.810822022197044, 37.453058382720002 ], [ -121.81234915866979, 37.453058382924645 ], [ -121.812349158591928, 37.452429561995295 ] ] ] } },
{ "type": "Feature", "properties": { "csb_id": "061825012337626", "acres": 2.6243878611476301, "geoid": "06085" }, "geometry": { "type": "Polygon", "coordinates": [ [ [ -121.832830747096821, 37.440571799926701 ], [ -121.833459567926752, 37.44057179960415 ], [ -121.833459567340867, 37.442009104428571 ], [ -121.833998556702426, 37.442009104346617 ], [ -121.83399855736009, 37.44236843037983 ], [ -121.833100241894897, 37.442368430681768 ], [ -121.833100241703292, 37.441470115719532 ], [ -121.832830746535549, 37.441470115525689 ], [ -121.832830747096821, 37.440571799926701 ] ] ] } },
{ "type": "Feature", "properties": { "csb_id": "061825012337821", "acres": 6.5729203912876004, "geoid": "06085" }, "geometry": { "type": "Polygon", "coordinates": [ [ [ -121.78468104780363, 37.417395266141249 ], [ -121.783812909833586, 37.417185424976587 ], [ -121.783782732758652, 37.416496950124426 ], [ -121.783423406751481, 37.416496950705429 ], [ -121.783153912025099, 37.416137624146998 ], [ -121.783153912031338, 37.415868129880515 ], [ -121.7840522271146, 37.415868130002004 ], [ -121.78405222716124, 37.415598634994467 ], [ -121.784950542532641, 37.415598635111358 ], [ -121.784950542161155, 37.415239309399766 ], [ -121.785220036856458, 37.415239309041816 ], [ -121.78522003691684, 37.41586813009701 ], [ -121.78495054284609, 37.4161376245792 ], [ -121.784950542118636, 37.416496950424921 ], [ -121.784681047600785, 37.416766445495227 ], [ -121.784321721266139, 37.416766444816346 ], [ -121.78432172219641, 37.417035939721565 ], [ -121.78522003674091, 37.417035939952619 ], [ -121.785220037079782, 37.41793425446523 ], [ -121.784681047262168, 37.417934255055243 ], [ -121.78468104780363, 37.417395266141249 ] ] ] } },
{ "type": "Feature", "properties": { "csb_id": "061825012338184", "acres": 2.17578457872313, "geoid": "06085" }, "geometry": { "type": "Polygon", "coordinates": [ [ [ -121.794472683824736, 37.37634225699032 ], [ -121.796269314840046, 37.376611751823027 ], [ -121.796269314932687, 37.376881246024951 ], [ -121.79384386412876, 37.376881246238597 ], [ -121.793843863425749, 37.376611752231241 ], [ -121.794472684609318, 37.37661175150054 ], [ -121.794472683824736, 37.37634225699032 ] ] ] } },
{ "type": "Feature", "properties": { "csb_id": "061825012338250", "acres": 4.1360050818118399, "geoid": "06085" }, "geometry": { "type": "Polygon", "coordinates": [ [ [ -121.763301144407194, 37.365292979165204 ], [ -121.764554223419211, 37.365714064525676 ], [ -121.765187606271823, 37.366460788721902 ], [ -121.765277437215261, 37.367359104601782 ], [ -121.765007942476174, 37.367718430315982 ], [ -121.764738448850878, 37.367718430469026 ], [ -121.764738448776868, 37.366820114923883 ], [ -121.764109627647954, 37.366191294608925 ], [ -121.763570638892887, 37.366191294915396 ], [ -121.763570638071329, 37.365652305314057 ], [ -121.763211312377095, 37.36565230503308 ], [ -121.763301144407194, 37.365292979165204 ] ] ] } },
{ "type": "Feature", "properties": { "csb_id": "061825012338407", "acres": 3.1603124222504602, "geoid": "06085" }, "geometry": { "type": "Polygon", "coordinates": [ [ [ -121.774619916016519, 37.343284254613089 ], [ -121.774799579215085, 37.343643580999 ], [ -121.77390126489162, 37.343643580798812 ], [ -121.77390126461934, 37.343913075289713 ], [ -121.773631769725029, 37.343913075332509 ], [ -121.773092780917693, 37.343284254825576 ], [ -121.773092780518823, 37.343014760133386 ], [ -121.773631770388519, 37.343014760408913 ], [ -121.773631770238225, 37.343284254719535 ], [ -121.773901263953235, 37.343284254437705 ], [ -121.773901264225515, 37.343014759888042 ], [ -121.773631770388519, 37.343014760408913 ], [ -121.773631769803842, 37.342385939839104 ], [ -121.774260589950359, 37.342385939363311 ], [ -121.774260589984863, 37.343284255057348 ], [ -121.774619916016519, 37.343284254613089 ] ] ] } },
{ "type": "Feature", "properties": { "csb_id": "061825012338560", "acres": 4.57011921419282, "geoid": "06085" }, "geometry": { "type": "Polygon", "coordinates": [ [ [ -121.762672323619768, 37.32666542188403 ], [ -121.763211312424858, 37.326665422523739 ], [ -121.763570638552409, 37.326934916857773 ], [ -121.763570638138916, 37.327204411290019 ], [ -121.764468953831525, 37.327204411126537 ], [ -121.764468953388487, 37.327563737299464 ], [ -121.763840133270989, 37.32756373744779 ], [ -121.763840133297734, 37.328102726406549 ], [ -121.763211312042628, 37.328102726257036 ], [ -121.76321131241302, 37.328731547510756 ], [ -121.762941817970002, 37.328731546796725 ], [ -121.762672323107225, 37.328462053012075 ], [ -121.762672323624273, 37.328102726045991 ], [ -121.762941817985975, 37.32810272688068 ], [ -121.762941818365462, 37.32756373739722 ], [ -121.762402829332757, 37.326934916866932 ], [ -121.762672323619768, 37.32666542188403 ] ] ] } },
{ "type": "Feature", "properties": { "csb_id": "061825012338720", "acres": 17.125185540074899, "geoid": "06085" }, "geometry": { "type": "Polygon", "coordinates": [ [ [ -122.13085872977733, 37.307929056732803 ], [ -122.128466307310404, 37.307082150085833 ], [ -122.128137158630523, 37.30624348750947 ], [ -122.128106980420696, 37.305734676008278 ], [ -122.129634116458803, 37.305824507199006 ], [ -122.129993442499568, 37.305555012634088 ], [ -122.129993443412687, 37.304926193010054 ], [ -122.131161252703748, 37.304926191760728 ], [ -122.131161253068313, 37.304656697989081 ], [ -122.131430747967499, 37.304656698285854 ], [ -122.131790073675575, 37.305195686603689 ], [ -122.131790073066981, 37.305824507599141 ], [ -122.131430748180705, 37.306094002792022 ], [ -122.130891758771085, 37.306094001995568 ], [ -122.130891757740329, 37.306363496487513 ], [ -122.131161252662523, 37.306632991342823 ], [ -122.13170024237607, 37.306632990809746 ], [ -122.13170024241424, 37.307261812098567 ], [ -122.131430747297728, 37.307531306801664 ], [ -122.131430747735067, 37.307980464285372 ], [ -122.13085872977733, 37.307929056732803 ] ], [ [ -122.131161252731957, 37.307800801254302 ], [ -122.131161252533389, 37.307261811662428 ], [ -122.130801926199226, 37.307261811839609 ], [ -122.130801927085201, 37.307800800704577 ], [ -122.131161252731957, 37.307800801254302 ] ], [ [ -122.130801926978464, 37.306453329272372 ], [ -122.130532431675803, 37.306453328084757 ], [ -122.130532432932398, 37.306632992292293 ], [ -122.130801926861466, 37.30663299114569 ], [ -122.130801926978464, 37.306453329272372 ] ], [ [ -122.129005296294409, 37.306453328484125 ], [ -122.12909512706041, 37.306094001899616 ], [ -122.129005295979468, 37.306094002104665 ], [ -122.129005296294409, 37.306453328484125 ] ] ] } },
{ "type": "Feature", "properties": { "csb_id": "061825012338732", "acres": 8.2126466503610303, "geoid": "06085" }, "geometry": { "type": "Polygon", "coordinates": [ [ [ -122.127298497409427, 37.303129561244461 ], [ -122.127567991980641, 37.303129561557149 ], [ -122.127837485924942, 37.303488887921638 ], [ -122.12873580107636, 37.303758381974241 ], [ -122.12873580164127, 37.304566865628509 ], [ -122.128286644535393, 37.305105855407206 ], [ -122.127567992058189, 37.305465181173325 ], [ -122.12729849723425, 37.304926192360995 ], [ -122.127298496804002, 37.304207539978272 ], [ -122.126400181940269, 37.304207539999261 ], [ -122.125501866310486, 37.303938045230254 ], [ -122.125501866668586, 37.303668550328652 ], [ -122.126400182253008, 37.303668550728581 ], [ -122.127298497454817, 37.30339905569172 ], [ -122.127298497409427, 37.303129561244461 ] ] ] } },
{ "type": "Feature", "properties": { "csb_id": "061825012338733", "acres": 3.70867794553542, "geoid": "06085" }, "geometry": { "type": "Polygon", "coordinates": [ [ [ -122.123435741507251, 37.30366855071177 ], [ -122.122267931896758, 37.303938045637715 ], [ -122.122058090557147, 37.303519065083059 ], [ -122.121998436293481, 37.302500740817372 ], [ -122.122417415292048, 37.302441087760826 ], [ -122.122776040549198, 37.302619346623203 ], [ -122.123036237038249, 37.302840767619337 ], [ -122.123226470682951, 37.303338963656586 ], [ -122.123705235659841, 37.303578719415597 ], [ -122.123705236059038, 37.303938045083378 ], [ -122.123435741962552, 37.303938045635462 ], [ -122.123435741507251, 37.30366855071177 ] ] ] } },
{ "type": "Feature", "properties": { "csb_id": "061825012338759", "acres": 3.2865916972392202, "geoid": "06085" }, "geometry": { "type": "Polygon", "coordinates": [ [ [ -122.119842480590535, 37.300165120861969 ], [ -122.119483154436267, 37.300075289638507 ], [ -122.119213659337916, 37.299176974807658 ], [ -122.118944164597025, 37.299176974892525 ], [ -122.118944165220697, 37.298907480080189 ], [ -122.119842480058196, 37.298907479436011 ], [ -122.119842480493418, 37.29917697473266 ], [ -122.120381469328365, 37.299176974750708 ], [ -122.120381469730674, 37.300075289868346 ], [ -122.120111975146742, 37.300434616025619 ], [ -122.119842479929645, 37.300434616278963 ], [ -122.119842480590535, 37.300165120861969 ] ] ] } },
{ "type": "Feature", "properties": { "csb_id": "061825012338760", "acres": 4.9956766738154803, "geoid": "06085" }, "geometry": { "type": "Polygon", "coordinates": [ [ [ -122.118674671157834, 37.299985459165576 ], [ -122.117503439713914, 37.299539722076581 ], [ -122.116756626398981, 37.299260752732863 ], [ -122.118045849535818, 37.298637985838631 ], [ -122.118944164748257, 37.298637985483985 ], [ -122.11894416486561, 37.299805795329711 ], [ -122.119213659380492, 37.299446468734956 ], [ -122.119483154436267, 37.300075289638507 ], [ -122.118674671157834, 37.299985459165576 ] ] ] } },
{ "type": "Feature", "properties": { "csb_id": "061825012338766", "acres": 11.6353052926838, "geoid": "06085" }, "geometry": { "type": "Polygon", "coordinates": [ [ [ -122.12334591000392, 37.303039729826146 ], [ -122.123163571676869, 37.30258706364468 ], [ -122.12163911043551, 37.301692257036024 ], [ -122.12163911061937, 37.301332931298809 ], [ -122.122267931937017, 37.301332930980259 ], [ -122.12253742597774, 37.301063436394088 ], [ -122.122537426027861, 37.300434615956057 ], [ -122.122267931148372, 37.300434615961095 ], [ -122.122267932114184, 37.299895626863311 ], [ -122.12253742668166, 37.29953630053695 ], [ -122.123166246570477, 37.299536300868596 ], [ -122.123974730431812, 37.299266806330181 ], [ -122.12433405671382, 37.299536300124146 ], [ -122.124334056549955, 37.29989562618109 ], [ -122.12370523581933, 37.300793942274112 ], [ -122.122806920569118, 37.300793941557515 ], [ -122.122806920940818, 37.301063436274688 ], [ -122.123166247141199, 37.301332930645785 ], [ -122.123705235870062, 37.301332931417981 ], [ -122.123974730838086, 37.301692257105344 ], [ -122.123974730742674, 37.30196175184561 ], [ -122.12370523629464, 37.301961751873272 ], [ -122.123705235673796, 37.303129561225255 ], [ -122.12334591000392, 37.303039729826146 ] ] ] } },
{ "type": "Feature", "properties": { "csb_id": "061825012338774", "acres": 3.95046804766366, "geoid": "06085" }, "geometry": { "type": "Polygon", "coordinates": [ [ [ -122.115675359161955, 37.298281115935076 ], [ -122.116249219036007, 37.297739671218082 ], [ -122.116878039670098, 37.297470175023172 ], [ -122.117776355530026, 37.298278660697392 ], [ -122.117776355435225, 37.298458321710442 ], [ -122.117218154257188, 37.298811331822037 ], [ -122.115675359161955, 37.298281115935076 ] ] ] } },
{ "type": "Feature", "properties": { "csb_id": "061825012338788", "acres": 10.752834341704199, "geoid": "06085" }, "geometry": { "type": "Polygon", "coordinates": [ [ [ -122.114183094313333, 37.298637984748439 ], [ -122.114183094136749, 37.298907479389982 ], [ -122.113913598599183, 37.298907479814055 ], [ -122.113913599357176, 37.298278659060465 ], [ -122.113284777799862, 37.297739670058093 ], [ -122.113015282756706, 37.297380343952682 ], [ -122.113015283562348, 37.29711084903046 ], [ -122.113644105147074, 37.296482028838625 ], [ -122.114183094151912, 37.296482028877051 ], [ -122.114183094264604, 37.29711084942074 ], [ -122.114811914669744, 37.297110849487616 ], [ -122.114811915036583, 37.296482028592102 ], [ -122.115979724249925, 37.296482028375827 ], [ -122.115979724798763, 37.29720068084044 ], [ -122.115350902376719, 37.297739670087246 ], [ -122.115350903416456, 37.298637985100626 ], [ -122.114183094313333, 37.298637984748439 ] ] ] } },
{ "type": "Feature", "properties": { "csb_id": "061825012338801", "acres": 4.1010567930406001, "geoid": "06085" }, "geometry": { "type": "Polygon", "coordinates": [ [ [ -122.114183094264604, 37.29711084942074 ], [ -122.114183094151912, 37.296482028877051 ], [ -122.113644105147074, 37.296482028838625 ], [ -122.113644104643086, 37.295673544723229 ], [ -122.113913599324675, 37.295404050582022 ], [ -122.11445258912677, 37.295404050304512 ], [ -122.114452588223017, 37.295943039814667 ], [ -122.115081409035767, 37.296212533652231 ], [ -122.115979724464012, 37.296302365384712 ], [ -122.115979724249925, 37.296482028375827 ], [ -122.114811915036583, 37.296482028592102 ], [ -122.114811914669744, 37.297110849487616 ], [ -122.114183094264604, 37.29711084942074 ] ] ] } },
{ "type": "Feature", "properties": { "csb_id": "061825012338810", "acres": 3.33585862629198, "geoid": "06085" }, "geometry": { "type": "Polygon", "coordinates": [ [ [ -122.11831534412562, 37.295314219102089 ], [ -122.118315344473658, 37.294685397757313 ], [ -122.117776353692534, 37.294685398024612 ], [ -122.117776353643052, 37.295044724182056 ], [ -122.117417028365722, 37.295044724387679 ], [ -122.117147533029893, 37.294685398439775 ], [ -122.117147533510192, 37.294146409104876 ], [ -122.118045850101396, 37.294146408690807 ], [ -122.118045849514971, 37.294415903239027 ], [ -122.11921366013209, 37.294415903353979 ], [ -122.119213659078611, 37.294685397985752 ], [ -122.118674670534446, 37.295314219053665 ], [ -122.11831534412562, 37.295314219102089 ] ] ] } },
{ "type": "Feature", "properties": { "csb_id": "061825012338824", "acres": 3.0219652700718398, "geoid": "06085" }, "geometry": { "type": "Polygon", "coordinates": [ [ [ -122.105289773092579, 37.293517587803706 ], [ -122.105020278213289, 37.292349777746999 ], [ -122.106457582553801, 37.292619272838145 ], [ -122.106727077599572, 37.292978598702021 ], [ -122.106727077503834, 37.293248093478454 ], [ -122.105828761672655, 37.293248093865145 ], [ -122.105559266586056, 37.293337924706101 ], [ -122.10555926719897, 37.293517587716401 ], [ -122.105289773092579, 37.293517587803706 ] ] ] } },
{ "type": "Feature", "properties": { "csb_id": "061825012338826", "acres": 3.8363235340023398, "geoid": "06085" }, "geometry": { "type": "Polygon", "coordinates": [ [ [ -122.115081409346246, 37.29217011471264 ], [ -122.115979724216388, 37.292170115444698 ], [ -122.115979724361196, 37.292709104086036 ], [ -122.116878039605879, 37.29270910415336 ], [ -122.116878039795722, 37.293337925000849 ], [ -122.116608545669919, 37.293337925355829 ], [ -122.11660854567134, 37.293607419630725 ], [ -122.115979724386889, 37.293607419847874 ], [ -122.115710230652198, 37.293337925274884 ], [ -122.11535090388611, 37.29333792521583 ], [ -122.11535090346446, 37.292439610202784 ], [ -122.115081408823386, 37.29243960985049 ], [ -122.115081409346246, 37.29217011471264 ] ] ] } },
{ "type": "Feature", "properties": { "csb_id": "061825012338831", "acres": 10.4788884242273, "geoid": "06085" }, "geometry": { "type": "Polygon", "coordinates": [ [ [ -122.114811914491327, 37.292439609758233 ], [ -122.114452588293574, 37.292439609723935 ], [ -122.114452588783223, 37.292709104109065 ], [ -122.1148119151853, 37.29270910438548 ], [ -122.114811914491327, 37.292439609758233 ], [ -122.115081408823386, 37.29243960985049 ], [ -122.115081409018117, 37.29306843018788 ], [ -122.113644105213965, 37.293068430447434 ], [ -122.113644105024321, 37.292709103855678 ], [ -122.113913599404626, 37.292709103966402 ], [ -122.113913599769418, 37.292439609823454 ], [ -122.111488148384879, 37.292439610036645 ], [ -122.111488147562383, 37.29181078898057 ], [ -122.111847474521397, 37.291810788615742 ], [ -122.112116968780342, 37.291541294678268 ], [ -122.112116968452597, 37.291271800156416 ], [ -122.111488147860953, 37.291271799830611 ], [ -122.1114881475917, 37.290912473466612 ], [ -122.111847474122328, 37.290912474093197 ], [ -122.111847474460859, 37.290642978651078 ], [ -122.112386463472291, 37.290642979191361 ], [ -122.112745789731804, 37.290912473941432 ], [ -122.112745788977406, 37.291541294187617 ], [ -122.114183093856397, 37.291541294117302 ], [ -122.114183093679813, 37.291810789448924 ], [ -122.114811914071112, 37.291810788903241 ], [ -122.11481191478218, 37.291541294805171 ], [ -122.115081409151514, 37.291541294171012 ], [ -122.115081409346246, 37.29217011471264 ], [ -122.114811914491327, 37.292439609758233 ] ], [ [ -122.113644105203349, 37.292170115168801 ], [ -122.113644105322692, 37.291810789319214 ], [ -122.113284778701896, 37.29181078936989 ], [ -122.113284779040839, 37.292170114735256 ], [ -122.113644105203349, 37.292170115168801 ] ] ] } },
{ "type": "Feature", "properties": { "csb_id": "061825012338832", "acres": 14.6980426065121, "geoid": "06085" }, "geometry": { "type": "Polygon", "coordinates": [ [ [ -122.109152528787391, 37.29181078993367 ], [ -122.108254213015385, 37.291810789851745 ], [ -122.107625392093979, 37.292170115786618 ], [ -122.106188087399659, 37.29217011514735 ], [ -122.106188087687002, 37.2915412943983 ], [ -122.105559267651188, 37.291541294226732 ], [ -122.105020278232416, 37.290912473941091 ], [ -122.105020278715514, 37.290642979288336 ], [ -122.107355897656717, 37.290912474818214 ], [ -122.107355897547279, 37.291271799643241 ], [ -122.107625392265305, 37.291271799524473 ], [ -122.107625391958393, 37.290373484930157 ], [ -122.109422023214606, 37.290642979177953 ], [ -122.110050843034799, 37.291271799693227 ], [ -122.110050844175859, 37.291541294238129 ], [ -122.109781349619936, 37.29217011575706 ], [ -122.109152528269462, 37.292170115719635 ], [ -122.109152528787391, 37.29181078993367 ] ] ] } },
{ "type": "Feature", "properties": { "csb_id": "061825012338833", "acres": 7.2607484614035798, "geoid": "06085" }, "geometry": { "type": "Polygon", "coordinates": [ [ [ -122.100798195729794, 37.292170114961451 ], [ -122.100798196444046, 37.290912473920294 ], [ -122.09963038615264, 37.290912473564184 ], [ -122.099630386272025, 37.290642979590316 ], [ -122.099899880758613, 37.290373484383899 ], [ -122.100798195002724, 37.290283653118571 ], [ -122.101067690987421, 37.290014158366439 ], [ -122.101067689373053, 37.289654833041673 ], [ -122.101696511894076, 37.289654832040483 ], [ -122.10169651200664, 37.290553147805916 ], [ -122.101427017328376, 37.290553147367227 ], [ -122.101427016292334, 37.290912473543109 ], [ -122.102235501092011, 37.291451462953049 ], [ -122.102235500359839, 37.291810788879253 ], [ -122.101966005983257, 37.292170114924581 ], [ -122.100798195729794, 37.292170114961451 ] ], [ [ -122.101427016661148, 37.291271800289152 ], [ -122.101067691227215, 37.291271799683734 ], [ -122.101067690828742, 37.291541294806322 ], [ -122.101427017254153, 37.291541294552829 ], [ -122.101427016661148, 37.291271800289152 ] ] ] } },
{ "type": "Feature", "properties": { "csb_id": "061825012338841", "acres": 3.4276292169509399, "geoid": "06085" }, "geometry": { "type": "Polygon", "coordinates": [ [ [ -122.10106769099589, 37.287409044260563 ], [ -122.101427017406209, 37.287319213574058 ], [ -122.101427016444447, 37.28669039160161 ], [ -122.101696512257092, 37.286510729952361 ], [ -122.102235500303493, 37.28669039209818 ], [ -122.102205323514099, 37.288097518720079 ], [ -122.101427017247346, 37.288217528515354 ], [ -122.101427015782534, 37.28785820161356 ], [ -122.10106769099589, 37.287409044260563 ] ] ] } },
{ "type": "Feature", "properties": { "csb_id": "061825012338842", "acres": 4.6281830707423204, "geoid": "06085" }, "geometry": { "type": "Polygon", "coordinates": [ [ [ -122.092982853612142, 37.288397192072161 ], [ -122.092443862378076, 37.287678538955795 ], [ -122.092443861660229, 37.286959886926461 ], [ -122.093342179685564, 37.286959886873163 ], [ -122.094240494820752, 37.287319212542315 ], [ -122.094240493735015, 37.287858201959125 ], [ -122.093342180192082, 37.288487023257559 ], [ -122.092982853612142, 37.288397192072161 ] ], [ [ -122.093342179377046, 37.287319212161137 ], [ -122.092713357760644, 37.28731921293349 ], [ -122.09271335857666, 37.287588707062341 ], [ -122.093342176988372, 37.28758870749968 ], [ -122.093342179377046, 37.287319212161137 ] ] ] } },
{ "type": "Feature", "properties": { "csb_id": "061825012338843", "acres": 3.8071943376587898, "geoid": "06085" }, "geometry": { "type": "Polygon", "coordinates": [ [ [ -122.095498135804036, 37.287858202123488 ], [ -122.095138809854788, 37.286959886642528 ], [ -122.094869315425356, 37.286690392260162 ], [ -122.094869315710213, 37.286061570968698 ], [ -122.095767630788643, 37.286061571602133 ], [ -122.096037125565417, 37.286420897162834 ], [ -122.096037125476457, 37.287588707043618 ], [ -122.095767630964261, 37.287858201426175 ], [ -122.095498135804036, 37.287858202123488 ] ] ] } },
{ "type": "Feature", "properties": { "csb_id": "061825012338845", "acres": 3.21105858829924, "geoid": "06085" }, "geometry": { "type": "Polygon", "coordinates": [ [ [ -122.088940434787801, 37.286420897178182 ], [ -122.088940434752686, 37.286061570973999 ], [ -122.089479423176584, 37.285522583159434 ], [ -122.089659086195184, 37.285522580947863 ], [ -122.090287907570087, 37.285522581593611 ], [ -122.090737065247382, 37.286420897114738 ], [ -122.088940434787801, 37.286420897178182 ] ] ] } },
{ "type": "Feature", "properties": { "csb_id": "061825012338849", "acres": 3.19214360299096, "geoid": "06085" }, "geometry": { "type": "Polygon", "coordinates": [ [ [ -122.092174370158517, 37.28579207690079 ], [ -122.090826896033448, 37.285792076654545 ], [ -122.090557401799174, 37.285612414013478 ], [ -122.090647233351518, 37.285253087266376 ], [ -122.091006559461448, 37.284893761373624 ], [ -122.092174369463009, 37.28489376096487 ], [ -122.092174370158517, 37.28579207690079 ] ] ] } },
{ "type": "Feature", "properties": { "csb_id": "061825012338854", "acres": 4.5579012097969001, "geoid": "06085" }, "geometry": { "type": "Polygon", "coordinates": [ [ [ -122.087413298917781, 37.286061571227599 ], [ -122.087413298409018, 37.285342919246375 ], [ -122.087143803693635, 37.284983592754479 ], [ -122.086874309147618, 37.28498359313415 ], [ -122.08687430942112, 37.284444603975459 ], [ -122.087413298517916, 37.28444460360943 ], [ -122.088581108401144, 37.284983592873232 ], [ -122.088581108049169, 37.285612413831366 ], [ -122.088221782458433, 37.286151402840289 ], [ -122.087413298917781, 37.286061571227599 ] ] ] } },
{ "type": "Feature", "properties": { "csb_id": "061825012338856", "acres": 4.3764486993734897, "geoid": "06085" }, "geometry": { "type": "Polygon", "coordinates": [ [ [ -122.093971000546489, 37.284893761269366 ], [ -122.093611674496003, 37.284624266898341 ], [ -122.093611674448013, 37.28372595124619 ], [ -122.093971000183188, 37.283725951006716 ], [ -122.093970999761197, 37.283995445838464 ], [ -122.095138809770518, 37.283995446217133 ], [ -122.095138809840563, 37.284354771868273 ], [ -122.096037125125534, 37.284354772404328 ], [ -122.096037124986267, 37.284624266908274 ], [ -122.095767630428981, 37.284624266946594 ], [ -122.095498136282842, 37.284893761238472 ], [ -122.093971000546489, 37.284893761269366 ] ] ] } },
{ "type": "Feature", "properties": { "csb_id": "061825012338862", "acres": 12.540635981545799, "geoid": "06085" }, "geometry": { "type": "Polygon", "coordinates": [ [ [ -122.097204935424472, 37.285253087434107 ], [ -122.096306620112372, 37.284354772384027 ], [ -122.095138809840563, 37.284354771868273 ], [ -122.095138809770518, 37.283995446217133 ], [ -122.093970999761197, 37.283995445838464 ], [ -122.093971000239932, 37.283186962364745 ], [ -122.094240495246112, 37.283186962290863 ], [ -122.094240494578912, 37.283546288180879 ], [ -122.095138809528535, 37.283546288657561 ], [ -122.09513880973546, 37.28381578337391 ], [ -122.095767630175558, 37.28381578322233 ], [ -122.096306619705445, 37.283097130862522 ], [ -122.097474429445541, 37.283097130728542 ], [ -122.097474430302583, 37.283456456957168 ], [ -122.097833755463455, 37.283456457163126 ], [ -122.097833755294758, 37.284354772142059 ], [ -122.098372743663489, 37.284354772214925 ], [ -122.098372744261056, 37.283995445752829 ], [ -122.099630386866011, 37.284085277247357 ], [ -122.099630385650656, 37.284354772104891 ], [ -122.099271059304627, 37.284354772819228 ], [ -122.097833755434834, 37.285253087686201 ], [ -122.097204935424472, 37.285253087434107 ] ], [ [ -122.098732070261107, 37.284085277454245 ], [ -122.098462575492732, 37.284085277469494 ], [ -122.098462575840401, 37.284354771975956 ], [ -122.098732071583896, 37.284354771960729 ], [ -122.098732070261107, 37.284085277454245 ] ] ] } },
{ "type": "Feature", "properties": { "csb_id": "061825012338866", "acres": 3.1303033998484699, "geoid": "06085" }, "geometry": { "type": "Polygon", "coordinates": [ [ [ -122.098372745076929, 37.28255814163591 ], [ -122.098103250354555, 37.282558142062548 ], [ -122.098103250497985, 37.282827636476917 ], [ -122.098372745099553, 37.282827636292261 ], [ -122.098372745076929, 37.28255814163591 ], [ -122.098732071522775, 37.28255814164757 ], [ -122.099001565564024, 37.282827636064653 ], [ -122.09900156549952, 37.283186962304669 ], [ -122.098732071480896, 37.283186962543958 ], [ -122.098732071625804, 37.283725951331803 ], [ -122.098372745334402, 37.283725950969064 ], [ -122.098372745122177, 37.283097130922222 ], [ -122.097474429445541, 37.283097130728542 ], [ -122.097474429255541, 37.282198815447032 ], [ -122.098372744578583, 37.2821988151806 ], [ -122.098372745076929, 37.28255814163591 ] ] ] } },
{ "type": "Feature", "properties": { "csb_id": "061825012338906", "acres": 5.4758731907104803, "geoid": "06085" }, "geometry": { "type": "Polygon", "coordinates": [ [ [ -122.056780746823691, 37.279234375018298 ], [ -122.054085801820037, 37.278964880553019 ], [ -122.054085802104709, 37.278425891556708 ], [ -122.056780747117259, 37.278336060035919 ], [ -122.057050241651908, 37.278695385786499 ], [ -122.057050242148435, 37.278964880177483 ], [ -122.056780746823691, 37.279234375018298 ] ] ] } },
{ "type": "Feature", "properties": { "csb_id": "061825012338909", "acres": 3.2384356069805098, "geoid": "06085" }, "geometry": { "type": "Polygon", "coordinates": [ [ [ -122.062709628142059, 37.279054712236501 ], [ -122.06244013400206, 37.278785217003083 ], [ -122.062440133724351, 37.278336059460266 ], [ -122.063068954056902, 37.277527575908159 ], [ -122.063338448944137, 37.277527576058638 ], [ -122.063877437807449, 37.278066565590713 ], [ -122.062979122149599, 37.279054711816947 ], [ -122.062709628142059, 37.279054712236501 ] ] ] } },
{ "type": "Feature", "properties": { "csb_id": "061825012338921", "acres": 6.0352551222742798, "geoid": "06085" }, "geometry": { "type": "Polygon", "coordinates": [ [ [ -122.061811312842892, 37.279054711590867 ], [ -122.058846872051518, 37.279054711809174 ], [ -122.057948557800358, 37.278964880554177 ], [ -122.057948557341675, 37.27869538543829 ], [ -122.058846872180283, 37.277886901786317 ], [ -122.059206197940128, 37.277886901937222 ], [ -122.059206198256746, 37.278156397240252 ], [ -122.060104514399754, 37.278156396998803 ], [ -122.060374008636757, 37.278425891391109 ], [ -122.060374008653042, 37.278785216935709 ], [ -122.061811312793608, 37.278785217020221 ], [ -122.061811312842892, 37.279054711590867 ] ] ] } },
{ "type": "Feature", "properties": { "csb_id": "061825012338923", "acres": 4.6417581567474597, "geoid": "06085" }, "geometry": { "type": "Polygon", "coordinates": [ [ [ -122.048785741650207, 37.279054712466412 ], [ -122.048426415244748, 37.278336059306802 ], [ -122.047617931124535, 37.278336059393766 ], [ -122.048156919243837, 37.277527576100475 ], [ -122.049055236366655, 37.277527576113727 ], [ -122.049055236267861, 37.278425891175445 ], [ -122.049324730191955, 37.278425890957863 ], [ -122.049684056861565, 37.278156396723332 ], [ -122.049684057054691, 37.277886902413357 ], [ -122.049953550741094, 37.277886902274666 ], [ -122.049953551208915, 37.278425891109556 ], [ -122.049324731021045, 37.279234375259605 ], [ -122.048785741650207, 37.279054712466412 ] ] ] } },
{ "type": "Feature", "properties": { "csb_id": "061825012338960", "acres": 8.2144610678215901, "geoid": "06085" }, "geometry": { "type": "Polygon", "coordinates": [ [ [ -122.06127232400533, 37.27366482059216 ], [ -122.061272323714192, 37.273395325972622 ], [ -122.06064350293525, 37.273395326163538 ], [ -122.06064350280289, 37.272676673983021 ], [ -122.060374008693415, 37.27249701068785 ], [ -122.06037400882316, 37.271958021540115 ], [ -122.061541818760219, 37.271958021134623 ], [ -122.06154181811101, 37.27159869544181 ], [ -122.062170639649239, 37.271598695422931 ], [ -122.062709627716529, 37.272227515866398 ], [ -122.062440133483221, 37.273125830913095 ], [ -122.061811312611326, 37.273664820521162 ], [ -122.06127232400533, 37.27366482059216 ] ] ] } },
{ "type": "Feature", "properties": { "csb_id": "061825012338972", "acres": 5.45686294490263, "geoid": "06085" }, "geometry": { "type": "Polygon", "coordinates": [ [ [ -122.071602949793785, 37.269173243756043 ], [ -122.07286059077579, 37.269173244322353 ], [ -122.072860590654471, 37.270071559629812 ], [ -122.073399580051358, 37.270071559607231 ], [ -122.073399580333643, 37.270969874108459 ], [ -122.072231769739048, 37.270969874562915 ], [ -122.071962275447802, 37.270161390613552 ], [ -122.071602949128362, 37.269712232953566 ], [ -122.071602949793785, 37.269173243756043 ] ] ] } },
{ "type": "Feature", "properties": { "csb_id": "061825012338977", "acres": 2.6990021851371702, "geoid": "06085" }, "geometry": { "type": "Polygon", "coordinates": [ [ [ -122.073399580276472, 37.270341054050519 ], [ -122.073399580051358, 37.270071559607231 ], [ -122.072860590654471, 37.270071559629812 ], [ -122.07286059077579, 37.269173244322353 ], [ -122.073758905970251, 37.269173244374649 ], [ -122.073758906091015, 37.269442738289868 ], [ -122.074028400535738, 37.269442738916403 ], [ -122.074028401209148, 37.270071559290443 ], [ -122.073758906631483, 37.270341054825145 ], [ -122.073399580276472, 37.270341054050519 ] ] ] } },
{ "type": "Feature", "properties": { "csb_id": "061825012338984", "acres": 3.5921613187333201, "geoid": "06085" }, "geometry": { "type": "Polygon", "coordinates": [ [ [ -122.071063960675104, 37.269263075179879 ], [ -122.070435139285905, 37.269173244223204 ], [ -122.070435139369337, 37.268813917809169 ], [ -122.070704634550992, 37.2688139177435 ], [ -122.070704634524176, 37.268274928100148 ], [ -122.071962275740489, 37.268544423476804 ], [ -122.07223177046869, 37.26881391732195 ], [ -122.072231769667951, 37.26917324395199 ], [ -122.071602949793785, 37.269173243756043 ], [ -122.071602949128362, 37.269712232953566 ], [ -122.07133345477186, 37.269712233190091 ], [ -122.071063960675104, 37.269263075179879 ] ] ] } },
{ "type": "Feature", "properties": { "csb_id": "061825012338986", "acres": 4.27301930376023, "geoid": "06085" }, "geometry": { "type": "Polygon", "coordinates": [ [ [ -122.075555536261419, 37.269173243999802 ], [ -122.073399580556483, 37.269173243708103 ], [ -122.073399580499341, 37.26854442323409 ], [ -122.074657221950972, 37.268274928363596 ], [ -122.075825031008776, 37.268813917489588 ], [ -122.075555536261419, 37.269173243999802 ] ] ] } },
{ "type": "Feature", "properties": { "csb_id": "061825012338999", "acres": 3.34691151041197, "geoid": "06085" }, "geometry": { "type": "Polygon", "coordinates": [ [ [ -122.082382733209215, 37.266478298133187 ], [ -122.082382732541021, 37.266208803649036 ], [ -122.083281047762682, 37.266208803121039 ], [ -122.083550542236978, 37.26557998255317 ], [ -122.083820037303198, 37.265579982295606 ], [ -122.084718353124288, 37.26647829786917 ], [ -122.084718352858545, 37.266747792543427 ], [ -122.083550543006154, 37.26674779224566 ], [ -122.083550543077664, 37.266568129777482 ], [ -122.083281048393289, 37.266478298330732 ], [ -122.082382733209215, 37.266478298133187 ] ] ] } },
{ "type": "Feature", "properties": { "csb_id": "061825012339004", "acres": 5.5455285164944401, "geoid": "06085" }, "geometry": { "type": "Polygon", "coordinates": [ [ [ -122.077891157048967, 37.266208803646016 ], [ -122.07789115605442, 37.26593930908475 ], [ -122.077621661815826, 37.265939308671491 ], [ -122.077621661769939, 37.265310487924211 ], [ -122.077891156003531, 37.264951162264104 ], [ -122.078789471837865, 37.264681667175061 ], [ -122.079418291924341, 37.26468166710729 ], [ -122.079418293119744, 37.265849477629565 ], [ -122.078789472122239, 37.266208803059499 ], [ -122.077891157048967, 37.266208803646016 ] ] ] } },
{ "type": "Feature", "properties": { "csb_id": "061825012339007", "acres": 3.5432457002414002, "geoid": "06085" }, "geometry": { "type": "Polygon", "coordinates": [ [ [ -122.082382732541021, 37.266208803649036 ], [ -122.082382733384577, 37.265310489375423 ], [ -122.082921721907653, 37.265310487815825 ], [ -122.082921722465699, 37.264681668040403 ], [ -122.083820037389913, 37.264681667863059 ], [ -122.083820037450991, 37.265040993279918 ], [ -122.083550543238744, 37.265040993779344 ], [ -122.083550542236978, 37.26557998255317 ], [ -122.083281047762682, 37.266208803121039 ], [ -122.082382732541021, 37.266208803649036 ] ] ] } },
{ "type": "Feature", "properties": { "csb_id": "061825012339008", "acres": 5.5718225228224698, "geoid": "06085" }, "geometry": { "type": "Polygon", "coordinates": [ [ [ -121.999687853905201, 37.267067203272511 ], [ -121.999647895362074, 37.266478297541134 ], [ -122.000276715920208, 37.265669814590822 ], [ -122.000815704649895, 37.265310488205074 ], [ -122.002073346625551, 37.265400319236655 ], [ -122.002073346657525, 37.265849477587722 ], [ -122.00090553678082, 37.265939308358135 ], [ -122.00075385853475, 37.26661146636286 ], [ -122.000840750406795, 37.267310204639095 ], [ -121.999687853905201, 37.267067203272511 ] ] ] } },
{ "type": "Feature", "properties": { "csb_id": "061825012339043", "acres": 3.70045339851035, "geoid": "06085" }, "geometry": { "type": "Polygon", "coordinates": [ [ [ -121.465779122564996, 37.26288503709371 ], [ -121.464880806349854, 37.262974868778436 ], [ -121.464880806915176, 37.26207655284815 ], [ -121.464611311762667, 37.262076553516771 ], [ -121.464341817341193, 37.261807058492401 ], [ -121.464341817884659, 37.261178237677683 ], [ -121.463982491422968, 37.261178237991444 ], [ -121.46398249125842, 37.260908743280396 ], [ -121.464611312040603, 37.260908742812632 ], [ -121.464611311576391, 37.261537564162751 ], [ -121.465240133081821, 37.261537564195933 ], [ -121.465240132823922, 37.26207655277392 ], [ -121.46577912134282, 37.262076553053113 ], [ -121.465779122564996, 37.26288503709371 ] ] ] } },
{ "type": "Feature", "properties": { "csb_id": "061825012339078", "acres": 4.8786579353323098, "geoid": "06085" }, "geometry": { "type": "Polygon", "coordinates": [ [ [ -122.061541818340928, 37.257674807808662 ], [ -122.061541818308299, 37.257315481936047 ], [ -122.061811313430667, 37.257315482282223 ], [ -122.061811312902208, 37.257045987510693 ], [ -122.061002829501106, 37.257045988593873 ], [ -122.061002829260019, 37.256686661402462 ], [ -122.060014682564031, 37.256686660644199 ], [ -122.060014681918318, 37.256327335472008 ], [ -122.060374009348791, 37.256057841904415 ], [ -122.060374008832653, 37.255429020479603 ], [ -122.060643503397444, 37.255429021113294 ], [ -122.060643503480478, 37.255788346271565 ], [ -122.061002829360788, 37.256147671813785 ], [ -122.061811313012555, 37.256147672233361 ], [ -122.06181131237372, 37.256776492712092 ], [ -122.062170638841266, 37.256776492984287 ], [ -122.062170639776156, 37.257674808776414 ], [ -122.062440134315068, 37.257674809066977 ], [ -122.06244013382603, 37.258213797947398 ], [ -122.062170639837163, 37.258213798032536 ], [ -122.062170639412955, 37.257944303968316 ], [ -122.061811312879868, 37.257674809497267 ], [ -122.061541818340928, 37.257674807808662 ] ], [ [ -122.061541818380888, 37.256417167473792 ], [ -122.061272324624639, 37.256417167870751 ], [ -122.061272324145023, 37.256776492762768 ], [ -122.061541818105283, 37.256776492607507 ], [ -122.061541818380888, 37.256417167473792 ] ] ] } },
{ "type": "Feature", "properties": { "csb_id": "061825012339142", "acres": 4.5945774121751599, "geoid": "06085" }, "geometry": { "type": "Polygon", "coordinates": [ [ [ -122.077262335819128, 37.247434014399104 ], [ -122.077262336193641, 37.247254352065809 ], [ -122.076992840713856, 37.24716451862637 ], [ -122.076094525981347, 37.247164519416614 ], [ -122.076094526627585, 37.246266204427094 ], [ -122.077262335855536, 37.246266203983375 ], [ -122.078160650945193, 37.246625530625259 ], [ -122.078160650841752, 37.247164518924912 ], [ -122.077891156716689, 37.247434014977387 ], [ -122.077262335819128, 37.247434014399104 ] ] ] } },
{ "type": "Feature", "properties": { "csb_id": "061825012339163", "acres": 14.4124683116074, "geoid": "06085" }, "geometry": { "type": "Polygon", "coordinates": [ [ [ -122.060374008187296, 37.246535699171567 ], [ -122.06037400869171, 37.245367890110515 ], [ -122.061002829220257, 37.24509839474085 ], [ -122.061541818265681, 37.244469574887873 ], [ -122.061541818403484, 37.244289911500239 ], [ -122.060643503048141, 37.244289910303898 ], [ -122.060643503611004, 37.243391595600251 ], [ -122.061811312473793, 37.243391595126198 ], [ -122.061811312853578, 37.243032268810531 ], [ -122.062080807401543, 37.24294243747147 ], [ -122.063338449286945, 37.243571257827739 ], [ -122.063338449141426, 37.244559406135117 ], [ -122.062709628517467, 37.244559404870529 ], [ -122.062440134194389, 37.244828900191706 ], [ -122.062080807712334, 37.24536788845765 ], [ -122.062080807910903, 37.245906879091024 ], [ -122.06127232437386, 37.246266205194615 ], [ -122.061272323432121, 37.246535699091709 ], [ -122.060374008187296, 37.246535699171567 ] ] ] } },
{ "type": "Feature", "properties": { "csb_id": "061825012339409", "acres": 2.8088864723207698, "geoid": "06085" }, "geometry": { "type": "Polygon", "coordinates": [ [ [ -121.787645488059709, 37.216262474008822 ], [ -121.787645488157878, 37.217789609996473 ], [ -121.786747172527427, 37.21778961006973 ], [ -121.786747172943194, 37.217160789178955 ], [ -121.787286161616848, 37.216262473521439 ], [ -121.787645488059709, 37.216262474008822 ] ] ] } },
{ "type": "Feature", "properties": { "csb_id": "061825012339437", "acres": 6.1685197569952201, "geoid": "06085" }, "geometry": { "type": "Polygon", "coordinates": [ [ [ -121.733207582030275, 37.21446584334889 ], [ -121.733207582314577, 37.213926854114284 ], [ -121.732938087540873, 37.213926854054868 ], [ -121.732938087013054, 37.213657359753689 ], [ -121.733746571212293, 37.213657359375844 ], [ -121.734105897110283, 37.213298033598399 ], [ -121.734105896684781, 37.212759043788004 ], [ -121.734375392209884, 37.212309885951207 ], [ -121.734823847330958, 37.212400419654607 ], [ -121.734914380862421, 37.212938707115889 ], [ -121.735482845665715, 37.212999062520083 ], [ -121.735543201782221, 37.213208201951012 ], [ -121.73500421241792, 37.213747190974516 ], [ -121.733566908171582, 37.214555674413511 ], [ -121.733207582030275, 37.21446584334889 ] ] ] } },
{ "type": "Feature", "properties": { "csb_id": "061825012339460", "acres": 8.0736672875585995, "geoid": "06085" }, "geometry": { "type": "Polygon", "coordinates": [ [ [ -121.917901204647336, 37.213208201603905 ], [ -121.917901203817877, 37.212309886188685 ], [ -121.918530024594858, 37.212399717738798 ], [ -121.918530025240671, 37.212130223665234 ], [ -121.917631710080713, 37.212130223360482 ], [ -121.917631710307489, 37.211231908053016 ], [ -121.917901204137763, 37.210872582184344 ], [ -121.918530025761314, 37.210962413718299 ], [ -121.918530025296846, 37.210333592709517 ], [ -121.919069014319774, 37.210333592791251 ], [ -121.919428340458438, 37.210692918848117 ], [ -121.919069014697044, 37.212669212412827 ], [ -121.918170699555432, 37.212938707340321 ], [ -121.918170699012649, 37.213208201949072 ], [ -121.917901204647336, 37.213208201603905 ] ] ] } },
{ "type": "Feature", "properties": { "csb_id": "061825012339495", "acres": 3.39853737325938, "geoid": "06085" }, "geometry": { "type": "Polygon", "coordinates": [ [ [ -122.01707521174788, 37.209435277379555 ], [ -122.016626054054143, 37.209165782913303 ], [ -122.016626054487219, 37.208896288436762 ], [ -122.016087064900631, 37.208896288336639 ], [ -122.016087065017089, 37.209165783189803 ], [ -122.015727739299905, 37.209165782900889 ], [ -122.015727739035995, 37.20853696189026 ], [ -122.016626054494594, 37.208536961932182 ], [ -122.016626054265586, 37.207997973061495 ], [ -122.016356559520318, 37.207997972625591 ], [ -122.016356560038901, 37.207638647096665 ], [ -122.017254874492437, 37.207638646800454 ], [ -122.017254875017926, 37.207997973053168 ], [ -122.016895549010897, 37.207997972897765 ], [ -122.016895548886694, 37.208896288137723 ], [ -122.017254874535155, 37.208896288399053 ], [ -122.01752436986591, 37.209165782519214 ], [ -122.017524369394579, 37.209435277691455 ], [ -122.01707521174788, 37.209435277379555 ] ] ] } },
{ "type": "Feature", "properties": { "csb_id": "061825012339523", "acres": 4.4684571881673998, "geoid": "06085" }, "geometry": { "type": "Polygon", "coordinates": [ [ [ -121.974495681519315, 37.206380128045964 ], [ -121.974405235643204, 37.206201342555744 ], [ -121.973776414639005, 37.205931848282724 ], [ -121.973776415175678, 37.205482690260588 ], [ -121.976201866886697, 37.205213195821571 ], [ -121.976201866594977, 37.205842016675 ], [ -121.974495681519315, 37.206380128045964 ] ] ] } },
{ "type": "Feature", "properties": { "csb_id": "061825012339593", "acres": 11.830143725165, "geoid": "06085" }, "geometry": { "type": "Polygon", "coordinates": [ [ [ -122.043126355738565, 37.202338587921162 ], [ -122.042497534843463, 37.202248755493962 ], [ -122.042497534365666, 37.201170776919021 ], [ -122.041599219729619, 37.20018263119848 ], [ -122.041060229392045, 37.200182630211309 ], [ -122.040700903761746, 37.199913135071228 ], [ -122.040700903696134, 37.199374145859672 ], [ -122.041329724716846, 37.199284315035612 ], [ -122.041868713475509, 37.199823303919253 ], [ -122.042228040160936, 37.199913136362042 ], [ -122.043614946164851, 37.19996936876796 ], [ -122.043845007331313, 37.20081145100869 ], [ -122.04366534359589, 37.201170776631592 ], [ -122.043395849800476, 37.201170776699946 ], [ -122.043395849999712, 37.200811450301117 ], [ -122.043126355313177, 37.200811450252857 ], [ -122.042856860635467, 37.201170777238936 ], [ -122.042856861128016, 37.20170976663627 ], [ -122.043126355468729, 37.201709767149659 ], [ -122.043126354488095, 37.201440271485232 ], [ -122.044294164311268, 37.201440271496907 ], [ -122.044294165158973, 37.202608081353851 ], [ -122.043126355008667, 37.202608082014876 ], [ -122.043126355738565, 37.202338587921162 ] ] ] } },
{ "type": "Feature", "properties": { "csb_id": "061825012339654", "acres": 3.26157615055391, "geoid": "06085" }, "geometry": { "type": "Polygon", "coordinates": [ [ [ -121.781357281695065, 37.195152064585891 ], [ -121.781986102151805, 37.195152064249577 ], [ -121.78198610192149, 37.195511390262062 ], [ -121.783423406136123, 37.195511390453355 ], [ -121.783782733093332, 37.195780885347055 ], [ -121.783782732732448, 37.196050380095436 ], [ -121.782884417533282, 37.19605037987931 ], [ -121.781986102251224, 37.195780885323437 ], [ -121.781357281179382, 37.195780885562961 ], [ -121.781357281427972, 37.196050380117711 ], [ -121.781087786170218, 37.196050380046493 ], [ -121.781087786220553, 37.195511390288054 ], [ -121.781357280930848, 37.19551139097991 ], [ -121.781357281695065, 37.195152064585891 ] ] ] } },
{ "type": "Feature", "properties": { "csb_id": "061825012339710", "acres": 2.9965199713402502, "geoid": "06085" }, "geometry": { "type": "Polygon", "coordinates": [ [ [ -122.000905537123842, 37.191019814265083 ], [ -122.00054621019774, 37.190929982266638 ], [ -122.000546209999527, 37.190660486769794 ], [ -122.001175031434144, 37.19039099362287 ], [ -122.002342841270476, 37.190390993871318 ], [ -122.002342841035485, 37.190750319849933 ], [ -122.002073346686103, 37.191199477026004 ], [ -122.000905536982017, 37.191199476922733 ], [ -122.000905537123842, 37.191019814265083 ] ] ] } },
{ "type": "Feature", "properties": { "csb_id": "061825012339717", "acres": 4.0846842423962997, "geoid": "06085" }, "geometry": { "type": "Polygon", "coordinates": [ [ [ -121.792406558669043, 37.191648634717161 ], [ -121.79240655890888, 37.190750320082898 ], [ -121.79294554853881, 37.190390993319724 ], [ -121.793843863479509, 37.190390993929476 ], [ -121.793843863527812, 37.190750320055649 ], [ -121.793574369085547, 37.19075031935381 ], [ -121.793304874787239, 37.191019814248989 ], [ -121.79330487432135, 37.191289308697883 ], [ -121.793574369006038, 37.191289308519259 ], [ -121.793574369739375, 37.192097792794463 ], [ -121.792406558669043, 37.191648634717161 ] ] ] } },
{ "type": "Feature", "properties": { "csb_id": "061825012339718", "acres": 3.2028352911715401, "geoid": "06085" }, "geometry": { "type": "Polygon", "coordinates": [ [ [ -121.786747172935094, 37.190301162008652 ], [ -121.787286161660404, 37.190301161956583 ], [ -121.78728616229705, 37.191019814161741 ], [ -121.786477678753627, 37.191019814054542 ], [ -121.786477678615611, 37.191379139793632 ], [ -121.785848857501563, 37.191289308946871 ], [ -121.785848857579168, 37.191019813981704 ], [ -121.784950542340567, 37.191019814539338 ], [ -121.784950542072863, 37.190750319403513 ], [ -121.785579362998448, 37.190480825201504 ], [ -121.78611835228908, 37.190480824949333 ], [ -121.786118351784978, 37.190750319350784 ], [ -121.786747172392211, 37.190750319504652 ], [ -121.786747172935094, 37.190301162008652 ] ] ] } },
{ "type": "Feature", "properties": { "csb_id": "061825012339730", "acres": 11.0135174682508, "geoid": "06085" }, "geometry": { "type": "Polygon", "coordinates": [ [ [ -122.005576775915301, 37.190929982522746 ], [ -122.005576775805224, 37.190660488563935 ], [ -122.005307281709477, 37.19066048832542 ], [ -122.005307281153009, 37.190929983143413 ], [ -122.005576775915301, 37.190929982522746 ], [ -122.005576776332688, 37.191199477312281 ], [ -122.005307281372026, 37.191558803013749 ], [ -122.004678460452581, 37.19182829810935 ], [ -122.004139471213875, 37.191738466673705 ], [ -122.004139471393373, 37.191199477390668 ], [ -122.004678460541584, 37.191199477551521 ], [ -122.004678460873365, 37.19092998238505 ], [ -122.004139471483114, 37.190929982706564 ], [ -122.004139471430008, 37.190301162033087 ], [ -122.004408966589949, 37.19030116156933 ], [ -122.004408965877431, 37.189402846272628 ], [ -122.004139471466644, 37.189402846359521 ], [ -122.004139471863681, 37.189133352344975 ], [ -122.005666607627603, 37.18886385756246 ], [ -122.006205596607103, 37.189133352114382 ], [ -122.006205596814567, 37.190301162299605 ], [ -122.005936101940605, 37.190750319844575 ], [ -122.005576775915301, 37.190929982522746 ] ] ] } },
{ "type": "Feature", "properties": { "csb_id": "061825012339750", "acres": 2.9682152343424799, "geoid": "06085" }, "geometry": { "type": "Polygon", "coordinates": [ [ [ -122.003241156127643, 37.189852004236364 ], [ -122.002702167600077, 37.188684193918895 ], [ -122.002073346644508, 37.188684194148642 ], [ -122.002073346667657, 37.188055373961454 ], [ -122.003869977271151, 37.189492677957304 ], [ -122.004408965877431, 37.189402846272628 ], [ -122.004408966013145, 37.190031667649599 ], [ -122.003241156127643, 37.189852004236364 ] ] ] } },
{ "type": "Feature", "properties": { "csb_id": "061825012339764", "acres": 5.9637704705983303, "geoid": "06085" }, "geometry": { "type": "Polygon", "coordinates": [ [ [ -121.999378401014795, 37.188684194403791 ], [ -121.999108906011685, 37.188684194193648 ], [ -121.999108906490378, 37.188953688693637 ], [ -121.998480085335359, 37.188953689272765 ], [ -121.998480085826188, 37.18832486830626 ], [ -121.999108906673115, 37.188324868481104 ], [ -121.999108905715772, 37.187785879319861 ], [ -121.99883941176904, 37.187785878992187 ], [ -121.998839411231984, 37.187426552776031 ], [ -121.999108905898495, 37.187157058819324 ], [ -121.999917390121979, 37.187157058812076 ], [ -122.000546210851297, 37.187336721357333 ], [ -122.0002767159732, 37.188055373996399 ], [ -122.000276716275607, 37.188953689091008 ], [ -121.999378400277564, 37.188953689385968 ], [ -121.999378401014795, 37.188684194403791 ] ], [ [ -121.999647895011236, 37.187785878794031 ], [ -121.99964789557275, 37.187426553331832 ], [ -121.999378400120321, 37.187426552967452 ], [ -121.999378400757294, 37.187785878806629 ], [ -121.999647895011236, 37.187785878794031 ], [ -121.999647895247904, 37.188055373871123 ], [ -122.000007221225786, 37.188055373448869 ], [ -122.000007221092801, 37.187785878989864 ], [ -121.999647895011236, 37.187785878794031 ] ] ] } },
{ "type": "Feature", "properties": { "csb_id": "061825012339870", "acres": 3.80279889356268, "geoid": "06085" }, "geometry": { "type": "Polygon", "coordinates": [ [ [ -122.008271722450104, 37.176736600805349 ], [ -122.009170036940688, 37.176736601629379 ], [ -122.009529363227315, 37.177006095624705 ], [ -122.009529363888831, 37.177365421656546 ], [ -122.009170036787893, 37.177365422071617 ], [ -122.008631047733715, 37.177904411327319 ], [ -122.008631047659037, 37.178263737367189 ], [ -122.008271721838483, 37.178263737588217 ], [ -122.007732732583804, 37.177904410965922 ], [ -122.007732733268796, 37.177634916515721 ], [ -122.008002227930291, 37.177365422077656 ], [ -122.00827172190678, 37.177365421518729 ], [ -122.008271722450104, 37.176736600805349 ] ] ] } },
{ "type": "Feature", "properties": { "csb_id": "061825012339965", "acres": 2.8501643654423101, "geoid": "06085" }, "geometry": { "type": "Polygon", "coordinates": [ [ [ -121.654066005038516, 37.163351703496005 ], [ -121.654335500345027, 37.163351703085979 ], [ -121.654694826150433, 37.163082208980164 ], [ -121.654694826225821, 37.162722882271993 ], [ -121.655233815210408, 37.162722882974663 ], [ -121.655593141861459, 37.163082208672023 ], [ -121.655593141931917, 37.163351703189242 ], [ -121.655233815104737, 37.163351703577945 ], [ -121.655233814999036, 37.163980524023351 ], [ -121.654694826602807, 37.163980523996912 ], [ -121.654066005373679, 37.163621197654329 ], [ -121.654066005038516, 37.163351703496005 ] ] ] } },
{ "type": "Feature", "properties": { "csb_id": "061825012339988", "acres": 3.29262800432336, "geoid": "06085" }, "geometry": { "type": "Polygon", "coordinates": [ [ [ -121.654964320347148, 37.159129621536991 ], [ -121.654964320356967, 37.158860127040477 ], [ -121.654694825516842, 37.158860127643919 ], [ -121.654694824799833, 37.158500801426612 ], [ -121.655233814681623, 37.158500800863919 ], [ -121.655233814852892, 37.158770296497295 ], [ -121.655503308576144, 37.15877029579196 ], [ -121.655503308545732, 37.157961811768857 ], [ -121.656401624051554, 37.157961812482789 ], [ -121.656401624244936, 37.158231306308124 ], [ -121.656132129368032, 37.158231306909144 ], [ -121.655862634877124, 37.158770295479755 ], [ -121.655862635031269, 37.159668611461697 ], [ -121.65523381431214, 37.159668611911329 ], [ -121.655233814127769, 37.159219452954595 ], [ -121.654964320347148, 37.159129621536991 ] ] ] } },
{ "type": "Feature", "properties": { "csb_id": "061825012340078", "acres": 4.64164237776522, "geoid": "06085" }, "geometry": { "type": "Polygon", "coordinates": [ [ [ -121.980873106274359, 37.145834555457419 ], [ -121.980836436427566, 37.146157211946438 ], [ -121.980513779708318, 37.146373544307728 ], [ -121.979884958807233, 37.146373544887382 ], [ -121.979435800995347, 37.146104049585041 ], [ -121.977998497105759, 37.146104049980146 ], [ -121.977998497147993, 37.145475229513963 ], [ -121.978896812601377, 37.145475229138199 ], [ -121.978896812495975, 37.145205734843444 ], [ -121.979435800926055, 37.145205734510853 ], [ -121.979795127226438, 37.145475229691641 ], [ -121.979795127110791, 37.145834555763088 ], [ -121.980873106274359, 37.145834555457419 ] ] ] } },
{ "type": "Feature", "properties": { "csb_id": "061825012340080", "acres": 3.22437666253674, "geoid": "06085" }, "geometry": { "type": "Polygon", "coordinates": [ [ [ -121.632326775349284, 37.145115903178258 ], [ -121.632955596795583, 37.145115903278487 ], [ -121.6329555958431, 37.145385397949497 ], [ -121.633225091242323, 37.145385398022277 ], [ -121.633853911688348, 37.145115902700311 ], [ -121.633853911822897, 37.145475229555906 ], [ -121.63358441658896, 37.145475228925235 ], [ -121.633494585236633, 37.146373544540879 ], [ -121.633225090650413, 37.146373544117004 ], [ -121.633225090629665, 37.14610404955377 ], [ -121.632955596176529, 37.146014218179346 ], [ -121.632057280863165, 37.146014218166556 ], [ -121.632057280921401, 37.145385397643189 ], [ -121.63232677571493, 37.145385397996051 ], [ -121.632326775349284, 37.145115903178258 ] ] ] } },
{ "type": "Feature", "properties": { "csb_id": "061825012340093", "acres": 20.2436535380786, "geoid": "06085" }, "geometry": { "type": "Polygon", "coordinates": [ [ [ -121.635650542549541, 37.144487082696983 ], [ -121.634752226508567, 37.144576913821091 ], [ -121.634661693617275, 37.144935538157618 ], [ -121.63448273178345, 37.1450260715986 ], [ -121.633853911890355, 37.144846408384439 ], [ -121.633853911688348, 37.145115902700311 ], [ -121.633225091242323, 37.145385398022277 ], [ -121.6329555958431, 37.145385397949497 ], [ -121.632955596795583, 37.145115903278487 ], [ -121.632057280433614, 37.145115903063243 ], [ -121.63178778644459, 37.144217588253838 ], [ -121.632057280914538, 37.143948093548147 ], [ -121.632326775587899, 37.14403792509566 ], [ -121.632057280488439, 37.143768430106782 ], [ -121.632057280972774, 37.143319272498644 ], [ -121.632596269689969, 37.143319272331127 ], [ -121.632596269749314, 37.143049777910207 ], [ -121.634123406384717, 37.143049777750655 ], [ -121.634123406206456, 37.142151462595692 ], [ -121.633494585293647, 37.142151462759692 ], [ -121.633494585507023, 37.141253146983992 ], [ -121.633996905358131, 37.141559311443359 ], [ -121.634303068849647, 37.141881968558799 ], [ -121.634392900886496, 37.142241294293015 ], [ -121.635021721637216, 37.142780283353424 ], [ -121.636189530607467, 37.143319272530427 ], [ -121.636548855884087, 37.144217588429967 ], [ -121.6359200369061, 37.144756576851492 ], [ -121.635650542549541, 37.144487082696983 ] ], [ [ -121.635920035974181, 37.143678598707893 ], [ -121.635650541029875, 37.143678598468476 ], [ -121.635650542631808, 37.143948093002898 ], [ -121.635920035263212, 37.143948093955842 ], [ -121.635920035974181, 37.143678598707893 ] ], [ [ -121.634123406541747, 37.144217588090235 ], [ -121.63412340609456, 37.143678598995223 ], [ -121.633225091048544, 37.143678598882005 ], [ -121.633225090787221, 37.144217587648193 ], [ -121.634123406541747, 37.144217588090235 ] ], [ [ -121.635021720299278, 37.143319272589146 ], [ -121.635021721069762, 37.143678598937193 ], [ -121.63529121540833, 37.143678598856638 ], [ -121.635291214738459, 37.143319273130885 ], [ -121.635021720299278, 37.143319272589146 ], [ -121.635021719872881, 37.143049778223826 ], [ -121.634752226709807, 37.143049777942089 ], [ -121.634752227258375, 37.143319272069554 ], [ -121.635021720299278, 37.143319272589146 ] ] ] } },
{ "type": "Feature", "properties": { "csb_id": "061825012340098", "acres": 16.918596100866399, "geoid": "06085" }, "geometry": { "type": "Polygon", "coordinates": [ [ [ -121.629362335116028, 37.145115903257761 ], [ -121.629631830100863, 37.144846408211983 ], [ -121.629991155591824, 37.144846408283847 ], [ -121.629991155622335, 37.144487082560929 ], [ -121.628733514208648, 37.144487082673493 ], [ -121.628733513861803, 37.144217587792753 ], [ -121.628733514913193, 37.143948093505081 ], [ -121.629631829666877, 37.143948093467458 ], [ -121.629721661298106, 37.143409103769585 ], [ -121.629362335749107, 37.143319272868801 ], [ -121.629362335376726, 37.142510788909668 ], [ -121.629721660854543, 37.142241294174589 ], [ -121.63026065071729, 37.142151462316363 ], [ -121.631428459793341, 37.142151462834853 ], [ -121.63178778659686, 37.142420957601878 ], [ -121.631787786943974, 37.142780283569813 ], [ -121.632057280972774, 37.143319272498644 ], [ -121.632057280914538, 37.143948093548147 ], [ -121.631158965848769, 37.144487082253598 ], [ -121.630889471532313, 37.14484640840805 ], [ -121.630889471251024, 37.145385397890948 ], [ -121.629362335240145, 37.145385397655851 ], [ -121.629362335116028, 37.145115903257761 ] ] ] } },
{ "type": "Feature", "properties": { "csb_id": "061825012340109", "acres": 12.482993208106199, "geoid": "06085" }, "geometry": { "type": "Polygon", "coordinates": [ [ [ -121.633853911636592, 37.143049777664459 ], [ -121.632596269749314, 37.143049777910207 ], [ -121.632596269689969, 37.143319272331127 ], [ -121.632057280972774, 37.143319272498644 ], [ -121.631787786943974, 37.142780283569813 ], [ -121.63178778659686, 37.142420957601878 ], [ -121.631428459793341, 37.142151462834853 ], [ -121.630530145275628, 37.142151462334034 ], [ -121.630619976039455, 37.141612473590669 ], [ -121.631518291828627, 37.140714158201192 ], [ -121.632057280957099, 37.140714158112026 ], [ -121.632057280596072, 37.141342978965803 ], [ -121.632326775616249, 37.141522641803476 ], [ -121.632955596288426, 37.141522641979812 ], [ -121.632955596305479, 37.140983653100193 ], [ -121.632596270283614, 37.140624326795937 ], [ -121.632326776137205, 37.140624326931743 ], [ -121.632326775365144, 37.140444664108308 ], [ -121.632596269958057, 37.140444663734726 ], [ -121.633494585507023, 37.141253146983992 ], [ -121.633494585293647, 37.142151462759692 ], [ -121.634123406206456, 37.142151462595692 ], [ -121.63412340593753, 37.142510788400422 ], [ -121.633853910945149, 37.14251078878987 ], [ -121.633853911636592, 37.143049777664459 ] ], [ [ -121.632057281330404, 37.141971799421327 ], [ -121.631787786209642, 37.141971799363816 ], [ -121.631787786819544, 37.142241294049342 ], [ -121.63205728072279, 37.142241294582448 ], [ -121.632057281330404, 37.141971799421327 ] ] ] } },
{ "type": "Feature", "properties": { "csb_id": "061825012340163", "acres": 13.716040411754999, "geoid": "06085" }, "geometry": { "type": "Polygon", "coordinates": [ [ [ -121.619840193567711, 37.129485216749686 ], [ -121.618941878198967, 37.129485217199644 ], [ -121.618043562468443, 37.12876656523364 ], [ -121.617774068021447, 37.128766564539234 ], [ -121.617504573925814, 37.128497070657197 ], [ -121.617504573047128, 37.127778418451001 ], [ -121.61852289793606, 37.127359438564227 ], [ -121.619570699173295, 37.127329260688832 ], [ -121.619570698539263, 37.127958081643548 ], [ -121.621367328861183, 37.127958080922433 ], [ -121.621367329312349, 37.128766564749654 ], [ -121.620199518648462, 37.128856396323215 ], [ -121.620199519425071, 37.129036059213313 ], [ -121.620469014167782, 37.129036059281937 ], [ -121.620469014227965, 37.12966488036286 ], [ -121.619840193567711, 37.129485216749686 ] ] ] } },
{ "type": "Feature", "properties": { "csb_id": "061825012340177", "acres": 6.6942028064447996, "geoid": "06085" }, "geometry": { "type": "Polygon", "coordinates": [ [ [ -121.92769284057789, 37.124724145817169 ], [ -121.926525028841198, 37.124634315206379 ], [ -121.925896210857886, 37.124274988167265 ], [ -121.925896210317518, 37.124095325354553 ], [ -121.926525030164967, 37.124005494452568 ], [ -121.926525031393581, 37.123825830898575 ], [ -121.927103146520636, 37.124056200007281 ], [ -121.927692839850209, 37.124005494209548 ], [ -121.928591155662815, 37.124364820265576 ], [ -121.92984879721881, 37.124364819771472 ], [ -121.929739579133013, 37.124727567360431 ], [ -121.928591156612924, 37.12571229299521 ], [ -121.928591155357523, 37.12517330418526 ], [ -121.92769284057789, 37.124724145817169 ] ] ] } },
{ "type": "Feature", "properties": { "csb_id": "061825012340192", "acres": 5.8207425721217803, "geoid": "06085" }, "geometry": { "type": "Polygon", "coordinates": [ [ [ -121.927243682935895, 37.123861359982136 ], [ -121.926435200034376, 37.123376673170021 ], [ -121.926345894271464, 37.123556336267491 ], [ -121.926525030164967, 37.124005494452568 ], [ -121.926165704121061, 37.124005493825067 ], [ -121.926165705236812, 37.123466505184943 ], [ -121.925896210634761, 37.122927515906781 ], [ -121.926075873735925, 37.122208863582642 ], [ -121.926525031372933, 37.122478357703507 ], [ -121.926525031277777, 37.122927515231694 ], [ -121.926794526207544, 37.122927515449547 ], [ -121.926794526371367, 37.122388526708569 ], [ -121.927114726066222, 37.122427652664456 ], [ -121.928031113137436, 37.122640914541456 ], [ -121.928575803701477, 37.123248417737948 ], [ -121.927639679137755, 37.123323511258917 ], [ -121.927243682935895, 37.123861359982136 ] ], [ [ -121.927423346032398, 37.123376673531162 ], [ -121.927423346499111, 37.123197010549667 ], [ -121.92715385247854, 37.123197010392126 ], [ -121.927153851363158, 37.123376673373642 ], [ -121.927423346032398, 37.123376673531162 ] ] ] } },
{ "type": "Feature", "properties": { "csb_id": "061825012340206", "acres": 8.3585182785183392, "geoid": "06085" }, "geometry": { "type": "Polygon", "coordinates": [ [ [ -121.617504573238747, 37.121939368854953 ], [ -121.617504573150711, 37.121310548427871 ], [ -121.617774068645957, 37.121041053809108 ], [ -121.617504572896877, 37.121041053294825 ], [ -121.61750457304305, 37.120232570296949 ], [ -121.61777406738284, 37.120412232911768 ], [ -121.618941877923803, 37.120412232572178 ], [ -121.618941877803479, 37.120771558634779 ], [ -121.619840193339471, 37.120771558536127 ], [ -121.619840192723544, 37.120412232620708 ], [ -121.620469014347009, 37.120412232948453 ], [ -121.620469013499431, 37.121041053675839 ], [ -121.619570698125003, 37.121310548030436 ], [ -121.619301204149551, 37.12175970598485 ], [ -121.618672382446135, 37.122029200571419 ], [ -121.617504573238747, 37.121939368854953 ] ] ] } },
{ "type": "Feature", "properties": { "csb_id": "061825012340221", "acres": 11.551397970307301, "geoid": "06085" }, "geometry": { "type": "Polygon", "coordinates": [ [ [ -121.62253513948616, 37.120412232971226 ], [ -121.622535138534317, 37.119873243947218 ], [ -121.621996149633162, 37.119064760697405 ], [ -121.621636823594272, 37.119064761167749 ], [ -121.621906318022695, 37.118974929058218 ], [ -121.621906318621356, 37.11834610799886 ], [ -121.621636823797687, 37.118346108415707 ], [ -121.621636822733308, 37.117537624327078 ], [ -121.621996149389474, 37.117447793408921 ], [ -121.623433455192725, 37.117537625054091 ], [ -121.623433453754757, 37.118076612820602 ], [ -121.623702948492451, 37.118166444756831 ], [ -121.624241937787687, 37.119064759876643 ], [ -121.624152106604427, 37.119334254437682 ], [ -121.623702948997419, 37.119334255579624 ], [ -121.62343345500237, 37.11960374980913 ], [ -121.623433453880452, 37.11996307534654 ], [ -121.623163959437733, 37.120232570150776 ], [ -121.62253513948616, 37.120412232971226 ] ] ] } },
{ "type": "Feature", "properties": { "csb_id": "061825012340228", "acres": 10.446265351223399, "geoid": "06085" }, "geometry": { "type": "Polygon", "coordinates": [ [ [ -121.919069014808599, 37.118974928246743 ], [ -121.918799519041599, 37.118615601472769 ], [ -121.91879951935158, 37.118974928898744 ], [ -121.918440193797082, 37.118974928147196 ], [ -121.918440193049889, 37.119244422916942 ], [ -121.918799519901626, 37.119244423668555 ], [ -121.91879951935158, 37.118974928898744 ], [ -121.919069014808599, 37.118974928246743 ], [ -121.919069013837273, 37.119244422637841 ], [ -121.919697834754686, 37.119244422768467 ], [ -121.920112341034326, 37.118944575743392 ], [ -121.920469648966105, 37.119191261639337 ], [ -121.920506319287142, 37.119513918608121 ], [ -121.920236824438589, 37.120142738372479 ], [ -121.919697835014318, 37.120412232939024 ], [ -121.919338509106026, 37.120412233413155 ], [ -121.919069014595976, 37.12014273834275 ], [ -121.91906901435037, 37.11960375021102 ], [ -121.918440193818483, 37.119603749769006 ], [ -121.918440193859382, 37.119873243369007 ], [ -121.918170699053718, 37.119873243618052 ], [ -121.918170698646108, 37.118974928257934 ], [ -121.917002889508836, 37.118076614275253 ], [ -121.916643562852471, 37.117717286812386 ], [ -121.916643563520992, 37.117447793315101 ], [ -121.917002888641477, 37.117447792323162 ], [ -121.917002888800951, 37.117178297696029 ], [ -121.919085506605867, 37.11832961493532 ], [ -121.919428340744631, 37.118615603521114 ], [ -121.919338508689449, 37.118974929194017 ], [ -121.919069014808599, 37.118974928246743 ] ] ] } },
{ "type": "Feature", "properties": { "csb_id": "061825012340230", "acres": 6.8740454980856303, "geoid": "06085" }, "geometry": { "type": "Polygon", "coordinates": [ [ [ -121.623702948934309, 37.117447791998252 ], [ -121.621996149389474, 37.117447793408921 ], [ -121.62163682358468, 37.116998634754587 ], [ -121.621008003274994, 37.116908803158992 ], [ -121.62100800311832, 37.116549477202895 ], [ -121.621906318235077, 37.116010487645909 ], [ -121.62316395946992, 37.116010487707214 ], [ -121.623702949218881, 37.116908802993954 ], [ -121.623702948934309, 37.117447791998252 ] ], [ [ -121.62280463386395, 37.117178298109387 ], [ -121.622804633510199, 37.116908803015079 ], [ -121.623163960050107, 37.116908803195891 ], [ -121.623163959976523, 37.116549476820857 ], [ -121.622535139206434, 37.116639308678998 ], [ -121.622535138919247, 37.117268129411883 ], [ -121.62280463386395, 37.117178298109387 ] ] ] } },
{ "type": "Feature", "properties": { "csb_id": "061825012340234", "acres": 3.31024658084297, "geoid": "06085" }, "geometry": { "type": "Polygon", "coordinates": [ [ [ -121.916104572952051, 37.117447792973103 ], [ -121.915206257248116, 37.116908803371622 ], [ -121.914936762804714, 37.116549477752685 ], [ -121.914936764340553, 37.116279982508495 ], [ -121.915835078933526, 37.116369814 ], [ -121.917002888800951, 37.117178297696029 ], [ -121.916643562483472, 37.11717829830927 ], [ -121.916643563520992, 37.117447793315101 ], [ -121.916104572952051, 37.117447792973103 ] ] ] } },
{ "type": "Feature", "properties": { "csb_id": "061825012340280", "acres": 3.3831402972484899, "geoid": "06085" }, "geometry": { "type": "Polygon", "coordinates": [ [ [ -121.892928039767767, 37.111339248607472 ], [ -121.893467028341746, 37.111339248446107 ], [ -121.894095849193633, 37.111608743123412 ], [ -121.894095849388492, 37.112237563288211 ], [ -121.893467028019558, 37.112776552684863 ], [ -121.893197533773332, 37.112776552844529 ], [ -121.893197534297201, 37.112237564078093 ], [ -121.892658545319662, 37.112237563556967 ], [ -121.892658545506407, 37.111878237633142 ], [ -121.892928039792153, 37.111878237953768 ], [ -121.892928039767767, 37.111339248607472 ] ] ] } },
{ "type": "Feature", "properties": { "csb_id": "061825012340283", "acres": 4.2093483534083402, "geoid": "06085" }, "geometry": { "type": "Polygon", "coordinates": [ [ [ -121.889873767499537, 37.111249417137408 ], [ -121.889873767292457, 37.110620596183765 ], [ -121.889604273249532, 37.11035110154053 ], [ -121.889334777863382, 37.110351101752883 ], [ -121.88933477860158, 37.10999177523172 ], [ -121.889873767640182, 37.109722280639339 ], [ -121.890772083068782, 37.109722281135802 ], [ -121.891131409587175, 37.110081607316936 ], [ -121.891131408890118, 37.110351101804511 ], [ -121.890502588457224, 37.11035110204098 ], [ -121.890502587678441, 37.11062059601808 ], [ -121.890772083265901, 37.110890091069379 ], [ -121.890772083363714, 37.111249416938293 ], [ -121.889873767499537, 37.111249417137408 ] ] ] } },
{ "type": "Feature", "properties": { "csb_id": "061825012340288", "acres": 5.1481342134193202, "geoid": "06085" }, "geometry": { "type": "Polygon", "coordinates": [ [ [ -121.88933477860158, 37.10999177523172 ], [ -121.88816696854353, 37.109991775904881 ], [ -121.888166969146127, 37.108823965964412 ], [ -121.888436462784824, 37.108823965674155 ], [ -121.888436462751798, 37.108554471457836 ], [ -121.889274421594635, 37.108614827298503 ], [ -121.889873767100923, 37.109452786422608 ], [ -121.890233093209574, 37.109542617705706 ], [ -121.890233093908179, 37.109722281246583 ], [ -121.889873767640182, 37.109722280639339 ], [ -121.88933477860158, 37.10999177523172 ] ] ] } },
{ "type": "Feature", "properties": { "csb_id": "061825012340291", "acres": 3.39017008508955, "geoid": "06085" }, "geometry": { "type": "Polygon", "coordinates": [ [ [ -121.89436534353905, 37.109812112627225 ], [ -121.892299218560581, 37.109812112932971 ], [ -121.892299218324425, 37.109542617664736 ], [ -121.893467029272543, 37.108913797310599 ], [ -121.893826355011853, 37.108913796698779 ], [ -121.894365344114632, 37.109542617396855 ], [ -121.89436534353905, 37.109812112627225 ] ] ] } },
{ "type": "Feature", "properties": { "csb_id": "061825012340356", "acres": 3.1771747692435399, "geoid": "06085" }, "geometry": { "type": "Polygon", "coordinates": [ [ [ -121.612384176640091, 37.099301823631713 ], [ -121.61238417636018, 37.098762834533993 ], [ -121.612114682059811, 37.098493340107737 ], [ -121.611216366767735, 37.098134014115523 ], [ -121.611216366708376, 37.097864519421563 ], [ -121.612114681248642, 37.097595024426049 ], [ -121.612384176581017, 37.098134013647567 ], [ -121.613012997400716, 37.098762834169939 ], [ -121.61301299707317, 37.099032329328054 ], [ -121.61274350289429, 37.099301823472942 ], [ -121.612384176640091, 37.099301823631713 ] ] ] } },
{ "type": "Feature", "properties": { "csb_id": "061825012340370", "acres": 4.1251630505769397, "geoid": "06085" }, "geometry": { "type": "Polygon", "coordinates": [ [ [ -121.667450903671693, 37.091037323058387 ], [ -121.667450903593149, 37.090318671706228 ], [ -121.668079723754275, 37.089689851269263 ], [ -121.668618712521848, 37.089779681737923 ], [ -121.66906787124519, 37.090498334477651 ], [ -121.66880697331996, 37.090795637412079 ], [ -121.667989891935491, 37.091306817719236 ], [ -121.667989892286826, 37.091037323012195 ], [ -121.667450903671693, 37.091037323058387 ] ] ] } },
{ "type": "Feature", "properties": { "csb_id": "061825012340382", "acres": 3.4269364483457201, "geoid": "06085" }, "geometry": { "type": "Polygon", "coordinates": [ [ [ -121.614180807254101, 37.083221979860873 ], [ -121.613641817837177, 37.083042317229214 ], [ -121.61337232223552, 37.082772822473331 ], [ -121.613102826876116, 37.082772822604717 ], [ -121.613641817632612, 37.082323664899725 ], [ -121.613641817692709, 37.082054170190155 ], [ -121.614540133283413, 37.082054170362241 ], [ -121.614540131784125, 37.082323665162171 ], [ -121.614809627826844, 37.082323665030728 ], [ -121.614779448852531, 37.083101971194694 ], [ -121.614180807254101, 37.083221979860873 ] ] ] } },
{ "type": "Feature", "properties": { "csb_id": "061825012340385", "acres": 8.9045321887912898, "geoid": "06085" }, "geometry": { "type": "Polygon", "coordinates": [ [ [ -121.614809627415625, 37.083042317155908 ], [ -121.614809627826844, 37.082323665030728 ], [ -121.614540131784125, 37.082323665162171 ], [ -121.614540133283413, 37.082054170362241 ], [ -121.613641817692709, 37.082054170190155 ], [ -121.613372322696478, 37.081605012936365 ], [ -121.613372323281439, 37.08097619210421 ], [ -121.612743502590689, 37.080976191588888 ], [ -121.612743502608552, 37.08070669743843 ], [ -121.613641817201099, 37.080706697278778 ], [ -121.613911312397406, 37.080976192202023 ], [ -121.613911311912815, 37.081245686412025 ], [ -121.61364181817541, 37.081245686737113 ], [ -121.613641817428061, 37.081605012351716 ], [ -121.614180806703757, 37.081605012198828 ], [ -121.614180807047106, 37.081245686108943 ], [ -121.614540132713259, 37.080976192280957 ], [ -121.615079122246499, 37.080976191711997 ], [ -121.615671273838814, 37.081282355867209 ], [ -121.616351150133013, 37.082588158841688 ], [ -121.614809627415625, 37.083042317155908 ] ] ] } },
{ "type": "Feature", "properties": { "csb_id": "061825012340414", "acres": 8.8951027260927393, "geoid": "06085" }, "geometry": { "type": "Polygon", "coordinates": [ [ [ -121.655503309664269, 37.073520175173769 ], [ -121.654335499869902, 37.073430343326869 ], [ -121.654335499781837, 37.071993039205068 ], [ -121.655862636046137, 37.071993038667472 ], [ -121.656401625167348, 37.07226253315951 ], [ -121.656491456313375, 37.072621859840098 ], [ -121.657030445752625, 37.072621860109322 ], [ -121.657030445424596, 37.073250680581687 ], [ -121.65649145612791, 37.073250680220426 ], [ -121.656491457202677, 37.073520175028015 ], [ -121.65613213108584, 37.073789669424414 ], [ -121.655862635948495, 37.073789670003208 ], [ -121.655503309664269, 37.073520175173769 ] ] ] } },
{ "type": "Feature", "properties": { "csb_id": "061825012340416", "acres": 13.393303485569101, "geoid": "06085" }, "geometry": { "type": "Polygon", "coordinates": [ [ [ -121.653527015978312, 37.073160849222738 ], [ -121.651999880694561, 37.072711691253296 ], [ -121.651101565441166, 37.071903207034346 ], [ -121.650203249349332, 37.071364218036024 ], [ -121.650472744910303, 37.070735397879218 ], [ -121.651101564597994, 37.070735397546571 ], [ -121.651371059500107, 37.07118455524423 ], [ -121.653167690068202, 37.07118455568294 ], [ -121.65316769069976, 37.071454050067921 ], [ -121.653796510735219, 37.071633712631666 ], [ -121.654335499781837, 37.071993039205068 ], [ -121.65433549970497, 37.073160849076942 ], [ -121.653527015978312, 37.073160849222738 ] ] ] } },
{ "type": "Feature", "properties": { "csb_id": "061825012340421", "acres": 5.7948749187816002, "geoid": "06085" }, "geometry": { "type": "Polygon", "coordinates": [ [ [ -121.620199518895674, 37.071993039061404 ], [ -121.620199519423423, 37.070915060618667 ], [ -121.620469014092066, 37.070915060528108 ], [ -121.620469013700855, 37.070286239817356 ], [ -121.620199519112106, 37.070286240383346 ], [ -121.620199518734594, 37.070645566108851 ], [ -121.619840192610056, 37.070735397326345 ], [ -121.619660529934649, 37.070286239713127 ], [ -121.620199519564736, 37.069567587906818 ], [ -121.620738508423258, 37.069657419016259 ], [ -121.620738507942249, 37.070555734775056 ], [ -121.621367329511571, 37.070555734651542 ], [ -121.621367329305784, 37.071633713146369 ], [ -121.621367328771569, 37.071993038993689 ], [ -121.620199518895674, 37.071993039061404 ] ], [ [ -121.621097834392444, 37.071454049669086 ], [ -121.62073850855559, 37.071454049952003 ], [ -121.620738508021631, 37.07163371308868 ], [ -121.621097834722718, 37.071633712805834 ], [ -121.621097834392444, 37.071454049669086 ] ] ] } },
{ "type": "Feature", "properties": { "csb_id": "061825012340426", "acres": 5.4022295398527103, "geoid": "06085" }, "geometry": { "type": "Polygon", "coordinates": [ [ [ -121.645981167624214, 37.06992691345534 ], [ -121.644543863601427, 37.069926914235658 ], [ -121.643915043025373, 37.069567588073028 ], [ -121.643915043027235, 37.068938766618508 ], [ -121.645981168500981, 37.068938767732391 ], [ -121.64598116836828, 37.06875910430319 ], [ -121.646340493723685, 37.068669272696866 ], [ -121.646340494520558, 37.06893876753476 ], [ -121.64660998829018, 37.068938767079167 ], [ -121.646609988786423, 37.069298092651913 ], [ -121.645981168134199, 37.069387925934144 ], [ -121.645981167624214, 37.06992691345534 ] ] ] } },
{ "type": "Feature", "properties": { "csb_id": "061825012340429", "acres": 19.004299844956101, "geoid": "06085" }, "geometry": { "type": "Polygon", "coordinates": [ [ [ -121.648676113347562, 37.071004892677124 ], [ -121.645442178590145, 37.070196408528844 ], [ -121.645442178542865, 37.069926913451319 ], [ -121.645981167624214, 37.06992691345534 ], [ -121.645981168134199, 37.069387925934144 ], [ -121.646609988786423, 37.069298092651913 ], [ -121.64660998829018, 37.068938767079167 ], [ -121.646340494520558, 37.06893876753476 ], [ -121.646340493220976, 37.068759103245405 ], [ -121.646609989012276, 37.068669272625556 ], [ -121.646609989059471, 37.068130283002979 ], [ -121.647238809330418, 37.068130283050301 ], [ -121.647238809782635, 37.068399777803904 ], [ -121.647508303940384, 37.068669272648933 ], [ -121.647777798740137, 37.068669271932642 ], [ -121.647777798834582, 37.068399777594301 ], [ -121.648137124380398, 37.068399778077811 ], [ -121.648406618894967, 37.06875910437892 ], [ -121.648406618563428, 37.069298093033495 ], [ -121.6493049340461, 37.06929809326855 ], [ -121.649304934781298, 37.069567587595145 ], [ -121.649933754370025, 37.069567587516268 ], [ -121.649933755720866, 37.069926913505419 ], [ -121.649574428486574, 37.06992691435358 ], [ -121.649574429712928, 37.070465903307067 ], [ -121.650472744339055, 37.070465902735073 ], [ -121.649933754604206, 37.070555734842159 ], [ -121.649933754558774, 37.071364218338736 ], [ -121.649424943825935, 37.071334040764484 ], [ -121.648676113347562, 37.071004892677124 ] ] ] } },
{ "type": "Feature", "properties": { "csb_id": "061825012340435", "acres": 4.0739070515867599, "geoid": "06085" }, "geometry": { "type": "Polygon", "coordinates": [ [ [ -121.450328098625491, 37.068489609565823 ], [ -121.449160288715447, 37.068489609650968 ], [ -121.449160289194054, 37.068220114869177 ], [ -121.448261973450641, 37.068220115168565 ], [ -121.448261974313453, 37.066962473533025 ], [ -121.448890794216609, 37.066962473832881 ], [ -121.448890794645578, 37.067591293840337 ], [ -121.449789109309563, 37.067591293948439 ], [ -121.449789109335853, 37.068220114579248 ], [ -121.450328099570953, 37.068220114700075 ], [ -121.450328098625491, 37.068489609565823 ] ] ] } },
{ "type": "Feature", "properties": { "csb_id": "061825012340447", "acres": 4.7950954066618401, "geoid": "06085" }, "geometry": { "type": "Polygon", "coordinates": [ [ [ -121.624960590653572, 37.065704832268217 ], [ -121.624960590392462, 37.06552516849522 ], [ -121.624062274495756, 37.06543533739616 ], [ -121.624062275307367, 37.065165842605886 ], [ -121.624554331222129, 37.065005567465612 ], [ -121.624691095518457, 37.064537022608448 ], [ -121.625050421227485, 37.064267527329768 ], [ -121.625769074437585, 37.064357359016654 ], [ -121.625769072612755, 37.064626853606207 ], [ -121.625499578771269, 37.064626853593481 ], [ -121.625499579559431, 37.064896348298895 ], [ -121.62639789467201, 37.064626853404761 ], [ -121.626397895248203, 37.065076011637643 ], [ -121.625858905467055, 37.065435337590756 ], [ -121.625769073578041, 37.065704831709716 ], [ -121.624960590653572, 37.065704832268217 ] ] ] } },
{ "type": "Feature", "properties": { "csb_id": "061825012340451", "acres": 3.6382356170102099, "geoid": "06085" }, "geometry": { "type": "Polygon", "coordinates": [ [ [ -121.622535138426429, 37.065704831882044 ], [ -121.62226564386431, 37.065525168957329 ], [ -121.622265644087676, 37.064896348009185 ], [ -121.621906318123735, 37.064806516848179 ], [ -121.62289446456974, 37.064806516480978 ], [ -121.623163959743252, 37.064896348534994 ], [ -121.623163960068098, 37.065165842405406 ], [ -121.623702948751827, 37.065076011543496 ], [ -121.623972444025, 37.064896348536912 ], [ -121.623972444368832, 37.064626854782389 ], [ -121.624331770025364, 37.064896348420774 ], [ -121.624331769566055, 37.065076011144278 ], [ -121.624062275307367, 37.065165842605886 ], [ -121.624062274495756, 37.06543533739616 ], [ -121.623702948776909, 37.065704832239888 ], [ -121.622535138426429, 37.065704831882044 ] ] ] } },
{ "type": "Feature", "properties": { "csb_id": "061825012340454", "acres": 2.8243305168484798, "geoid": "06085" }, "geometry": { "type": "Polygon", "coordinates": [ [ [ -121.624601264609908, 37.064267527598531 ], [ -121.623972442825746, 37.064267527385155 ], [ -121.623433454480605, 37.063998032607053 ], [ -121.622535139317719, 37.063908201737505 ], [ -121.622535138770417, 37.063638707337162 ], [ -121.62316395940789, 37.063638706718855 ], [ -121.623433454535416, 37.063369211926407 ], [ -121.623433454001159, 37.063009886531347 ], [ -121.623972443220595, 37.063009885818268 ], [ -121.623972443023206, 37.063638706686405 ], [ -121.624601264609908, 37.064267527598531 ] ] ] } },
{ "type": "Feature", "properties": { "csb_id": "061825012340465", "acres": 4.3891271778634096, "geoid": "06085" }, "geometry": { "type": "Polygon", "coordinates": [ [ [ -121.62316395955007, 37.063099717496314 ], [ -121.622894464334792, 37.062740390959668 ], [ -121.622804633493303, 37.062201403225139 ], [ -121.622265644124596, 37.062111571001793 ], [ -121.621906318827328, 37.06184207627733 ], [ -121.621906318662269, 37.061572582973767 ], [ -121.621367329332443, 37.061213255899943 ], [ -121.62136732865649, 37.061033592822575 ], [ -121.622265644405758, 37.060943760838839 ], [ -121.622804633190256, 37.0618420764051 ], [ -121.623433454284381, 37.061931908678289 ], [ -121.62370294845968, 37.063009886045094 ], [ -121.62316395955007, 37.063099717496314 ] ] ] } },
{ "type": "Feature", "properties": { "csb_id": "061825012340482", "acres": 2.6009493596923998, "geoid": "06085" }, "geometry": { "type": "Polygon", "coordinates": [ [ [ -121.557047954379527, 37.059506456201738 ], [ -121.556778460630227, 37.05914713004347 ], [ -121.55677845962137, 37.058877635734127 ], [ -121.557137786570024, 37.058877635366414 ], [ -121.557137786755419, 37.058608141412037 ], [ -121.557676776010737, 37.058877636727814 ], [ -121.558844585552279, 37.058877636105194 ], [ -121.558305596425413, 37.059236961950226 ], [ -121.558305596074916, 37.059506456780262 ], [ -121.557047954379527, 37.059506456201738 ] ] ] } },
{ "type": "Feature", "properties": { "csb_id": "061825012340532", "acres": 3.2676537160193901, "geoid": "06085" }, "geometry": { "type": "Polygon", "coordinates": [ [ [ -121.650203250153965, 37.052948755093979 ], [ -121.650203249509374, 37.052589428828504 ], [ -121.649933755235921, 37.052589428932961 ], [ -121.649933755026154, 37.052319933886167 ], [ -121.649933755119051, 37.052050439668136 ], [ -121.650203249939139, 37.052050439947941 ], [ -121.650203249294549, 37.051691113543043 ], [ -121.650472744215264, 37.051691113844157 ], [ -121.650472744759213, 37.052050439626825 ], [ -121.651640554354941, 37.05214027113859 ], [ -121.651640554548649, 37.052319934166896 ], [ -121.651999880766581, 37.052319933981003 ], [ -121.651999880165178, 37.05258942897327 ], [ -121.650742239075115, 37.052679260658024 ], [ -121.650742238313597, 37.052948754656576 ], [ -121.650203250153965, 37.052948755093979 ] ] ] } },
{ "type": "Feature", "properties": { "csb_id": "061825012340541", "acres": 3.3956230390843398, "geoid": "06085" }, "geometry": { "type": "Polygon", "coordinates": [ [ [ -121.653796511438401, 37.052140271440607 ], [ -121.653167689703636, 37.051960608246318 ], [ -121.652898196003875, 37.052140270737318 ], [ -121.652898194845633, 37.052319934717545 ], [ -121.651999880766581, 37.052319933981003 ], [ -121.6519998790627, 37.051421618846099 ], [ -121.652898194980821, 37.051421618685069 ], [ -121.652898195128785, 37.051691113397872 ], [ -121.654335500453058, 37.051691113561489 ], [ -121.654335499764755, 37.052050439949468 ], [ -121.653796511438401, 37.052140271440607 ] ] ] } },
{ "type": "Feature", "properties": { "csb_id": "061825012340559", "acres": 23.802537410967702, "geoid": "06085" }, "geometry": { "type": "Polygon", "coordinates": [ [ [ -121.651640553580165, 37.05142161888579 ], [ -121.651640554480437, 37.051241955549813 ], [ -121.651371059480383, 37.051241956370177 ], [ -121.651371060120084, 37.051421619230254 ], [ -121.651640553580165, 37.05142161888579 ], [ -121.651640553870678, 37.051691113506763 ], [ -121.650742239136008, 37.051691113544379 ], [ -121.650472744552147, 37.051421619076962 ], [ -121.650472743795021, 37.051152124516399 ], [ -121.651101564728847, 37.051152124175289 ], [ -121.651101565288343, 37.050882629729557 ], [ -121.650472744434566, 37.050882630546596 ], [ -121.650472743795021, 37.051152124516399 ], [ -121.650203249724328, 37.05115212445326 ], [ -121.650203248845258, 37.050882630099267 ], [ -121.649933754652579, 37.050882629673218 ], [ -121.649933755535713, 37.049085999477946 ], [ -121.651101565068942, 37.049085999221823 ], [ -121.651101565388274, 37.048726673984895 ], [ -121.651371059276798, 37.048726672959646 ], [ -121.65164055377069, 37.048726673053864 ], [ -121.65164055415805, 37.049085999626897 ], [ -121.651999879953721, 37.049085998927652 ], [ -121.651999879234978, 37.048726672976741 ], [ -121.652269374334196, 37.048726673389098 ], [ -121.652269374266282, 37.048457178806814 ], [ -121.652898195960432, 37.048457178835058 ], [ -121.652898195812455, 37.048187683745326 ], [ -121.653437184730322, 37.048187684025812 ], [ -121.653437185329693, 37.048726674027648 ], [ -121.654066005335508, 37.048726673470767 ], [ -121.654066005654073, 37.04845717832066 ], [ -121.654275144815159, 37.048517534201963 ], [ -121.654335499560545, 37.049085998943191 ], [ -121.652269374711153, 37.049175830590379 ], [ -121.652538869105499, 37.049355493752209 ], [ -121.653796511018413, 37.049355494121222 ], [ -121.653796510519115, 37.049624988068437 ], [ -121.653437184691242, 37.049624987996225 ], [ -121.653437185056831, 37.050253808871261 ], [ -121.653796510324085, 37.050253808797351 ], [ -121.653796510519115, 37.049624988068437 ], [ -121.654335499470704, 37.049624988443192 ], [ -121.654335499876368, 37.049984314914049 ], [ -121.654066005594174, 37.049984314240106 ], [ -121.654066005479223, 37.050613135347248 ], [ -121.6546948260455, 37.050613134850906 ], [ -121.654694825806985, 37.050882630225622 ], [ -121.653437184328425, 37.050882629813294 ], [ -121.652898196229486, 37.051152124563096 ], [ -121.652898196081495, 37.050882629787608 ], [ -121.651999880568169, 37.050882629418311 ], [ -121.651999879966766, 37.051152124577939 ], [ -121.652898196229486, 37.051152124563096 ], [ -121.652898194980821, 37.051421618685069 ], [ -121.651640553580165, 37.05142161888579 ] ] ] } },
{ "type": "Feature", "properties": { "csb_id": "061825012340562", "acres": 4.2650022632131002, "geoid": "06085" }, "geometry": { "type": "Polygon", "coordinates": [ [ [ -121.65529417055717, 37.04929513843939 ], [ -121.655233814907035, 37.048457178656442 ], [ -121.656311793437851, 37.048187683878325 ], [ -121.657030445889831, 37.048187683979293 ], [ -121.657030445842594, 37.048996167876908 ], [ -121.655862635633483, 37.049355493936524 ], [ -121.65529417055717, 37.04929513843939 ] ] ] } },
{ "type": "Feature", "properties": { "csb_id": "061825012340580", "acres": 3.1784954861031198, "geoid": "06085" }, "geometry": { "type": "Polygon", "coordinates": [ [ [ -121.507999940811558, 37.046930042722508 ], [ -121.507999940624373, 37.046660547872186 ], [ -121.508628760737452, 37.046660548452586 ], [ -121.508628760505815, 37.046121558571294 ], [ -121.509527075739712, 37.046121558632834 ], [ -121.509796571006689, 37.04648088526411 ], [ -121.50952707599815, 37.046930042289389 ], [ -121.509167750197349, 37.046930042902289 ], [ -121.509167750018904, 37.046750379693677 ], [ -121.50862876072587, 37.046750379943859 ], [ -121.508628760656563, 37.047289368817765 ], [ -121.509167750253226, 37.047289368417097 ], [ -121.509167749973713, 37.047558863280216 ], [ -121.508449098121261, 37.047467979016403 ], [ -121.507999940811558, 37.046930042722508 ] ] ] } },
{ "type": "Feature", "properties": { "csb_id": "061825012340595", "acres": 4.9623176664692803, "geoid": "06085" }, "geometry": { "type": "Polygon", "coordinates": [ [ [ -121.508898255374177, 37.046121559133788 ], [ -121.507730445494147, 37.046211390465793 ], [ -121.507231635485752, 37.046051027014521 ], [ -121.506982316840464, 37.045701876972345 ], [ -121.507101624533902, 37.044863917303331 ], [ -121.508359265922991, 37.044953749237763 ], [ -121.508898255218838, 37.045762232813246 ], [ -121.508898255374177, 37.046121559133788 ] ] ] } },
{ "type": "Feature", "properties": { "csb_id": "061825012340598", "acres": 19.1713414676579, "geoid": "06085" }, "geometry": { "type": "Polygon", "coordinates": [ [ [ -121.656132130194294, 37.047828357504955 ], [ -121.654694824721219, 37.048367347276567 ], [ -121.654694826540592, 37.048187683757469 ], [ -121.654066004977807, 37.047828357724924 ], [ -121.653796511509711, 37.047289368910768 ], [ -121.653796510017813, 37.046750380055563 ], [ -121.653437184307947, 37.04639105313862 ], [ -121.653437183459886, 37.045223244195675 ], [ -121.653796510418587, 37.045223244046646 ], [ -121.653796510519882, 37.044414759946172 ], [ -121.65550330973376, 37.044594422900659 ], [ -121.655503309617913, 37.044863917733807 ], [ -121.655862634779794, 37.044863917938926 ], [ -121.655862634693648, 37.044594422867725 ], [ -121.656132130857543, 37.044594423230649 ], [ -121.656132130660325, 37.045492738353097 ], [ -121.655862636021027, 37.045762232864384 ], [ -121.65586263529103, 37.046391053914782 ], [ -121.655503308557797, 37.046391053379764 ], [ -121.655503308450619, 37.047109706211629 ], [ -121.656132130568579, 37.047289368408066 ], [ -121.656132130194294, 37.047828357504955 ] ] ] } },
{ "type": "Feature", "properties": { "csb_id": "061825012340604", "acres": 10.128503989828401, "geoid": "06085" }, "geometry": { "type": "Polygon", "coordinates": [ [ [ -121.657928761459104, 37.047918188948955 ], [ -121.657389772504004, 37.047918189683827 ], [ -121.656760950874585, 37.046930042914703 ], [ -121.656760950895219, 37.045492738175597 ], [ -121.657030445391399, 37.044863917106262 ], [ -121.657299939851029, 37.044863917299445 ], [ -121.65792876111685, 37.045582569882377 ], [ -121.658198255345269, 37.046480885082048 ], [ -121.65882707600835, 37.046750379548918 ], [ -121.658827076359728, 37.047289369139726 ], [ -121.659366065388767, 37.047289368400072 ], [ -121.659366065169209, 37.047558863194254 ], [ -121.658198256030488, 37.047558863219464 ], [ -121.657928761459104, 37.047918188948955 ] ] ] } },
{ "type": "Feature", "properties": { "csb_id": "061825012340632", "acres": 13.0229120151091, "geoid": "06085" }, "geometry": { "type": "Polygon", "coordinates": [ [ [ -121.655503309617913, 37.044863917733807 ], [ -121.65550330973376, 37.044594422900659 ], [ -121.653796511415521, 37.044324928272417 ], [ -121.654066005814371, 37.043696107841278 ], [ -121.655233815267422, 37.042797792403469 ], [ -121.655233815261298, 37.042528297566427 ], [ -121.654964320288272, 37.04252829748863 ], [ -121.654964320160175, 37.042258802857965 ], [ -121.655233814719665, 37.041899476889313 ], [ -121.656760951517768, 37.041899477373541 ], [ -121.656760951711277, 37.042797793255517 ], [ -121.656132130857543, 37.044594423230649 ], [ -121.655862634693648, 37.044594422867725 ], [ -121.655862634779794, 37.044863917938926 ], [ -121.655503309617913, 37.044863917733807 ] ] ] } },
{ "type": "Feature", "properties": { "csb_id": "061825012340636", "acres": 3.1105859452924198, "geoid": "06085" }, "geometry": { "type": "Polygon", "coordinates": [ [ [ -121.703114019656581, 37.042528297895565 ], [ -121.703114020182824, 37.042258803270094 ], [ -121.702844524945192, 37.042258802808071 ], [ -121.7028445251199, 37.041899476989144 ], [ -121.7031140204449, 37.041719815023001 ], [ -121.703473345728284, 37.04171981389247 ], [ -121.703473346909135, 37.041899477802218 ], [ -121.70428182994749, 37.041899476618823 ], [ -121.704281829846551, 37.041629982064379 ], [ -121.704910650923154, 37.041719813545193 ], [ -121.704910650414945, 37.04234863479698 ], [ -121.703473345762504, 37.042348634241236 ], [ -121.703473346316031, 37.042797792074147 ], [ -121.703114019656581, 37.042528297895565 ] ] ] } },
{ "type": "Feature", "properties": { "csb_id": "061825012340642", "acres": 2.7415514865685302, "geoid": "06085" }, "geometry": { "type": "Polygon", "coordinates": [ [ [ -121.523450961458266, 37.042528297788621 ], [ -121.523450962671589, 37.041629982086185 ], [ -121.523181467088889, 37.041629982460023 ], [ -121.523181468756462, 37.041450319479516 ], [ -121.524349277962557, 37.041360488079789 ], [ -121.524888267491121, 37.042079140059244 ], [ -121.523450961458266, 37.042528297788621 ] ] ] } },
{ "type": "Feature", "properties": { "csb_id": "061825012340644", "acres": 4.4296797692781196, "geoid": "06085" }, "geometry": { "type": "Polygon", "coordinates": [ [ [ -121.711737847307134, 37.041989308590701 ], [ -121.710839530963952, 37.041360487766312 ], [ -121.710839531515902, 37.041001161677151 ], [ -121.711198857555729, 37.040552004347347 ], [ -121.711737846270964, 37.040552004007978 ], [ -121.711737846909386, 37.040731666903206 ], [ -121.712636162270172, 37.041001161919013 ], [ -121.712636161765914, 37.04162998272475 ], [ -121.712097173029377, 37.041899476840562 ], [ -121.712097172753062, 37.042258803121875 ], [ -121.71173784701945, 37.042258802568284 ], [ -121.711737847307134, 37.041989308590701 ] ] ] } },
{ "type": "Feature", "properties": { "csb_id": "061825012340663", "acres": 2.4708470171599499, "geoid": "06085" }, "geometry": { "type": "Polygon", "coordinates": [ [ [ -121.710300542712929, 37.039833352846045 ], [ -121.710300542109081, 37.039563858056589 ], [ -121.710570036671115, 37.039563857516576 ], [ -121.71057003772853, 37.03920453224486 ], [ -121.710031047676551, 37.038935036856188 ], [ -121.710031047557337, 37.038755373675905 ], [ -121.71146835155794, 37.038665541939537 ], [ -121.711468351529476, 37.039204531025881 ], [ -121.71083953153645, 37.039563857235613 ], [ -121.710839531593479, 37.039833351642109 ], [ -121.710300542712929, 37.039833352846045 ] ] ] } },
{ "type": "Feature", "properties": { "csb_id": "061825012340683", "acres": 3.0713998991344602, "geoid": "06085" }, "geometry": { "type": "Polygon", "coordinates": [ [ [ -121.657659266752816, 37.037857058271442 ], [ -121.657389772472783, 37.037857057857309 ], [ -121.657030446332399, 37.037587563649325 ], [ -121.657030445904326, 37.036868911244248 ], [ -121.658198255858991, 37.036868910973254 ], [ -121.658198256200563, 37.037767226994973 ], [ -121.657928761099072, 37.038126552793493 ], [ -121.657659266940954, 37.038126552742369 ], [ -121.657659266752816, 37.037857058271442 ] ] ] } },
{ "type": "Feature", "properties": { "csb_id": "061825012340687", "acres": 6.4872195839525597, "geoid": "06085" }, "geometry": { "type": "Polygon", "coordinates": [ [ [ -121.70194620980233, 37.039923183655738 ], [ -121.701047894842091, 37.039833351788033 ], [ -121.701047894860437, 37.039563857655658 ], [ -121.701317389662051, 37.039204530868346 ], [ -121.70167671567188, 37.039204531358422 ], [ -121.701946210101156, 37.03875537369241 ], [ -121.701946210399967, 37.037587563134743 ], [ -121.702575030719487, 37.037587563810405 ], [ -121.702844525718405, 37.037857057951932 ], [ -121.702844525635271, 37.03965368854778 ], [ -121.702215705104564, 37.040102846066773 ], [ -121.701946210289449, 37.040102846130658 ], [ -121.70194620980233, 37.039923183655738 ] ] ] } },
{ "type": "Feature", "properties": { "csb_id": "061825012340706", "acres": 5.1439367701450802, "geoid": "06085" }, "geometry": { "type": "Polygon", "coordinates": [ [ [ -121.709671721697688, 37.036868910921626 ], [ -121.709671721477548, 37.036599417120847 ], [ -121.709042901110564, 37.036599416298834 ], [ -121.708773406078237, 37.035970596250984 ], [ -121.708773405174057, 37.035162112904558 ], [ -121.709042899173355, 37.035162112431046 ], [ -121.710779000966753, 37.036120432521294 ], [ -121.710839531764435, 37.036240090700296 ], [ -121.710300541961331, 37.036868911767016 ], [ -121.709671721697688, 37.036868910921626 ] ] ] } },
{ "type": "Feature", "properties": { "csb_id": "061825012340782", "acres": 3.4950377868984401, "geoid": "06085" }, "geometry": { "type": "Polygon", "coordinates": [ [ [ -121.515455956938894, 37.030580703980853 ], [ -121.515186462620221, 37.030401041100319 ], [ -121.515186462205634, 37.030131547081858 ], [ -121.514827136894581, 37.02950272611821 ], [ -121.516354272723973, 37.029412894667281 ], [ -121.516354272735754, 37.030580704393259 ], [ -121.515455956938894, 37.030580703980853 ] ] ] } },
{ "type": "Feature", "properties": { "csb_id": "061825012340803", "acres": 3.3966451752658999, "geoid": "06085" }, "geometry": { "type": "Polygon", "coordinates": [ [ [ -121.668618712605891, 37.027706095861767 ], [ -121.6695170282199, 37.027706095387984 ], [ -121.669517028787268, 37.028334916486315 ], [ -121.669876354150247, 37.028604411056484 ], [ -121.670774669860208, 37.028604410971248 ], [ -121.671044164165082, 37.028963737345364 ], [ -121.671044163841003, 37.02923323144482 ], [ -121.670145849322068, 37.029233231628403 ], [ -121.669517027958236, 37.028963736789123 ], [ -121.669247533945551, 37.028604410396227 ], [ -121.669247533215483, 37.028065421434071 ], [ -121.668618712985776, 37.028065421272345 ], [ -121.668618712605891, 37.027706095861767 ] ] ] } },
{ "type": "Feature", "properties": { "csb_id": "061825012340900", "acres": 4.2241552886374096, "geoid": "06085" }, "geometry": { "type": "Polygon", "coordinates": [ [ [ -121.636548857532148, 37.020250078666422 ], [ -121.636548857167554, 37.019890752231262 ], [ -121.635920036327619, 37.019621258126072 ], [ -121.635920037260647, 37.01872294385025 ], [ -121.636818352247957, 37.018722942747083 ], [ -121.637087846542087, 37.018992437073365 ], [ -121.637357341562875, 37.018992437250894 ], [ -121.637357340834342, 37.019980584199494 ], [ -121.637087846381405, 37.020250078426784 ], [ -121.636548857532148, 37.020250078666422 ] ] ] } },
{ "type": "Feature", "properties": { "csb_id": "061825012340916", "acres": 7.9069201748925302, "geoid": "06085" }, "geometry": { "type": "Polygon", "coordinates": [ [ [ -121.636818352247957, 37.018722942747083 ], [ -121.635650541629062, 37.01872294266262 ], [ -121.635650541915282, 37.017824627023586 ], [ -121.635291216250209, 37.01782462751234 ], [ -121.635291216320539, 37.017195806760718 ], [ -121.635650542545932, 37.017195806418606 ], [ -121.635650541788834, 37.017016143560383 ], [ -121.6373573411352, 37.017016143395821 ], [ -121.637357341137559, 37.018722942605265 ], [ -121.637087847088353, 37.018722942427729 ], [ -121.637087846542087, 37.018992437073365 ], [ -121.636818352247957, 37.018722942747083 ] ] ] } },
{ "type": "Feature", "properties": { "csb_id": "061825012340940", "acres": 2.50114185378147, "geoid": "06085" }, "geometry": { "type": "Polygon", "coordinates": [ [ [ -121.636548857336564, 37.016027996896078 ], [ -121.636189531645144, 37.015758503135409 ], [ -121.635650541956664, 37.015758501963873 ], [ -121.635650541796181, 37.015129681882321 ], [ -121.636818351993767, 37.015219512854145 ], [ -121.637087846593715, 37.015489007562046 ], [ -121.637087846594682, 37.016027997353866 ], [ -121.636548857336564, 37.016027996896078 ] ] ] } },
{ "type": "Feature", "properties": { "csb_id": "061825012340944", "acres": 3.9683686748622602, "geoid": "06085" }, "geometry": { "type": "Polygon", "coordinates": [ [ [ -121.653167689911413, 37.016027997216163 ], [ -121.653167689837957, 37.015578839665743 ], [ -121.652628701417115, 37.015489007860992 ], [ -121.652628701264007, 37.01521951279782 ], [ -121.653437184354303, 37.015129681363142 ], [ -121.653437184593841, 37.014590692509323 ], [ -121.653167690551058, 37.014590692550094 ], [ -121.653167690710973, 37.014231366240651 ], [ -121.653796510906147, 37.01423136592998 ], [ -121.653796511174889, 37.014680523602152 ], [ -121.65433549948159, 37.014590692045559 ], [ -121.654335499949084, 37.015129681229233 ], [ -121.654066005545047, 37.015129681077674 ], [ -121.654335500175861, 37.01557883943682 ], [ -121.653167689911413, 37.016027997216163 ] ] ] } },
{ "type": "Feature", "properties": { "csb_id": "061825012340947", "acres": 3.8797666853206301, "geoid": "06085" }, "geometry": { "type": "Polygon", "coordinates": [ [ [ -121.654964320226824, 37.014231366374105 ], [ -121.654694826269179, 37.014231366380955 ], [ -121.654694826283858, 37.014590692398158 ], [ -121.654964320443426, 37.014590692629277 ], [ -121.654964320226824, 37.014231366374105 ], [ -121.655593141969163, 37.014950018572151 ], [ -121.655233814910744, 37.01521951311414 ], [ -121.654964320768329, 37.01512968190481 ], [ -121.654964320984931, 37.015489008017056 ], [ -121.654335500175861, 37.01557883943682 ], [ -121.65433549948159, 37.014590692045559 ], [ -121.653796511174889, 37.014680523602152 ], [ -121.653796510428577, 37.013961871723026 ], [ -121.65496432130908, 37.013961871837211 ], [ -121.654964320226824, 37.014231366374105 ] ] ] } },
{ "type": "Feature", "properties": { "csb_id": "061825012340949", "acres": 2.99353185940616, "geoid": "06085" }, "geometry": { "type": "Polygon", "coordinates": [ [ [ -121.635021720913528, 37.014590692077626 ], [ -121.635021720951258, 37.014321197712107 ], [ -121.636189531139209, 37.014321197346341 ], [ -121.636548857327853, 37.014231365957983 ], [ -121.6365488569012, 37.01405170324859 ], [ -121.636818352513785, 37.01405170340341 ], [ -121.636818352456345, 37.014590692202326 ], [ -121.636548857390068, 37.014590692432009 ], [ -121.636548857878978, 37.015129681486734 ], [ -121.635650541796181, 37.015129681882321 ], [ -121.635021720913528, 37.014590692077626 ] ] ] } },
{ "type": "Feature", "properties": { "csb_id": "061825012340956", "acres": 4.0016923789977596, "geoid": "06085" }, "geometry": { "type": "Polygon", "coordinates": [ [ [ -121.634303069146924, 37.014590692324568 ], [ -121.633853911797715, 37.014231366521017 ], [ -121.633920583917771, 37.013659042584827 ], [ -121.634752227202441, 37.013692376837298 ], [ -121.635291216538903, 37.013961871644973 ], [ -121.636189530919495, 37.013961872165318 ], [ -121.636189531121317, 37.013692376773349 ], [ -121.636548857141349, 37.01369237754902 ], [ -121.636548857327853, 37.014231365957983 ], [ -121.635021720951258, 37.014321197712107 ], [ -121.635021720913528, 37.014590692077626 ], [ -121.634303069146924, 37.014590692324568 ] ] ] } },
{ "type": "Feature", "properties": { "csb_id": "061825012340964", "acres": 7.3360870580741997, "geoid": "06085" }, "geometry": { "type": "Polygon", "coordinates": [ [ [ -121.645442178529294, 37.01629749175877 ], [ -121.645442178412338, 37.016027996866136 ], [ -121.645172684144754, 37.016027996513138 ], [ -121.645172683974351, 37.013692376881657 ], [ -121.646340494338034, 37.01369237714384 ], [ -121.646520156559191, 37.014231366367426 ], [ -121.646340493627861, 37.014680523532284 ], [ -121.64607099886625, 37.014860186670717 ], [ -121.646430325452954, 37.015129681838488 ], [ -121.646340494374726, 37.016027996409619 ], [ -121.645442178529294, 37.01629749175877 ] ] ] } },
{ "type": "Feature", "properties": { "csb_id": "061825012340973", "acres": 2.34367205151228, "geoid": "06085" }, "geometry": { "type": "Polygon", "coordinates": [ [ [ -121.642567569890375, 37.013063556465546 ], [ -121.642567570254386, 37.012165240849498 ], [ -121.643016726966394, 37.012165240888628 ], [ -121.643016727993299, 37.012794062122751 ], [ -121.643735379804227, 37.012524566907466 ], [ -121.643735379796681, 37.013333050656854 ], [ -121.642747232376038, 37.013333051093404 ], [ -121.64274723262163, 37.013063556029991 ], [ -121.642567569890375, 37.013063556465546 ] ] ] } },
{ "type": "Feature", "properties": { "csb_id": "061825012340979", "acres": 9.4947758535444695, "geoid": "06085" }, "geometry": { "type": "Polygon", "coordinates": [ [ [ -121.660893201534307, 37.012524567427867 ], [ -121.660893201888257, 37.012883893646794 ], [ -121.661252528237242, 37.01288389317908 ], [ -121.661252527518997, 37.013782208376135 ], [ -121.661522022814864, 37.013782208838684 ], [ -121.661522022718657, 37.013422882048673 ], [ -121.661791516873848, 37.013153387676603 ], [ -121.662689831903961, 37.013153387972004 ], [ -121.662689832437863, 37.013782208941812 ], [ -121.662959326152233, 37.013782208394545 ], [ -121.662959326934313, 37.01315338757054 ], [ -121.663318652323582, 37.013153387930423 ], [ -121.663318653167877, 37.013782208132355 ], [ -121.663857642412523, 37.013782208791739 ], [ -121.663857641877414, 37.014321197591023 ], [ -121.663588147801519, 37.014321197945897 ], [ -121.663588147249158, 37.0140517034894 ], [ -121.663318653051391, 37.014051703481151 ], [ -121.663318652802317, 37.014680523670933 ], [ -121.663857642451362, 37.014680523800472 ], [ -121.6638576422189, 37.015219513245491 ], [ -121.662420337178176, 37.014321197502866 ], [ -121.661791516862621, 37.014051703096591 ], [ -121.660893201718267, 37.014051703056033 ], [ -121.659994886352209, 37.013422882160611 ], [ -121.659994885967208, 37.012524567572989 ], [ -121.660893201534307, 37.012524567427867 ] ] ] } },
{ "type": "Feature", "properties": { "csb_id": "061825012340995", "acres": 6.7455020457322403, "geoid": "06085" }, "geometry": { "type": "Polygon", "coordinates": [ [ [ -121.645172684059077, 37.013333051400672 ], [ -121.645172683666033, 37.01243473572746 ], [ -121.645442178403727, 37.012255072972359 ], [ -121.646070999700669, 37.012255072903649 ], [ -121.646070999156038, 37.011626252306172 ], [ -121.645711673389883, 37.01162625232795 ], [ -121.645711673070892, 37.011266926041905 ], [ -121.645981168089264, 37.011266925924438 ], [ -121.645981168375513, 37.011087262521933 ], [ -121.646879483200678, 37.011087262979849 ], [ -121.647238809447686, 37.0115364206358 ], [ -121.647598135604866, 37.011626251673235 ], [ -121.647508304455712, 37.012255072725146 ], [ -121.646340493907445, 37.012255072936263 ], [ -121.646340494229563, 37.012883892974052 ], [ -121.645981168263589, 37.013333050491227 ], [ -121.645172684059077, 37.013333051400672 ] ] ] } },
{ "type": "Feature", "properties": { "csb_id": "061825012340999", "acres": 14.465943939631201, "geoid": "06085" }, "geometry": { "type": "Polygon", "coordinates": [ [ [ -121.645172684059077, 37.013333051400672 ], [ -121.64391504298942, 37.013333051302979 ], [ -121.643915042204938, 37.012165241117877 ], [ -121.64427436874702, 37.012165241279142 ], [ -121.644004873081286, 37.01162625212887 ], [ -121.643735379459415, 37.011805914930463 ], [ -121.643735379804227, 37.012524566907466 ], [ -121.643016727993299, 37.012794062122751 ], [ -121.643016726966394, 37.012165240888628 ], [ -121.642567570254386, 37.012165240849498 ], [ -121.642567569725159, 37.011536420153682 ], [ -121.642747232917074, 37.011266925446648 ], [ -121.643645547893797, 37.010727937136913 ], [ -121.644274369234068, 37.010727936208085 ], [ -121.644543862654587, 37.01099743129047 ], [ -121.645172684535908, 37.010817767752044 ], [ -121.645711671817978, 37.011087263115257 ], [ -121.645711673389883, 37.01162625232795 ], [ -121.646070999156038, 37.011626252306172 ], [ -121.646070999700669, 37.012255072903649 ], [ -121.645442178403727, 37.012255072972359 ], [ -121.645172683666033, 37.01243473572746 ], [ -121.645172684059077, 37.013333051400672 ] ] ] } },
{ "type": "Feature", "properties": { "csb_id": "061825012341000", "acres": 8.4097325182664004, "geoid": "06085" }, "geometry": { "type": "Polygon", "coordinates": [ [ [ -121.634482732588637, 37.013153387725502 ], [ -121.634482732011335, 37.012794061442797 ], [ -121.635021720913045, 37.012434735392119 ], [ -121.635021721704902, 37.011985577510636 ], [ -121.634752226793196, 37.011985577593244 ], [ -121.634752227325563, 37.01135675702713 ], [ -121.635920036251974, 37.010997431457049 ], [ -121.63592003703414, 37.010817767629788 ], [ -121.63627936296372, 37.010817768073267 ], [ -121.636548857853114, 37.011087262424205 ], [ -121.63654885719491, 37.012524567399346 ], [ -121.636279362533301, 37.012794062265954 ], [ -121.635381048073171, 37.013153388200756 ], [ -121.634482732588637, 37.013153387725502 ] ] ] } },
{ "type": "Feature", "properties": { "csb_id": "061825012341011", "acres": 2.90505978615588, "geoid": "06085" }, "geometry": { "type": "Polygon", "coordinates": [ [ [ -121.647508303370401, 37.010188947444014 ], [ -121.648137124155696, 37.010188947765684 ], [ -121.648137124030242, 37.010458441818592 ], [ -121.648765945802893, 37.010458441923298 ], [ -121.64876594584841, 37.010188947394454 ], [ -121.649304934348805, 37.010188947315612 ], [ -121.649574429445622, 37.0110872627791 ], [ -121.649035439935844, 37.011087262870575 ], [ -121.649035440103319, 37.010817768178981 ], [ -121.64750830416294, 37.010817768241509 ], [ -121.647508303370401, 37.010188947444014 ] ] ] } },
{ "type": "Feature", "properties": { "csb_id": "061825012341014", "acres": 3.2497660087807301, "geoid": "06085" }, "geometry": { "type": "Polygon", "coordinates": [ [ [ -121.661522022075189, 37.010099116427284 ], [ -121.661522022347171, 37.009200801006152 ], [ -121.661791516706984, 37.008931306474629 ], [ -121.66242033750946, 37.008931306070942 ], [ -121.662689832839376, 37.009470295530946 ], [ -121.662689832173797, 37.009829621561202 ], [ -121.66206101194301, 37.009919453821901 ], [ -121.662061011601381, 37.010727936341574 ], [ -121.661791516567362, 37.010727936643704 ], [ -121.661791516722047, 37.010458442087959 ], [ -121.661522022075189, 37.010099116427284 ] ] ] } },
{ "type": "Feature", "properties": { "csb_id": "061825012341161", "acres": 5.4366217184408399, "geoid": "06085" }, "geometry": { "type": "Polygon", "coordinates": [ [ [ -121.498567630441897, 37.001205795560573 ], [ -121.497938808898937, 37.001295625599113 ], [ -121.497938809881546, 37.000666807133634 ], [ -121.49704049370817, 37.000666805026746 ], [ -121.497040494140563, 37.000397311249166 ], [ -121.497669314814303, 37.000397312334883 ], [ -121.497669314319609, 37.00003798497449 ], [ -121.497309988126915, 37.000037984355323 ], [ -121.497309987842158, 36.999498995519083 ], [ -121.498477797888256, 36.999409164339532 ], [ -121.498477798333667, 36.999948153132486 ], [ -121.498837123903044, 36.999948153095666 ], [ -121.498567629609681, 37.000037984663784 ], [ -121.498567629445091, 37.000397311249522 ], [ -121.499106619546666, 37.000397311177679 ], [ -121.499106618969478, 37.000846468258224 ], [ -121.499376113752433, 37.000846468654117 ], [ -121.498567630441897, 37.001205795560573 ] ] ] } },
{ "type": "Feature", "properties": { "csb_id": "061825012341171", "acres": 9.41576785610199, "geoid": "06085" }, "geometry": { "type": "Polygon", "coordinates": [ [ [ -121.498477798333667, 36.999948153132486 ], [ -121.498477797888256, 36.999409164339532 ], [ -121.497669314479069, 36.999409164047115 ], [ -121.497040493196778, 36.999139669203892 ], [ -121.497309987842158, 36.999498995519083 ], [ -121.497309988681749, 36.999768490265396 ], [ -121.496770998956293, 36.99976849062373 ], [ -121.496681168095989, 37.000037984690302 ], [ -121.496411671468934, 37.000037984864186 ], [ -121.495872683674207, 36.999678658420763 ], [ -121.496142178705526, 36.999678658588948 ], [ -121.496142178581408, 36.99913966960105 ], [ -121.497579483527531, 36.999049837882502 ], [ -121.497579483111039, 36.998780343673481 ], [ -121.498208303521309, 36.998870175296496 ], [ -121.497938809505101, 36.998510848453812 ], [ -121.49757948239386, 36.998510848571442 ], [ -121.497579482515761, 36.997882028311537 ], [ -121.497938808792597, 36.997882027720713 ], [ -121.497938809410414, 36.998151522274682 ], [ -121.498477797842426, 36.998151522793798 ], [ -121.498477798418335, 36.997343039099242 ], [ -121.499106619189604, 36.997343039157123 ], [ -121.499106619217784, 36.998870175258851 ], [ -121.499376113740738, 36.998870175095668 ], [ -121.499376113526793, 36.999678658409366 ], [ -121.498837124185343, 36.999768490516196 ], [ -121.498837123903044, 36.999948153095666 ], [ -121.498477798333667, 36.999948153132486 ] ], [ [ -121.498837124694816, 36.998870174820716 ], [ -121.498477798412182, 36.998780343536787 ], [ -121.498477798536527, 36.998870175180038 ], [ -121.498837124694816, 36.998870174820716 ] ] ] } },
{ "type": "Feature", "properties": { "csb_id": "061825012341183", "acres": 2.56078783776824, "geoid": "06085" }, "geometry": { "type": "Polygon", "coordinates": [ [ [ -121.497579483527531, 36.999049837882502 ], [ -121.496142178581408, 36.99913966960105 ], [ -121.496142178863238, 36.99878034345808 ], [ -121.495782852261044, 36.998780343393975 ], [ -121.495782852060131, 36.997882027987757 ], [ -121.496142179020936, 36.997882027966128 ], [ -121.496142179109228, 36.997612533702039 ], [ -121.496411672763784, 36.997612533807136 ], [ -121.4964116734361, 36.998151522539381 ], [ -121.496142178932644, 36.998151522197738 ], [ -121.496142178650857, 36.998510848441811 ], [ -121.496681167727345, 36.998780343625846 ], [ -121.497040493837218, 36.998780342975166 ], [ -121.497040494269626, 36.998510848970206 ], [ -121.497309988181385, 36.998510848641196 ], [ -121.497579483111039, 36.998780343673481 ], [ -121.497579483527531, 36.999049837882502 ] ] ] } },
{ "type": "Feature", "properties": { "csb_id": "061825012341189", "acres": 3.6737692795449601, "geoid": "06085" }, "geometry": { "type": "Polygon", "coordinates": [ [ [ -121.496681167727345, 36.998780343625846 ], [ -121.496142178650857, 36.998510848441811 ], [ -121.496142178932644, 36.998151522197738 ], [ -121.4964116734361, 36.998151522539381 ], [ -121.496411672763784, 36.997612533807136 ], [ -121.496142179109228, 36.997612533702039 ], [ -121.495872684326855, 36.997343039172179 ], [ -121.49614217898511, 36.997073544215745 ], [ -121.496411673185136, 36.997073544708172 ], [ -121.496411672804015, 36.997432870501783 ], [ -121.49677099929211, 36.997702364852827 ], [ -121.497309988636388, 36.997612533644073 ], [ -121.49730998900624, 36.997432870726122 ], [ -121.497669314218342, 36.997432870700436 ], [ -121.497938809045948, 36.997702365448362 ], [ -121.497938808792597, 36.997882027720713 ], [ -121.497040493948049, 36.997882027935624 ], [ -121.497309987896642, 36.997971859436724 ], [ -121.497309988181385, 36.998510848641196 ], [ -121.497040494269626, 36.998510848970206 ], [ -121.497040493837218, 36.998780342975166 ], [ -121.496681167727345, 36.998780343625846 ] ] ] } },
{ "type": "Feature", "properties": { "csb_id": "061825012341203", "acres": 15.9525286145174, "geoid": "06085" }, "geometry": { "type": "Polygon", "coordinates": [ [ [ -121.4928184121719, 36.998151523414947 ], [ -121.492818412064523, 36.99734304107168 ], [ -121.492548917603514, 36.997343037961393 ], [ -121.492548917845255, 36.996983712496196 ], [ -121.495094377778742, 36.995576585886724 ], [ -121.495243863716894, 36.995546408361328 ], [ -121.495513357413557, 36.995815902855256 ], [ -121.495513357546983, 36.996085397723682 ], [ -121.495243862955846, 36.996175229796549 ], [ -121.495243863166834, 36.996714218080321 ], [ -121.49614217898511, 36.997073544215745 ], [ -121.494974368099918, 36.997882028156255 ], [ -121.494974368478168, 36.998151522302074 ], [ -121.4952438631733, 36.998151522431264 ], [ -121.495243862968721, 36.999049838267347 ], [ -121.494615043317452, 36.999049838816788 ], [ -121.494345548366482, 36.998780343010488 ], [ -121.4928184121719, 36.998151523414947 ] ] ] } },
{ "type": "Feature", "properties": { "csb_id": "061825012341211", "acres": 15.6243584875377, "geoid": "06085" }, "geometry": { "type": "Polygon", "coordinates": [ [ [ -121.497938809410414, 36.998151522274682 ], [ -121.497938809045948, 36.997702365448362 ], [ -121.497669314218342, 36.997432870700436 ], [ -121.497040494079812, 36.997612532961782 ], [ -121.497040493418538, 36.997343039052545 ], [ -121.496411673606531, 36.996534555479201 ], [ -121.495872683623162, 36.996534555075797 ], [ -121.495872683957941, 36.996804050093971 ], [ -121.496142179073388, 36.996804049854056 ], [ -121.496142178686299, 36.996983714070574 ], [ -121.495782851859275, 36.996983712220299 ], [ -121.495243863166834, 36.996714218080321 ], [ -121.495243862955846, 36.996175229796549 ], [ -121.495872684106331, 36.996175228750239 ], [ -121.495902861910167, 36.995127428410449 ], [ -121.496142178896463, 36.995007418875943 ], [ -121.496142178208729, 36.995187082376589 ], [ -121.496681168130735, 36.995187082266327 ], [ -121.496681167950982, 36.995546408600212 ], [ -121.498837124135193, 36.995546408393139 ], [ -121.498208303454135, 36.995636240060172 ], [ -121.498208303250081, 36.996085397775424 ], [ -121.498477798673193, 36.996085397250653 ], [ -121.498477798600831, 36.995815902834572 ], [ -121.499376113722391, 36.995815903160455 ], [ -121.499376113450637, 36.996085397425745 ], [ -121.499106619613471, 36.996085397760702 ], [ -121.49910661940153, 36.996714218547481 ], [ -121.499735439368564, 36.996714218063808 ], [ -121.499735439298163, 36.996983712457229 ], [ -121.499376113346628, 36.996983713703123 ], [ -121.499376113676988, 36.99734303781095 ], [ -121.498477798418335, 36.997343039099242 ], [ -121.498477797842426, 36.998151522793798 ], [ -121.497938809410414, 36.998151522274682 ] ], [ [ -121.497579482597715, 36.996714217893441 ], [ -121.497579482320063, 36.996534554903192 ], [ -121.496770999368863, 36.996534555222084 ], [ -121.496770998797629, 36.996714217975743 ], [ -121.497579482597715, 36.996714217893441 ] ], [ [ -121.497938809315968, 36.99644472483444 ], [ -121.498208303546093, 36.996444724523606 ], [ -121.498208304144342, 36.996175229290472 ], [ -121.497938809491131, 36.996175228977293 ], [ -121.497938809315968, 36.99644472483444 ] ] ] } },
{ "type": "Feature", "properties": { "csb_id": "061825012341228", "acres": 8.2440902055122294, "geoid": "06085" }, "geometry": { "type": "Polygon", "coordinates": [ [ [ -121.499735439298163, 36.996983712457229 ], [ -121.499735439368564, 36.996714218063808 ], [ -121.49910661940153, 36.996714218547481 ], [ -121.499106619613471, 36.996085397760702 ], [ -121.499376113450637, 36.996085397425745 ], [ -121.499376113722391, 36.995815903160455 ], [ -121.49910661946214, 36.99581590287147 ], [ -121.49910661976088, 36.995276914716392 ], [ -121.498837124135193, 36.995546408393139 ], [ -121.497040493940901, 36.995546408316095 ], [ -121.497040493788347, 36.995187082606165 ], [ -121.496681168130735, 36.995187082266327 ], [ -121.496681167370184, 36.994917587440185 ], [ -121.497309988669443, 36.994648093109625 ], [ -121.498477797886395, 36.994648092174792 ], [ -121.499286282264151, 36.994917588498744 ], [ -121.499376114265928, 36.99527691453217 ], [ -121.500274428761585, 36.995815903301782 ], [ -121.500274428718868, 36.996444723475769 ], [ -121.500004934787, 36.996983712913433 ], [ -121.499735439298163, 36.996983712457229 ] ] ] } },
{ "type": "Feature", "properties": { "csb_id": "061825012341320", "acres": 3.0141670060902102, "geoid": "06085" }, "geometry": { "type": "Polygon", "coordinates": [ [ [ -121.500543923250916, 36.990785337637568 ], [ -121.499376114019839, 36.990785337358197 ], [ -121.499376113388806, 36.990426011332154 ], [ -121.500004933900257, 36.990426010845503 ], [ -121.500004934094292, 36.989887022784174 ], [ -121.500274428204406, 36.989527695715687 ], [ -121.500274428476828, 36.989887021972841 ], [ -121.501442238524319, 36.989887022386426 ], [ -121.501532070556962, 36.990156517595189 ], [ -121.501801564625595, 36.990156516430879 ], [ -121.501172744247171, 36.990246349270485 ], [ -121.501172744299822, 36.990426010982105 ], [ -121.500633754821592, 36.990426011623917 ], [ -121.500543923250916, 36.990785337637568 ] ] ] } },
{ "type": "Feature", "properties": { "csb_id": "061825012341759", "acres": 17.601929756335, "geoid": "06085" }, "geometry": { "type": "Polygon", "coordinates": [ [ [ -121.418168411738748, 36.970663075341058 ], [ -121.416461613256729, 36.969944422989229 ], [ -121.415563298108211, 36.9691359392069 ], [ -121.41556329766442, 36.968417286323202 ], [ -121.416102287249515, 36.968147792075449 ], [ -121.416102286422088, 36.967878297452323 ], [ -121.416731106131508, 36.967878297443733 ], [ -121.416731106516679, 36.967518971797773 ], [ -121.417898917219006, 36.967608803085298 ], [ -121.417898916676251, 36.96796812903515 ], [ -121.418527737877525, 36.967878297148182 ], [ -121.418707400758365, 36.970573243695341 ], [ -121.418168411738748, 36.970663075341058 ] ] ] } },
{ "type": "Feature", "properties": { "csb_id": "061825012341844", "acres": 11.1145298931153, "geoid": "06085" }, "geometry": { "type": "Polygon", "coordinates": [ [ [ -121.415832792064109, 36.967878297817833 ], [ -121.415563297634037, 36.967518971393503 ], [ -121.415563297654842, 36.967249476928906 ], [ -121.415832791934491, 36.96724947669324 ], [ -121.41583279252103, 36.966710488053558 ], [ -121.415203971759496, 36.966351161555131 ], [ -121.41430565625825, 36.966351161308381 ], [ -121.414305656136222, 36.9660816667826 ], [ -121.41493447644136, 36.966081667193762 ], [ -121.414934477101625, 36.965183351860148 ], [ -121.414664982610887, 36.965183351741452 ], [ -121.414664982156836, 36.96455453110449 ], [ -121.414934476767613, 36.964015542002265 ], [ -121.415563297111149, 36.9640155418615 ], [ -121.415563297090344, 36.964285036724476 ], [ -121.415832792524085, 36.964285036712617 ], [ -121.415563296883633, 36.964374867764207 ], [ -121.415563297893726, 36.965452846603782 ], [ -121.416371780908364, 36.965452846343808 ], [ -121.41637178168898, 36.966081666970432 ], [ -121.416731107457977, 36.966081666902802 ], [ -121.416731107679013, 36.966710487195577 ], [ -121.41700060230886, 36.966710487560285 ], [ -121.417000600479057, 36.967518972009266 ], [ -121.416731106516679, 36.967518971797773 ], [ -121.416731106131508, 36.967878297443733 ], [ -121.415832792064109, 36.967878297817833 ] ] ] } },
{ "type": "Feature", "properties": { "csb_id": "061825012341920", "acres": 45.057138303715398, "geoid": "06085" }, "geometry": { "type": "Polygon", "coordinates": [ [ [ -121.417898917219006, 36.967608803085298 ], [ -121.417000600479057, 36.967518972009266 ], [ -121.41700060230886, 36.966710487560285 ], [ -121.417270096860562, 36.96608166694795 ], [ -121.41637178168898, 36.966081666970432 ], [ -121.416371780908364, 36.965452846343808 ], [ -121.415563297893726, 36.965452846603782 ], [ -121.415563296883633, 36.964374867764207 ], [ -121.41637178081605, 36.96455453089311 ], [ -121.415832792524085, 36.964285036712617 ], [ -121.415832791574118, 36.964015541849669 ], [ -121.415563297111149, 36.9640155418615 ], [ -121.415563297338721, 36.963656215899732 ], [ -121.414395487494943, 36.962757900769915 ], [ -121.413137846096518, 36.962757900502837 ], [ -121.413137845679969, 36.962308742835994 ], [ -121.413766667374432, 36.962308743115621 ], [ -121.414934476366781, 36.961320595636195 ], [ -121.415563298044631, 36.961051101575073 ], [ -121.416731106888392, 36.961051101493155 ], [ -121.417629422774226, 36.96132059632307 ], [ -121.41843790579837, 36.961320595725688 ], [ -121.41852773788294, 36.961590090625741 ], [ -121.417629422824305, 36.96167992197379 ], [ -121.417629423086581, 36.961949416818562 ], [ -121.418527736317913, 36.962488405834101 ], [ -121.418617569010223, 36.966710487527131 ], [ -121.418527737668313, 36.967249476706733 ], [ -121.418168412386862, 36.967339308653301 ], [ -121.417898917219006, 36.967608803085298 ] ] ] } },
{ "type": "Feature", "properties": { "csb_id": "061825012341954", "acres": 22.506495810150799, "geoid": "06085" }, "geometry": { "type": "Polygon", "coordinates": [ [ [ -121.413766667374432, 36.962308743115621 ], [ -121.411610710107141, 36.962218911073379 ], [ -121.411341216181881, 36.961949416659245 ], [ -121.411341215508898, 36.961590090298635 ], [ -121.412239530983172, 36.961590091025904 ], [ -121.412239531144309, 36.961320595606452 ], [ -121.41161071031128, 36.961320596380602 ], [ -121.411610709976429, 36.960691775515862 ], [ -121.412509025703059, 36.960691775558416 ], [ -121.412509025192975, 36.9604222808888 ], [ -121.412239530957478, 36.960422280850423 ], [ -121.412239531403344, 36.959793460269168 ], [ -121.413407341150076, 36.95979346015055 ], [ -121.414305656412978, 36.958895145104279 ], [ -121.414305656290978, 36.958625649658281 ], [ -121.41466498194437, 36.958715481812412 ], [ -121.414934477065088, 36.958895144441534 ], [ -121.414934476899106, 36.959793460404754 ], [ -121.415563297840492, 36.959883291063406 ], [ -121.415832792387548, 36.960152786176693 ], [ -121.415832792268702, 36.961051101162049 ], [ -121.414934476366781, 36.961320595636195 ], [ -121.413766667374432, 36.962308743115621 ] ] ] } },
{ "type": "Feature", "properties": { "csb_id": "061825012342124", "acres": 3.0155868512345898, "geoid": "06085" }, "geometry": { "type": "Polygon", "coordinates": [ [ [ -121.52318146886104, 36.954493399644811 ], [ -121.522013658807168, 36.954583230887252 ], [ -121.522013659097183, 36.954134073537588 ], [ -121.521744163761724, 36.953864579565192 ], [ -121.521384838006057, 36.953864579112462 ], [ -121.522013657763537, 36.952966264075826 ], [ -121.52201365912876, 36.952696768848099 ], [ -121.522283152923123, 36.952966263847955 ], [ -121.522283152694428, 36.953595084531656 ], [ -121.522552647691597, 36.954134073750943 ], [ -121.523181468752853, 36.954134073356691 ], [ -121.52318146886104, 36.954493399644811 ] ] ] } },
{ "type": "Feature", "properties": { "csb_id": "061825012342133", "acres": 5.0358568754446402, "geoid": "06085" }, "geometry": { "type": "Polygon", "coordinates": [ [ [ -121.524349277947167, 36.954134074011293 ], [ -121.522552647691597, 36.954134073750943 ], [ -121.522283152694428, 36.953595084531656 ], [ -121.522283152923123, 36.952966263847955 ], [ -121.523810289601869, 36.953145926749372 ], [ -121.524349278170973, 36.953595084412378 ], [ -121.524349277947167, 36.954134074011293 ] ] ] } },
{ "type": "Feature", "properties": { "csb_id": "061825015616131", "acres": 11.504278730391601, "geoid": "06085" }, "geometry": { "type": "Polygon", "coordinates": [ [ [ -121.381336971903849, 36.986705982388813 ], [ -121.381336971449812, 36.985897498792909 ], [ -121.380977646110864, 36.985628003798269 ], [ -121.380887813868938, 36.985358508727096 ], [ -121.381336971516333, 36.985268677718409 ], [ -121.381606464922157, 36.984999183689546 ], [ -121.381606464773995, 36.984639857527426 ], [ -121.381336970021266, 36.984100867819578 ], [ -121.380708150912184, 36.984100867729417 ], [ -121.380708151499164, 36.983741541267293 ], [ -121.380977645529399, 36.983741541929668 ], [ -121.380977645164279, 36.983202552439742 ], [ -121.380169161841806, 36.983202552018874 ], [ -121.380169161987524, 36.982933058243901 ], [ -121.382055624273363, 36.982933058028038 ], [ -121.382684444037906, 36.984370362542371 ], [ -121.382504780914786, 36.98463985677224 ], [ -121.382235286330513, 36.984639857089746 ], [ -121.382235285919037, 36.984999183097621 ], [ -121.382504781018497, 36.985268677327014 ], [ -121.382774275980296, 36.985268677740059 ], [ -121.382684444814373, 36.986166993005668 ], [ -121.381875960764575, 36.986166992641607 ], [ -121.381875961113693, 36.986526318791611 ], [ -121.381336971903849, 36.986705982388813 ] ] ] } },
{ "type": "Feature", "properties": { "csb_id": "061825015616182", "acres": 8.0257191717728809, "geoid": "06085" }, "geometry": { "type": "Polygon", "coordinates": [ [ [ -121.378911520227376, 36.981226258400433 ], [ -121.378911520565126, 36.980507606530409 ], [ -121.378372531364207, 36.979968617107147 ], [ -121.377204721313333, 36.979968618605248 ], [ -121.377204721298426, 36.979070302175877 ], [ -121.377474215894722, 36.979070303209973 ], [ -121.377474216273157, 36.979609291969588 ], [ -121.378372531392984, 36.979339796946064 ], [ -121.378372531431765, 36.978171987074539 ], [ -121.378911520022086, 36.978171986690619 ], [ -121.378911520318525, 36.978441481826003 ], [ -121.379091183929063, 36.978441481450304 ], [ -121.378911520947028, 36.978531312799575 ], [ -121.378911520144001, 36.979339796489036 ], [ -121.379540341528511, 36.979968618169508 ], [ -121.380169162443735, 36.980238112426612 ], [ -121.380169162451551, 36.980777101461499 ], [ -121.379745126590521, 36.981040608634785 ], [ -121.378911520227376, 36.981226258400433 ] ] ] } },
{ "type": "Feature", "properties": { "csb_id": "061825015616190", "acres": 5.0440203541164301, "geoid": "06085" }, "geometry": { "type": "Polygon", "coordinates": [ [ [ -121.374779270117969, 36.980238112110477 ], [ -121.374240281534327, 36.979609291197569 ], [ -121.374240281121928, 36.978710975896107 ], [ -121.374509775311196, 36.978710975953121 ], [ -121.374509775758042, 36.978441481329611 ], [ -121.37504876487823, 36.978171986858996 ], [ -121.375048764259191, 36.979070301916614 ], [ -121.3754080912137, 36.979339796219605 ], [ -121.375677585175993, 36.979968617810925 ], [ -121.375677586016295, 36.980777101421126 ], [ -121.374779270117969, 36.980238112110477 ] ] ] } },
{ "type": "Feature", "properties": { "csb_id": "061825015616191", "acres": 23.7599751534046, "geoid": "06085" }, "geometry": { "type": "Polygon", "coordinates": [ [ [ -121.373880954739263, 36.982034742966938 ], [ -121.372982640313182, 36.982034743303018 ], [ -121.372713145201274, 36.981675417205956 ], [ -121.3722639871159, 36.980777101376738 ], [ -121.372263986753453, 36.979609290679434 ], [ -121.371994493378608, 36.978441481652631 ], [ -121.372982639606533, 36.978441481850922 ], [ -121.372982639126164, 36.978710975297091 ], [ -121.373611460521346, 36.978710976685797 ], [ -121.373611460624403, 36.978441481907815 ], [ -121.374509775758042, 36.978441481329611 ], [ -121.374509775311196, 36.978710975953121 ], [ -121.374240281121928, 36.978710975896107 ], [ -121.374240281534327, 36.979609291197569 ], [ -121.374779270117969, 36.980238112110477 ], [ -121.375677586016295, 36.980777101421126 ], [ -121.375947080292732, 36.980777100779555 ], [ -121.375947080204412, 36.98113642731731 ], [ -121.375677585427795, 36.981136426862498 ], [ -121.375677585798499, 36.982034742127098 ], [ -121.37424028117394, 36.98239406869822 ], [ -121.373880954739263, 36.982034742966938 ] ] ] } },
{ "type": "Feature", "properties": { "csb_id": "061825015616202", "acres": 29.495720420720399, "geoid": "06085" }, "geometry": { "type": "Polygon", "coordinates": [ [ [ -121.376845394927798, 36.981675416735051 ], [ -121.375677584993909, 36.981675416206365 ], [ -121.375677585427795, 36.981136426862498 ], [ -121.375947080204412, 36.98113642731731 ], [ -121.375947080292732, 36.980777100779555 ], [ -121.375677586016295, 36.980777101421126 ], [ -121.375677585175993, 36.979968617810925 ], [ -121.3754080912137, 36.979339796219605 ], [ -121.375048764259191, 36.979070301916614 ], [ -121.37504876487823, 36.978171986858996 ], [ -121.375677585033117, 36.9781719869572 ], [ -121.375677585621546, 36.977812661033198 ], [ -121.376575901075157, 36.977812660968944 ], [ -121.377474216057237, 36.977273671519868 ], [ -121.37927084697904, 36.977543165932715 ], [ -121.379270846445849, 36.978441481042815 ], [ -121.378911520318525, 36.978441481826003 ], [ -121.378911520022086, 36.978171986690619 ], [ -121.378372531431765, 36.978171987074539 ], [ -121.378372531392984, 36.979339796946064 ], [ -121.377474216273157, 36.979609291969588 ], [ -121.377474215894722, 36.979070303209973 ], [ -121.377204721298426, 36.979070302175877 ], [ -121.377204721313333, 36.979968618605248 ], [ -121.378372531364207, 36.979968617107147 ], [ -121.378911520565126, 36.980507606530409 ], [ -121.378911520692682, 36.98113642730101 ], [ -121.376845394927798, 36.981675416735051 ] ], [ [ -121.375408091098947, 36.978531312553976 ], [ -121.375228428188649, 36.978441481722186 ], [ -121.375228426880383, 36.978531313085526 ], [ -121.375408091098947, 36.978531312553976 ] ] ] } },
{ "type": "Feature", "properties": { "csb_id": "061825015616226", "acres": 5.7436139998954401, "geoid": "06085" }, "geometry": { "type": "Polygon", "coordinates": [ [ [ -121.372084324567396, 36.977812660913855 ], [ -121.371814829431088, 36.977363503314898 ], [ -121.371814829580345, 36.977004176722396 ], [ -121.373611460014857, 36.977004177043931 ], [ -121.373341965498071, 36.978171986602192 ], [ -121.373611461026655, 36.978171987957815 ], [ -121.373611460521346, 36.978710976685797 ], [ -121.372982639126164, 36.978710975297091 ], [ -121.372982639606533, 36.978441481850922 ], [ -121.372084324781653, 36.978441482104515 ], [ -121.372084324567396, 36.977812660913855 ] ] ] } },
{ "type": "Feature", "properties": { "csb_id": "061825015616247", "acres": 12.3445409049875, "geoid": "06085" }, "geometry": { "type": "Polygon", "coordinates": [ [ [ -121.373341965498071, 36.978171986602192 ], [ -121.373611460014857, 36.977004177043931 ], [ -121.372084324378719, 36.977004177962009 ], [ -121.371994493055368, 36.976375356380444 ], [ -121.371814829817993, 36.976195693083994 ], [ -121.371994492490302, 36.974938052221901 ], [ -121.371814830144032, 36.974938051905042 ], [ -121.372713145409818, 36.974848220402563 ], [ -121.37271314460277, 36.975207546566921 ], [ -121.373611459776512, 36.975207546152276 ], [ -121.373611460364941, 36.975746535369815 ], [ -121.37388095511001, 36.97574653533654 ], [ -121.373880954488101, 36.976644851139426 ], [ -121.374240280588083, 36.977004176871986 ], [ -121.374779269895356, 36.977004177237873 ], [ -121.374779270074868, 36.977812660911219 ], [ -121.374240280676347, 36.97817198732249 ], [ -121.373341965498071, 36.978171986602192 ] ] ] } },
{ "type": "Feature", "properties": { "csb_id": "061825015616252", "acres": 19.3000256415427, "geoid": "06085" }, "geometry": { "type": "Polygon", "coordinates": [ [ [ -121.373611460624403, 36.978441481907815 ], [ -121.373611461026655, 36.978171987957815 ], [ -121.374240280676347, 36.97817198732249 ], [ -121.374779270074868, 36.977812660911219 ], [ -121.374779269895356, 36.977004177237873 ], [ -121.375048765395078, 36.977004177261648 ], [ -121.375048765022555, 36.976375355881238 ], [ -121.375408090562445, 36.976375356255154 ], [ -121.375947079950194, 36.975746535476461 ], [ -121.375947079911214, 36.974309231097159 ], [ -121.3765759010126, 36.974309231349942 ], [ -121.377474216530914, 36.975207546627473 ], [ -121.378013204701276, 36.976644850691841 ], [ -121.378013205232065, 36.977273671775571 ], [ -121.377474216057237, 36.977273671519868 ], [ -121.376575901075157, 36.977812660968944 ], [ -121.375677585621546, 36.977812661033198 ], [ -121.375677585033117, 36.9781719869572 ], [ -121.37504876487823, 36.978171986858996 ], [ -121.374509775758042, 36.978441481329611 ], [ -121.373611460624403, 36.978441481907815 ] ] ] } },
{ "type": "Feature", "properties": { "csb_id": "061825015616257", "acres": 9.91120608537023, "geoid": "06085" }, "geometry": { "type": "Polygon", "coordinates": [ [ [ -121.373880954488101, 36.976644851139426 ], [ -121.373880954541264, 36.975477041056912 ], [ -121.374240281430573, 36.975477040910668 ], [ -121.374240280522841, 36.974578725882104 ], [ -121.37504876467149, 36.97457872539551 ], [ -121.375048764868481, 36.974309231752741 ], [ -121.375408090625626, 36.974309230868059 ], [ -121.37567758559338, 36.97439906257982 ], [ -121.375677585448756, 36.974578726257967 ], [ -121.375947079669629, 36.974578725446392 ], [ -121.375947079950194, 36.975746535476461 ], [ -121.375408090562445, 36.976375356255154 ], [ -121.375048765022555, 36.976375355881238 ], [ -121.375048765395078, 36.977004177261648 ], [ -121.374240280588083, 36.977004176871986 ], [ -121.373880954488101, 36.976644851139426 ] ] ] } },
{ "type": "Feature", "properties": { "csb_id": "061825015616264", "acres": 3.5270812096924899, "geoid": "06085" }, "geometry": { "type": "Polygon", "coordinates": [ [ [ -121.373611460364941, 36.975746535369815 ], [ -121.373611459776512, 36.975207546152276 ], [ -121.37271314460277, 36.975207546566921 ], [ -121.372713145468268, 36.9745787258585 ], [ -121.373341965318559, 36.974309231078507 ], [ -121.374240280522841, 36.974578725882104 ], [ -121.374240281430573, 36.975477040910668 ], [ -121.373880954541264, 36.975477041056912 ], [ -121.37388095511001, 36.97574653533654 ], [ -121.373611460364941, 36.975746535369815 ] ] ] } },
{ "type": "Feature", "properties": { "csb_id": "061825015616283", "acres": 10.3153802634115, "geoid": "06085" }, "geometry": { "type": "Polygon", "coordinates": [ [ [ -121.371275840953174, 36.975207545962114 ], [ -121.371275840973297, 36.974578725261104 ], [ -121.370916513900255, 36.974309230859625 ], [ -121.370916513945104, 36.97412956779241 ], [ -121.371096177651879, 36.973770241464798 ], [ -121.371455503069228, 36.973680410455287 ], [ -121.370647020497756, 36.973680410838369 ], [ -121.370647019797048, 36.973500747094334 ], [ -121.371814829281575, 36.97224310589101 ], [ -121.372084324229647, 36.972243106181374 ], [ -121.372443650576173, 36.973410916036002 ], [ -121.373611460652953, 36.97430923133021 ], [ -121.372713145468268, 36.9745787258585 ], [ -121.372713145409818, 36.974848220402563 ], [ -121.371814830144032, 36.974938051905042 ], [ -121.371814829335662, 36.975207546795012 ], [ -121.371275840953174, 36.975207545962114 ] ] ] } }
]
}
