{
"type": "FeatureCollection",
"name": "06099",
"crs": { "type": "name", "properties": { "name": "urn:ogc:def:crs:OGC:1.3:CRS84" } },
"features": [
{ "type": "Feature", "properties": { "csb_id": "061825005115158", "acres": 4.2926258047292496, "geoid": "06099" }, "geometry": { "type": "Polygon", "coordinates": [ [ [ -120.920409275381104, 38.064473305222499 ], [ -120.920049949846018, 38.064293642256743 ], [ -120.920049949478397, 38.063574990437608 ], [ -120.920499107639074, 38.063574990032777 ], [ -120.920768601989408, 38.063036000900759 ], [ -120.921127928562598, 38.063036000816624 ], [ -120.921127928743104, 38.063305495625571 ], [ -120.921756748622755, 38.06330549537671 ], [ -120.921756748582126, 38.063574989776981 ], [ -120.921397422416248, 38.063574990149029 ], [ -120.921127927655277, 38.063934315891693 ], [ -120.921127928314618, 38.06447330629814 ], [ -120.921397422571744, 38.064473305623117 ], [ -120.921397422915845, 38.064832631909141 ], [ -120.920409275650172, 38.064832631445078 ], [ -120.920409275381104, 38.064473305222499 ] ] ] } },
{ "type": "Feature", "properties": { "csb_id": "061825011823502", "acres": 20.7449077753772, "geoid": "06099" }, "geometry": { "type": "Polygon", "coordinates": [ [ [ -120.86549236277915, 37.924622301688466 ], [ -120.865672026867372, 37.923184997674447 ], [ -120.865312699745232, 37.923184997224446 ], [ -120.865312700419665, 37.922556176646474 ], [ -120.864773710632434, 37.922556177070241 ], [ -120.86414489010069, 37.922825671250301 ], [ -120.864144890752769, 37.923184997075793 ], [ -120.864414385277414, 37.923184997714849 ], [ -120.864414385001368, 37.923364660419004 ], [ -120.862438090020518, 37.923364661023697 ], [ -120.862438090883344, 37.922466345167443 ], [ -120.862168597139103, 37.922466345176105 ], [ -120.862168597294669, 37.921837524656219 ], [ -120.863695732580084, 37.92183752490466 ], [ -120.863695732155534, 37.922196850561107 ], [ -120.864594048427804, 37.922196850624239 ], [ -120.86513303779644, 37.921568030305927 ], [ -120.865761857953075, 37.92156803009366 ], [ -120.86666017280703, 37.920939209157901 ], [ -120.867288993906755, 37.920939209021377 ], [ -120.867288993438834, 37.921298535610461 ], [ -120.867558488188635, 37.921298536156293 ], [ -120.867738150353702, 37.921927356961632 ], [ -120.868097477653919, 37.921927358213075 ], [ -120.868097476604362, 37.922286681985391 ], [ -120.867738151696358, 37.922556178715752 ], [ -120.866660173806082, 37.922735840771047 ], [ -120.866300846326652, 37.92309516728421 ], [ -120.866121184030831, 37.924891795853739 ], [ -120.865761856961427, 37.924891796831261 ], [ -120.865761857597604, 37.924622302236685 ], [ -120.86549236277915, 37.924622301688466 ] ] ] } },
{ "type": "Feature", "properties": { "csb_id": "061825011824447", "acres": 7.1451172454073397, "geoid": "06099" }, "geometry": { "type": "Polygon", "coordinates": [ [ [ -120.893699462234579, 37.890935478601932 ], [ -120.893699462372666, 37.890576152928098 ], [ -120.893519799635243, 37.890396489884083 ], [ -120.892441820322858, 37.890306658109125 ], [ -120.892441821668669, 37.890037163598478 ], [ -120.892801146859327, 37.890037163851488 ], [ -120.892801146337845, 37.889677837319041 ], [ -120.892172326229598, 37.889677837265111 ], [ -120.892172328484335, 37.888869353661988 ], [ -120.892801146442068, 37.888869353653519 ], [ -120.892801147516124, 37.889138847990971 ], [ -120.89396895717401, 37.889498174385118 ], [ -120.895046936748386, 37.890126995045001 ], [ -120.895046936551566, 37.890396489444996 ], [ -120.894867273704492, 37.890576152810958 ], [ -120.894148620033008, 37.890665984351514 ], [ -120.894148620971222, 37.891025310250413 ], [ -120.893699462234579, 37.890935478601932 ] ] ] } },
{ "type": "Feature", "properties": { "csb_id": "061825011826441", "acres": 9.3027926938900194, "geoid": "06099" }, "geometry": { "type": "Polygon", "coordinates": [ [ [ -120.82192407088219, 37.839102686841777 ], [ -120.821205417381037, 37.839102687277808 ], [ -120.821205418921949, 37.839372181462025 ], [ -120.820846094372484, 37.83937218167388 ], [ -120.820846092641261, 37.838473866023193 ], [ -120.821205418957419, 37.838473866383254 ], [ -120.821205419390068, 37.838743360831558 ], [ -120.821834240603096, 37.838473866194569 ], [ -120.821834240450769, 37.837845045391973 ], [ -120.823002049919566, 37.837845045262121 ], [ -120.823002049957125, 37.838114540264733 ], [ -120.823630870878688, 37.837845045940419 ], [ -120.824259691322098, 37.837845045336884 ], [ -120.824259692324091, 37.838114540168746 ], [ -120.823900365900627, 37.838114539940655 ], [ -120.823630870541194, 37.838743360858167 ], [ -120.823630871425721, 37.839911170751705 ], [ -120.82300205099402, 37.839911170926968 ], [ -120.823002050660719, 37.8394620131062 ], [ -120.822373229101444, 37.839462012921388 ], [ -120.82192407088219, 37.839102686841777 ] ] ] } },
{ "type": "Feature", "properties": { "csb_id": "061825011826445", "acres": 30.6257911736087, "geoid": "06099" }, "geometry": { "type": "Polygon", "coordinates": [ [ [ -120.829380089472934, 37.84206712750693 ], [ -120.82722413181807, 37.842067127528473 ], [ -120.827224132156047, 37.841168812436067 ], [ -120.827583458836799, 37.840899317763004 ], [ -120.828032616120083, 37.840899317715426 ], [ -120.82803261554939, 37.84062982285355 ], [ -120.827763121406448, 37.84036032826198 ], [ -120.827224132494052, 37.840270497183425 ], [ -120.82713430106304, 37.840001002181708 ], [ -120.827044468833307, 37.837485719637726 ], [ -120.827134300919383, 37.837306056237729 ], [ -120.827224132552061, 37.837485719455302 ], [ -120.827852952835599, 37.837485719151658 ], [ -120.827852953216308, 37.837216224968479 ], [ -120.828481773500556, 37.837216224645935 ], [ -120.828481773492442, 37.837485720151946 ], [ -120.829110594741906, 37.837485719639943 ], [ -120.829110593861827, 37.837216224765399 ], [ -120.829649583283938, 37.837216225346083 ], [ -120.830008910099664, 37.837485719116316 ], [ -120.829829246325815, 37.839911171168943 ], [ -120.829829246585447, 37.840539991056474 ], [ -120.830008910047681, 37.840539992070859 ], [ -120.830008909190994, 37.841797632532256 ], [ -120.829380089472934, 37.84206712750693 ] ] ] } },
{ "type": "Feature", "properties": { "csb_id": "061825011826457", "acres": 3.6334691446607201, "geoid": "06099" }, "geometry": { "type": "Polygon", "coordinates": [ [ [ -120.823630871466989, 37.839012855180947 ], [ -120.823900365900627, 37.838114539940655 ], [ -120.824259692324091, 37.838114540168746 ], [ -120.824259691322098, 37.837845045336884 ], [ -120.82452918643267, 37.837845045934628 ], [ -120.824529185891066, 37.837216224985042 ], [ -120.824798680925412, 37.837216224527552 ], [ -120.824798681246989, 37.837845045075966 ], [ -120.825158007249144, 37.837845045248116 ], [ -120.825158007302946, 37.838473866408911 ], [ -120.824798680756615, 37.838473866637877 ], [ -120.824798680557279, 37.839012855647759 ], [ -120.823630871466989, 37.839012855180947 ] ] ] } },
{ "type": "Feature", "properties": { "csb_id": "061825011826467", "acres": 9.2640829106218394, "geoid": "06099" }, "geometry": { "type": "Polygon", "coordinates": [ [ [ -120.824798680756615, 37.838473866637877 ], [ -120.825158007302946, 37.838473866408911 ], [ -120.825158007249144, 37.837845045248116 ], [ -120.824798681246989, 37.837845045075966 ], [ -120.824798680470948, 37.836946730048467 ], [ -120.825158006835224, 37.836946730160868 ], [ -120.825158007491581, 37.837216224870353 ], [ -120.826505479728496, 37.83730605612012 ], [ -120.826774975069725, 37.837575551054641 ], [ -120.826864806361527, 37.839911170844381 ], [ -120.826685142880962, 37.839911171070149 ], [ -120.826685143215371, 37.839372181115294 ], [ -120.826056322036266, 37.83937218149358 ], [ -120.825696996566521, 37.839012855453959 ], [ -120.824798680557279, 37.839012855647759 ], [ -120.824798680756615, 37.838473866637877 ] ] ] } },
{ "type": "Feature", "properties": { "csb_id": "061825011826511", "acres": 15.084655199373, "geoid": "06099" }, "geometry": { "type": "Polygon", "coordinates": [ [ [ -120.822373229333422, 37.837845045887903 ], [ -120.822373229286228, 37.83748571952232 ], [ -120.82183424080732, 37.837485719487233 ], [ -120.821834240085792, 37.836946730381207 ], [ -120.821474914354397, 37.836587404066087 ], [ -120.821474914047386, 37.836317909271365 ], [ -120.821834239933452, 37.836317909386857 ], [ -120.822103735665436, 37.836048415003503 ], [ -120.822103734711902, 37.835689088969751 ], [ -120.823900365941327, 37.835689088346818 ], [ -120.825696996420064, 37.836946730187293 ], [ -120.825696996528862, 37.837216224495691 ], [ -120.825158007491581, 37.837216224870353 ], [ -120.825158006835224, 37.836946730160868 ], [ -120.824798680470948, 37.836946730048467 ], [ -120.824798680925412, 37.837216224527552 ], [ -120.824529185891066, 37.837216224985042 ], [ -120.82452918643267, 37.837845045934628 ], [ -120.822373229333422, 37.837845045887903 ] ] ] } },
{ "type": "Feature", "properties": { "csb_id": "061825011827481", "acres": 6.1678607116533897, "geoid": "06099" }, "geometry": { "type": "Polygon", "coordinates": [ [ [ -120.773864203841711, 37.818980424406121 ], [ -120.773864204359981, 37.818710930361881 ], [ -120.774133699190983, 37.818710929805334 ], [ -120.774133698649877, 37.818082109582789 ], [ -120.773864204707252, 37.818082109507309 ], [ -120.773864204044528, 37.81754311981031 ], [ -120.774133698457234, 37.817183794058202 ], [ -120.774493024741105, 37.817183793961611 ], [ -120.774493024763743, 37.816554973713849 ], [ -120.775391340996919, 37.816554973617635 ], [ -120.775391340266665, 37.817183793751077 ], [ -120.774762520241765, 37.817543120373735 ], [ -120.774762519378015, 37.817812614310412 ], [ -120.775032014333206, 37.817812614760328 ], [ -120.775032014747381, 37.818082109544108 ], [ -120.775032014462326, 37.818441435765344 ], [ -120.774762520266805, 37.818710930236598 ], [ -120.774762519211905, 37.819339750895743 ], [ -120.774133698919584, 37.81933975103869 ], [ -120.773864203841711, 37.818980424406121 ] ] ] } },
{ "type": "Feature", "properties": { "csb_id": "061825011827517", "acres": 26.079802210729898, "geoid": "06099" }, "geometry": { "type": "Polygon", "coordinates": [ [ [ -120.772965888853903, 37.820238066217136 ], [ -120.772965887622973, 37.819968571438082 ], [ -120.77233706774571, 37.819968572217583 ], [ -120.772337067792634, 37.820238066766706 ], [ -120.771708246509959, 37.820238066895456 ], [ -120.771708246243364, 37.819968571944209 ], [ -120.771169260120402, 37.819968571128491 ], [ -120.77116925805052, 37.819609245710744 ], [ -120.771438751773871, 37.819339751630991 ], [ -120.771708248231661, 37.819339751022888 ], [ -120.771708247162152, 37.81898042573112 ], [ -120.77116925767875, 37.818980425260754 ], [ -120.771169257160579, 37.818710930699801 ], [ -120.771708246895571, 37.81871093071036 ], [ -120.77170824722009, 37.818441437398853 ], [ -120.771169257750529, 37.818441435894094 ], [ -120.771169257598089, 37.817183796335449 ], [ -120.771169257892481, 37.816914300583036 ], [ -120.771438752749106, 37.816914300914021 ], [ -120.771438753017136, 37.816015984485766 ], [ -120.771708248257823, 37.815656658627091 ], [ -120.772067572807416, 37.815656658021076 ], [ -120.772516730981536, 37.81628547882692 ], [ -120.773594708184959, 37.816285478025449 ], [ -120.772555331745082, 37.817498380903174 ], [ -120.772722799866386, 37.817674533746562 ], [ -120.773655065772971, 37.816615328906153 ], [ -120.774493024763743, 37.816554973713849 ], [ -120.774493024741105, 37.817183793961611 ], [ -120.774133698457234, 37.817183794058202 ], [ -120.773864204044528, 37.81754311981031 ], [ -120.77386420382183, 37.817812614781225 ], [ -120.773864204707252, 37.818082109507309 ], [ -120.774133698649877, 37.818082109582789 ], [ -120.774133699190983, 37.818710929805334 ], [ -120.773864204359981, 37.818710930361881 ], [ -120.773864203841711, 37.818980424406121 ], [ -120.774133698919584, 37.81933975103869 ], [ -120.774493024821908, 37.819339750425556 ], [ -120.77449302398675, 37.819968571405731 ], [ -120.773594708978194, 37.819968571732062 ], [ -120.773594708881276, 37.820238066338888 ], [ -120.772965888853903, 37.820238066217136 ] ] ] } },
{ "type": "Feature", "properties": { "csb_id": "061825011827524", "acres": 8.4478816848837592, "geoid": "06099" }, "geometry": { "type": "Polygon", "coordinates": [ [ [ -120.780871063566408, 37.819968571040754 ], [ -120.780242242575056, 37.819968571190259 ], [ -120.780242243068912, 37.820238066086617 ], [ -120.77961342207621, 37.820238066217428 ], [ -120.779343927076567, 37.820058402860447 ], [ -120.779882917159995, 37.819968571357649 ], [ -120.78024224258165, 37.81960924542409 ], [ -120.7802422431959, 37.819339750262991 ], [ -120.779882917217051, 37.819339750258408 ], [ -120.779882916461645, 37.818710930170077 ], [ -120.780242243004309, 37.818710930346711 ], [ -120.780242242517076, 37.818082109487221 ], [ -120.779882916579282, 37.817183793607512 ], [ -120.780242242452502, 37.816554973071227 ], [ -120.780421906125653, 37.815746489686816 ], [ -120.780871063655752, 37.815746489928117 ], [ -120.780871064136804, 37.819609245446557 ], [ -120.781410052229717, 37.820238065959074 ], [ -120.780871063840522, 37.820238065535065 ], [ -120.780871063566408, 37.819968571040754 ] ] ] } },
{ "type": "Feature", "properties": { "csb_id": "061825011827536", "acres": 50.0405039554784, "geoid": "06099" }, "geometry": { "type": "Polygon", "coordinates": [ [ [ -120.782038873446311, 37.820238067614682 ], [ -120.782038873052073, 37.819968571338215 ], [ -120.781769379396295, 37.81996857151762 ], [ -120.781769379324871, 37.820238065839959 ], [ -120.782038873446311, 37.820238067614682 ], [ -120.782038874020685, 37.821136383965374 ], [ -120.781769378545263, 37.821136380868452 ], [ -120.781769379549175, 37.820507561009521 ], [ -120.781410053360446, 37.820507560668574 ], [ -120.781410052229717, 37.820238065959074 ], [ -120.780871064136804, 37.819609245446557 ], [ -120.780871063655752, 37.815746489928117 ], [ -120.785632134263295, 37.816914299516007 ], [ -120.786620281165199, 37.817004131006904 ], [ -120.786260955718859, 37.818082110159068 ], [ -120.786260954948091, 37.819968571596725 ], [ -120.785721966746024, 37.819968573552835 ], [ -120.78572196689808, 37.820238068049669 ], [ -120.782038873446311, 37.820238067614682 ] ] ] } },
{ "type": "Feature", "properties": { "csb_id": "061825011827541", "acres": 49.155593116005399, "geoid": "06099" }, "geometry": { "type": "Polygon", "coordinates": [ [ [ -120.778086286637929, 37.820238066121547 ], [ -120.777187970938144, 37.81996857102164 ], [ -120.776289655262246, 37.819968571912547 ], [ -120.776289655237008, 37.820238065773005 ], [ -120.775660835207987, 37.820238065672818 ], [ -120.775660835013525, 37.819968571410293 ], [ -120.77503201402665, 37.81996857244139 ], [ -120.775032014440825, 37.82023806710604 ], [ -120.77467268771818, 37.820238065798449 ], [ -120.774493025144452, 37.820058403230313 ], [ -120.774493024821908, 37.819339750425556 ], [ -120.774762519211905, 37.819339750895743 ], [ -120.774762520266805, 37.818710930236598 ], [ -120.775032014462326, 37.818441435765344 ], [ -120.775032014747381, 37.818082109544108 ], [ -120.775391340447882, 37.818082109679068 ], [ -120.775391339832026, 37.817812614665236 ], [ -120.776020161172866, 37.817812614369238 ], [ -120.776020161282929, 37.817183794259307 ], [ -120.775391340266665, 37.817183793751077 ], [ -120.775391340996919, 37.816554973617635 ], [ -120.775032014370552, 37.816554973368405 ], [ -120.776738813462018, 37.816105816450239 ], [ -120.779343927759399, 37.815746489817734 ], [ -120.780421906125653, 37.815746489686816 ], [ -120.780242242452502, 37.816554973071227 ], [ -120.779882916579282, 37.817183793607512 ], [ -120.780242242517076, 37.818082109487221 ], [ -120.780242243004309, 37.818710930346711 ], [ -120.779882916461645, 37.818710930170077 ], [ -120.779882917217051, 37.819339750258408 ], [ -120.7802422431959, 37.819339750262991 ], [ -120.78024224258165, 37.81960924542409 ], [ -120.779882917159995, 37.819968571357649 ], [ -120.778984601628522, 37.819968571721219 ], [ -120.778984601970521, 37.820238065697453 ], [ -120.778086286637929, 37.820238066121547 ] ] ] } },
{ "type": "Feature", "properties": { "csb_id": "061825011827558", "acres": 53.133428007663099, "geoid": "06099" }, "geometry": { "type": "Polygon", "coordinates": [ [ [ -120.770540436254521, 37.819968571797943 ], [ -120.769642122652016, 37.819968571391961 ], [ -120.769642122331646, 37.820238065825748 ], [ -120.769013302158044, 37.820238065702988 ], [ -120.769013300042417, 37.819968571326847 ], [ -120.768384480831287, 37.819968571013284 ], [ -120.76838447984214, 37.820238066481451 ], [ -120.767755660924678, 37.820238067011523 ], [ -120.767755659477857, 37.81996857160091 ], [ -120.766857344620263, 37.819968571291632 ], [ -120.766318356257301, 37.820238066322901 ], [ -120.766318355789352, 37.820507561028947 ], [ -120.765959029679451, 37.820507560470176 ], [ -120.765689534754316, 37.820238065987787 ], [ -120.765689535629122, 37.819609244872552 ], [ -120.765959029601319, 37.819339750353159 ], [ -120.766498019669484, 37.819070256340474 ], [ -120.767486164812382, 37.818980424634049 ], [ -120.767755660877228, 37.81871093031166 ], [ -120.767755659766962, 37.818082109459219 ], [ -120.767216670850658, 37.817632951596771 ], [ -120.766857344816685, 37.817543119914909 ], [ -120.76685734518945, 37.816554972923996 ], [ -120.76748616469564, 37.816554973167108 ], [ -120.767486165761397, 37.81601598427963 ], [ -120.768114986297931, 37.816015983814353 ], [ -120.768114986844438, 37.816644804761701 ], [ -120.768384479758012, 37.81664480556654 ], [ -120.768743806933571, 37.816285478615121 ], [ -120.768743806062417, 37.815656658425766 ], [ -120.767396333363152, 37.815387163997315 ], [ -120.767396333838676, 37.814578679500642 ], [ -120.767216671747121, 37.814129522357554 ], [ -120.767396333434931, 37.813590533342449 ], [ -120.768114986811483, 37.81368036441755 ], [ -120.768384480843395, 37.813860027722377 ], [ -120.76838448117023, 37.814488848547107 ], [ -120.769013301391382, 37.81457867992313 ], [ -120.76928279636293, 37.815387163587801 ], [ -120.769642120858208, 37.815387163392259 ], [ -120.769642121645944, 37.815656657849843 ], [ -120.770540436935306, 37.815387163738798 ], [ -120.770540436493036, 37.815117669438536 ], [ -120.772067573570112, 37.815117668630336 ], [ -120.772067573742802, 37.815387163218219 ], [ -120.771438752569523, 37.815387163111218 ], [ -120.771169257961489, 37.815656657813022 ], [ -120.771169256117105, 37.816285479152647 ], [ -120.771438752005906, 37.816285478793787 ], [ -120.771438752749106, 37.816914300914021 ], [ -120.771169257892481, 37.816914300583036 ], [ -120.771169257750529, 37.818441435894094 ], [ -120.77170824722009, 37.818441437398853 ], [ -120.771708246895571, 37.81871093071036 ], [ -120.771169257160579, 37.818710930699801 ], [ -120.77116925767875, 37.818980425260754 ], [ -120.771708247162152, 37.81898042573112 ], [ -120.771708248231661, 37.819339751022888 ], [ -120.771438751773871, 37.819339751630991 ], [ -120.77116925805052, 37.819609245710744 ], [ -120.771169257314185, 37.820238066309685 ], [ -120.77054043669682, 37.820238065829507 ], [ -120.770540436254521, 37.819968571797943 ] ] ] } },
{ "type": "Feature", "properties": { "csb_id": "061825011827636", "acres": 3.8392377126255401, "geoid": "06099" }, "geometry": { "type": "Polygon", "coordinates": [ [ [ -120.780871063645264, 37.815566826116317 ], [ -120.779882916821464, 37.815566826727625 ], [ -120.779882916593408, 37.814129521858206 ], [ -120.780242243401858, 37.814129521974735 ], [ -120.780242243203716, 37.813860027601791 ], [ -120.780871063436493, 37.81386002790591 ], [ -120.780871063645264, 37.815566826116317 ] ] ] } },
{ "type": "Feature", "properties": { "csb_id": "061825011827682", "acres": 4.8429500173117601, "geoid": "06099" }, "geometry": { "type": "Polygon", "coordinates": [ [ [ -120.694093807360574, 37.814488847819192 ], [ -120.693375154705365, 37.814488848428432 ], [ -120.693464986919764, 37.81323120651669 ], [ -120.694093806631841, 37.813231206591254 ], [ -120.694093806654038, 37.813051543901523 ], [ -120.694273469962397, 37.813051544182706 ], [ -120.694542964866372, 37.813321038484837 ], [ -120.694542964788255, 37.813680364296111 ], [ -120.69544127987939, 37.813680364405919 ], [ -120.695441279806559, 37.813860027760079 ], [ -120.694992122684695, 37.81386002775595 ], [ -120.694992122748431, 37.814488847663419 ], [ -120.694363302120678, 37.814758342492411 ], [ -120.694093807360574, 37.814488847819192 ] ] ] } },
{ "type": "Feature", "properties": { "csb_id": "061825011827699", "acres": 3.76136934115438, "geoid": "06099" }, "geometry": { "type": "Polygon", "coordinates": [ [ [ -120.774493025197572, 37.813590532786129 ], [ -120.773235383490785, 37.81359053281431 ], [ -120.77296588905314, 37.81305154343579 ], [ -120.773594709946991, 37.812961712576588 ], [ -120.77359471014077, 37.812422722540262 ], [ -120.774493024996914, 37.81242272261008 ], [ -120.774672688407975, 37.812961712258904 ], [ -120.774493025197572, 37.813590532786129 ] ] ] } },
{ "type": "Feature", "properties": { "csb_id": "061825011827814", "acres": 34.495740749291599, "geoid": "06099" }, "geometry": { "type": "Polygon", "coordinates": [ [ [ -120.778445612656839, 37.813680364579739 ], [ -120.777816792082731, 37.813590533007805 ], [ -120.776918476082798, 37.813051544021882 ], [ -120.776020161061112, 37.812961711960831 ], [ -120.77566083471244, 37.812692217804468 ], [ -120.775660835107487, 37.811704070335828 ], [ -120.776559150728573, 37.810536260724213 ], [ -120.776918476841502, 37.810536260674105 ], [ -120.776918476892135, 37.810805755518786 ], [ -120.777457465145417, 37.810805755444704 ], [ -120.777457465641902, 37.810536261002099 ], [ -120.779164265198844, 37.810536261081459 ], [ -120.779343927450213, 37.810356597518343 ], [ -120.78024224314909, 37.810805755304422 ], [ -120.78024224334068, 37.811434576246498 ], [ -120.779882916553987, 37.811434576073964 ], [ -120.779882917305798, 37.812332891349136 ], [ -120.780511737006535, 37.812961712175863 ], [ -120.780511737274026, 37.81359053329701 ], [ -120.779882916304786, 37.813590532695216 ], [ -120.779882916596918, 37.813860027715243 ], [ -120.780242243203716, 37.813860027601791 ], [ -120.780242243401858, 37.814129521974735 ], [ -120.779882916593408, 37.814129521858206 ], [ -120.779882916821464, 37.815566826727625 ], [ -120.779343928135674, 37.815566826696035 ], [ -120.778984601206204, 37.815387163336723 ], [ -120.778894769807536, 37.814758343089643 ], [ -120.778445612656839, 37.813680364579739 ] ], [ [ -120.776918476074584, 37.811434576343068 ], [ -120.776918476508683, 37.81125491334906 ], [ -120.776738812666224, 37.811254912845236 ], [ -120.776738813199159, 37.811434576471257 ], [ -120.776918476074584, 37.811434576343068 ], [ -120.776918476125218, 37.811704071137463 ], [ -120.777187970312568, 37.811704070679632 ], [ -120.7771879706833, 37.811434576517264 ], [ -120.776918476074584, 37.811434576343068 ] ] ] } },
{ "type": "Feature", "properties": { "csb_id": "061825011827833", "acres": 97.208182490821002, "geoid": "06099" }, "geometry": { "type": "Polygon", "coordinates": [ [ [ -120.786260955567599, 37.816824468009166 ], [ -120.780871063645264, 37.815566826116317 ], [ -120.780871063436493, 37.81386002790591 ], [ -120.779882916596918, 37.813860027715243 ], [ -120.779882916304786, 37.813590532695216 ], [ -120.780511737274026, 37.81359053329701 ], [ -120.780511737006535, 37.812961712175863 ], [ -120.779882917305798, 37.812332891349136 ], [ -120.779882916553987, 37.811434576073964 ], [ -120.78024224334068, 37.811434576246498 ], [ -120.78024224324659, 37.81053626160795 ], [ -120.780691400520567, 37.810536260609474 ], [ -120.780691400134316, 37.810356597696078 ], [ -120.781140557720846, 37.810266766373864 ], [ -120.781410052895751, 37.809907440573454 ], [ -120.78176937846689, 37.809907440505519 ], [ -120.782937188891083, 37.810536260899802 ], [ -120.78419483074309, 37.81053626097556 ], [ -120.784194830321525, 37.810266766227613 ], [ -120.785721966370261, 37.810266766192711 ], [ -120.785721966522289, 37.81053626122894 ], [ -120.787877922351512, 37.810536260812825 ], [ -120.78751859713573, 37.813051543855465 ], [ -120.786260955567599, 37.816824468009166 ] ] ] } },
{ "type": "Feature", "properties": { "csb_id": "061825011827846", "acres": 17.131212045666999, "geoid": "06099" }, "geometry": { "type": "Polygon", "coordinates": [ [ [ -120.8609109549393, 37.812782048867838 ], [ -120.860910954871215, 37.812422723256262 ], [ -120.86046179893593, 37.812153228541078 ], [ -120.859922809093348, 37.812153228385512 ], [ -120.85992280915913, 37.811524407868639 ], [ -120.859743144552937, 37.811254914636088 ], [ -120.859743145645908, 37.809727777003438 ], [ -120.861988932785408, 37.809727777202305 ], [ -120.861988932720038, 37.810626092613269 ], [ -120.862348258934389, 37.810626092510681 ], [ -120.862887249437222, 37.810895586875091 ], [ -120.862887248546642, 37.811254912953586 ], [ -120.86261775401222, 37.8112549135842 ], [ -120.862617754346914, 37.812153228371272 ], [ -120.861988933465412, 37.81215322815666 ], [ -120.861719438725629, 37.81296171205846 ], [ -120.8609109549393, 37.812782048867838 ] ] ] } },
{ "type": "Feature", "properties": { "csb_id": "061825011828044", "acres": 66.950521728976199, "geoid": "06099" }, "geometry": { "type": "Polygon", "coordinates": [ [ [ -120.787877922351512, 37.810536260812825 ], [ -120.785721966522289, 37.81053626122894 ], [ -120.785721966370261, 37.810266766192711 ], [ -120.784194830321525, 37.810266766227613 ], [ -120.78419483074309, 37.81053626097556 ], [ -120.782937188891083, 37.810536260899802 ], [ -120.78176937846689, 37.809907440505519 ], [ -120.781769378538286, 37.80963794560855 ], [ -120.782038873765941, 37.809637945596407 ], [ -120.7820388733887, 37.809278619177604 ], [ -120.78230836822091, 37.809009124902644 ], [ -120.782308367731488, 37.80873963058734 ], [ -120.782667694349996, 37.808739630174685 ], [ -120.782667694075784, 37.808200640808558 ], [ -120.782937188836755, 37.807481989238653 ], [ -120.783116851859489, 37.807302325641594 ], [ -120.783566009346202, 37.807481989282316 ], [ -120.783566009549119, 37.806853168336481 ], [ -120.784464324613637, 37.80667350551748 ], [ -120.784464324416305, 37.806314179162271 ], [ -120.78482365106855, 37.80631417918687 ], [ -120.784823650866755, 37.806044684603748 ], [ -120.785362640223539, 37.805775189640073 ], [ -120.786260955204554, 37.805685358186217 ], [ -120.786620281064387, 37.80541586382239 ], [ -120.786620281248645, 37.805056537888227 ], [ -120.787788091091471, 37.805056537666836 ], [ -120.78814741704727, 37.804787043428348 ], [ -120.789045732528592, 37.804787042662632 ], [ -120.789315227539205, 37.805056537686482 ], [ -120.789405058716682, 37.805865021249964 ], [ -120.788327080508182, 37.80775148379616 ], [ -120.787937577036715, 37.810416252143881 ], [ -120.787877922351512, 37.810536260812825 ] ] ] } },
{ "type": "Feature", "properties": { "csb_id": "061825011828437", "acres": 11.5304259736389, "geoid": "06099" }, "geometry": { "type": "Polygon", "coordinates": [ [ [ -120.785721966600974, 37.796253047857995 ], [ -120.785721966076125, 37.795714058970482 ], [ -120.785362639966451, 37.79571405832106 ], [ -120.785272808652877, 37.795354732216474 ], [ -120.785991460642222, 37.794456417660847 ], [ -120.787698259933222, 37.794546248489929 ], [ -120.788686406609372, 37.79517506965982 ], [ -120.788327080662398, 37.795983553409187 ], [ -120.787518596605878, 37.795983553770803 ], [ -120.787428765638239, 37.796253047856979 ], [ -120.786260954994148, 37.796612374025322 ], [ -120.785721966600974, 37.796253047857995 ] ], [ [ -120.7881474173805, 37.795354732908777 ], [ -120.787518596878868, 37.795354732619749 ], [ -120.787518597152143, 37.79562422706416 ], [ -120.788147417434033, 37.795624226951318 ], [ -120.7881474173805, 37.795354732908777 ] ] ] } },
{ "type": "Feature", "properties": { "csb_id": "061825011828589", "acres": 3.2458715111518699, "geoid": "06099" }, "geometry": { "type": "Polygon", "coordinates": [ [ [ -120.912204758632058, 37.790773324963681 ], [ -120.911845431960174, 37.79077332478078 ], [ -120.911845431954745, 37.79050382986204 ], [ -120.912474252338569, 37.790503830665173 ], [ -120.912653915687414, 37.790234335197326 ], [ -120.913103073751913, 37.7902343358178 ], [ -120.913372567824737, 37.790503830545916 ], [ -120.913372568566658, 37.791402145676784 ], [ -120.912204758053832, 37.791402144986314 ], [ -120.912204758632058, 37.790773324963681 ] ] ] } },
{ "type": "Feature", "properties": { "csb_id": "061825011828708", "acres": 5.8387620175723898, "geoid": "06099" }, "geometry": { "type": "Polygon", "coordinates": [ [ [ -120.880943386776977, 37.790234335574354 ], [ -120.87869759812402, 37.790234335640676 ], [ -120.878697597964333, 37.788797030798406 ], [ -120.879326418453843, 37.788797031134486 ], [ -120.879955239565192, 37.789425852020223 ], [ -120.880224734371836, 37.789425851913471 ], [ -120.880314565106843, 37.789066525819152 ], [ -120.880314565055244, 37.789336019951207 ], [ -120.88085355453309, 37.789425852034327 ], [ -120.880943386776977, 37.790234335574354 ] ], [ [ -120.879775575981014, 37.789875009214789 ], [ -120.879416249927985, 37.789875009529268 ], [ -120.879416250320006, 37.790234335198448 ], [ -120.879775575904048, 37.790234335345815 ], [ -120.879775575981014, 37.789875009214789 ] ] ] } },
{ "type": "Feature", "properties": { "csb_id": "061825011828817", "acres": 2.70020295789752, "geoid": "06099" }, "geometry": { "type": "Polygon", "coordinates": [ [ [ -120.782038873047028, 37.786281748203869 ], [ -120.781410052552758, 37.786371579851043 ], [ -120.781410052149184, 37.785652927415242 ], [ -120.782038872941612, 37.785652927193595 ], [ -120.782038873131754, 37.785024106960343 ], [ -120.782667694486506, 37.785024106890397 ], [ -120.7826676930964, 37.785922422642145 ], [ -120.782038873047028, 37.786281748203869 ] ] ] } },
{ "type": "Feature", "properties": { "csb_id": "061825011830454", "acres": 17.6062165200631, "geoid": "06099" }, "geometry": { "type": "Polygon", "coordinates": [ [ [ -120.974637669710518, 37.738311711989667 ], [ -120.974637671005482, 37.738671038464894 ], [ -120.97481733331999, 37.738671038271967 ], [ -120.9748173330985, 37.738401544048152 ], [ -120.974996995402876, 37.738311712598943 ], [ -120.974637669710518, 37.738311711989667 ], [ -120.974637669036895, 37.738042217975405 ], [ -120.975266490955903, 37.737682890943304 ], [ -120.975266490858502, 37.737143902523016 ], [ -120.975895311790111, 37.737143901991942 ], [ -120.97589531162248, 37.736784575723227 ], [ -120.97652413209569, 37.736784576027702 ], [ -120.977152953186177, 37.737413396675294 ], [ -120.977152953297008, 37.738311711728869 ], [ -120.977422447692675, 37.738311712247068 ], [ -120.977422448191263, 37.739659184976908 ], [ -120.977152952710057, 37.740108342374441 ], [ -120.976524132846066, 37.740108342961776 ], [ -120.976524132342121, 37.739928679721459 ], [ -120.975625817208723, 37.739928679838293 ], [ -120.975625817744657, 37.740108342615038 ], [ -120.975176659725022, 37.740108343755743 ], [ -120.975176659260583, 37.739659184877851 ], [ -120.974817333198544, 37.739299858504495 ], [ -120.97436817596099, 37.739210026854991 ], [ -120.974368175185717, 37.738311711815818 ], [ -120.974637669710518, 37.738311711989667 ] ] ] } },
{ "type": "Feature", "properties": { "csb_id": "061825011830590", "acres": 15.744061333612001, "geoid": "06099" }, "geometry": { "type": "Polygon", "coordinates": [ [ [ -120.977152953350981, 37.735886260307588 ], [ -120.975895311501034, 37.735886260783133 ], [ -120.975176659547287, 37.735257440119454 ], [ -120.975176659123747, 37.734987945452417 ], [ -120.975446154097327, 37.734987945830667 ], [ -120.975625816678743, 37.734808282189782 ], [ -120.975625817700234, 37.734359124654553 ], [ -120.974996997111617, 37.734359124986312 ], [ -120.974637670478856, 37.733460809857682 ], [ -120.974637671020389, 37.732831989012304 ], [ -120.976793627574196, 37.732831989046304 ], [ -120.976973290461046, 37.733820135154211 ], [ -120.97733261657298, 37.734448956082112 ], [ -120.977152953537768, 37.734987945614748 ], [ -120.978051268439415, 37.734987945761453 ], [ -120.978051268480243, 37.735257439929946 ], [ -120.977691942981266, 37.735257440293978 ], [ -120.977691942542251, 37.735706597469608 ], [ -120.977152953350981, 37.735886260307588 ] ] ] } },
{ "type": "Feature", "properties": { "csb_id": "061825011830807", "acres": 6.78019234759123, "geoid": "06099" }, "geometry": { "type": "Polygon", "coordinates": [ [ [ -121.022517874870914, 37.727442096795606 ], [ -121.020990739232559, 37.727531928696486 ], [ -121.02063141270942, 37.726903108309976 ], [ -121.019733098050125, 37.726903107703656 ], [ -121.019733098095088, 37.726004792743694 ], [ -121.020092424081867, 37.726004793023471 ], [ -121.020092424070512, 37.726274287528149 ], [ -121.020361917957274, 37.726274287607112 ], [ -121.020361918093499, 37.726004792870221 ], [ -121.021709391245082, 37.725914961697427 ], [ -121.021709391227219, 37.726543781380975 ], [ -121.02251787543554, 37.72708277106824 ], [ -121.022517874870914, 37.727442096795606 ] ] ] } },
{ "type": "Feature", "properties": { "csb_id": "061825011831142", "acres": 31.380171807154198, "geoid": "06099" }, "geometry": { "type": "Polygon", "coordinates": [ [ [ -121.125644469870039, 37.714416525559749 ], [ -121.12528514395099, 37.714147030955829 ], [ -121.125285143586012, 37.713518210155527 ], [ -121.125015649231827, 37.713248715241811 ], [ -121.124746154658936, 37.713248715261429 ], [ -121.124386828788573, 37.713518210339032 ], [ -121.124386828628275, 37.713877535812451 ], [ -121.124746154061881, 37.713877536263617 ], [ -121.124746154092179, 37.714147031285954 ], [ -121.124117333722111, 37.714147031349391 ], [ -121.124117333470494, 37.713877535932099 ], [ -121.123847838611979, 37.713877536317597 ], [ -121.123847838690835, 37.712619894899916 ], [ -121.123488513326535, 37.712619894923854 ], [ -121.123488512528823, 37.710823264255012 ], [ -121.12321901853943, 37.710733433133782 ], [ -121.127800426537831, 37.710643602006385 ], [ -121.127800426165621, 37.713158884432964 ], [ -121.127710594706784, 37.712979221039546 ], [ -121.127171605843031, 37.712979220729274 ], [ -121.127171605259591, 37.713248715951771 ], [ -121.127441100522702, 37.713248715974018 ], [ -121.127441100014792, 37.71387753623884 ], [ -121.126542784912843, 37.713877536654863 ], [ -121.126542785356847, 37.714147031120561 ], [ -121.125644469870039, 37.714416525559749 ] ] ] } },
{ "type": "Feature", "properties": { "csb_id": "061825011831507", "acres": 3.6305171746190901, "geoid": "06099" }, "geometry": { "type": "Polygon", "coordinates": [ [ [ -121.158971967100655, 37.697977355703244 ], [ -121.157265166324251, 37.697977356101077 ], [ -121.15726516768197, 37.697438366383984 ], [ -121.157893988803437, 37.697438366830561 ], [ -121.158073651847616, 37.697168871754236 ], [ -121.159421124854958, 37.697168872020491 ], [ -121.159331292628764, 37.697707861371626 ], [ -121.158971967100655, 37.697977355703244 ] ] ] } },
{ "type": "Feature", "properties": { "csb_id": "061825011831516", "acres": 2.7131362875017402, "geoid": "06099" }, "geometry": { "type": "Polygon", "coordinates": [ [ [ -121.096359391485606, 37.697348535342357 ], [ -121.096359392048967, 37.696809547720264 ], [ -121.09689838115797, 37.69654005144875 ], [ -121.097527201315515, 37.696540051173606 ], [ -121.097527201415033, 37.69680954582612 ], [ -121.09725770705829, 37.696809545739058 ], [ -121.09725770648609, 37.697977355937525 ], [ -121.09662888637267, 37.697977355939287 ], [ -121.096628885801834, 37.697348535063576 ], [ -121.096359391485606, 37.697348535342357 ] ] ] } },
{ "type": "Feature", "properties": { "csb_id": "061825011831525", "acres": 5.5921935334549602, "geoid": "06099" }, "geometry": { "type": "Polygon", "coordinates": [ [ [ -121.157265166324251, 37.697977356101077 ], [ -121.156097358356533, 37.697797692994719 ], [ -121.156097358385793, 37.697348535224833 ], [ -121.155378705659302, 37.696809545625825 ], [ -121.155378705936002, 37.696180725453488 ], [ -121.156366852107794, 37.696270557062576 ], [ -121.156546515280269, 37.69680954606433 ], [ -121.158073651847616, 37.697168871754236 ], [ -121.157893988803437, 37.697438366830561 ], [ -121.15726516768197, 37.697438366383984 ], [ -121.157265166324251, 37.697977356101077 ] ] ] } },
{ "type": "Feature", "properties": { "csb_id": "061825011831540", "acres": 7.3294475664660697, "geoid": "06099" }, "geometry": { "type": "Polygon", "coordinates": [ [ [ -121.158522809285913, 37.697168871697102 ], [ -121.156905840833772, 37.696899377149713 ], [ -121.156546515109255, 37.696540051408185 ], [ -121.156546515280269, 37.69680954606433 ], [ -121.156366852791194, 37.696450219659788 ], [ -121.156726178518255, 37.69645021983365 ], [ -121.157444831220801, 37.695911230533746 ], [ -121.159421123944028, 37.695911230439251 ], [ -121.159421124854958, 37.697168872020491 ], [ -121.158522809285913, 37.697168871697102 ] ], [ [ -121.158432975823189, 37.696899377433333 ], [ -121.158253313883762, 37.696899377256706 ], [ -121.158253313618275, 37.697079040993913 ], [ -121.158432975993534, 37.697079041170504 ], [ -121.158432975823189, 37.696899377433333 ] ] ] } },
{ "type": "Feature", "properties": { "csb_id": "061825011831614", "acres": 4.8799161913405102, "geoid": "06099" }, "geometry": { "type": "Polygon", "coordinates": [ [ [ -121.112708729512008, 37.695282409591769 ], [ -121.111720583222876, 37.695372241398495 ], [ -121.11172058220879, 37.694473926335547 ], [ -121.1122595716256, 37.694473926658631 ], [ -121.112259571713281, 37.694743420732941 ], [ -121.112888392469628, 37.694743421094813 ], [ -121.113157887610583, 37.694473926155517 ], [ -121.113157887018545, 37.694114600493059 ], [ -121.11351721368537, 37.693485779293304 ], [ -121.113786708503653, 37.693485779622428 ], [ -121.114146033752618, 37.693845105311453 ], [ -121.114146033336056, 37.694473925930275 ], [ -121.112978223952496, 37.695012915783863 ], [ -121.112708729512008, 37.695282409591769 ] ] ] } },
{ "type": "Feature", "properties": { "csb_id": "061825011831797", "acres": 31.429091026946001, "geoid": "06099" }, "geometry": { "type": "Polygon", "coordinates": [ [ [ -121.1257343009582, 37.690162012770728 ], [ -121.125285143763321, 37.690521338434451 ], [ -121.124746153931682, 37.69052133898348 ], [ -121.124746154052062, 37.690162012983372 ], [ -121.124117333184259, 37.690162012669973 ], [ -121.124117333627552, 37.69052133883195 ], [ -121.123039354756301, 37.690431507326238 ], [ -121.123039355541891, 37.688904371777902 ], [ -121.124117333017992, 37.688095887511537 ], [ -121.124207165193454, 37.687646729880001 ], [ -121.124746153820666, 37.687107740512602 ], [ -121.125464806690516, 37.687017909730322 ], [ -121.125464807152952, 37.686748415065608 ], [ -121.127530932122497, 37.686838246024543 ], [ -121.127441100114126, 37.690072181006862 ], [ -121.1257343009582, 37.690162012770728 ] ] ] } },
{ "type": "Feature", "properties": { "csb_id": "061825011831940", "acres": 13.421892385391899, "geoid": "06099" }, "geometry": { "type": "Polygon", "coordinates": [ [ [ -121.100581473534291, 37.68189751226781 ], [ -121.10417473390568, 37.681897512100996 ], [ -121.104444229054707, 37.682167006573273 ], [ -121.104444228632332, 37.683694143201819 ], [ -121.102917093140036, 37.683694142754796 ], [ -121.102737430127007, 37.683424647734412 ], [ -121.101928945748384, 37.683424648449019 ], [ -121.101749282963283, 37.682885658615163 ], [ -121.100581473800958, 37.68279582764594 ], [ -121.100581473534291, 37.68189751226781 ] ] ] } },
{ "type": "Feature", "properties": { "csb_id": "061825011831941", "acres": 11.411085640643901, "geoid": "06099" }, "geometry": { "type": "Polygon", "coordinates": [ [ [ -121.100581473800958, 37.68279582764594 ], [ -121.097437369294482, 37.682795827173031 ], [ -121.096000065793731, 37.683155153940895 ], [ -121.095640738855224, 37.682526332647555 ], [ -121.095640739700514, 37.682167007835012 ], [ -121.095730570743598, 37.681897513054935 ], [ -121.100581473534291, 37.68189751226781 ], [ -121.100581473800958, 37.68279582764594 ] ] ] } },
{ "type": "Feature", "properties": { "csb_id": "061825011832021", "acres": 5.9840444308524896, "geoid": "06099" }, "geometry": { "type": "Polygon", "coordinates": [ [ [ -121.201552110948811, 37.679202566453839 ], [ -121.201462279890848, 37.677944925107731 ], [ -121.201911437696268, 37.67767543245975 ], [ -121.202989415239415, 37.677944925320816 ], [ -121.203079247319224, 37.679472061774376 ], [ -121.201731773947245, 37.679472061112897 ], [ -121.201731774637949, 37.679202566421388 ], [ -121.201552110948811, 37.679202566453839 ] ] ] } },
{ "type": "Feature", "properties": { "csb_id": "061825011832032", "acres": 8.1999447669251104, "geoid": "06099" }, "geometry": { "type": "Polygon", "coordinates": [ [ [ -121.201192785326455, 37.680190712874712 ], [ -121.200833459209989, 37.679561892437754 ], [ -121.199755480866145, 37.679741555295784 ], [ -121.199755480264258, 37.680100881559781 ], [ -121.199485986024072, 37.680100881722623 ], [ -121.199485986480354, 37.678843240514645 ], [ -121.200294469126149, 37.678843239972309 ], [ -121.200653795645962, 37.677765261554249 ], [ -121.201552110762634, 37.677944925073874 ], [ -121.201552110948811, 37.679202566453839 ], [ -121.201731774637949, 37.679202566421388 ], [ -121.201731773908435, 37.680100881965302 ], [ -121.201552111354545, 37.680100881296163 ], [ -121.201552111134959, 37.680460207443097 ], [ -121.20119278518419, 37.680460207893852 ], [ -121.201192785326455, 37.680190712874712 ] ] ] } },
{ "type": "Feature", "properties": { "csb_id": "061825011832079", "acres": 4.86154432058391, "geoid": "06099" }, "geometry": { "type": "Polygon", "coordinates": [ [ [ -121.204786046501837, 37.677675430317748 ], [ -121.203977562487196, 37.677675430348508 ], [ -121.204157225675687, 37.676866946580802 ], [ -121.203079247168034, 37.676777115337629 ], [ -121.203079246780391, 37.67596863177566 ], [ -121.203708068281415, 37.675968630982766 ], [ -121.203708066322648, 37.676148294355443 ], [ -121.204875877244973, 37.676148294348081 ], [ -121.204786046501837, 37.677675430317748 ] ] ] } },
{ "type": "Feature", "properties": { "csb_id": "061825011832086", "acres": 4.3636992281996498, "geoid": "06099" }, "geometry": { "type": "Polygon", "coordinates": [ [ [ -121.168673771306104, 37.676777115190987 ], [ -121.169122929675609, 37.676148294347222 ], [ -121.1691229293275, 37.675878799788372 ], [ -121.169482255894408, 37.675878799344829 ], [ -121.170021244988817, 37.676148294025815 ], [ -121.17065006476642, 37.676148294314203 ], [ -121.170650065302837, 37.677046610037671 ], [ -121.168673771124887, 37.677046609456227 ], [ -121.168673771306104, 37.676777115190987 ] ] ] } },
{ "type": "Feature", "properties": { "csb_id": "061825011832090", "acres": 4.3734330629132003, "geoid": "06099" }, "geometry": { "type": "Polygon", "coordinates": [ [ [ -121.202540258379443, 37.677316104322415 ], [ -121.201013121429199, 37.677316104340363 ], [ -121.201013120631728, 37.676417789421365 ], [ -121.202989415378696, 37.676417789087111 ], [ -121.203079247465453, 37.677046609170318 ], [ -121.202540258379443, 37.677316104322415 ] ] ] } },
{ "type": "Feature", "properties": { "csb_id": "061825011832120", "acres": 10.1135445528851, "geoid": "06099" }, "geometry": { "type": "Polygon", "coordinates": [ [ [ -121.078303254085156, 37.678034756302459 ], [ -121.077404938294308, 37.677944924981496 ], [ -121.077225275511424, 37.677675430144411 ], [ -121.077225275953239, 37.676148293949829 ], [ -121.07740493876075, 37.676148294568257 ], [ -121.077404938645998, 37.676417789052039 ], [ -121.077854095895219, 37.676417788811122 ], [ -121.07785409697675, 37.675968631491379 ], [ -121.079021905886833, 37.675968631413383 ], [ -121.079560895891944, 37.676238125591851 ], [ -121.079381232401289, 37.677765262585901 ], [ -121.078393085511479, 37.677944924626615 ], [ -121.078393085731506, 37.678304251372026 ], [ -121.078303254085156, 37.678034756302459 ] ] ] } },
{ "type": "Feature", "properties": { "csb_id": "061825011832132", "acres": 4.3051759969201102, "geoid": "06099" }, "geometry": { "type": "Polygon", "coordinates": [ [ [ -121.202809752447536, 37.675339810741932 ], [ -121.203618236582557, 37.675339810259416 ], [ -121.203977562180924, 37.674980484147909 ], [ -121.204157225191793, 37.674351663611446 ], [ -121.204336888053163, 37.674351663896473 ], [ -121.204606383707414, 37.674890654451445 ], [ -121.204606380433034, 37.676148294624731 ], [ -121.203079246780391, 37.67596863177566 ], [ -121.202809752447536, 37.675339810741932 ] ] ] } },
{ "type": "Feature", "properties": { "csb_id": "061825011832188", "acres": 3.28018751659567, "geoid": "06099" }, "geometry": { "type": "Polygon", "coordinates": [ [ [ -121.198857164785224, 37.674351663564273 ], [ -121.197240197911697, 37.674351664086018 ], [ -121.197060535121381, 37.674621158467986 ], [ -121.196341882350353, 37.674441494935202 ], [ -121.196162218902245, 37.673992337804535 ], [ -121.196431714315466, 37.673722842734932 ], [ -121.19733002900432, 37.673722843117972 ], [ -121.197330028965155, 37.673992338346039 ], [ -121.198587670315518, 37.673992337994342 ], [ -121.198857164785224, 37.674351663564273 ] ] ] } },
{ "type": "Feature", "properties": { "csb_id": "061825011832189", "acres": 11.2072423417439, "geoid": "06099" }, "geometry": { "type": "Polygon", "coordinates": [ [ [ -121.170919560020536, 37.674890653099517 ], [ -121.171099222578434, 37.674441495459924 ], [ -121.171458548989548, 37.674441495146311 ], [ -121.171278885560781, 37.673812674824241 ], [ -121.173255180188292, 37.673722842893611 ], [ -121.173255179262696, 37.6734533488141 ], [ -121.173704336767443, 37.673453348399207 ], [ -121.173704337117613, 37.673722842945928 ], [ -121.173973832237706, 37.673722842903963 ], [ -121.174602652043703, 37.674082169228953 ], [ -121.174333158083158, 37.674621158396953 ], [ -121.171728043493076, 37.674980484953565 ], [ -121.171907706575894, 37.675878799928356 ], [ -121.172446695649924, 37.675878799661263 ], [ -121.172446695831908, 37.676417789360222 ], [ -121.171907707255158, 37.676417788692966 ], [ -121.171278885742609, 37.676148294803802 ], [ -121.171278885584016, 37.675878799471171 ], [ -121.170919560255072, 37.675519473819627 ], [ -121.170919560020536, 37.674890653099517 ] ], [ [ -121.172985685184514, 37.674441495163485 ], [ -121.172985685426042, 37.674082169132376 ], [ -121.172626359259581, 37.674082169641466 ], [ -121.172626359002336, 37.674351663445194 ], [ -121.172446695967679, 37.674351663616321 ], [ -121.17235686483599, 37.674082169054536 ], [ -121.172356864053469, 37.674441495479542 ], [ -121.172985685184514, 37.674441495163485 ] ] ] } },
{ "type": "Feature", "properties": { "csb_id": "061825011832197", "acres": 3.1533022188210902, "geoid": "06099" }, "geometry": { "type": "Polygon", "coordinates": [ [ [ -121.198587670315518, 37.673992337994342 ], [ -121.198587669875778, 37.67345334846658 ], [ -121.198857165434575, 37.673453348589511 ], [ -121.198857164870617, 37.673094022902752 ], [ -121.200114806106654, 37.673094023008957 ], [ -121.199935142840857, 37.673183854280673 ], [ -121.199935142541946, 37.673453348832275 ], [ -121.20029446874797, 37.673722843284544 ], [ -121.198857164785224, 37.674351663564273 ], [ -121.198587670315518, 37.673992337994342 ] ] ] } },
{ "type": "Feature", "properties": { "csb_id": "061825011832210", "acres": 36.560558773044299, "geoid": "06099" }, "geometry": { "type": "Polygon", "coordinates": [ [ [ -121.194814747243328, 37.675878800474436 ], [ -121.194275757332235, 37.675609305368738 ], [ -121.192029968710955, 37.675249978932122 ], [ -121.192029969037833, 37.674890652829617 ], [ -121.191760475075611, 37.674621158242431 ], [ -121.191131653379884, 37.674351664016598 ], [ -121.191131653345579, 37.67399233790789 ], [ -121.191580812074946, 37.673722843212403 ], [ -121.191580811945997, 37.673453348730085 ], [ -121.191311317067317, 37.673453348095613 ], [ -121.191311317012989, 37.672824527382012 ], [ -121.192209632609419, 37.672824527864798 ], [ -121.192479126157878, 37.672465201448901 ], [ -121.192479126374735, 37.672195707041993 ], [ -121.1932876105259, 37.672195706781615 ], [ -121.193377441500488, 37.67246520170351 ], [ -121.193736768037297, 37.672555032934078 ], [ -121.194275757837758, 37.672465201600041 ], [ -121.194635083791198, 37.672195707135849 ], [ -121.195802893462144, 37.672195707148994 ], [ -121.196162219332862, 37.672465202066498 ], [ -121.196431713556549, 37.672824527671438 ], [ -121.196162219444943, 37.673453348105816 ], [ -121.196162218902245, 37.673992337804535 ], [ -121.196341882350353, 37.674441494935202 ], [ -121.196431713564749, 37.675878799538083 ], [ -121.194814747243328, 37.675878800474436 ] ], [ [ -121.19598255691615, 37.673722843308788 ], [ -121.195802892851802, 37.673722843308774 ], [ -121.195802892780264, 37.673992337367878 ], [ -121.195982556393545, 37.673992337601675 ], [ -121.19598255691615, 37.673722843308788 ] ], [ [ -121.192838453200466, 37.672824527754123 ], [ -121.192479126904942, 37.672824528001939 ], [ -121.192479126688028, 37.673094022366591 ], [ -121.192838453186084, 37.673094022352615 ], [ -121.192838453200466, 37.672824527754123 ] ] ] } },
{ "type": "Feature", "properties": { "csb_id": "061825011832229", "acres": 7.7320541860263496, "geoid": "06099" }, "geometry": { "type": "Polygon", "coordinates": [ [ [ -121.199126660226838, 37.673094022196139 ], [ -121.199126659853135, 37.672824527460854 ], [ -121.198587670801459, 37.672824527417255 ], [ -121.198587670618991, 37.673094022779772 ], [ -121.197689354432868, 37.673094022500088 ], [ -121.197689355674044, 37.672824527605187 ], [ -121.196701208602732, 37.672914359162434 ], [ -121.196701208111378, 37.672195707329792 ], [ -121.198408007988846, 37.671926212804109 ], [ -121.19858767042129, 37.67129739284281 ], [ -121.199126660008048, 37.671297392270269 ], [ -121.199126660081831, 37.671566886247028 ], [ -121.199485985770934, 37.671566885583175 ], [ -121.199485984714528, 37.672465201755429 ], [ -121.199755481492232, 37.672465203496436 ], [ -121.19975547948583, 37.672824529781373 ], [ -121.199485986395615, 37.673094022074146 ], [ -121.199126660226838, 37.673094022196139 ] ], [ [ -121.198857166017902, 37.672465202190587 ], [ -121.198767333844529, 37.672285538561432 ], [ -121.198767334058644, 37.672465201875525 ], [ -121.198857166017902, 37.672465202190587 ] ] ] } },
{ "type": "Feature", "properties": { "csb_id": "061825011832236", "acres": 2.4699564579665099, "geoid": "06099" }, "geometry": { "type": "Polygon", "coordinates": [ [ [ -121.190951990358172, 37.67309402281969 ], [ -121.190951991112271, 37.672824527667835 ], [ -121.190682495806996, 37.672824528066741 ], [ -121.190682496846648, 37.672465202055221 ], [ -121.191311316407194, 37.672465201997916 ], [ -121.191850305898043, 37.672195707329195 ], [ -121.191850305893368, 37.671926212510634 ], [ -121.192479126374735, 37.672195707041993 ], [ -121.192479126157878, 37.672465201448901 ], [ -121.192209632609419, 37.672824527864798 ], [ -121.191311317012989, 37.672824527382012 ], [ -121.191311316461466, 37.67309402276765 ], [ -121.190951990358172, 37.67309402281969 ] ] ] } },
{ "type": "Feature", "properties": { "csb_id": "061825011832243", "acres": 7.5855572039590502, "geoid": "06099" }, "geometry": { "type": "Polygon", "coordinates": [ [ [ -121.119535924178066, 37.67318385409132 ], [ -121.118008788291931, 37.673183854602918 ], [ -121.118008788222525, 37.673543180745455 ], [ -121.116840980332569, 37.673543180388499 ], [ -121.116212157624958, 37.673183854410546 ], [ -121.116212159169493, 37.67255503303457 ], [ -121.118996935735424, 37.6725550332091 ], [ -121.118996936433561, 37.672285538799684 ], [ -121.119266430495628, 37.672285538637354 ], [ -121.119266430985263, 37.672914359549758 ], [ -121.119535925125163, 37.672914359257909 ], [ -121.119535925014503, 37.67255503338307 ], [ -121.120164746871495, 37.672555032975531 ], [ -121.119895250579688, 37.673543179999221 ], [ -121.119535925393578, 37.673543179676841 ], [ -121.119535924178066, 37.67318385409132 ] ] ] } },
{ "type": "Feature", "properties": { "csb_id": "061825011832252", "acres": 9.0696302226385104, "geoid": "06099" }, "geometry": { "type": "Polygon", "coordinates": [ [ [ -121.195802893462144, 37.672195707148994 ], [ -121.194635083791198, 37.672195707135849 ], [ -121.194635083029553, 37.671566886876207 ], [ -121.194904577588929, 37.671297391735173 ], [ -121.196431714861291, 37.671566887593002 ], [ -121.196431714554606, 37.671297392042476 ], [ -121.197060534613939, 37.671027897292582 ], [ -121.19858767042129, 37.67129739284281 ], [ -121.198408007988846, 37.671926212804109 ], [ -121.196701208111378, 37.672195707329792 ], [ -121.196701208602732, 37.672914359162434 ], [ -121.196431714295201, 37.67291435904653 ], [ -121.195802893462144, 37.672195707148994 ] ] ] } },
{ "type": "Feature", "properties": { "csb_id": "061825011832288", "acres": 8.8548387262608301, "geoid": "06099" }, "geometry": { "type": "Polygon", "coordinates": [ [ [ -121.065277682998556, 37.672555033019982 ], [ -121.063481051601826, 37.67255503362523 ], [ -121.063570883579359, 37.671656719140913 ], [ -121.064379366876366, 37.671656717673734 ], [ -121.064918356492711, 37.671387223107047 ], [ -121.064918356434106, 37.670758402958541 ], [ -121.065547176989824, 37.670758403127707 ], [ -121.065547177667511, 37.671387223345256 ], [ -121.066175997527509, 37.671387223389388 ], [ -121.066175998234641, 37.671117728727019 ], [ -121.066804818105794, 37.671117728740477 ], [ -121.067074313163559, 37.671117729163534 ], [ -121.067343808149019, 37.671387223489674 ], [ -121.067343807264677, 37.671566886346788 ], [ -121.066445492137063, 37.671656718356573 ], [ -121.06644549213307, 37.672016044598308 ], [ -121.06617599811716, 37.672285538179445 ], [ -121.065547176754009, 37.672285538695029 ], [ -121.065277682998556, 37.672555033019982 ] ] ] } },
{ "type": "Feature", "properties": { "csb_id": "061825011832298", "acres": 9.7725784036795602, "geoid": "06099" }, "geometry": { "type": "Polygon", "coordinates": [ [ [ -121.072284542270651, 37.672555034064644 ], [ -121.069499764310621, 37.672555032839483 ], [ -121.06949976386062, 37.672914359440881 ], [ -121.068870943943296, 37.672914359036753 ], [ -121.068691281191576, 37.67165671808587 ], [ -121.067972628788354, 37.671656718291636 ], [ -121.067972628425466, 37.670399076358898 ], [ -121.069050607095861, 37.670399076140242 ], [ -121.069320101082283, 37.671566886724179 ], [ -121.070757405419627, 37.671656717995972 ], [ -121.070757405819833, 37.67192621220093 ], [ -121.07021841699239, 37.671926213518553 ], [ -121.070218416536889, 37.672195707472753 ], [ -121.071476058174085, 37.672195707597233 ], [ -121.071476057873639, 37.672465202464018 ], [ -121.072104878156892, 37.672465201490134 ], [ -121.072104878616145, 37.671656718256337 ], [ -121.072284541700952, 37.671656717598744 ], [ -121.072284542270651, 37.672555034064644 ] ] ] } },
{ "type": "Feature", "properties": { "csb_id": "061825011832318", "acres": 21.205114868203601, "geoid": "06099" }, "geometry": { "type": "Polygon", "coordinates": [ [ [ -121.070218416536889, 37.672195707472753 ], [ -121.07021841699239, 37.671926213518553 ], [ -121.070757405819833, 37.67192621220093 ], [ -121.070757405419627, 37.671656717995972 ], [ -121.069320101082283, 37.671566886724179 ], [ -121.069050607095861, 37.670399076140242 ], [ -121.067972628425466, 37.670399076358898 ], [ -121.067972628249194, 37.670039750299203 ], [ -121.068152292042114, 37.670039751984213 ], [ -121.068152291383385, 37.669770256929432 ], [ -121.068331954732457, 37.669770255532775 ], [ -121.068691280414413, 37.669770255856015 ], [ -121.069050606409476, 37.670039750011384 ], [ -121.069589596175291, 37.670039751693913 ], [ -121.069589595812928, 37.669770255475918 ], [ -121.069948921616046, 37.669500761024288 ], [ -121.070847237328167, 37.669500761713252 ], [ -121.070847237015329, 37.668602446329764 ], [ -121.071116731863427, 37.668243120328277 ], [ -121.071745552653155, 37.668243120024741 ], [ -121.071745550852356, 37.668602445894066 ], [ -121.071026900181081, 37.668692278750349 ], [ -121.071026900405045, 37.668871939678731 ], [ -121.071745552239719, 37.66923126721138 ], [ -121.072284542511923, 37.669231268572425 ], [ -121.072374373147383, 37.670039750575391 ], [ -121.072104878955145, 37.670668571599109 ], [ -121.072104878156892, 37.672465201490134 ], [ -121.071476057873639, 37.672465202464018 ], [ -121.071476058174085, 37.672195707597233 ], [ -121.070218416536889, 37.672195707472753 ] ] ] } },
{ "type": "Feature", "properties": { "csb_id": "061825011832343", "acres": 26.1647425551065, "geoid": "06099" }, "geometry": { "type": "Polygon", "coordinates": [ [ [ -121.141364987519992, 37.671387223163322 ], [ -121.141544648875893, 37.671387223259877 ], [ -121.141544649466312, 37.671117729044305 ], [ -121.141364986255141, 37.671117728553163 ], [ -121.141275155184886, 37.671387223365734 ], [ -121.141275154407509, 37.67003975115621 ], [ -121.141544649728814, 37.668602446235283 ], [ -121.141993806463248, 37.667704131110604 ], [ -121.142353134396259, 37.667704130780983 ], [ -121.142622626887331, 37.668063457199253 ], [ -121.142622628008752, 37.668332952087113 ], [ -121.1423531325851, 37.668332951741917 ], [ -121.142353132709161, 37.669141435435179 ], [ -121.142622627257865, 37.669590592223024 ], [ -121.145676899288418, 37.669590594249215 ], [ -121.14702437300862, 37.669770255861771 ], [ -121.147204036769409, 37.670039750357724 ], [ -121.147024372465836, 37.670668571860688 ], [ -121.146665047552645, 37.670668571191563 ], [ -121.146575215756243, 37.670399076441171 ], [ -121.14657521616644, 37.671117728414607 ], [ -121.146844710635918, 37.671297391833363 ], [ -121.146844710346187, 37.672016044345852 ], [ -121.147293868057247, 37.672016044131162 ], [ -121.14729386781967, 37.672195707041901 ], [ -121.147024373925021, 37.672195707261537 ], [ -121.147024373290336, 37.672465201926514 ], [ -121.146036226812271, 37.672465201653772 ], [ -121.146036225218481, 37.672195707294307 ], [ -121.145766732221873, 37.67219570731735 ], [ -121.145676900722862, 37.671566886298336 ], [ -121.145497237817168, 37.671387223163265 ], [ -121.144598922058464, 37.671387223322427 ], [ -121.144419258776054, 37.671117729061372 ], [ -121.144419259247329, 37.669860087644977 ], [ -121.143251448967661, 37.669860087746187 ], [ -121.143251448763039, 37.67012958235172 ], [ -121.143520944093837, 37.670129582110931 ], [ -121.143520943863138, 37.670758402601344 ], [ -121.142622628872232, 37.670758402587644 ], [ -121.141993808073664, 37.671656718307275 ], [ -121.141364987680035, 37.67165671798864 ], [ -121.141364987519992, 37.671387223163322 ] ] ] } },
{ "type": "Feature", "properties": { "csb_id": "061825011832405", "acres": 3.1731539980444801, "geoid": "06099" }, "geometry": { "type": "Polygon", "coordinates": [ [ [ -121.176758609601748, 37.666446490208976 ], [ -121.175680631737123, 37.666446490737854 ], [ -121.175680631425024, 37.666176996021932 ], [ -121.176129788353691, 37.666087163931621 ], [ -121.176129788626014, 37.665188848171354 ], [ -121.176399283109191, 37.665188848355477 ], [ -121.176758609176829, 37.665548173989137 ], [ -121.177477262138936, 37.665638006666526 ], [ -121.177477261459785, 37.665907500237246 ], [ -121.176758609601748, 37.666446490208976 ] ] ] } },
{ "type": "Feature", "properties": { "csb_id": "061825011832458", "acres": 10.720377568628599, "geoid": "06099" }, "geometry": { "type": "Polygon", "coordinates": [ [ [ -121.081447357987841, 37.667165141332909 ], [ -121.079201569261627, 37.667075309649597 ], [ -121.079201568962603, 37.666805815097199 ], [ -121.079830389969828, 37.666805815761123 ], [ -121.079201569906715, 37.665817668435601 ], [ -121.079381232404501, 37.664290532207204 ], [ -121.080549042795141, 37.664290532943561 ], [ -121.080549042239298, 37.665548173893797 ], [ -121.080818536920759, 37.665548173941318 ], [ -121.080818537278518, 37.665817668881104 ], [ -121.081447357303944, 37.66581766888649 ], [ -121.081447357859417, 37.666715984188464 ], [ -121.081177863050996, 37.666715983738726 ], [ -121.081177863130705, 37.667075309742408 ], [ -121.081447357987841, 37.667165141332909 ] ] ] } },
{ "type": "Feature", "properties": { "csb_id": "061825011832479", "acres": 4.9209061792403999, "geoid": "06099" }, "geometry": { "type": "Polygon", "coordinates": [ [ [ -121.080549042239298, 37.665548173893797 ], [ -121.080549042795141, 37.664290532943561 ], [ -121.080279547970264, 37.66429053236984 ], [ -121.080279548325734, 37.663661712211109 ], [ -121.081447357314602, 37.663661711791086 ], [ -121.081447357303944, 37.66581766888649 ], [ -121.080818537278518, 37.665817668881104 ], [ -121.080818536920759, 37.665548173941318 ], [ -121.080549042239298, 37.665548173893797 ] ] ] } },
{ "type": "Feature", "properties": { "csb_id": "061825011832540", "acres": 40.120479609540702, "geoid": "06099" }, "geometry": { "type": "Polygon", "coordinates": [ [ [ -121.171907706794613, 37.663482049802553 ], [ -121.172177201271609, 37.663392217695666 ], [ -121.172177201696002, 37.663212554537978 ], [ -121.171548380700315, 37.663661711478802 ], [ -121.171548380415132, 37.664021037905904 ], [ -121.170650065811444, 37.664021037896312 ], [ -121.16948225608148, 37.663122722918196 ], [ -121.168853435124419, 37.663122722666166 ], [ -121.168853434326152, 37.662763396377137 ], [ -121.169122929803521, 37.662493902095285 ], [ -121.169482255595952, 37.662493901956672 ], [ -121.169302591997919, 37.661954913218388 ], [ -121.168853434586524, 37.661865081884379 ], [ -121.168853434720091, 37.661236260796571 ], [ -121.168494108399614, 37.661236260482745 ], [ -121.168494108458944, 37.660697271992127 ], [ -121.168853434374554, 37.660697271838849 ], [ -121.168853435306332, 37.660427777098882 ], [ -121.169033098312696, 37.660427776938825 ], [ -121.169033097473601, 37.660787103045493 ], [ -121.170021244691014, 37.660697271421327 ], [ -121.170021244648396, 37.660068450863093 ], [ -121.170919560160812, 37.659798956401893 ], [ -121.170919559399763, 37.659529461294092 ], [ -121.172985685539473, 37.659888787422652 ], [ -121.172985684512128, 37.660337945320912 ], [ -121.172806022135077, 37.660337945673085 ], [ -121.17280602232016, 37.66123626038236 ], [ -121.173973831387329, 37.662853228307661 ], [ -121.174153494640535, 37.66285322826333 ], [ -121.174153495220224, 37.663122722897498 ], [ -121.173973832344274, 37.663392217324116 ], [ -121.1733450118505, 37.663392217473543 ], [ -121.173345010691051, 37.664021038177417 ], [ -121.172446695400339, 37.664290532899656 ], [ -121.172446696052376, 37.664919353315064 ], [ -121.172177201127596, 37.664919353938167 ], [ -121.172177201589747, 37.663661711752816 ], [ -121.171907706794613, 37.663482049802553 ] ], [ [ -121.173075516697253, 37.662763396608632 ], [ -121.17280602178873, 37.662763396578953 ], [ -121.172806021480909, 37.663122722532975 ], [ -121.173075516591837, 37.663122722796238 ], [ -121.173075516697253, 37.662763396608632 ] ], [ [ -121.170021244778539, 37.662224407575081 ], [ -121.169751750614083, 37.662224407521336 ], [ -121.169751750441065, 37.662493901745066 ], [ -121.170021244481248, 37.662493902032395 ], [ -121.170021244778539, 37.662224407575081 ] ] ] } },
{ "type": "Feature", "properties": { "csb_id": "061825011832581", "acres": 20.075171758895699, "geoid": "06099" }, "geometry": { "type": "Polygon", "coordinates": [ [ [ -121.178195913851638, 37.659798956291674 ], [ -121.178106081468442, 37.660337945629934 ], [ -121.178195913303227, 37.660337945142146 ], [ -121.178195913585924, 37.660158282487224 ], [ -121.178824734631291, 37.660337945741759 ], [ -121.17882473490647, 37.660697271494506 ], [ -121.178555239704792, 37.660697271959975 ], [ -121.178824734710446, 37.660966766335065 ], [ -121.178824734214757, 37.661236260296178 ], [ -121.178555239561319, 37.661236261155466 ], [ -121.178555239562314, 37.661865081138885 ], [ -121.178734902816601, 37.661865081230772 ], [ -121.17873490295581, 37.662224407706177 ], [ -121.178195913096133, 37.662314238742049 ], [ -121.177926418603164, 37.661954912604962 ], [ -121.177656924966257, 37.662763396722909 ], [ -121.177297598912943, 37.662763396701251 ], [ -121.177297598841392, 37.662493902289889 ], [ -121.176309451413715, 37.662493902085281 ], [ -121.176309452134888, 37.66105659744759 ], [ -121.175231473358792, 37.660966765933615 ], [ -121.174333158062396, 37.660068450886989 ], [ -121.174333157933759, 37.659798955811503 ], [ -121.174782315708526, 37.659529461507056 ], [ -121.175231472807084, 37.659529461735936 ], [ -121.175231473177732, 37.660068450489973 ], [ -121.175770462842678, 37.660068450830735 ], [ -121.175770462503493, 37.659798956543099 ], [ -121.175500967949162, 37.65979895635688 ], [ -121.17550096829055, 37.659529461189692 ], [ -121.176129788502379, 37.659529461534021 ], [ -121.176129789043998, 37.659798956073686 ], [ -121.178195913851638, 37.659798956291674 ] ] ] } },
{ "type": "Feature", "properties": { "csb_id": "061825011832586", "acres": 18.952131421055601, "geoid": "06099" }, "geometry": { "type": "Polygon", "coordinates": [ [ [ -121.17675860969014, 37.66321255551879 ], [ -121.176399283810341, 37.662853228332118 ], [ -121.176129788387044, 37.662853228294694 ], [ -121.175770462757569, 37.66258373311743 ], [ -121.17523147316065, 37.662583734439224 ], [ -121.175231473720913, 37.662763396209968 ], [ -121.173973831780089, 37.662763396681008 ], [ -121.17280602232016, 37.66123626038236 ], [ -121.172806022135077, 37.660337945673085 ], [ -121.172985684512128, 37.660337945320912 ], [ -121.172985685539473, 37.659888787422652 ], [ -121.172806022447077, 37.659798955920579 ], [ -121.174333157976633, 37.659888787505388 ], [ -121.174333158062396, 37.660068450886989 ], [ -121.175231473358792, 37.660966765933615 ], [ -121.176309452134888, 37.66105659744759 ], [ -121.176309451413715, 37.662493902085281 ], [ -121.177297598841392, 37.662493902289889 ], [ -121.177297598912943, 37.662763396701251 ], [ -121.17675860969014, 37.66321255551879 ] ] ] } },
{ "type": "Feature", "properties": { "csb_id": "061825011832592", "acres": 10.262204900655099, "geoid": "06099" }, "geometry": { "type": "Polygon", "coordinates": [ [ [ -121.165170341795417, 37.661954913361996 ], [ -121.164900847343361, 37.660966765406563 ], [ -121.165170341844771, 37.660697271436447 ], [ -121.165529668078534, 37.660697271769394 ], [ -121.165529668414052, 37.660068451795389 ], [ -121.165799163086177, 37.660068451098169 ], [ -121.165709331003328, 37.659529461915284 ], [ -121.165529667851018, 37.659439629137992 ], [ -121.166427983988044, 37.659439629853388 ], [ -121.166427983863073, 37.659798956925336 ], [ -121.168494109163092, 37.659798956009233 ], [ -121.168494108298802, 37.660337945716847 ], [ -121.167955119427745, 37.660337944975126 ], [ -121.167505962179774, 37.660787102664401 ], [ -121.16624832014891, 37.661056597937453 ], [ -121.165978826258254, 37.661326091916521 ], [ -121.165978826164078, 37.661685418350174 ], [ -121.165709331133343, 37.661685418277024 ], [ -121.165799162613496, 37.661954912982985 ], [ -121.165170341795417, 37.661954913361996 ] ] ] } },
{ "type": "Feature", "properties": { "csb_id": "061825011832647", "acres": 2.8219714865632901, "geoid": "06099" }, "geometry": { "type": "Polygon", "coordinates": [ [ [ -121.221494707676825, 37.65827182077458 ], [ -121.221315045415366, 37.658002326204702 ], [ -121.221315047574208, 37.657373505053876 ], [ -121.221584542325019, 37.657014179021253 ], [ -121.222123531165167, 37.657014178808446 ], [ -121.222123530439788, 37.657373505155981 ], [ -121.222393024955821, 37.65746333694959 ], [ -121.222482857492864, 37.65791249390503 ], [ -121.222123528626298, 37.658271820881751 ], [ -121.221494707676825, 37.65827182077458 ] ] ] } },
{ "type": "Feature", "properties": { "csb_id": "061825011832847", "acres": 30.175269258700801, "geoid": "06099" }, "geometry": { "type": "Polygon", "coordinates": [ [ [ -121.053869077915024, 37.652792096985863 ], [ -121.050185986039025, 37.652881928547728 ], [ -121.050185985050248, 37.652163276394113 ], [ -121.050545310920896, 37.651624287170506 ], [ -121.051263964256577, 37.651085298388132 ], [ -121.051263963804644, 37.650725971978268 ], [ -121.04964699667164, 37.650636140771212 ], [ -121.049646996423888, 37.649737825286302 ], [ -121.049377502318237, 37.649737824679761 ], [ -121.049377501987721, 37.649468330531413 ], [ -121.051084300766348, 37.649558161654653 ], [ -121.051263963774772, 37.649468330343545 ], [ -121.05126396351038, 37.64919883564319 ], [ -121.051892785408469, 37.649198836037591 ], [ -121.052341942538192, 37.64946833059814 ], [ -121.053419920969034, 37.649468330629517 ], [ -121.053419920744588, 37.649737825215972 ], [ -121.053869078745478, 37.649737824616416 ], [ -121.054138572821387, 37.651534455219959 ], [ -121.053869078678048, 37.652163275893422 ], [ -121.053869077915024, 37.652792096985863 ] ] ] } },
{ "type": "Feature", "properties": { "csb_id": "061825011833028", "acres": 3.3109407858778801, "geoid": "06099" }, "geometry": { "type": "Polygon", "coordinates": [ [ [ -121.066445491895877, 37.641563155843194 ], [ -121.066445492059998, 37.640754671941004 ], [ -121.065996334382163, 37.640664840832379 ], [ -121.065996335234274, 37.640395346022459 ], [ -121.066265828826815, 37.640036020100538 ], [ -121.067164145023995, 37.640036019746603 ], [ -121.067074313333009, 37.641832650303982 ], [ -121.066804818493168, 37.641832651005636 ], [ -121.066445491895877, 37.641563155843194 ] ], [ [ -121.066625155813909, 37.640125851313577 ], [ -121.066445492476063, 37.640125851464049 ], [ -121.06644549242975, 37.640305514188555 ], [ -121.06662515509862, 37.640305514270771 ], [ -121.066625155813909, 37.640125851313577 ] ] ] } },
{ "type": "Feature", "properties": { "csb_id": "061825011833062", "acres": 17.854026249194401, "geoid": "06099" }, "geometry": { "type": "Polygon", "coordinates": [ [ [ -121.165709329693982, 37.640305514934745 ], [ -121.165529668396928, 37.640305514603263 ], [ -121.165529668395294, 37.638508883933326 ], [ -121.165350005632916, 37.638508883643397 ], [ -121.16535000476992, 37.637969895200357 ], [ -121.166427983536096, 37.637969894542714 ], [ -121.166427981814195, 37.638239390058111 ], [ -121.16795511923938, 37.638239389360884 ], [ -121.167955119319927, 37.63796989486719 ], [ -121.168673771936923, 37.63796989520155 ], [ -121.168673771961608, 37.638239389301198 ], [ -121.168224613797307, 37.638239389649129 ], [ -121.168224613850612, 37.639137705114891 ], [ -121.16885343491451, 37.639137704374569 ], [ -121.168853434687307, 37.639766525336142 ], [ -121.168224613672393, 37.639856357383735 ], [ -121.168224613699067, 37.640305514954726 ], [ -121.167326298510943, 37.640305514390619 ], [ -121.167326298371634, 37.640934335176681 ], [ -121.166068657835822, 37.640934334903037 ], [ -121.165709329693982, 37.640305514934745 ] ] ] } },
{ "type": "Feature", "properties": { "csb_id": "061825012336476", "acres": 6.6052100727969902, "geoid": "06099" }, "geometry": { "type": "Polygon", "coordinates": [ [ [ -121.276054934396313, 37.609185578940092 ], [ -121.27605493339928, 37.607927937210974 ], [ -121.275695607927616, 37.607748274409452 ], [ -121.275426113246056, 37.607299116961308 ], [ -121.275426113374806, 37.606849959200481 ], [ -121.275785438778428, 37.606849959245579 ], [ -121.276324428083768, 37.607299116885557 ], [ -121.277222743922223, 37.607299116445247 ], [ -121.277222744036237, 37.609185578408706 ], [ -121.276054934396313, 37.609185578940092 ] ] ] } },
{ "type": "Feature", "properties": { "csb_id": "061825012336497", "acres": 30.584177242277001, "geoid": "06099" }, "geometry": { "type": "Polygon", "coordinates": [ [ [ -121.281444825917049, 37.607748274254654 ], [ -121.280187183921896, 37.607748274447495 ], [ -121.279917690116307, 37.608197432117841 ], [ -121.280187184153547, 37.608287264055292 ], [ -121.279019374233656, 37.608197432559095 ], [ -121.278749879754258, 37.607748274150346 ], [ -121.278749879296583, 37.604424507573995 ], [ -121.279288869603519, 37.603436361340677 ], [ -121.279558363090814, 37.603256697769936 ], [ -121.280816005032946, 37.603256698058331 ], [ -121.280816005328219, 37.603526192258094 ], [ -121.281354994339907, 37.603526192340979 ], [ -121.281354994387442, 37.603795686990338 ], [ -121.280546509876046, 37.603885519056455 ], [ -121.280546510295196, 37.604155012976015 ], [ -121.280816004874396, 37.604424507654713 ], [ -121.28135499459853, 37.604424508049654 ], [ -121.281714320077555, 37.604604171376096 ], [ -121.281714320578402, 37.604963497127187 ], [ -121.281354994693558, 37.60496349719832 ], [ -121.281354993685255, 37.605502486503362 ], [ -121.28198381459589, 37.606400801811844 ], [ -121.281983814851358, 37.607658442471347 ], [ -121.281714320271774, 37.607658442791632 ], [ -121.281714319969907, 37.608017769343185 ], [ -121.281444825187677, 37.608017768832624 ], [ -121.281444825917049, 37.607748274254654 ] ] ] } },
{ "type": "Feature", "properties": { "csb_id": "061825012336520", "acres": 2.88285322480368, "geoid": "06099" }, "geometry": { "type": "Polygon", "coordinates": [ [ [ -121.294739891250572, 37.597507479984088 ], [ -121.296267028029988, 37.597507480270409 ], [ -121.296536522379498, 37.597776974528763 ], [ -121.296536522292939, 37.59813630062164 ], [ -121.294470397166094, 37.598136301059434 ], [ -121.294470397836889, 37.597776975122507 ], [ -121.294739891400823, 37.597776975222736 ], [ -121.294739891250572, 37.597507479984088 ] ] ] } },
{ "type": "Feature", "properties": { "csb_id": "061825012336533", "acres": 356.191386571973, "geoid": "06099" }, "geometry": { "type": "Polygon", "coordinates": [ [ [ -121.306058664973477, 37.60119057293997 ], [ -121.306058663849797, 37.600831246831888 ], [ -121.30578916931627, 37.600831246501308 ], [ -121.305789169405301, 37.601100741731308 ], [ -121.305519675296495, 37.601100741430436 ], [ -121.306058664973477, 37.60119057293997 ], [ -121.306058664302128, 37.601729562075867 ], [ -121.306328158790734, 37.601729562514471 ], [ -121.306328158712958, 37.602088888144124 ], [ -121.305789169932197, 37.60208888792264 ], [ -121.305789170021256, 37.602358383061024 ], [ -121.306417990613213, 37.602897372262305 ], [ -121.306417990970758, 37.603256697778647 ], [ -121.305789169500159, 37.604424508361163 ], [ -121.305789169317919, 37.604783834120859 ], [ -121.306328158793136, 37.604963497327134 ], [ -121.305789170357684, 37.605502486162081 ], [ -121.305789169536666, 37.613946649985643 ], [ -121.306058664296785, 37.613946650239122 ], [ -121.306058663963412, 37.616012775306956 ], [ -121.305160349230334, 37.616551765293444 ], [ -121.305160348819385, 37.617180584738769 ], [ -121.304621359820445, 37.61745007973537 ], [ -121.303723044504437, 37.617450079327433 ], [ -121.303723044339677, 37.617809405400891 ], [ -121.303453549799812, 37.617989068599186 ], [ -121.302824729683266, 37.617989068631069 ], [ -121.30282472958524, 37.617809405646319 ], [ -121.302555234302872, 37.617719574098707 ], [ -121.301926414365553, 37.617719573641139 ], [ -121.30192641422714, 37.6168212589589 ], [ -121.301567087768603, 37.616551763917059 ], [ -121.301028099160462, 37.614485639220305 ], [ -121.301297593630181, 37.613587323674338 ], [ -121.300758604402361, 37.613227998034787 ], [ -121.300399277577981, 37.612689008205258 ], [ -121.300129783577546, 37.612689008265001 ], [ -121.300129782375265, 37.611251704074597 ], [ -121.29959079294396, 37.611161873178567 ], [ -121.299500961620197, 37.61098220959164 ], [ -121.299500963022112, 37.610712714999522 ], [ -121.299860287973061, 37.61071271468608 ], [ -121.300399277459675, 37.610263557440462 ], [ -121.300399278370577, 37.609365241911263 ], [ -121.299860287513226, 37.60918557881859 ], [ -121.299860286546576, 37.60936524276427 ], [ -121.299231466546559, 37.609365242558034 ], [ -121.29923146862707, 37.609095746988395 ], [ -121.29950096303979, 37.608916084331739 ], [ -121.299500963338332, 37.608646589825312 ], [ -121.299231467747049, 37.608287263527671 ], [ -121.298333152413136, 37.607927937624076 ], [ -121.298063658479109, 37.607299116651504 ], [ -121.297794163862733, 37.607119453992965 ], [ -121.297434838170247, 37.607119453923318 ], [ -121.297704332626196, 37.607029622205495 ], [ -121.29779416383019, 37.605592318217361 ], [ -121.298063658735401, 37.604783834095649 ], [ -121.298063658757258, 37.60379568729163 ], [ -121.297434837290396, 37.603436360795435 ], [ -121.297434837298013, 37.602987203837635 ], [ -121.29806365848421, 37.602538045588034 ], [ -121.298063658195161, 37.60199905711729 ], [ -121.298961974100521, 37.601370235630071 ], [ -121.299500963132488, 37.600471920135661 ], [ -121.29950096249172, 37.599843099986018 ], [ -121.299231468340011, 37.599843099700415 ], [ -121.299231467674517, 37.598136300985388 ], [ -121.299500962707327, 37.597776975257155 ], [ -121.299500963005826, 37.597507479941051 ], [ -121.299500962365073, 37.596878659286148 ], [ -121.299231468456156, 37.596878659391479 ], [ -121.29923146782852, 37.596609165339991 ], [ -121.299500962964402, 37.596609164765148 ], [ -121.299500962922949, 37.595710849370064 ], [ -121.299231468544434, 37.595710849553548 ], [ -121.299231468091492, 37.595171860164129 ], [ -121.299500963018417, 37.59517186037197 ], [ -121.299500963182311, 37.59481253461631 ], [ -121.304890854155545, 37.594812534440806 ], [ -121.305519674867952, 37.596070176212685 ], [ -121.306058664662515, 37.596609165240018 ], [ -121.306687484807668, 37.596609165412787 ], [ -121.306687485079138, 37.596429502100825 ], [ -121.306956979461845, 37.596429501695162 ], [ -121.306988473491245, 37.598330833553199 ], [ -121.307226474757897, 37.598495627351987 ], [ -121.306058664218313, 37.598495627881633 ], [ -121.30632815839347, 37.599393942488462 ], [ -121.306328158959417, 37.600022763027589 ], [ -121.306687484551162, 37.600561752069034 ], [ -121.306687484839884, 37.601100741140122 ], [ -121.306058664973477, 37.60119057293997 ] ], [ [ -121.306328159008473, 37.598405795654564 ], [ -121.306417991023324, 37.597866806516691 ], [ -121.306687484511741, 37.597866806159821 ], [ -121.306687484509254, 37.597237985409585 ], [ -121.306328158675811, 37.596698996587357 ], [ -121.306058664717753, 37.596698996227474 ], [ -121.30578916971595, 37.596878659196129 ], [ -121.305789170242832, 37.597866806517253 ], [ -121.306058664664448, 37.598405794981502 ], [ -121.306328159008473, 37.598405795654564 ] ] ] } },
{ "type": "Feature", "properties": { "csb_id": "061825012336534", "acres": 198.40634138775101, "geoid": "06099" }, "geometry": { "type": "Polygon", "coordinates": [ [ [ -121.298063657992685, 37.602088887817168 ], [ -121.28881101104038, 37.601999056967031 ], [ -121.287643201031926, 37.601639730099897 ], [ -121.287643200417719, 37.59517186020539 ], [ -121.288541515862704, 37.594812534278695 ], [ -121.299500963182311, 37.59481253461631 ], [ -121.299500963018417, 37.59517186037197 ], [ -121.299231468091492, 37.595171860164129 ], [ -121.299231468544434, 37.595710849553548 ], [ -121.299500962922949, 37.595710849370064 ], [ -121.299500963059842, 37.59607017589871 ], [ -121.299500962964402, 37.596609164765148 ], [ -121.29923146782852, 37.596609165339991 ], [ -121.299231468800201, 37.5973278174827 ], [ -121.299500962937344, 37.597327816751203 ], [ -121.299500963005826, 37.597507479941051 ], [ -121.299500962707327, 37.597776975257155 ], [ -121.299231467674517, 37.598136300985388 ], [ -121.299231468340011, 37.599843099700415 ], [ -121.29950096249172, 37.599843099986018 ], [ -121.299500963132488, 37.600471920135661 ], [ -121.298961974100521, 37.601370235630071 ], [ -121.298333152990779, 37.601729561926575 ], [ -121.298063657992685, 37.602088887817168 ] ], [ [ -121.296536522292939, 37.59813630062164 ], [ -121.296536522379498, 37.597776974528763 ], [ -121.296267028029988, 37.597507480270409 ], [ -121.294739891250572, 37.597507479984088 ], [ -121.294739891400823, 37.597776975222736 ], [ -121.294470397836889, 37.597776975122507 ], [ -121.294470397166094, 37.598136301059434 ], [ -121.296536522292939, 37.59813630062164 ] ] ] } },
{ "type": "Feature", "properties": { "csb_id": "061825012336715", "acres": 7.0870669711828196, "geoid": "06099" }, "geometry": { "type": "Polygon", "coordinates": [ [ [ -121.278390553174773, 37.575229261398931 ], [ -121.272461672966969, 37.575319092953215 ], [ -121.272461672295591, 37.57486993525319 ], [ -121.272731167269129, 37.574869934618384 ], [ -121.272731167571266, 37.574600440723181 ], [ -121.273359988360895, 37.574600440000623 ], [ -121.273359988437804, 37.57486993522577 ], [ -121.27362948279351, 37.574959766087318 ], [ -121.276324428249737, 37.574959766909977 ], [ -121.276324428230708, 37.574690272163515 ], [ -121.278390553664096, 37.574690272320844 ], [ -121.278390553174773, 37.575229261398931 ] ] ] } },
{ "type": "Feature", "properties": { "csb_id": "061825012336798", "acres": 12.455645543925099, "geoid": "06099" }, "geometry": { "type": "Polygon", "coordinates": [ [ [ -121.257280144894921, 37.565347792701203 ], [ -121.255842839835907, 37.565347793017708 ], [ -121.255842839934459, 37.565078298542019 ], [ -121.256381829051122, 37.56489863502474 ], [ -121.256381828773428, 37.56337149917772 ], [ -121.25611233544663, 37.563012174085813 ], [ -121.256112334601639, 37.561485036877308 ], [ -121.256381829090202, 37.561485037235599 ], [ -121.256381829736696, 37.561215542859095 ], [ -121.256651323246388, 37.561215542620779 ], [ -121.257010649361831, 37.560946047865905 ], [ -121.257010650219243, 37.560586721633371 ], [ -121.257280144550947, 37.560586722117037 ], [ -121.2572801447687, 37.562832509865359 ], [ -121.257639470727966, 37.562832510621433 ], [ -121.257639470233812, 37.563730825446108 ], [ -121.257010650008937, 37.563730825464475 ], [ -121.257010649440943, 37.564000320118716 ], [ -121.257280144654374, 37.564269814996848 ], [ -121.25763947005737, 37.564269814576285 ], [ -121.257639470039848, 37.564629140904657 ], [ -121.257280144894921, 37.565347792701203 ] ] ] } },
{ "type": "Feature", "properties": { "csb_id": "061825012336853", "acres": 82.572107552562798, "geoid": "06099" }, "geometry": { "type": "Polygon", "coordinates": [ [ [ -121.240661311885106, 37.55852059698784 ], [ -121.23733754549329, 37.558340933318682 ], [ -121.236439230359153, 37.55852059681591 ], [ -121.235540914520854, 37.558520596647668 ], [ -121.23554091496473, 37.558340933819188 ], [ -121.235001925801569, 37.5583409338848 ], [ -121.235001925155359, 37.558520596479198 ], [ -121.234103609607715, 37.5585205967378 ], [ -121.234103609923608, 37.558340933750806 ], [ -121.233474788975556, 37.558340933930346 ], [ -121.233205294769093, 37.558071439139383 ], [ -121.232576474198865, 37.557981607241473 ], [ -121.232576474206809, 37.557622281981423 ], [ -121.230779843775252, 37.557622281532346 ], [ -121.231139170154094, 37.557083292116715 ], [ -121.231678158616688, 37.55708329257024 ], [ -121.231678159066803, 37.556723966199066 ], [ -121.23203748447105, 37.556723966089294 ], [ -121.231408664625135, 37.55645447183835 ], [ -121.230869675216439, 37.556454471362095 ], [ -121.230779843464234, 37.555645987850404 ], [ -121.23203748536443, 37.555556156130976 ], [ -121.233474789309341, 37.55501716723596 ], [ -121.233474789160212, 37.554747672639081 ], [ -121.24039181762619, 37.554747672789439 ], [ -121.2403918166751, 37.5551069991822 ], [ -121.240930806660373, 37.555286661647301 ], [ -121.240930806726908, 37.555556156423009 ], [ -121.241290132734065, 37.555825651380573 ], [ -121.24155962683885, 37.555825650679523 ], [ -121.241829121913781, 37.556274808850056 ], [ -121.241559626980447, 37.556274809052653 ], [ -121.241290132315939, 37.556544303592823 ], [ -121.241200300641864, 37.55798160762857 ], [ -121.240930806479312, 37.558340934148191 ], [ -121.240661311885106, 37.55852059698784 ] ] ] } },
{ "type": "Feature", "properties": { "csb_id": "061825012336943", "acres": 4.6160462684045998, "geoid": "06099" }, "geometry": { "type": "Polygon", "coordinates": [ [ [ -121.224850963001359, 37.541003449239874 ], [ -121.224042479299769, 37.541093280595597 ], [ -121.223952647701964, 37.540823785906788 ], [ -121.223683153264702, 37.540733954527681 ], [ -121.224311973049652, 37.539925470464738 ], [ -121.224581467773987, 37.53992547092529 ], [ -121.224581468299334, 37.540194965276818 ], [ -121.224850962899765, 37.540194965374617 ], [ -121.225210288362192, 37.539925470696012 ], [ -121.225210288859714, 37.539566144577101 ], [ -121.226018772319108, 37.539566143993071 ], [ -121.226018772251109, 37.53983563868195 ], [ -121.225479783422983, 37.540733954499629 ], [ -121.224850962599973, 37.540733954717105 ], [ -121.224850963001359, 37.541003449239874 ] ] ] } },
{ "type": "Feature", "properties": { "csb_id": "061825012336956", "acres": 22.356837009225, "geoid": "06099" }, "geometry": { "type": "Polygon", "coordinates": [ [ [ -121.225210289180765, 37.541632269039049 ], [ -121.225210289074695, 37.541003448361053 ], [ -121.224850963001359, 37.541003449239874 ], [ -121.224850962599973, 37.540733954717105 ], [ -121.225479783422983, 37.540733954499629 ], [ -121.226018772251109, 37.53983563868195 ], [ -121.226018772319108, 37.539566143993071 ], [ -121.22664759302441, 37.539476312571132 ], [ -121.226647593603289, 37.538937323902324 ], [ -121.227545909109224, 37.538308502961755 ], [ -121.227545908988233, 37.53741018793535 ], [ -121.228444223851781, 37.536871198649735 ], [ -121.229881527931852, 37.536871198730644 ], [ -121.229881528563226, 37.537140692760261 ], [ -121.229612034241711, 37.537140693153688 ], [ -121.229342538894258, 37.537410187819944 ], [ -121.229342539493615, 37.538577997299505 ], [ -121.228444224237009, 37.539206818221523 ], [ -121.228174729139212, 37.540105133904227 ], [ -121.227276414044738, 37.541003448366617 ], [ -121.226647593464008, 37.541272943132661 ], [ -121.226378098906878, 37.541632269511673 ], [ -121.225210289180765, 37.541632269039049 ] ] ] } },
{ "type": "Feature", "properties": { "csb_id": "061825012336960", "acres": 12.137041770002501, "geoid": "06099" }, "geometry": { "type": "Polygon", "coordinates": [ [ [ -121.22664759302441, 37.539476312571132 ], [ -121.225479783981285, 37.539566144536224 ], [ -121.22547978350164, 37.539296649433552 ], [ -121.225210288256122, 37.539296649708547 ], [ -121.225210288947267, 37.538308503218531 ], [ -121.225479783257157, 37.538128840080709 ], [ -121.22574927755258, 37.53741018773956 ], [ -121.226018772427935, 37.537140692805927 ], [ -121.226378099035145, 37.537140692716847 ], [ -121.22637809920063, 37.53687119844512 ], [ -121.227276413704018, 37.536871198863409 ], [ -121.227276414212298, 37.536691535457685 ], [ -121.228444224037858, 37.536691535636876 ], [ -121.228444223851781, 37.536871198649735 ], [ -121.227545908988233, 37.53741018793535 ], [ -121.227545909109224, 37.538308502961755 ], [ -121.226647593603289, 37.538937323902324 ], [ -121.22664759302441, 37.539476312571132 ] ] ] } },
{ "type": "Feature", "properties": { "csb_id": "061825012336990", "acres": 30.515118470334802, "geoid": "06099" }, "geometry": { "type": "Polygon", "coordinates": [ [ [ -121.210028760776538, 37.536511872152587 ], [ -121.210028760648456, 37.536332209403213 ], [ -121.209669434463137, 37.536242378273919 ], [ -121.209399939834711, 37.535972883027185 ], [ -121.209130445607599, 37.535074567814426 ], [ -121.210298254538316, 37.535074567724976 ], [ -121.210298254712967, 37.53444574764508 ], [ -121.210028760208772, 37.534445747466734 ], [ -121.210028761089745, 37.533008443019753 ], [ -121.210298254626551, 37.532649117016256 ], [ -121.211196570069376, 37.532649116916616 ], [ -121.211196570297815, 37.532199959293301 ], [ -121.212094886165104, 37.532738948072421 ], [ -121.212364380618553, 37.533098274386518 ], [ -121.212364380197371, 37.53381692637528 ], [ -121.213262695225353, 37.533816927053948 ], [ -121.213262695927369, 37.534715241332854 ], [ -121.213532190498952, 37.534715241939104 ], [ -121.213532190420921, 37.536242377862358 ], [ -121.212993201341291, 37.536511872450113 ], [ -121.210028760776538, 37.536511872152587 ] ] ] } },
{ "type": "Feature", "properties": { "csb_id": "061825012336995", "acres": 12.8321822195855, "geoid": "06099" }, "geometry": { "type": "Polygon", "coordinates": [ [ [ -121.20257274414017, 37.534176252874389 ], [ -121.202572743106614, 37.533816926624176 ], [ -121.202303248558678, 37.533816926471978 ], [ -121.20230324966883, 37.533008442859305 ], [ -121.202572743981193, 37.532379622035023 ], [ -121.203471058841259, 37.532379622001947 ], [ -121.203471059313117, 37.532110127376477 ], [ -121.204010048632327, 37.532110127555875 ], [ -121.204010047995538, 37.532649116626231 ], [ -121.204638868486569, 37.53264911717897 ], [ -121.204638868385331, 37.535164399837512 ], [ -121.203740553331627, 37.535074568340136 ], [ -121.203201564475407, 37.534805073743016 ], [ -121.203201564871733, 37.53426608445735 ], [ -121.20257274414017, 37.534176252874389 ] ] ] } },
{ "type": "Feature", "properties": { "csb_id": "061825012337002", "acres": 69.5371367632915, "geoid": "06099" }, "geometry": { "type": "Polygon", "coordinates": [ [ [ -121.204369374754322, 37.536422040841515 ], [ -121.20436937440212, 37.535613557074377 ], [ -121.20401004791475, 37.535344062827861 ], [ -121.204010047927369, 37.535164399380292 ], [ -121.204638868385331, 37.535164399837512 ], [ -121.204638868486569, 37.53264911717897 ], [ -121.204010047995538, 37.532649116626231 ], [ -121.204010048632327, 37.532110127555875 ], [ -121.203471059313117, 37.532110127376477 ], [ -121.203471058841259, 37.532379622001947 ], [ -121.202572743981193, 37.532379622035023 ], [ -121.20230324856378, 37.533277937573892 ], [ -121.201674428339572, 37.533277937633152 ], [ -121.201404933799651, 37.533008443040984 ], [ -121.201404933873746, 37.532199958759819 ], [ -121.202303248842469, 37.532110127640038 ], [ -121.203201564776421, 37.531211812590641 ], [ -121.203740554187405, 37.531211812560535 ], [ -121.204010047713666, 37.530852485956686 ], [ -121.203740553611794, 37.530852486553528 ], [ -121.203740553174313, 37.530672823105327 ], [ -121.2043693740588, 37.53067282326478 ], [ -121.204998194375847, 37.53040332815776 ], [ -121.204998194925778, 37.530044002384919 ], [ -121.205806677326848, 37.530044002427829 ], [ -121.206435499488364, 37.529684676282749 ], [ -121.207064319297402, 37.529684676684859 ], [ -121.207064319948543, 37.529954171256307 ], [ -121.207333814586477, 37.529954170813511 ], [ -121.207333814822007, 37.53031349697865 ], [ -121.206704994095659, 37.530313497033696 ], [ -121.206435499325096, 37.530582991860165 ], [ -121.206435498795642, 37.530852486127166 ], [ -121.207064319763845, 37.531481306967152 ], [ -121.208232130400702, 37.531481306953324 ], [ -121.208232129480052, 37.531750801692276 ], [ -121.20760330920794, 37.531750801860838 ], [ -121.206704993826918, 37.532379622314018 ], [ -121.206704993971798, 37.533008442716756 ], [ -121.207064319878654, 37.533008442860307 ], [ -121.207064318443273, 37.532649116583755 ], [ -121.207333814849079, 37.532649116917163 ], [ -121.207333814509298, 37.533277937579115 ], [ -121.207603308891933, 37.533547432147714 ], [ -121.210028760580826, 37.533277937086517 ], [ -121.210028760208772, 37.534445747466734 ], [ -121.210298254712967, 37.53444574764508 ], [ -121.210298254538316, 37.535074567724976 ], [ -121.209130445607599, 37.535074567814426 ], [ -121.209399939834711, 37.535972883027185 ], [ -121.209669434463137, 37.536242378273919 ], [ -121.210028760648456, 37.536332209403213 ], [ -121.210028760776538, 37.536511872152587 ], [ -121.204638868687937, 37.536511872718371 ], [ -121.204369374754322, 37.536422040841515 ] ] ] } },
{ "type": "Feature", "properties": { "csb_id": "061825012337009", "acres": 36.952356602739997, "geoid": "06099" }, "geometry": { "type": "Polygon", "coordinates": [ [ [ -121.210028760580826, 37.533277937086517 ], [ -121.207603308891933, 37.533547432147714 ], [ -121.207333814509298, 37.533277937579115 ], [ -121.207333814849079, 37.532649116917163 ], [ -121.207064318443273, 37.532649116583755 ], [ -121.207064319878654, 37.533008442860307 ], [ -121.206704993971798, 37.533008442716756 ], [ -121.206704993826918, 37.532379622314018 ], [ -121.20760330920794, 37.531750801860838 ], [ -121.208232129480052, 37.531750801692276 ], [ -121.208232130400702, 37.531481306953324 ], [ -121.207064319763845, 37.531481306967152 ], [ -121.206435498795642, 37.530852486127166 ], [ -121.206435499325096, 37.530582991860165 ], [ -121.206704994095659, 37.530313497033696 ], [ -121.207333814822007, 37.53031349697865 ], [ -121.207333814586477, 37.529954170813511 ], [ -121.207064319948543, 37.529954171256307 ], [ -121.207064319297402, 37.529684676684859 ], [ -121.207333813759888, 37.529684675147045 ], [ -121.207333814115387, 37.529235518370236 ], [ -121.20939994037677, 37.528516866790333 ], [ -121.209669434799025, 37.529415181491721 ], [ -121.210028760434014, 37.529415181267673 ], [ -121.210028761417178, 37.529954172293039 ], [ -121.210298255472537, 37.530582991819379 ], [ -121.210927075795965, 37.531211812286074 ], [ -121.211196570277863, 37.531211813535762 ], [ -121.211196570069376, 37.532649116916616 ], [ -121.210298254626551, 37.532649117016256 ], [ -121.210028761089745, 37.533008443019753 ], [ -121.210028760580826, 37.533277937086517 ] ] ] } },
{ "type": "Feature", "properties": { "csb_id": "061825012337173", "acres": 7.8489846392258498, "geoid": "06099" }, "geometry": { "type": "Polygon", "coordinates": [ [ [ -121.158016305243976, 37.510730223924163 ], [ -121.158016305621771, 37.510460729296099 ], [ -121.156668832921142, 37.510460729411584 ], [ -121.155590854031232, 37.509292919004984 ], [ -121.156489169714789, 37.509203088114823 ], [ -121.156489170129888, 37.508843761819215 ], [ -121.156758664487356, 37.508574267342162 ], [ -121.157028158734363, 37.508574266741171 ], [ -121.157387484370815, 37.508843761697896 ], [ -121.157926473566107, 37.510101402706447 ], [ -121.158914621469464, 37.510101403309839 ], [ -121.15882478960097, 37.510730223996774 ], [ -121.158016305243976, 37.510730223924163 ] ] ] } },
{ "type": "Feature", "properties": { "csb_id": "061825012337198", "acres": 42.6097938451895, "geoid": "06099" }, "geometry": { "type": "Polygon", "coordinates": [ [ [ -121.157926473566107, 37.510101402706447 ], [ -121.157387484370815, 37.508843761697896 ], [ -121.157028158734363, 37.508574266741171 ], [ -121.156758664487356, 37.508574267342162 ], [ -121.156489170129888, 37.508843761819215 ], [ -121.156489169714789, 37.509203088114823 ], [ -121.155860349186781, 37.50929291950245 ], [ -121.155860347826518, 37.508664098428738 ], [ -121.156219675362649, 37.508664098611121 ], [ -121.156219674564923, 37.508035277580539 ], [ -121.155860348932734, 37.507945445989812 ], [ -121.15559085402414, 37.507675951719875 ], [ -121.155590854666613, 37.507226794533651 ], [ -121.155231528382842, 37.506777637975972 ], [ -121.155321360071554, 37.505430165638053 ], [ -121.156129844085143, 37.505340334137998 ], [ -121.156489169304166, 37.504172522413803 ], [ -121.157387484436185, 37.50363353202308 ], [ -121.157387485624838, 37.503184376499412 ], [ -121.158285799696927, 37.503184375616314 ], [ -121.158555295668549, 37.503633534060654 ], [ -121.158824789805266, 37.5036335331001 ], [ -121.158914621897935, 37.504711512741672 ], [ -121.158914621469464, 37.510101403309839 ], [ -121.157926473566107, 37.510101402706447 ] ] ] } },
{ "type": "Feature", "properties": { "csb_id": "061825012337226", "acres": 65.464866449565207, "geoid": "06099" }, "geometry": { "type": "Polygon", "coordinates": [ [ [ -121.155590854488878, 37.505070837303933 ], [ -121.155590854318291, 37.504531848268527 ], [ -121.155860348521557, 37.504531848081442 ], [ -121.155860348672945, 37.504172521985339 ], [ -121.152895907890723, 37.504172522012965 ], [ -121.152895908320403, 37.503903028009319 ], [ -121.152626413782983, 37.503903027729081 ], [ -121.152626413193772, 37.504801342586291 ], [ -121.15289590835738, 37.505070837264583 ], [ -121.153255234348165, 37.505070837302355 ], [ -121.153255234575951, 37.504801343137743 ], [ -121.153524729066987, 37.504801342724946 ], [ -121.15352472917985, 37.505430163371813 ], [ -121.152626414012374, 37.505430163321698 ], [ -121.150470456773604, 37.502375891982929 ], [ -121.1502009624474, 37.501747071247756 ], [ -121.150200962338189, 37.501208081627823 ], [ -121.149661972916519, 37.501118249894056 ], [ -121.149661973164754, 37.500848755394209 ], [ -121.149931467695481, 37.500669092776015 ], [ -121.156489170029403, 37.500669092453464 ], [ -121.156758664130479, 37.500669092875185 ], [ -121.156758663874527, 37.500848756152962 ], [ -121.157656978945809, 37.500848755566743 ], [ -121.158914620584056, 37.500579260763821 ], [ -121.158824788753307, 37.502375891588841 ], [ -121.157117990159918, 37.502465723565351 ], [ -121.15675866404527, 37.502735217992431 ], [ -121.156758664614102, 37.503004712074414 ], [ -121.157117990267778, 37.50327420697856 ], [ -121.157387484707186, 37.503274207013341 ], [ -121.157387484436185, 37.50363353202308 ], [ -121.156489169304166, 37.504172522413803 ], [ -121.156129844085143, 37.505340334137998 ], [ -121.155860348255686, 37.505340331871672 ], [ -121.155860348443895, 37.505070837583673 ], [ -121.155590854488878, 37.505070837303933 ] ] ] } },
{ "type": "Feature", "properties": { "csb_id": "061825012337574", "acres": 5.1502513004549098, "geoid": "06099" }, "geometry": { "type": "Polygon", "coordinates": [ [ [ -121.129988868792481, 37.450902426037864 ], [ -121.127653249106061, 37.450543099854038 ], [ -121.12765324918044, 37.45000411138794 ], [ -121.130617689407131, 37.450004110187486 ], [ -121.130617689760044, 37.450273605238912 ], [ -121.130258363271068, 37.450273604702382 ], [ -121.130258362639012, 37.450632930959443 ], [ -121.129988868792481, 37.450902426037864 ] ] ] } },
{ "type": "Feature", "properties": { "csb_id": "061825012337823", "acres": 76.837150608014696, "geoid": "06099" }, "geometry": { "type": "Polygon", "coordinates": [ [ [ -121.180294524608229, 37.418742738575666 ], [ -121.180294523999876, 37.418563075448773 ], [ -121.179935198504694, 37.418563075672395 ], [ -121.179935198244607, 37.418742738799359 ], [ -121.179396209847098, 37.41874273874754 ], [ -121.179396209207979, 37.418563076087985 ], [ -121.179036883209321, 37.418563075610628 ], [ -121.178497894006526, 37.418563075718986 ], [ -121.178138567903289, 37.418742738455286 ], [ -121.174635138006636, 37.41874273899613 ], [ -121.173377497380571, 37.418563075656643 ], [ -121.173377496479944, 37.418742738329712 ], [ -121.173108001880365, 37.418832570101713 ], [ -121.172569013357773, 37.418742738204742 ], [ -121.17256901402456, 37.416676614410008 ], [ -121.172838507173765, 37.416047792758995 ], [ -121.172838507130564, 37.415598634992179 ], [ -121.171670698227231, 37.41550880316418 ], [ -121.171670697772868, 37.415149477809919 ], [ -121.171940192240982, 37.414879982873202 ], [ -121.174006317703942, 37.414879982500729 ], [ -121.174275812021364, 37.414610488707915 ], [ -121.174904632343299, 37.414610488403035 ], [ -121.174904632376524, 37.414879982711433 ], [ -121.175802948038779, 37.414879982541166 ], [ -121.17580294835038, 37.414610488393102 ], [ -121.176072443330455, 37.414430825540329 ], [ -121.176970757652882, 37.414430825112461 ], [ -121.178138567645846, 37.414700319566442 ], [ -121.177869073537948, 37.414700319869425 ], [ -121.17759957872741, 37.414969814255493 ], [ -121.177599578922539, 37.41559863469621 ], [ -121.177869072984251, 37.415598635692071 ], [ -121.177869072959822, 37.415868129433036 ], [ -121.179126714900249, 37.415868129591011 ], [ -121.179126715031316, 37.41613762424295 ], [ -121.179935198040823, 37.41604779259081 ], [ -121.179935198621564, 37.416407118894114 ], [ -121.180833513765975, 37.416407118835053 ], [ -121.182001323871276, 37.416946108229013 ], [ -121.182630144773384, 37.41694610806271 ], [ -121.182630144572101, 37.417305435342897 ], [ -121.18236065014294, 37.417305434427874 ], [ -121.182360650391132, 37.417574929568424 ], [ -121.182630144397606, 37.417574929855874 ], [ -121.182630143924385, 37.417844423484155 ], [ -121.182360650041829, 37.417844422962965 ], [ -121.182360649638838, 37.418203749904634 ], [ -121.181192839522978, 37.418203749792404 ], [ -121.180833513984055, 37.418473244216706 ], [ -121.180833513398454, 37.418742739181496 ], [ -121.180294524608229, 37.418742738575666 ] ] ] } },
{ "type": "Feature", "properties": { "csb_id": "061825012338152", "acres": 6.3015228944060198, "geoid": "06099" }, "geometry": { "type": "Polygon", "coordinates": [ [ [ -121.126754933980052, 37.382540632999905 ], [ -121.126754933110362, 37.382271137862361 ], [ -121.125856618353311, 37.38218130747638 ], [ -121.125856618239496, 37.381911811911337 ], [ -121.125497292692174, 37.381911811609541 ], [ -121.125497292976135, 37.381013497052294 ], [ -121.127653248786274, 37.381013497197969 ], [ -121.127653249240538, 37.381552485629982 ], [ -121.128012574583124, 37.382001643806923 ], [ -121.127024428039292, 37.382271138976826 ], [ -121.12702442818906, 37.382540632624959 ], [ -121.126754933980052, 37.382540632999905 ] ] ] } },
{ "type": "Feature", "properties": { "csb_id": "061825015441746", "acres": 4.2604669183128596, "geoid": "06099" }, "geometry": { "type": "Polygon", "coordinates": [ [ [ -120.766187496457491, 37.774754478829657 ], [ -120.766097665138744, 37.775562962081082 ], [ -120.766187496503804, 37.775562961772351 ], [ -120.766187496119215, 37.77529346755059 ], [ -120.766816317075481, 37.775293467389503 ], [ -120.766995980325035, 37.775023974169478 ], [ -120.767085812773061, 37.775293468759273 ], [ -120.767265475144001, 37.775293467483657 ], [ -120.767265475305777, 37.776101950906046 ], [ -120.765738338578046, 37.776101951683081 ], [ -120.765738339383205, 37.775562961792815 ], [ -120.765468844475905, 37.775562962621109 ], [ -120.765468844291206, 37.774664646992626 ], [ -120.766187496457491, 37.774754478829657 ] ] ] } },
{ "type": "Feature", "properties": { "csb_id": "061825015441884", "acres": 6.2207546324594301, "geoid": "06099" }, "geometry": { "type": "Polygon", "coordinates": [ [ [ -120.735824439924315, 37.768735765715995 ], [ -120.735554945607788, 37.767478124698421 ], [ -120.735375282273296, 37.767478124993659 ], [ -120.735195619121768, 37.766579809191448 ], [ -120.73537528217139, 37.766489978148599 ], [ -120.734836293534286, 37.766489977733571 ], [ -120.734836293657594, 37.766220483477802 ], [ -120.735734608127089, 37.766220483384544 ], [ -120.73573460859555, 37.765950989286004 ], [ -120.736273597808221, 37.765950988494311 ], [ -120.736273597088115, 37.766220483052066 ], [ -120.736004103567552, 37.766220482855111 ], [ -120.736004103268229, 37.766489978029341 ], [ -120.736273597646871, 37.766849304391307 ], [ -120.736632923549152, 37.766849304111176 ], [ -120.736632924137908, 37.767118798615478 ], [ -120.736273597314096, 37.767388293154283 ], [ -120.735734608187627, 37.767388293603723 ], [ -120.735734608595223, 37.768017113862413 ], [ -120.736004103640312, 37.768017113848479 ], [ -120.736004102832183, 37.767747618994655 ], [ -120.736632923838357, 37.767747618794544 ], [ -120.736902418142137, 37.768017114294139 ], [ -120.736902418562707, 37.768376439935096 ], [ -120.736453261345304, 37.768376440079379 ], [ -120.736453260986863, 37.768735766324433 ], [ -120.736722755917199, 37.768735767137237 ], [ -120.736722755430748, 37.769005260896868 ], [ -120.736093933997665, 37.769005260355272 ], [ -120.735824439924315, 37.768735765715995 ] ] ] } },
{ "type": "Feature", "properties": { "csb_id": "061825015441887", "acres": 8.24888383856225, "geoid": "06099" }, "geometry": { "type": "Polygon", "coordinates": [ [ [ -120.801670950206415, 37.768376439782799 ], [ -120.801670949838893, 37.768106945059827 ], [ -120.801401455518544, 37.767837451164169 ], [ -120.801042129312791, 37.767837450941975 ], [ -120.801042129813155, 37.767208629727357 ], [ -120.80140145547513, 37.767208630351149 ], [ -120.801401456089266, 37.766939135558708 ], [ -120.800772635519166, 37.766939135541179 ], [ -120.800682803315865, 37.76559166233254 ], [ -120.801581118507826, 37.765591662564248 ], [ -120.801581118930642, 37.765950988980805 ], [ -120.802120108154668, 37.765950988315218 ], [ -120.80212010796744, 37.766849304004232 ], [ -120.802479433878673, 37.766849303810595 ], [ -120.802479433826747, 37.768286608280036 ], [ -120.801670950206415, 37.768376439782799 ] ] ] } },
{ "type": "Feature", "properties": { "csb_id": "061825015441907", "acres": 2.92523040739915, "geoid": "06099" }, "geometry": { "type": "Polygon", "coordinates": [ [ [ -120.733309157402374, 37.765322167761084 ], [ -120.733309157256045, 37.765052673721584 ], [ -120.733578651397977, 37.765052673317648 ], [ -120.733578651522649, 37.764423852642437 ], [ -120.733039663094971, 37.764423852911541 ], [ -120.733039662527887, 37.764154358185721 ], [ -120.733309157361589, 37.76379503233975 ], [ -120.733578651647306, 37.763795031879653 ], [ -120.734207472020202, 37.764154357920084 ], [ -120.734207472707354, 37.765322168161838 ], [ -120.733309157402374, 37.765322167761084 ] ] ] } },
{ "type": "Feature", "properties": { "csb_id": "061825015441911", "acres": 9.1365123076371297, "geoid": "06099" }, "geometry": { "type": "Polygon", "coordinates": [ [ [ -120.741753321473979, 37.764693347295307 ], [ -120.741124500893051, 37.764693347774227 ], [ -120.741124500705013, 37.765052674364064 ], [ -120.739956690717193, 37.765052673335312 ], [ -120.739956691073573, 37.763525537913296 ], [ -120.740226185459179, 37.763256043464146 ], [ -120.740495679473568, 37.763256043078151 ], [ -120.740495679663127, 37.763525537103853 ], [ -120.74202281545918, 37.763525537126114 ], [ -120.742921131268588, 37.763884864628807 ], [ -120.742921130843385, 37.764154358729947 ], [ -120.742651636511582, 37.764154359241402 ], [ -120.742651636212145, 37.764423853096815 ], [ -120.742292309767549, 37.764423852412705 ], [ -120.742292310320593, 37.765052673530846 ], [ -120.741753320722637, 37.765052673712013 ], [ -120.741753321473979, 37.764693347295307 ] ] ] } },
{ "type": "Feature", "properties": { "csb_id": "061825015441932", "acres": 117.41928215701, "geoid": "06099" }, "geometry": { "type": "Polygon", "coordinates": [ [ [ -120.733309157402374, 37.765322167761084 ], [ -120.734207472707354, 37.765322168161838 ], [ -120.734207472020202, 37.764154357920084 ], [ -120.733578651647306, 37.763795031879653 ], [ -120.733309157361589, 37.76379503233975 ], [ -120.733039662527887, 37.764154358185721 ], [ -120.733039663094971, 37.764423852911541 ], [ -120.733578651522649, 37.764423852642437 ], [ -120.733578651397977, 37.765052673317648 ], [ -120.733309157256045, 37.765052673721584 ], [ -120.733309157402374, 37.765322167761084 ], [ -120.733039662573745, 37.765322168432256 ], [ -120.732500673493888, 37.764783179088347 ], [ -120.732500673324779, 37.763884863113553 ], [ -120.732231178357097, 37.763615368848917 ], [ -120.732231179377138, 37.762986548315403 ], [ -120.733309157640349, 37.76235772744117 ], [ -120.733578651855595, 37.761998401203655 ], [ -120.733578651835089, 37.761728906735833 ], [ -120.733309157694251, 37.761459412594846 ], [ -120.733039662466538, 37.761459412572385 ], [ -120.73303966244741, 37.760830591451821 ], [ -120.733309157599564, 37.760830591015043 ], [ -120.733309156987289, 37.76020177130124 ], [ -120.733578651877679, 37.760022107412958 ], [ -120.734476966692839, 37.760201771174856 ], [ -120.736273598232003, 37.760201771140181 ], [ -120.737800733758164, 37.760830591404641 ], [ -120.73780073393452, 37.761459412572655 ], [ -120.738160060185024, 37.761728906708541 ], [ -120.738429554396518, 37.761728906919878 ], [ -120.738429554498154, 37.761459412440267 ], [ -120.738878712391028, 37.761459411873098 ], [ -120.740226185171991, 37.762357727150281 ], [ -120.742022815539201, 37.76325604281422 ], [ -120.74202281545918, 37.763525537126114 ], [ -120.741124500580568, 37.763525538659508 ], [ -120.740495679663127, 37.763525537103853 ], [ -120.740495679473568, 37.763256043078151 ], [ -120.740226185459179, 37.763256043464146 ], [ -120.739956691073573, 37.763525537913296 ], [ -120.739956690717193, 37.765052673335312 ], [ -120.741124500705013, 37.765052674364064 ], [ -120.741124500893051, 37.764693347774227 ], [ -120.741753321473979, 37.764693347295307 ], [ -120.741753320722637, 37.765052673712013 ], [ -120.742292310320593, 37.765052673530846 ], [ -120.742292309767549, 37.764423852412705 ], [ -120.742921130418154, 37.764423852815042 ], [ -120.742921131268588, 37.763884864628807 ], [ -120.743819445628461, 37.764334021315136 ], [ -120.744088940427346, 37.764693347829734 ], [ -120.74453809779213, 37.764693347238854 ], [ -120.744448266828954, 37.765322167577949 ], [ -120.744268603756865, 37.765411999178497 ], [ -120.744268604063166, 37.76559166210221 ], [ -120.74444826642916, 37.765591662741819 ], [ -120.744448266806856, 37.765950988797513 ], [ -120.744088940153574, 37.766040820113979 ], [ -120.744268603368425, 37.766310315047171 ], [ -120.742292310462005, 37.766220483338962 ], [ -120.741393994894835, 37.766489977549064 ], [ -120.74049567967873, 37.766489978140285 ], [ -120.740495679759007, 37.766849303898432 ], [ -120.73995669025706, 37.767208629695673 ], [ -120.739148206804913, 37.767208629760617 ], [ -120.739148206503756, 37.766939135148903 ], [ -120.73887871191809, 37.766939135436346 ], [ -120.738429554326657, 37.767388293305977 ], [ -120.738429554208622, 37.768286608796934 ], [ -120.737800733777632, 37.768645934561107 ], [ -120.736902418562707, 37.768376439935096 ], [ -120.736902418142137, 37.768017114294139 ], [ -120.736632923838357, 37.767747618794544 ], [ -120.736004102832183, 37.767747618994655 ], [ -120.736004103640312, 37.768017113848479 ], [ -120.735734608595223, 37.768017113862413 ], [ -120.735734608187627, 37.767388293603723 ], [ -120.736273597314096, 37.767388293154283 ], [ -120.736632924137908, 37.767118798615478 ], [ -120.736632923549152, 37.766849304111176 ], [ -120.736273597646871, 37.766849304391307 ], [ -120.736004103268229, 37.766489978029341 ], [ -120.736004103567552, 37.766220482855111 ], [ -120.736273597088115, 37.766220483052066 ], [ -120.736273597808221, 37.765950988494311 ], [ -120.73573460859555, 37.765950989286004 ], [ -120.735734608127089, 37.766220483384544 ], [ -120.734836293657594, 37.766220483477802 ], [ -120.734836293534286, 37.766489977733571 ], [ -120.735375283079648, 37.766579810425831 ], [ -120.734926125177225, 37.766579809201126 ], [ -120.734926125044453, 37.767478124345224 ], [ -120.734656630337625, 37.767478124162857 ], [ -120.734656630490633, 37.766939135120239 ], [ -120.733937978620332, 37.766939135747151 ], [ -120.733937978152156, 37.766489978113484 ], [ -120.73357865162977, 37.766489977414288 ], [ -120.733309157643404, 37.766220482700241 ], [ -120.733309157402374, 37.765322167761084 ] ], [ [ -120.736722753750968, 37.765411999448759 ], [ -120.73708208049726, 37.765411999917333 ], [ -120.737082081594778, 37.765142504622482 ], [ -120.737980395814532, 37.765142504729795 ], [ -120.737980395479255, 37.765411999621797 ], [ -120.739148205461404, 37.765411999498376 ], [ -120.739148205490835, 37.764513684415817 ], [ -120.738878711508974, 37.763884863732201 ], [ -120.738519384577501, 37.763884863665389 ], [ -120.738249890124123, 37.76451368456712 ], [ -120.737082080586717, 37.764513684484236 ], [ -120.736722755501873, 37.764783178485843 ], [ -120.736722753750968, 37.765411999448759 ] ], [ [ -120.737351576125604, 37.764244189885915 ], [ -120.738249891316087, 37.76361536855643 ], [ -120.738249890939571, 37.762986547862937 ], [ -120.736453260149219, 37.762986548037247 ], [ -120.736453260898216, 37.763345874480933 ], [ -120.736093934219383, 37.763345874227895 ], [ -120.736093935059714, 37.763615368481879 ], [ -120.737082081783569, 37.763615368642746 ], [ -120.737082081793488, 37.763884863799149 ], [ -120.73672275552434, 37.763884863846187 ], [ -120.736722755072392, 37.764244189815329 ], [ -120.737351576125604, 37.764244189885915 ] ], [ [ -120.735824439658884, 37.763615369322281 ], [ -120.735824438475461, 37.762447558989791 ], [ -120.735195617849996, 37.762447559669411 ], [ -120.735195617928113, 37.762717054380069 ], [ -120.734926124895736, 37.762986547931625 ], [ -120.734027809233382, 37.762986548616716 ], [ -120.734027808759777, 37.763345874718233 ], [ -120.735195618184548, 37.763345874370167 ], [ -120.735195618262637, 37.763615369027072 ], [ -120.735824439658884, 37.763615369322281 ] ], [ [ -120.736004103417315, 37.761100085624541 ], [ -120.73573460883631, 37.761100086149611 ], [ -120.73573460831004, 37.761459412284694 ], [ -120.736093934686536, 37.761459411758523 ], [ -120.736004103417315, 37.761100085624541 ] ] ] } },
{ "type": "Feature", "properties": { "csb_id": "061825015441950", "acres": 5.1584774336818704, "geoid": "06099" }, "geometry": { "type": "Polygon", "coordinates": [ [ [ -120.808587977686258, 37.760830591614337 ], [ -120.808587978257123, 37.760561096547377 ], [ -120.808857472619181, 37.760291602159981 ], [ -120.808587978016618, 37.760291602556499 ], [ -120.808587977480329, 37.76002210768749 ], [ -120.808857472504243, 37.760022107922701 ], [ -120.808857472095838, 37.759123792455284 ], [ -120.809486293812768, 37.759123792181725 ], [ -120.809665956676838, 37.759303455247867 ], [ -120.809665956415017, 37.759572950219244 ], [ -120.810564271060599, 37.759572950524877 ], [ -120.810654102037105, 37.759033960977803 ], [ -120.811193090930843, 37.759303455797493 ], [ -120.811193091880455, 37.759932276360949 ], [ -120.80966595660685, 37.759932276094297 ], [ -120.809396461604564, 37.76029160239819 ], [ -120.809396461332071, 37.760830591745446 ], [ -120.808587977686258, 37.760830591614337 ] ] ] } },
{ "type": "Feature", "properties": { "csb_id": "061825015441964", "acres": 4.7294841341243297, "geoid": "06099" }, "geometry": { "type": "Polygon", "coordinates": [ [ [ -120.809665956676838, 37.759303455247867 ], [ -120.809216799030011, 37.758764466592169 ], [ -120.809216798983442, 37.757866150813442 ], [ -120.809396462315036, 37.75786615148828 ], [ -120.80939646217881, 37.758135646315864 ], [ -120.810833765801263, 37.758135645760142 ], [ -120.810564271060599, 37.759572950524877 ], [ -120.809665956415017, 37.759572950219244 ], [ -120.809665956676838, 37.759303455247867 ] ] ] } },
{ "type": "Feature", "properties": { "csb_id": "061825015441990", "acres": 3.8714594124138602, "geoid": "06099" }, "geometry": { "type": "Polygon", "coordinates": [ [ [ -120.725583645858478, 37.757327162010519 ], [ -120.725583644819835, 37.756967835931825 ], [ -120.7246853304447, 37.756967835368215 ], [ -120.724685330737884, 37.757327161620502 ], [ -120.724415834827539, 37.75732716243801 ], [ -120.72441583500418, 37.756428846780899 ], [ -120.725314150292576, 37.756428846859201 ], [ -120.725314151669934, 37.756069520478675 ], [ -120.725942972150463, 37.756069520721233 ], [ -120.725942972424505, 37.756428846469063 ], [ -120.726212465860002, 37.756698341499771 ], [ -120.726481960954089, 37.756698341026265 ], [ -120.726481960151162, 37.756967836148682 ], [ -120.726212466765645, 37.757327162068258 ], [ -120.725583645858478, 37.757327162010519 ] ] ] } },
{ "type": "Feature", "properties": { "csb_id": "061825015442002", "acres": 7.9770429295865197, "geoid": "06099" }, "geometry": { "type": "Polygon", "coordinates": [ [ [ -120.786489422684042, 37.756339015162986 ], [ -120.785591108401874, 37.756339014752491 ], [ -120.785591106895282, 37.75660850947741 ], [ -120.785052119094928, 37.756608509183586 ], [ -120.784423296811681, 37.756339015582327 ], [ -120.784153802953782, 37.755979688430379 ], [ -120.784153800542384, 37.755710194645964 ], [ -120.784692792038612, 37.755440699299086 ], [ -120.78469279022822, 37.754901711130515 ], [ -120.78487245394939, 37.754901711235597 ], [ -120.78559110775619, 37.755081373159427 ], [ -120.785591106411957, 37.755440700342383 ], [ -120.785950432140623, 37.755710194204759 ], [ -120.786848749123521, 37.755710194440177 ], [ -120.78738773556698, 37.755979688919396 ], [ -120.788016558049392, 37.755979689189864 ], [ -120.788016557336846, 37.756339014923 ], [ -120.786848747207486, 37.756428846436229 ], [ -120.7868487466733, 37.756608510121247 ], [ -120.786489421939336, 37.756608509486007 ], [ -120.786489422684042, 37.756339015162986 ] ] ] } },
{ "type": "Feature", "properties": { "csb_id": "061825015442037", "acres": 10.385998346434899, "geoid": "06099" }, "geometry": { "type": "Polygon", "coordinates": [ [ [ -120.788645378866121, 37.754811879154218 ], [ -120.787387737287929, 37.754811878809917 ], [ -120.787118242885398, 37.754542384560018 ], [ -120.787118243236065, 37.754183058740438 ], [ -120.786489422219574, 37.75418305855689 ], [ -120.785950432924778, 37.754542384316103 ], [ -120.785321612325774, 37.754542384782049 ], [ -120.785321611657295, 37.754183058216896 ], [ -120.78559110727285, 37.753913563624387 ], [ -120.786489421857169, 37.753913564317351 ], [ -120.786848747924395, 37.753644069199652 ], [ -120.786848748476572, 37.753284743537577 ], [ -120.788286053050768, 37.753284743073813 ], [ -120.788286052539775, 37.753644069254378 ], [ -120.788914873333724, 37.753644069433598 ], [ -120.788914873081495, 37.753913563806123 ], [ -120.790082682870064, 37.753913564132411 ], [ -120.790082683126442, 37.754542384311563 ], [ -120.789813189182183, 37.754542384409568 ], [ -120.789813188404224, 37.754183058875142 ], [ -120.789543694661504, 37.75418305860822 ], [ -120.788914872905266, 37.754811879048667 ], [ -120.788914872948553, 37.755081374212565 ], [ -120.789184367969156, 37.755081373511949 ], [ -120.789184368203394, 37.755440699375811 ], [ -120.788914872981266, 37.755440699846282 ], [ -120.788645379035032, 37.755081374088014 ], [ -120.788645378866121, 37.754811879154218 ] ] ] } },
{ "type": "Feature", "properties": { "csb_id": "061825015442061", "acres": 31.411784831200301, "geoid": "06099" }, "geometry": { "type": "Polygon", "coordinates": [ [ [ -120.788016557243822, 37.756069520525379 ], [ -120.786848749123521, 37.755710194440177 ], [ -120.785950432140623, 37.755710194204759 ], [ -120.785591106411957, 37.755440700342383 ], [ -120.78559110775619, 37.755081373159427 ], [ -120.78469279022822, 37.754901711130515 ], [ -120.784692791389531, 37.754632216130602 ], [ -120.784423296679392, 37.754542384285955 ], [ -120.784423297051646, 37.754183058411023 ], [ -120.784153802327694, 37.753644069646924 ], [ -120.784153802687143, 37.752655922029575 ], [ -120.784692791369196, 37.752655922894974 ], [ -120.784692791477568, 37.752116933066873 ], [ -120.785950433378289, 37.7521169331267 ], [ -120.785950433568615, 37.751757607399384 ], [ -120.786219927480687, 37.751757607265475 ], [ -120.786219926992644, 37.751488113108948 ], [ -120.786848748136862, 37.751488112665541 ], [ -120.787118243203778, 37.751757606888788 ], [ -120.787118242853111, 37.752116932904407 ], [ -120.787387737853109, 37.75211693300804 ], [ -120.787387737835957, 37.751847438814984 ], [ -120.788645378823333, 37.75175760755706 ], [ -120.78864537869687, 37.752655922544847 ], [ -120.789184368048652, 37.7526559228275 ], [ -120.788914873333724, 37.753644069433598 ], [ -120.788286052539775, 37.753644069254378 ], [ -120.788286053050768, 37.753284743073813 ], [ -120.786848748476572, 37.753284743537577 ], [ -120.786848747924395, 37.753644069199652 ], [ -120.786489421857169, 37.753913564317351 ], [ -120.78559110727285, 37.753913563624387 ], [ -120.785321611657295, 37.754183058216896 ], [ -120.785321612325774, 37.754542384782049 ], [ -120.785950432924778, 37.754542384316103 ], [ -120.786489422219574, 37.75418305855689 ], [ -120.787118243236065, 37.754183058740438 ], [ -120.787118242885398, 37.754542384560018 ], [ -120.787387737287929, 37.754811878809917 ], [ -120.788016558187309, 37.754811879193873 ], [ -120.787836894859751, 37.755081373420325 ], [ -120.788645379035032, 37.755081374088014 ], [ -120.788914872981266, 37.755440699846282 ], [ -120.788645379204084, 37.755979689266866 ], [ -120.788016557243822, 37.756069520525379 ] ] ] } },
{ "type": "Feature", "properties": { "csb_id": "061825015442076", "acres": 5.2370455122436299, "geoid": "06099" }, "geometry": { "type": "Polygon", "coordinates": [ [ [ -120.78864537869687, 37.752655922544847 ], [ -120.788645378823333, 37.75175760755706 ], [ -120.787387737835957, 37.751847438814984 ], [ -120.788016557783507, 37.751218618120156 ], [ -120.789543694166554, 37.751218618005673 ], [ -120.790082682956196, 37.751488112230547 ], [ -120.790082682528606, 37.751757607654298 ], [ -120.789903019057675, 37.751757607518989 ], [ -120.789633525712929, 37.752116933067605 ], [ -120.789543693742118, 37.752655922421617 ], [ -120.78864537869687, 37.752655922544847 ] ] ] } },
{ "type": "Feature", "properties": { "csb_id": "061825015442077", "acres": 9.6743424287434703, "geoid": "06099" }, "geometry": { "type": "Polygon", "coordinates": [ [ [ -120.780830036011253, 37.753913563604357 ], [ -120.780830035961387, 37.753644068949079 ], [ -120.78047070960973, 37.753644069620186 ], [ -120.780470709983973, 37.753284743043103 ], [ -120.780650372435105, 37.753284743270846 ], [ -120.780650372836774, 37.752655922811691 ], [ -120.780470709402692, 37.752655922181901 ], [ -120.780470709187867, 37.752206764459757 ], [ -120.780650372938481, 37.752116933562419 ], [ -120.78065037244032, 37.751757606861858 ], [ -120.780470710009112, 37.751577944078015 ], [ -120.779931720399574, 37.751577943936134 ], [ -120.779931720564505, 37.751757606952282 ], [ -120.779302899795624, 37.751757607216867 ], [ -120.779302900264128, 37.751218617974551 ], [ -120.779572394424306, 37.751218618208441 ], [ -120.779572394436727, 37.750859291493143 ], [ -120.781099530168433, 37.750859292209412 ], [ -120.781099530042553, 37.751218617718621 ], [ -120.781369024572697, 37.751218618525641 ], [ -120.781369025057103, 37.752116933608569 ], [ -120.781728351006095, 37.752386428890759 ], [ -120.78262666645665, 37.752386428126385 ], [ -120.782626665816068, 37.752655922513952 ], [ -120.781728351522418, 37.752655922358194 ], [ -120.781728350734866, 37.753644069798668 ], [ -120.781369025214303, 37.753913564321536 ], [ -120.780830036011253, 37.753913563604357 ] ] ] } },
{ "type": "Feature", "properties": { "csb_id": "061825015442082", "acres": 7.7337053582885504, "geoid": "06099" }, "geometry": { "type": "Polygon", "coordinates": [ [ [ -120.795831901189729, 37.752655922519622 ], [ -120.795831901061163, 37.752116933422535 ], [ -120.796101395329529, 37.752116932906404 ], [ -120.796101396186472, 37.751488112602367 ], [ -120.795831900591438, 37.751488112947001 ], [ -120.795831901486395, 37.751218617674503 ], [ -120.796101395640818, 37.750859291577342 ], [ -120.796460722213297, 37.750859291896639 ], [ -120.796460722220885, 37.750589797217849 ], [ -120.796999710855729, 37.750589797868223 ], [ -120.796999711114537, 37.750320302712659 ], [ -120.797359037063671, 37.75032030274302 ], [ -120.797448868544123, 37.750589798028521 ], [ -120.797898025924042, 37.750859292365448 ], [ -120.797898026458142, 37.751488113796739 ], [ -120.797628531761774, 37.752116933357861 ], [ -120.796820048352913, 37.752206764825374 ], [ -120.796460722170323, 37.752386428100586 ], [ -120.796460722162735, 37.752655922670243 ], [ -120.795831901189729, 37.752655922519622 ] ] ] } },
{ "type": "Feature", "properties": { "csb_id": "061825015442083", "acres": 19.241539554592499, "geoid": "06099" }, "geometry": { "type": "Polygon", "coordinates": [ [ [ -120.791340324947015, 37.753015248861111 ], [ -120.791340324318284, 37.75211693376724 ], [ -120.791609818656681, 37.752116932996465 ], [ -120.791609819709436, 37.751757606918972 ], [ -120.791340324169994, 37.751757607287978 ], [ -120.791340324796636, 37.751218618261532 ], [ -120.791609819480286, 37.751218617662367 ], [ -120.791609819365661, 37.750949123009519 ], [ -120.791789481760347, 37.750949123218241 ], [ -120.791789482687008, 37.751308449131088 ], [ -120.792328471676583, 37.75130844926251 ], [ -120.792867461193481, 37.751218618109526 ], [ -120.79286746086332, 37.750859291900859 ], [ -120.793406449461813, 37.750859292213555 ], [ -120.793406449899479, 37.751218618020502 ], [ -120.79430476544475, 37.751218617907995 ], [ -120.794304765368921, 37.75085929204247 ], [ -120.794664091274981, 37.750859292249217 ], [ -120.794664090585897, 37.751218617713043 ], [ -120.795562406061336, 37.751218618516226 ], [ -120.795562406103429, 37.751488112466305 ], [ -120.796101396186472, 37.751488112602367 ], [ -120.796101395329529, 37.752116932906404 ], [ -120.795831901061163, 37.752116933422535 ], [ -120.795831901189729, 37.752655922519622 ], [ -120.79493358611677, 37.752745753893009 ], [ -120.79493358527148, 37.753015248382255 ], [ -120.791340324947015, 37.753015248861111 ] ], [ [ -120.791969145815884, 37.752386427789837 ], [ -120.791609818771249, 37.752386427578394 ], [ -120.79160981888586, 37.752655922143994 ], [ -120.791969145024936, 37.752655922815698 ], [ -120.791969145815884, 37.752386427789837 ] ] ] } },
{ "type": "Feature", "properties": { "csb_id": "061825015442084", "acres": 16.354689629034102, "geoid": "06099" }, "geometry": { "type": "Polygon", "coordinates": [ [ [ -120.784153801417702, 37.753913564246481 ], [ -120.783165655992576, 37.753913563659282 ], [ -120.783165655100674, 37.754183058414384 ], [ -120.78262666629513, 37.754183058677 ], [ -120.782626666167502, 37.753015248395954 ], [ -120.782447003672161, 37.752745754355587 ], [ -120.782087677400341, 37.75274575421291 ], [ -120.781997845492356, 37.753105079857633 ], [ -120.781728350833234, 37.753284742933509 ], [ -120.781728351522418, 37.752655922358194 ], [ -120.782626665816068, 37.752655922513952 ], [ -120.78262666645665, 37.752386428126385 ], [ -120.781728351006095, 37.752386428890759 ], [ -120.781369025057103, 37.752116933608569 ], [ -120.781369024572697, 37.751218618525641 ], [ -120.781099530042553, 37.751218617718621 ], [ -120.781099530168433, 37.750859292209412 ], [ -120.783794475821338, 37.750859291946746 ], [ -120.783794476003649, 37.751757606819083 ], [ -120.784153802866655, 37.751757607280801 ], [ -120.784153802327694, 37.753644069646924 ], [ -120.784423297051646, 37.754183058411023 ], [ -120.784153801614792, 37.754183058599679 ], [ -120.784153801417702, 37.753913564246481 ] ] ] } },
{ "type": "Feature", "properties": { "csb_id": "061825015442088", "acres": 9.8500586931178393, "geoid": "06099" }, "geometry": { "type": "Polygon", "coordinates": [ [ [ -120.790082683508061, 37.752116933614822 ], [ -120.790082682956196, 37.751488112230547 ], [ -120.789543694166554, 37.751218618005673 ], [ -120.788016557783507, 37.751218618120156 ], [ -120.788016558402973, 37.750589797243805 ], [ -120.78918436836237, 37.750589797075058 ], [ -120.789543693942804, 37.750320302380018 ], [ -120.789543694473423, 37.749960976503935 ], [ -120.790082683166574, 37.749960976263992 ], [ -120.79160981931139, 37.750589797067562 ], [ -120.791609819480286, 37.751218617662367 ], [ -120.791340324796636, 37.751218618261532 ], [ -120.791340324169994, 37.751757607287978 ], [ -120.790711503563571, 37.751847439132916 ], [ -120.790711503727906, 37.752116933040853 ], [ -120.790082683508061, 37.752116933614822 ] ] ] } },
{ "type": "Feature", "properties": { "csb_id": "061825015442092", "acres": 2.6819498178682299, "geoid": "06099" }, "geometry": { "type": "Polygon", "coordinates": [ [ [ -120.7958319011002, 37.750320302836755 ], [ -120.796460722220885, 37.750589797217849 ], [ -120.796460722213297, 37.750859291896639 ], [ -120.796101395640818, 37.750859291577342 ], [ -120.795831901486395, 37.751218617674503 ], [ -120.795831900591438, 37.751488112947001 ], [ -120.795562406103429, 37.751488112466305 ], [ -120.795562406061336, 37.751218618516226 ], [ -120.794664090585897, 37.751218617713043 ], [ -120.794664090592036, 37.750589797227356 ], [ -120.795831901016655, 37.750589797071605 ], [ -120.7958319011002, 37.750320302836755 ] ] ] } },
{ "type": "Feature", "properties": { "csb_id": "061825015442093", "acres": 8.9235275404789398, "geoid": "06099" }, "geometry": { "type": "Polygon", "coordinates": [ [ [ -120.784153802866655, 37.751757607280801 ], [ -120.783794476003649, 37.751757606819083 ], [ -120.783794475821338, 37.750859291946746 ], [ -120.783524982229693, 37.750859291955273 ], [ -120.783524981812988, 37.75058979699849 ], [ -120.783794476641745, 37.750320302188591 ], [ -120.78532161203843, 37.750320302314798 ], [ -120.785411443612404, 37.750679628872021 ], [ -120.786040264749715, 37.750679628397585 ], [ -120.78604026446682, 37.75085929185456 ], [ -120.785591107134252, 37.75121861809361 ], [ -120.785591107442457, 37.751757607457002 ], [ -120.785950433568615, 37.751757607399384 ], [ -120.785950433378289, 37.7521169331267 ], [ -120.784692791477568, 37.752116933066873 ], [ -120.784692791369196, 37.752655922894974 ], [ -120.784153802687143, 37.752655922029575 ], [ -120.784153802866655, 37.751757607280801 ] ] ] } },
{ "type": "Feature", "properties": { "csb_id": "061825015442119", "acres": 25.1222098993331, "geoid": "06099" }, "geometry": { "type": "Polygon", "coordinates": [ [ [ -120.728009097036235, 37.754272890282408 ], [ -120.728009097544629, 37.753644069518494 ], [ -120.72711078204577, 37.753644069551363 ], [ -120.727110781875567, 37.753105080153674 ], [ -120.726841287408661, 37.752745753928124 ], [ -120.726212466462158, 37.752745754109014 ], [ -120.726212466528423, 37.751847438569705 ], [ -120.726481960637386, 37.751847438331453 ], [ -120.72648196131405, 37.752206764879134 ], [ -120.727380276451001, 37.752476259068651 ], [ -120.727380276471692, 37.751847438336185 ], [ -120.727110781773163, 37.751847438833629 ], [ -120.727110781602931, 37.751308449217909 ], [ -120.72738027684791, 37.751308449123563 ], [ -120.727380276827887, 37.750949123309368 ], [ -120.726841286740637, 37.750949123362091 ], [ -120.726841287636944, 37.750679628507783 ], [ -120.727380276056167, 37.750679629317275 ], [ -120.727380276096852, 37.750410134217105 ], [ -120.726841287425984, 37.750410133866673 ], [ -120.726841287597694, 37.749781313759321 ], [ -120.727110781710238, 37.749781313341913 ], [ -120.727110781919919, 37.749511819278801 ], [ -120.728009097003948, 37.749511819089165 ], [ -120.728009097252368, 37.74915249244048 ], [ -120.728907412842162, 37.749152492939096 ], [ -120.728907411937101, 37.749511818781542 ], [ -120.72863791825479, 37.749781313836735 ], [ -120.728907412128919, 37.750050808554256 ], [ -120.729266738063885, 37.750949123689018 ], [ -120.729266738499774, 37.751577944084254 ], [ -120.72926673809603, 37.751847438766369 ], [ -120.728907412916968, 37.751847438778945 ], [ -120.728907412306683, 37.752206765265107 ], [ -120.72944640143777, 37.752206764647994 ], [ -120.729446401688278, 37.752476259291988 ], [ -120.729266738531919, 37.752476259034282 ], [ -120.729446401436348, 37.753105079929945 ], [ -120.729266738155388, 37.753105080304969 ], [ -120.729266738482323, 37.754003395808517 ], [ -120.729805727569229, 37.754272890261745 ], [ -120.729805727726273, 37.754542384147882 ], [ -120.728009097036235, 37.754272890282408 ] ] ] } },
{ "type": "Feature", "properties": { "csb_id": "061825015442148", "acres": 15.8092992657467, "geoid": "06099" }, "geometry": { "type": "Polygon", "coordinates": [ [ [ -120.796460722220885, 37.750589797217849 ], [ -120.7958319011002, 37.750320302836755 ], [ -120.795831900630432, 37.749691482106336 ], [ -120.795203080051337, 37.74906266129414 ], [ -120.795203079779057, 37.74852367181856 ], [ -120.795831900965027, 37.747894851398314 ], [ -120.796730216838498, 37.747894851756747 ], [ -120.796730215864713, 37.747625356897345 ], [ -120.796460721788478, 37.747625356622073 ], [ -120.796460722091624, 37.747355862608224 ], [ -120.797898026398585, 37.747355862657116 ], [ -120.798257352722217, 37.747894851271603 ], [ -120.798257352066159, 37.748613503292241 ], [ -120.798077689631199, 37.748882997809233 ], [ -120.797718363132091, 37.748882998689893 ], [ -120.797718362685188, 37.749152492669275 ], [ -120.797448868287105, 37.749152492563169 ], [ -120.797359037063671, 37.75032030274302 ], [ -120.796999711114537, 37.750320302712659 ], [ -120.796999710855729, 37.750589797868223 ], [ -120.796460722220885, 37.750589797217849 ] ] ] } },
{ "type": "Feature", "properties": { "csb_id": "061825015442149", "acres": 40.727471083534901, "geoid": "06099" }, "geometry": { "type": "Polygon", "coordinates": [ [ [ -120.793406449899479, 37.751218618020502 ], [ -120.793406449461813, 37.750859292213555 ], [ -120.79286746086332, 37.750859291900859 ], [ -120.792867461193481, 37.751218618109526 ], [ -120.791789482687008, 37.751308449131088 ], [ -120.79160981931139, 37.750589797067562 ], [ -120.789813188118728, 37.749960976365543 ], [ -120.789813188535717, 37.749062661518494 ], [ -120.790442009742051, 37.749062661350642 ], [ -120.791340324313126, 37.748523671973921 ], [ -120.79160981887118, 37.74816434598101 ], [ -120.791609818883259, 37.747266030936807 ], [ -120.79250813397546, 37.747266030474776 ], [ -120.792508134774891, 37.74762535651513 ], [ -120.794304765793513, 37.747625357710049 ], [ -120.794304765422154, 37.747266030690525 ], [ -120.79466409166848, 37.747266030893172 ], [ -120.794664090979452, 37.747625356648847 ], [ -120.794933585825618, 37.747355862396084 ], [ -120.794933586382939, 37.747625357845244 ], [ -120.796101395936148, 37.747625357570911 ], [ -120.796101395849689, 37.747355862063145 ], [ -120.796460722091624, 37.747355862608224 ], [ -120.796460721788478, 37.747625356622073 ], [ -120.796730215864713, 37.747625356897345 ], [ -120.796730216838498, 37.747894851756747 ], [ -120.795831900965027, 37.747894851398314 ], [ -120.795203079779057, 37.74852367181856 ], [ -120.795203080051337, 37.74906266129414 ], [ -120.795831900630432, 37.749691482106336 ], [ -120.795831901016655, 37.750589797071605 ], [ -120.794664090592036, 37.750589797227356 ], [ -120.794664091274981, 37.750859292249217 ], [ -120.794304765368921, 37.75085929204247 ], [ -120.79430476544475, 37.751218617907995 ], [ -120.793406449899479, 37.751218618020502 ] ] ] } },
{ "type": "Feature", "properties": { "csb_id": "061825015442150", "acres": 3.2379674432374901, "geoid": "06099" }, "geometry": { "type": "Polygon", "coordinates": [ [ [ -120.787747063084353, 37.748164346260907 ], [ -120.786848747800789, 37.748164346388442 ], [ -120.786848748355666, 37.748523672235478 ], [ -120.786219927380188, 37.748523672338301 ], [ -120.78595043347849, 37.748164346167954 ], [ -120.785950432569393, 37.747894851160652 ], [ -120.786219927988029, 37.747894851483984 ], [ -120.786219927499999, 37.747625357092204 ], [ -120.787747063754054, 37.747625356686932 ], [ -120.787747063972674, 37.747894851367064 ], [ -120.788016558359161, 37.747894851631294 ], [ -120.788016557444251, 37.74852367202854 ], [ -120.787747063277379, 37.748523672166243 ], [ -120.787747063084353, 37.748164346260907 ] ] ] } },
{ "type": "Feature", "properties": { "csb_id": "061825015442151", "acres": 35.685355197471402, "geoid": "06099" }, "geometry": { "type": "Polygon", "coordinates": [ [ [ -120.788016558402973, 37.750589797243805 ], [ -120.786848748125152, 37.75085929217412 ], [ -120.78604026446682, 37.75085929185456 ], [ -120.786040264749715, 37.750679628397585 ], [ -120.785411443612404, 37.750679628872021 ], [ -120.78532161203843, 37.750320302314798 ], [ -120.784692791519603, 37.750320302362738 ], [ -120.784692790932937, 37.749691481938562 ], [ -120.783794476277137, 37.748523671678598 ], [ -120.783794476381459, 37.748164346006234 ], [ -120.78415380218226, 37.748164345833281 ], [ -120.784153802083509, 37.747625357240871 ], [ -120.785052118199616, 37.747625356948831 ], [ -120.785052118028091, 37.747266030915085 ], [ -120.785591106424832, 37.747266030795657 ], [ -120.78559110670389, 37.747625356427505 ], [ -120.786219927499999, 37.747625357092204 ], [ -120.786219927988029, 37.747894851483984 ], [ -120.785950432569393, 37.747894851160652 ], [ -120.78595043347849, 37.748164346167954 ], [ -120.786219927380188, 37.748523672338301 ], [ -120.786848748355666, 37.748523672235478 ], [ -120.786848747800789, 37.748164346388442 ], [ -120.787747063084353, 37.748164346260907 ], [ -120.787747063277379, 37.748523672166243 ], [ -120.788016557444251, 37.74852367202854 ], [ -120.788016558359161, 37.747894851631294 ], [ -120.787747063972674, 37.747894851367064 ], [ -120.787747063754054, 37.747625356686932 ], [ -120.788016557871643, 37.747266030512506 ], [ -120.78891487332622, 37.747894851527988 ], [ -120.789543693627465, 37.74798468306097 ], [ -120.789543694545173, 37.749062661485162 ], [ -120.789813188535717, 37.749062661518494 ], [ -120.789813188118728, 37.749960976365543 ], [ -120.789543694473423, 37.749960976503935 ], [ -120.789543693942804, 37.750320302380018 ], [ -120.78918436836237, 37.750589797075058 ], [ -120.788016558402973, 37.750589797243805 ] ] ] } },
{ "type": "Feature", "properties": { "csb_id": "061825015442152", "acres": 22.480077823748399, "geoid": "06099" }, "geometry": { "type": "Polygon", "coordinates": [ [ [ -120.783524982229693, 37.750859291955273 ], [ -120.780830036135185, 37.750859291899445 ], [ -120.781099530445843, 37.749960976469637 ], [ -120.781099529911614, 37.749062661639684 ], [ -120.780830035187918, 37.749062660985807 ], [ -120.780830035433439, 37.748793166897862 ], [ -120.781369024836735, 37.748793166288451 ], [ -120.781369025257945, 37.748164345765922 ], [ -120.782267340296457, 37.747625356865221 ], [ -120.782626666726614, 37.74762535682035 ], [ -120.782626666086102, 37.747894851497719 ], [ -120.783524981632866, 37.74789485124019 ], [ -120.783524981511633, 37.747625356964832 ], [ -120.784153802083509, 37.747625357240871 ], [ -120.78415380218226, 37.748164345833281 ], [ -120.783794476381459, 37.748164346006234 ], [ -120.783794476277137, 37.748523671678598 ], [ -120.784692790932937, 37.749691481938562 ], [ -120.784692791519603, 37.750320302362738 ], [ -120.783794476641745, 37.750320302188591 ], [ -120.783524981812988, 37.75058979699849 ], [ -120.783524982229693, 37.750859291955273 ] ] ] } },
{ "type": "Feature", "properties": { "csb_id": "061825015442153", "acres": 20.197949256914399, "geoid": "06099" }, "geometry": { "type": "Polygon", "coordinates": [ [ [ -120.780830036135185, 37.750859291899445 ], [ -120.779302898263836, 37.750859291949304 ], [ -120.779302898732368, 37.750320302597764 ], [ -120.779033404126025, 37.749960977222727 ], [ -120.778674078240158, 37.749960977146443 ], [ -120.77867407940127, 37.750320302784552 ], [ -120.777775764311201, 37.750320302677615 ], [ -120.777506269665807, 37.749960976402505 ], [ -120.777506269048828, 37.749421987115504 ], [ -120.777775760899672, 37.749062661697394 ], [ -120.778135088475338, 37.749062661314461 ], [ -120.778404584083333, 37.748793167223063 ], [ -120.778404584525916, 37.748523672142696 ], [ -120.778853742000322, 37.74789485103976 ], [ -120.779302898344554, 37.747625357269584 ], [ -120.780201215116975, 37.747625356534321 ], [ -120.781099530484425, 37.748164346397239 ], [ -120.781099529987387, 37.748793166459691 ], [ -120.780830035433439, 37.748793166897862 ], [ -120.780830035187918, 37.749062660985807 ], [ -120.781099529911614, 37.749062661639684 ], [ -120.781099530445843, 37.749960976469637 ], [ -120.780830036135185, 37.750859291899445 ] ] ] } },
{ "type": "Feature", "properties": { "csb_id": "061825015442154", "acres": 29.872750627137499, "geoid": "06099" }, "geometry": { "type": "Polygon", "coordinates": [ [ [ -120.774811323143496, 37.751218617962692 ], [ -120.774811322950626, 37.750859292399049 ], [ -120.773553682221092, 37.750859291638825 ], [ -120.772835029967297, 37.750320302836485 ], [ -120.772385872455246, 37.749691481908144 ], [ -120.772116377511125, 37.749691481897777 ], [ -120.772116377234994, 37.74942198716132 ], [ -120.771757051778053, 37.749062661126366 ], [ -120.771218061820193, 37.749062661469438 ], [ -120.771218062713487, 37.747625356791701 ], [ -120.772385871843298, 37.74762535730126 ], [ -120.772385872577573, 37.74726603092914 ], [ -120.773913008764225, 37.747266031276574 ], [ -120.774182502643882, 37.747625356507768 ], [ -120.774811323354712, 37.747625356875126 ], [ -120.774811323238126, 37.748164346149764 ], [ -120.775529975978159, 37.747984682873472 ], [ -120.775529976015562, 37.748793166896611 ], [ -120.775799469916208, 37.750050808469105 ], [ -120.775709639118347, 37.750859291452471 ], [ -120.775529975766673, 37.750859291825954 ], [ -120.775350313010804, 37.751218617958521 ], [ -120.774811323143496, 37.751218617962692 ] ] ] } },
{ "type": "Feature", "properties": { "csb_id": "061825015442155", "acres": 17.194240555847902, "geoid": "06099" }, "geometry": { "type": "Polygon", "coordinates": [ [ [ -120.769421431967288, 37.749960976083337 ], [ -120.768792609926834, 37.749062661113499 ], [ -120.768343453929461, 37.749062661411344 ], [ -120.768163790205975, 37.748882998392325 ], [ -120.768163789002571, 37.747894851915454 ], [ -120.768792609417716, 37.747894851512868 ], [ -120.768792609584096, 37.747625357242008 ], [ -120.770319745875526, 37.747625356978673 ], [ -120.770319747194662, 37.747266030721882 ], [ -120.771487557148475, 37.74726603109152 ], [ -120.771487556480736, 37.747625356543914 ], [ -120.771218062713487, 37.747625356791701 ], [ -120.771218061820193, 37.749062661469438 ], [ -120.771757051778053, 37.749062661126366 ], [ -120.772116377234994, 37.74942198716132 ], [ -120.772116377511125, 37.749691481897777 ], [ -120.771487556221118, 37.749691482586435 ], [ -120.771487556421476, 37.749960976846594 ], [ -120.769421431967288, 37.749960976083337 ] ] ] } },
{ "type": "Feature", "properties": { "csb_id": "061825015442162", "acres": 5.8907417513464804, "geoid": "06099" }, "geometry": { "type": "Polygon", "coordinates": [ [ [ -120.789543694545173, 37.749062661485162 ], [ -120.789543693627465, 37.74798468306097 ], [ -120.790262346513686, 37.747625356505601 ], [ -120.79044200910981, 37.74735586204369 ], [ -120.790980998132838, 37.747625356554558 ], [ -120.79160981893753, 37.747625357148806 ], [ -120.79160981887118, 37.74816434598101 ], [ -120.791340324313126, 37.748523671973921 ], [ -120.790442009742051, 37.749062661350642 ], [ -120.789543694545173, 37.749062661485162 ] ] ] } },
{ "type": "Feature", "properties": { "csb_id": "061825015442164", "acres": 17.350387439937499, "geoid": "06099" }, "geometry": { "type": "Polygon", "coordinates": [ [ [ -120.723966678882405, 37.748523672215917 ], [ -120.724595499017909, 37.748523671721159 ], [ -120.724595498939976, 37.748254177693269 ], [ -120.724146341855842, 37.748164346302282 ], [ -120.723966679051713, 37.748164346802454 ], [ -120.723966678882405, 37.748523672215917 ], [ -120.72369718226048, 37.74852367269974 ], [ -120.723787014907984, 37.747894851090166 ], [ -120.724146341215942, 37.747355862434823 ], [ -120.727110782123347, 37.747355861871334 ], [ -120.727110782236835, 37.747715188610094 ], [ -120.728907412551123, 37.747715188241436 ], [ -120.729266738666084, 37.747984683325114 ], [ -120.729266737967535, 37.748254177363805 ], [ -120.72800909669995, 37.748882998742197 ], [ -120.725044657291775, 37.748882999824623 ], [ -120.725044656567263, 37.748254177310855 ], [ -120.724864992955574, 37.74825417740913 ], [ -120.724864993106593, 37.749062660994376 ], [ -120.725224319014202, 37.749062662543245 ], [ -120.725224320227696, 37.749421987939556 ], [ -120.724326004673586, 37.749421987343787 ], [ -120.723966678664297, 37.749062662120565 ], [ -120.723966678882405, 37.748523672215917 ] ], [ [ -120.725583644306752, 37.748613503992772 ], [ -120.725942970837451, 37.748613504691015 ], [ -120.725942971965409, 37.748254178943526 ], [ -120.725583646366914, 37.748254179337046 ], [ -120.725583644306752, 37.748613503992772 ] ] ] } },
{ "type": "Feature", "properties": { "csb_id": "061825015442178", "acres": 3.7158954576820902, "geoid": "06099" }, "geometry": { "type": "Polygon", "coordinates": [ [ [ -120.76789429521375, 37.747894851087942 ], [ -120.767534969892992, 37.746996536253121 ], [ -120.767534969205755, 37.746098220888982 ], [ -120.767714632437873, 37.746098220675478 ], [ -120.767894295816589, 37.746727041121204 ], [ -120.768523115969771, 37.747266031029334 ], [ -120.76969092584882, 37.747266031062267 ], [ -120.769690926199999, 37.747625357261391 ], [ -120.768792609584096, 37.747625357242008 ], [ -120.768792609417716, 37.747894851512868 ], [ -120.76789429521375, 37.747894851087942 ] ] ] } },
{ "type": "Feature", "properties": { "csb_id": "061825015442185", "acres": 12.3765771946256, "geoid": "06099" }, "geometry": { "type": "Polygon", "coordinates": [ [ [ -120.781099529987387, 37.748793166459691 ], [ -120.781099530484425, 37.748164346397239 ], [ -120.780830034554029, 37.747894851658693 ], [ -120.779931717361848, 37.747625357461089 ], [ -120.779931720253344, 37.746996536026252 ], [ -120.780470709560518, 37.746996535761959 ], [ -120.780830036134148, 37.746727041562579 ], [ -120.780830035550096, 37.745828726764749 ], [ -120.781369024766533, 37.745828726325051 ], [ -120.781369025376719, 37.746098220824102 ], [ -120.781728351255097, 37.746367715032427 ], [ -120.782267340043504, 37.746367715223577 ], [ -120.782267340317674, 37.746996536520243 ], [ -120.783794476203568, 37.746996535860447 ], [ -120.783794476207945, 37.746727041300161 ], [ -120.78415380226302, 37.746727041471004 ], [ -120.784153802796325, 37.747086367490461 ], [ -120.784423297186123, 37.747355861779262 ], [ -120.784423297257547, 37.747625356761212 ], [ -120.783524981511633, 37.747625356964832 ], [ -120.783524981632866, 37.74789485124019 ], [ -120.782626666086102, 37.747894851497719 ], [ -120.782626666726614, 37.74762535682035 ], [ -120.782267340296457, 37.747625356865221 ], [ -120.781369025257945, 37.748164345765922 ], [ -120.781369024836735, 37.748793166288451 ], [ -120.781099529987387, 37.748793166459691 ] ] ] } },
{ "type": "Feature", "properties": { "csb_id": "061825015442196", "acres": 2.7601292511785598, "geoid": "06099" }, "geometry": { "type": "Polygon", "coordinates": [ [ [ -120.789903020797226, 37.745828726538129 ], [ -120.790262346185955, 37.745828726423767 ], [ -120.790711503712487, 37.746367715538675 ], [ -120.791160661657628, 37.746457547148168 ], [ -120.790531841269114, 37.747086367376284 ], [ -120.789903020175274, 37.747086367780454 ], [ -120.7899030203385, 37.746457546773129 ], [ -120.789633525280607, 37.746457547285083 ], [ -120.789633525425316, 37.746188052860575 ], [ -120.789903020797226, 37.745828726538129 ] ] ] } },
{ "type": "Feature", "properties": { "csb_id": "061825015442210", "acres": 7.3928517500739996, "geoid": "06099" }, "geometry": { "type": "Polygon", "coordinates": [ [ [ -120.774811323238126, 37.748164346149764 ], [ -120.774811323354712, 37.747625356875126 ], [ -120.774182502643882, 37.747625356507768 ], [ -120.773913008626138, 37.747355862786272 ], [ -120.773913008052318, 37.746816873068582 ], [ -120.773733345279567, 37.747266030844841 ], [ -120.773014692817412, 37.747266030783393 ], [ -120.773014692886463, 37.746996536071201 ], [ -120.773284187437397, 37.74672704183979 ], [ -120.773913008190405, 37.746727041547935 ], [ -120.774451997231665, 37.746098221134424 ], [ -120.774451997234962, 37.745469400520889 ], [ -120.774811323768674, 37.745199905732413 ], [ -120.774901155289299, 37.744840578990527 ], [ -120.775350312511733, 37.744930411345628 ], [ -120.775170649074724, 37.746457547015588 ], [ -120.775350312294336, 37.746457546825468 ], [ -120.77535031310093, 37.746098221046822 ], [ -120.775979133317549, 37.746188052216993 ], [ -120.775979133333806, 37.746367715336355 ], [ -120.775350312685902, 37.746727042318362 ], [ -120.774811323278414, 37.746727041635253 ], [ -120.774451997669786, 37.746996536444655 ], [ -120.774451996708876, 37.747266030582509 ], [ -120.775080818278298, 37.747266030595526 ], [ -120.775170649887272, 37.747894851043611 ], [ -120.775080818304744, 37.748164346415614 ], [ -120.774811323238126, 37.748164346149764 ] ] ] } },
{ "type": "Feature", "properties": { "csb_id": "061825015442219", "acres": 11.869658725740599, "geoid": "06099" }, "geometry": { "type": "Polygon", "coordinates": [ [ [ -120.782267340317674, 37.746996536520243 ], [ -120.782267340043504, 37.746367715223577 ], [ -120.781728351255097, 37.746367715032427 ], [ -120.781369025376719, 37.746098220824102 ], [ -120.781369025112113, 37.744840579150797 ], [ -120.781728351305375, 37.744840578990491 ], [ -120.781997846131844, 37.744571084806502 ], [ -120.781997845741216, 37.744301590615912 ], [ -120.783165655599532, 37.744391421607034 ], [ -120.783165655654244, 37.745199905149008 ], [ -120.783524982043573, 37.745199905561044 ], [ -120.783524982154404, 37.745828726508698 ], [ -120.783794476316672, 37.746098220882729 ], [ -120.784153802164283, 37.746188052702898 ], [ -120.783794476207945, 37.746727041300161 ], [ -120.783794476203568, 37.746996535860447 ], [ -120.782267340317674, 37.746996536520243 ] ] ] } },
{ "type": "Feature", "properties": { "csb_id": "061825015442238", "acres": 5.4715641856646604, "geoid": "06099" }, "geometry": { "type": "Polygon", "coordinates": [ [ [ -120.790442009821689, 37.744840579350267 ], [ -120.790980998518734, 37.744660916029126 ], [ -120.791160661927933, 37.744840579082755 ], [ -120.790801335792352, 37.744930410474076 ], [ -120.790801335537637, 37.745289737048282 ], [ -120.791430156202182, 37.745289737242345 ], [ -120.791430155913261, 37.744930411069966 ], [ -120.792328471290489, 37.744840579959742 ], [ -120.79223863945252, 37.746098220986106 ], [ -120.792058977225565, 37.746367715470548 ], [ -120.791430155961962, 37.746367715813648 ], [ -120.791430155934322, 37.745828726129979 ], [ -120.791789481693598, 37.745828726059294 ], [ -120.791789482327246, 37.745559231709599 ], [ -120.790801334922108, 37.745559231586185 ], [ -120.790801335413519, 37.745828725877466 ], [ -120.791160661984236, 37.745828726566209 ], [ -120.791160661967623, 37.74636771492758 ], [ -120.790711503712487, 37.746367715538675 ], [ -120.790262346185955, 37.745828726423767 ], [ -120.790442009821689, 37.744840579350267 ] ] ] } },
{ "type": "Feature", "properties": { "csb_id": "061825015442240", "acres": 18.833479473518501, "geoid": "06099" }, "geometry": { "type": "Polygon", "coordinates": [ [ [ -120.779302898344554, 37.747625357269584 ], [ -120.779302899831521, 37.746367715576426 ], [ -120.778494415951783, 37.746367715218049 ], [ -120.778494415666373, 37.745828726698598 ], [ -120.77867407883609, 37.745828725925463 ], [ -120.778674079077405, 37.745469400553887 ], [ -120.778135090192023, 37.745469399723554 ], [ -120.778135089572913, 37.744301589966433 ], [ -120.780830036350523, 37.744301590538036 ], [ -120.7808300352755, 37.743942264063563 ], [ -120.78136902521851, 37.743942264311777 ], [ -120.781369025294097, 37.744301590614263 ], [ -120.781997845741216, 37.744301590615912 ], [ -120.781997846131844, 37.744571084806502 ], [ -120.781728351305375, 37.744840578990491 ], [ -120.781369025112113, 37.744840579150797 ], [ -120.781369024766533, 37.745828726325051 ], [ -120.780830035550096, 37.745828726764749 ], [ -120.780830036134148, 37.746727041562579 ], [ -120.780470709560518, 37.746996535761959 ], [ -120.779931720253344, 37.746996536026252 ], [ -120.779931717361848, 37.747625357461089 ], [ -120.779302898344554, 37.747625357269584 ] ], [ [ -120.778674079158705, 37.744660916147865 ], [ -120.778494415615086, 37.744571084896435 ], [ -120.778494416314601, 37.74466091651896 ], [ -120.778674079158705, 37.744660916147865 ] ] ] } },
{ "type": "Feature", "properties": { "csb_id": "061825015442241", "acres": 25.0462857448791, "geoid": "06099" }, "geometry": { "type": "Polygon", "coordinates": [ [ [ -120.771487556480736, 37.747625356543914 ], [ -120.771487557148475, 37.74726603109152 ], [ -120.77175705130486, 37.747266031742896 ], [ -120.771757050934895, 37.746996536226291 ], [ -120.771218062666037, 37.746996535650418 ], [ -120.771218062102164, 37.74636771637369 ], [ -120.770858736197013, 37.746098221337512 ], [ -120.770858735833514, 37.744301589712208 ], [ -120.773553682441872, 37.7443015912568 ], [ -120.774182502716855, 37.743942265402382 ], [ -120.774631660182905, 37.74403209536279 ], [ -120.775170649392066, 37.744391422095504 ], [ -120.774811323768674, 37.745199905732413 ], [ -120.774451997234962, 37.745469400520889 ], [ -120.774451997231665, 37.746098221134424 ], [ -120.773913008190405, 37.746727041547935 ], [ -120.773284187437397, 37.74672704183979 ], [ -120.773014692886463, 37.746996536071201 ], [ -120.773014692817412, 37.747266030783393 ], [ -120.772385872577573, 37.74726603092914 ], [ -120.772385871843298, 37.74762535730126 ], [ -120.771487556480736, 37.747625356543914 ] ] ] } },
{ "type": "Feature", "properties": { "csb_id": "061825015442242", "acres": 24.012370042614499, "geoid": "06099" }, "geometry": { "type": "Polygon", "coordinates": [ [ [ -120.769690926199999, 37.747625357261391 ], [ -120.76969092584882, 37.747266031062267 ], [ -120.768523115969771, 37.747266031029334 ], [ -120.767894295816589, 37.746727041121204 ], [ -120.767894296144007, 37.746367715596179 ], [ -120.767714632437873, 37.746098220675478 ], [ -120.767534969205755, 37.746098220888982 ], [ -120.767534968126554, 37.744301590472816 ], [ -120.769690926383404, 37.744301590166152 ], [ -120.769690926167101, 37.744571085330151 ], [ -120.770319744910594, 37.744571085391428 ], [ -120.770589240589956, 37.744301590468496 ], [ -120.7705892406006, 37.743942263940454 ], [ -120.770858734830981, 37.743942264046233 ], [ -120.770858736197013, 37.746098221337512 ], [ -120.771218062102164, 37.74636771637369 ], [ -120.771218062666037, 37.746996535650418 ], [ -120.771757050934895, 37.746996536226291 ], [ -120.77175705130486, 37.747266031742896 ], [ -120.770319747194662, 37.747266030721882 ], [ -120.770319745875526, 37.747625356978673 ], [ -120.769690926199999, 37.747625357261391 ] ] ] } },
{ "type": "Feature", "properties": { "csb_id": "061825015442245", "acres": 11.255302734056601, "geoid": "06099" }, "geometry": { "type": "Polygon", "coordinates": [ [ [ -120.785950432717044, 37.74618805245543 ], [ -120.783794476316672, 37.746098220882729 ], [ -120.783524982154404, 37.745828726508698 ], [ -120.783524982043573, 37.745199905561044 ], [ -120.783165655654244, 37.745199905149008 ], [ -120.783165655599532, 37.744391421607034 ], [ -120.784153802580846, 37.744032095878481 ], [ -120.785141949741885, 37.743942264164751 ], [ -120.786040264469747, 37.744391421538815 ], [ -120.786040264303523, 37.744660916128502 ], [ -120.785770770362234, 37.74493041096008 ], [ -120.785141948626787, 37.744930411088397 ], [ -120.785141949296971, 37.74582872584692 ], [ -120.786040264050655, 37.745828726036756 ], [ -120.785950432717044, 37.74618805245543 ] ] ] } },
{ "type": "Feature", "properties": { "csb_id": "061825015442303", "acres": 13.050335153812799, "geoid": "06099" }, "geometry": { "type": "Polygon", "coordinates": [ [ [ -120.7808300352755, 37.743942264063563 ], [ -120.780830035520992, 37.743672769662517 ], [ -120.779931720875794, 37.743493106399058 ], [ -120.779572393848298, 37.743942264015878 ], [ -120.778853741847826, 37.743942264318939 ], [ -120.778494416558686, 37.743403275244773 ], [ -120.77867407966643, 37.74214563381318 ], [ -120.778404584965116, 37.742145633955523 ], [ -120.778404585407543, 37.740977824980064 ], [ -120.778674079177406, 37.740977824147713 ], [ -120.778674078934003, 37.740708329450293 ], [ -120.779302900287817, 37.740708331266113 ], [ -120.779572393967428, 37.74160664475319 ], [ -120.779931720377292, 37.742145633230166 ], [ -120.780830035509823, 37.742145633778279 ], [ -120.780830036043952, 37.742774454010579 ], [ -120.781369024608324, 37.743672769680629 ], [ -120.7808300352755, 37.743942264063563 ] ] ] } },
{ "type": "Feature", "properties": { "csb_id": "061825015442306", "acres": 7.2372313839447298, "geoid": "06099" }, "geometry": { "type": "Polygon", "coordinates": [ [ [ -120.788735210668492, 37.74223546613252 ], [ -120.7884657160035, 37.742235465332719 ], [ -120.788286052595495, 37.742864285406945 ], [ -120.788106388966256, 37.742594790918247 ], [ -120.787567400490047, 37.74259479261233 ], [ -120.787567400134918, 37.743133780618145 ], [ -120.786938579565756, 37.743133780006424 ], [ -120.786848747806161, 37.742145633546286 ], [ -120.788016558449868, 37.741876138978277 ], [ -120.788016558257809, 37.741247317860541 ], [ -120.78783689494054, 37.740798160969597 ], [ -120.788465716035404, 37.740798161029133 ], [ -120.78873520979954, 37.741067654973556 ], [ -120.788914873161545, 37.74160664438633 ], [ -120.789364031302071, 37.741965971594865 ], [ -120.789364030691615, 37.742594791462231 ], [ -120.788735210840926, 37.742864286534854 ], [ -120.788735210668492, 37.74223546613252 ] ], [ [ -120.788465715972805, 37.741965971569677 ], [ -120.788286052322476, 37.741876138815812 ], [ -120.788286053246509, 37.741965971069909 ], [ -120.788465715972805, 37.741965971569677 ] ] ] } },
{ "type": "Feature", "properties": { "csb_id": "061825015442317", "acres": 10.6119460789178, "geoid": "06099" }, "geometry": { "type": "Polygon", "coordinates": [ [ [ -120.784692791433443, 37.743672769660336 ], [ -120.784692791025705, 37.743133780689796 ], [ -120.784423297007137, 37.742774454504577 ], [ -120.784153802522468, 37.742774453894718 ], [ -120.783794476760349, 37.743043948759137 ], [ -120.783794476651622, 37.743672769613319 ], [ -120.782985991873275, 37.743672769302435 ], [ -120.782896160276039, 37.743403274742114 ], [ -120.782626666085619, 37.743403274839956 ], [ -120.782626666499041, 37.742504960164588 ], [ -120.782267339910504, 37.742504959868015 ], [ -120.782267340196711, 37.742145633360288 ], [ -120.782896160481798, 37.74214563327088 ], [ -120.782896160943878, 37.741965971931165 ], [ -120.783524982122643, 37.741876139623784 ], [ -120.783794475961997, 37.742235465393961 ], [ -120.783794475957606, 37.742504960229674 ], [ -120.7844232972311, 37.742504960087452 ], [ -120.785052117005506, 37.742145633299103 ], [ -120.785052117449069, 37.741876139245214 ], [ -120.784692791550214, 37.741876139194247 ], [ -120.784692791259005, 37.741247318426076 ], [ -120.784872454692731, 37.741067654964773 ], [ -120.7854114440741, 37.741067655286706 ], [ -120.78541144388538, 37.741606644799617 ], [ -120.785950433362672, 37.741696476322609 ], [ -120.785950433179934, 37.742145633797904 ], [ -120.785591107462579, 37.742235465996245 ], [ -120.785591106485086, 37.743043949192305 ], [ -120.78487245512801, 37.743672769646238 ], [ -120.784692791433443, 37.743672769660336 ] ] ] } },
{ "type": "Feature", "properties": { "csb_id": "061825015442327", "acres": 11.5483619789602, "geoid": "06099" }, "geometry": { "type": "Polygon", "coordinates": [ [ [ -120.780470710224222, 37.74214563382376 ], [ -120.780470709734914, 37.740349002917867 ], [ -120.781818183093009, 37.740438834456612 ], [ -120.781728350791369, 37.741876139006244 ], [ -120.782267340487508, 37.741965970526458 ], [ -120.782267339910504, 37.742504959868015 ], [ -120.782626666499041, 37.742504960164588 ], [ -120.782626666552048, 37.743672769545725 ], [ -120.781369024608324, 37.743672769680629 ], [ -120.780830036043952, 37.742774454010579 ], [ -120.780830035509823, 37.742145633778279 ], [ -120.780470710224222, 37.74214563382376 ] ] ] } },
{ "type": "Feature", "properties": { "csb_id": "061825015442331", "acres": 9.94883484499465, "geoid": "06099" }, "geometry": { "type": "Polygon", "coordinates": [ [ [ -120.787747063765806, 37.741876139637696 ], [ -120.787747063547187, 37.741606644588614 ], [ -120.787387737404771, 37.741606644484769 ], [ -120.787387737421923, 37.741876139303713 ], [ -120.787747063444755, 37.741965970167598 ], [ -120.786848747806161, 37.742145633546286 ], [ -120.786848747513417, 37.742864285561929 ], [ -120.786219926964009, 37.743403274965651 ], [ -120.78621992766351, 37.742145633658133 ], [ -120.785950433179934, 37.742145633797904 ], [ -120.785950433362672, 37.741696476322609 ], [ -120.78541144388538, 37.741606644799617 ], [ -120.7854114440741, 37.741067655286706 ], [ -120.784872454692731, 37.741067654964773 ], [ -120.784692791259005, 37.741247318426076 ], [ -120.784692791608578, 37.740977823684872 ], [ -120.784513128625989, 37.740977823722766 ], [ -120.784513128188266, 37.740798160782795 ], [ -120.78711824249477, 37.740349002849335 ], [ -120.787118243098391, 37.740977823347549 ], [ -120.787747063430984, 37.740977823892351 ], [ -120.788016558257809, 37.741247317860541 ], [ -120.788016558449868, 37.741876138978277 ], [ -120.787747063765806, 37.741876139637696 ] ], [ [ -120.786309758843686, 37.742594791081352 ], [ -120.786669085281005, 37.74259479160154 ], [ -120.786669085598447, 37.742235465270376 ], [ -120.786309758691814, 37.742235465210335 ], [ -120.786309758843686, 37.742594791081352 ] ] ] } },
{ "type": "Feature", "properties": { "csb_id": "061825015442339", "acres": 30.421710123554899, "geoid": "06099" }, "geometry": { "type": "Polygon", "coordinates": [ [ [ -120.774182503150485, 37.743762601149783 ], [ -120.772385871949965, 37.743672770021206 ], [ -120.772385871882591, 37.744301590028464 ], [ -120.772116377671978, 37.744301590249037 ], [ -120.77211637750068, 37.743942264065531 ], [ -120.770589242008157, 37.74376260129754 ], [ -120.770589241779135, 37.742774454130405 ], [ -120.770858736480392, 37.742774454178573 ], [ -120.770858735497981, 37.743043948631822 ], [ -120.771487556395797, 37.74304394876701 ], [ -120.771487557492051, 37.740349003314947 ], [ -120.773553681935297, 37.740259171398236 ], [ -120.774901154503169, 37.740438834474233 ], [ -120.77481132304959, 37.741247318159573 ], [ -120.775080816939422, 37.741606644714018 ], [ -120.774901154601196, 37.741696475846219 ], [ -120.77508081826825, 37.741876139182381 ], [ -120.775080818490153, 37.742145633864197 ], [ -120.774901155184509, 37.742145634003201 ], [ -120.774811323718524, 37.743043948741146 ], [ -120.774631660062028, 37.743403275085882 ], [ -120.774451997614932, 37.743403275597849 ], [ -120.774451996800195, 37.743942264067265 ], [ -120.774182502716855, 37.743942265402382 ], [ -120.774182503150485, 37.743762601149783 ] ] ] } },
{ "type": "Feature", "properties": { "csb_id": "061825015442340", "acres": 4.88662717019412, "geoid": "06099" }, "geometry": { "type": "Polygon", "coordinates": [ [ [ -120.77085873604041, 37.74187613875494 ], [ -120.770589241049635, 37.741247318582545 ], [ -120.770589241666698, 37.74034900330544 ], [ -120.771487557492051, 37.740349003314947 ], [ -120.771487556395797, 37.74304394876701 ], [ -120.770858735497981, 37.743043948631822 ], [ -120.77085873604041, 37.74187613875494 ] ] ] } },
{ "type": "Feature", "properties": { "csb_id": "061825015442341", "acres": 27.0859870197954, "geoid": "06099" }, "geometry": { "type": "Polygon", "coordinates": [ [ [ -120.768523114941232, 37.744301590939159 ], [ -120.768523116389119, 37.743672769151367 ], [ -120.767534969925961, 37.743672769432422 ], [ -120.767534969277762, 37.740259171144075 ], [ -120.770858736104572, 37.740259171642961 ], [ -120.770589241666698, 37.74034900330544 ], [ -120.770589241049635, 37.741247318582545 ], [ -120.770858736460241, 37.742145633895632 ], [ -120.770858736480392, 37.742774454178573 ], [ -120.770589241779135, 37.742774454130405 ], [ -120.770589242008157, 37.74376260129754 ], [ -120.769062105864478, 37.743762601142613 ], [ -120.768882442854022, 37.744032095318488 ], [ -120.769241768290811, 37.744032096176667 ], [ -120.769241767250719, 37.744301590265209 ], [ -120.768523114941232, 37.744301590939159 ] ] ] } },
{ "type": "Feature", "properties": { "csb_id": "061825015442357", "acres": 5.6963455452196499, "geoid": "06099" }, "geometry": { "type": "Polygon", "coordinates": [ [ [ -120.766995980769607, 37.739989677125308 ], [ -120.766636654449258, 37.739810015240849 ], [ -120.765468845246161, 37.739810014889727 ], [ -120.765468844286758, 37.739450688740831 ], [ -120.766636654434649, 37.739181193670539 ], [ -120.766995980371192, 37.738911698116915 ], [ -120.766995980632004, 37.738552372871062 ], [ -120.767265474792836, 37.738552372233556 ], [ -120.767265475131708, 37.73918119308987 ], [ -120.768343453923094, 37.739181195278199 ], [ -120.768523115938223, 37.739001530058999 ], [ -120.768792611648351, 37.73918119509397 ], [ -120.768792610891552, 37.739450688159046 ], [ -120.768523116111339, 37.739810014582503 ], [ -120.76789429614378, 37.739989676919848 ], [ -120.766995980769607, 37.739989677125308 ] ] ] } },
{ "type": "Feature", "properties": { "csb_id": "061825015442364", "acres": 2.8286935124507702, "geoid": "06099" }, "geometry": { "type": "Polygon", "coordinates": [ [ [ -120.899317821787093, 37.739271024372847 ], [ -120.899677148335428, 37.739181192887536 ], [ -120.899856811313697, 37.738013383350065 ], [ -120.900844958314579, 37.738103215112631 ], [ -120.900844956579107, 37.738282878343128 ], [ -120.900395800684251, 37.73855237257721 ], [ -120.900395800111113, 37.739630351088088 ], [ -120.899497485018344, 37.739450687390317 ], [ -120.899317821787093, 37.739271024372847 ] ] ] } },
{ "type": "Feature", "properties": { "csb_id": "061825015442367", "acres": 2.96525241875114, "geoid": "06099" }, "geometry": { "type": "Polygon", "coordinates": [ [ [ -120.769960420497029, 37.738911698313061 ], [ -120.768523115938223, 37.739001530058999 ], [ -120.768343453923094, 37.739181195278199 ], [ -120.767894296493054, 37.739181194671197 ], [ -120.767984126893481, 37.7386422040436 ], [ -120.768792610972895, 37.738282877725936 ], [ -120.76942143178691, 37.738282878276607 ], [ -120.769421431401071, 37.738552372719134 ], [ -120.769960420534915, 37.738552372894496 ], [ -120.769960420497029, 37.738911698313061 ] ] ] } },
{ "type": "Feature", "properties": { "csb_id": "061825015442376", "acres": 3.2188948333722598, "geoid": "06099" }, "geometry": { "type": "Polygon", "coordinates": [ [ [ -120.771038399751347, 37.738642204227723 ], [ -120.77103839930075, 37.738103214991895 ], [ -120.771218062444092, 37.737743889019534 ], [ -120.772116376589011, 37.737384562504012 ], [ -120.772116377734221, 37.736845572997176 ], [ -120.772835028848561, 37.737025237075109 ], [ -120.772655365796112, 37.737025236437113 ], [ -120.772655366074986, 37.737384562786787 ], [ -120.772385871737839, 37.737384562396961 ], [ -120.772385870563554, 37.738013383538117 ], [ -120.772116376741138, 37.738013383817361 ], [ -120.772116376721954, 37.7382828783919 ], [ -120.771307893966664, 37.73810321513939 ], [ -120.771757050981506, 37.738372709129472 ], [ -120.771757051301833, 37.73855237222358 ], [ -120.771038399751347, 37.738642204227723 ] ] ] } },
{ "type": "Feature", "properties": { "csb_id": "061825015442403", "acres": 13.8216384539515, "geoid": "06099" }, "geometry": { "type": "Polygon", "coordinates": [ [ [ -120.773733345111708, 37.739899845060634 ], [ -120.773733344858201, 37.738642203632821 ], [ -120.773374018946996, 37.738642203990025 ], [ -120.773374018784097, 37.738911698583415 ], [ -120.773553681692761, 37.73891169822096 ], [ -120.773553681568416, 37.739450687587777 ], [ -120.772655367174337, 37.739989676973494 ], [ -120.77121806204066, 37.73981001356178 ], [ -120.771218061802855, 37.739450687929569 ], [ -120.77148755654666, 37.738911698774317 ], [ -120.771757051942501, 37.738911698389629 ], [ -120.771757051522414, 37.738282877895706 ], [ -120.773104524458304, 37.73864220426757 ], [ -120.77328418773412, 37.737025237713858 ], [ -120.772835028848561, 37.737025237075109 ], [ -120.772116377838998, 37.736755741731962 ], [ -120.771757052009704, 37.736755741983373 ], [ -120.771757051789123, 37.737025236405728 ], [ -120.771487557136993, 37.737025236215928 ], [ -120.771218062454082, 37.736755741468457 ], [ -120.77121806242333, 37.736486247489303 ], [ -120.774182503338551, 37.736486247582761 ], [ -120.774272334449009, 37.737025236104031 ], [ -120.773553682165158, 37.737025236751748 ], [ -120.77373334565074, 37.737474394186663 ], [ -120.773733345114934, 37.738372709654918 ], [ -120.774002839212926, 37.738372709712749 ], [ -120.774002839467911, 37.73918119291848 ], [ -120.774811323435316, 37.739181192854694 ], [ -120.774811323782842, 37.739450687472555 ], [ -120.774002839351724, 37.73954051960817 ], [ -120.774002840047203, 37.739899845176218 ], [ -120.773733345111708, 37.739899845060634 ] ], [ [ -120.771936714020924, 37.739450687475262 ], [ -120.772116377837904, 37.739540519576764 ], [ -120.77211637764745, 37.739450687504942 ], [ -120.771936714020924, 37.739450687475262 ] ] ] } },
{ "type": "Feature", "properties": { "csb_id": "061825015442415", "acres": 3.4140421650220598, "geoid": "06099" }, "geometry": { "type": "Polygon", "coordinates": [ [ [ -120.708785150505321, 37.737025236857967 ], [ -120.708156329174798, 37.73657607851618 ], [ -120.708156330188714, 37.736126922234568 ], [ -120.708335992435806, 37.7358574269903 ], [ -120.708964812608514, 37.735857426565225 ], [ -120.708964813038392, 37.736126922413192 ], [ -120.709234308048678, 37.736486246830651 ], [ -120.709413969897298, 37.736486247571577 ], [ -120.709413969528171, 37.736216753241017 ], [ -120.709863128603331, 37.736216752674309 ], [ -120.709863128184026, 37.736755742236213 ], [ -120.709593633792508, 37.737025236658937 ], [ -120.708785150505321, 37.737025236857967 ] ] ] } },
{ "type": "Feature", "properties": { "csb_id": "061825015442489", "acres": 9.8229894038253995, "geoid": "06099" }, "geometry": { "type": "Polygon", "coordinates": [ [ [ -120.791160661827575, 37.735318437141601 ], [ -120.791160661430212, 37.735048942834347 ], [ -120.79160981854136, 37.734689616817143 ], [ -120.791430155372467, 37.732982817698435 ], [ -120.792508133299023, 37.732892986831921 ], [ -120.792508133879679, 37.733162481331597 ], [ -120.792867460726754, 37.73316248077429 ], [ -120.79286745929538, 37.733431975947632 ], [ -120.793136954541183, 37.733791302071054 ], [ -120.793136955499435, 37.734689617069549 ], [ -120.793765775551378, 37.734689617105204 ], [ -120.793765775988348, 37.734959111551774 ], [ -120.793226786809072, 37.735318437260197 ], [ -120.791160661827575, 37.735318437141601 ] ] ] } },
{ "type": "Feature", "properties": { "csb_id": "061825015442519", "acres": 4.9351306409646902, "geoid": "06099" }, "geometry": { "type": "Polygon", "coordinates": [ [ [ -120.669977929402336, 37.733072649075496 ], [ -120.669259276159181, 37.733162481498923 ], [ -120.669259277545279, 37.732264165412502 ], [ -120.669618604040025, 37.732264165053188 ], [ -120.669618603190401, 37.732533660351351 ], [ -120.670157593268698, 37.732533660010873 ], [ -120.671415234448176, 37.731635345099114 ], [ -120.671954223140119, 37.731635344987218 ], [ -120.671954223506859, 37.732353997174854 ], [ -120.669977929402336, 37.733072649075496 ] ] ] } },
{ "type": "Feature", "properties": { "csb_id": "061825015442520", "acres": 3.0045590891873299, "geoid": "06099" }, "geometry": { "type": "Polygon", "coordinates": [ [ [ -120.598022875580384, 37.731635345033517 ], [ -120.598022875361849, 37.731365850200866 ], [ -120.597753380528204, 37.731365850018882 ], [ -120.597753380872945, 37.731635344623172 ], [ -120.598022875580384, 37.731635345033517 ], [ -120.598022875724254, 37.732174333785842 ], [ -120.596855065540282, 37.732174333602238 ], [ -120.596855065742943, 37.731994671225138 ], [ -120.597483886076958, 37.731994670804397 ], [ -120.597483886624218, 37.731096355483146 ], [ -120.596944896476828, 37.731096355415566 ], [ -120.596944896860876, 37.730826861234448 ], [ -120.597753380657593, 37.730737029632955 ], [ -120.5980228751433, 37.731096355351426 ], [ -120.598651696021633, 37.731096355532692 ], [ -120.598651696021633, 37.731365849976363 ], [ -120.598382201020968, 37.73163534451934 ], [ -120.598022875580384, 37.731635345033517 ] ] ] } },
{ "type": "Feature", "properties": { "csb_id": "061825015442526", "acres": 6.2138935055755997, "geoid": "06099" }, "geometry": { "type": "Polygon", "coordinates": [ [ [ -120.668091467338044, 37.733431975101709 ], [ -120.66782197280736, 37.732892986473225 ], [ -120.667821973399299, 37.732264165119894 ], [ -120.667911804855777, 37.731994670521914 ], [ -120.668091467968154, 37.731994670505017 ], [ -120.66809146709204, 37.731635344725866 ], [ -120.667821973178135, 37.731635344766516 ], [ -120.668360962299772, 37.731365850514251 ], [ -120.669259277011065, 37.731365850459873 ], [ -120.669259276159181, 37.733162481498923 ], [ -120.668720288508013, 37.73316248103766 ], [ -120.668720288816402, 37.733431975363793 ], [ -120.668091467338044, 37.733431975101709 ] ] ] } },
{ "type": "Feature", "properties": { "csb_id": "061825015442533", "acres": 9.1793578824862898, "geoid": "06099" }, "geometry": { "type": "Polygon", "coordinates": [ [ [ -120.665396521957973, 37.733970964518321 ], [ -120.665396521636353, 37.733431975322127 ], [ -120.664767701315455, 37.733431975230758 ], [ -120.664498205003284, 37.732892986481332 ], [ -120.664498206602673, 37.732264165220712 ], [ -120.664767700453979, 37.732264165622816 ], [ -120.66476770069967, 37.731096355470605 ], [ -120.665396521470711, 37.731096355981094 ], [ -120.665396520138586, 37.731994670911099 ], [ -120.665666015880618, 37.732533660428786 ], [ -120.665935510193904, 37.732533660205114 ], [ -120.665935510670224, 37.731994670776437 ], [ -120.666384669160948, 37.731994670904612 ], [ -120.666384668982531, 37.732353997004616 ], [ -120.667013488915543, 37.732353997103388 ], [ -120.66692365725892, 37.732892986132335 ], [ -120.666564330357772, 37.732892986316024 ], [ -120.666294836472503, 37.733162481072902 ], [ -120.666294837395597, 37.733431975291758 ], [ -120.666564331951975, 37.733431975228498 ], [ -120.666564331538581, 37.73379130143821 ], [ -120.665396521957973, 37.733970964518321 ] ] ] } },
{ "type": "Feature", "properties": { "csb_id": "061825015442541", "acres": 11.0817879889973, "geoid": "06099" }, "geometry": { "type": "Polygon", "coordinates": [ [ [ -120.665666015880618, 37.732533660428786 ], [ -120.665396520138586, 37.731994670911099 ], [ -120.665396521723324, 37.730737029830102 ], [ -120.665666016432382, 37.730737029690118 ], [ -120.665666016397552, 37.730467534669955 ], [ -120.669259277584004, 37.730467535091464 ], [ -120.669259276954634, 37.73109635554696 ], [ -120.668360961898458, 37.731096355425983 ], [ -120.668360962299772, 37.731365850514251 ], [ -120.667821973178135, 37.731635344766516 ], [ -120.666564331995332, 37.731725176645433 ], [ -120.666564331081247, 37.732264165299028 ], [ -120.666384667089645, 37.732264165883144 ], [ -120.666384669160948, 37.731994670904612 ], [ -120.665935510670224, 37.731994670776437 ], [ -120.665935510193904, 37.732533660205114 ], [ -120.665666015880618, 37.732533660428786 ] ] ] } },
{ "type": "Feature", "properties": { "csb_id": "061825015442542", "acres": 23.516529343893001, "geoid": "06099" }, "geometry": { "type": "Polygon", "coordinates": [ [ [ -120.663060901918044, 37.733431975945038 ], [ -120.661174440025121, 37.732892987675982 ], [ -120.660545619972467, 37.732892987948851 ], [ -120.66054561919384, 37.73163534527594 ], [ -120.660904945770113, 37.731635345005607 ], [ -120.660994776270357, 37.730467534815723 ], [ -120.66180326058857, 37.730467536204962 ], [ -120.661803259845954, 37.730737028477485 ], [ -120.66207275581867, 37.730737029551065 ], [ -120.662971071006865, 37.731635344910437 ], [ -120.663869385880631, 37.731365850945643 ], [ -120.663869385591042, 37.730737029112078 ], [ -120.664767700683342, 37.730737030006608 ], [ -120.664767700453979, 37.732264165622816 ], [ -120.664498206602673, 37.732264165220712 ], [ -120.664498205003284, 37.732892986481332 ], [ -120.664767701315455, 37.733431975230758 ], [ -120.665396521636353, 37.733431975322127 ], [ -120.665396521957973, 37.733970964518321 ], [ -120.664178005822251, 37.733752175806103 ], [ -120.663869386056518, 37.733431975915082 ], [ -120.663060901918044, 37.733431975945038 ] ] ] } },
{ "type": "Feature", "properties": { "csb_id": "061825015442551", "acres": 19.943473011259101, "geoid": "06099" }, "geometry": { "type": "Polygon", "coordinates": [ [ [ -120.659108314332315, 37.732533660085807 ], [ -120.656772694897526, 37.732533659685288 ], [ -120.656622156702625, 37.732833332490941 ], [ -120.655874379651735, 37.732713323345742 ], [ -120.655874379715527, 37.732353996771842 ], [ -120.656054042328009, 37.731635344575977 ], [ -120.656952358074051, 37.7316353451276 ], [ -120.65758117867496, 37.731096355571445 ], [ -120.657581179085227, 37.730737029847951 ], [ -120.657850673828705, 37.730467534741678 ], [ -120.660006630381503, 37.730467534432854 ], [ -120.660545619734961, 37.731096355529914 ], [ -120.660904945389817, 37.731096356755337 ], [ -120.660904945770113, 37.731635345005607 ], [ -120.66054561919384, 37.73163534527594 ], [ -120.660545619972467, 37.732892987948851 ], [ -120.659108314332315, 37.732533660085807 ] ] ] } },
{ "type": "Feature", "properties": { "csb_id": "061825015442552", "acres": 10.7208273150769, "geoid": "06099" }, "geometry": { "type": "Polygon", "coordinates": [ [ [ -120.618773958130205, 37.732264165877446 ], [ -120.616079012171568, 37.732264165646505 ], [ -120.616079012625022, 37.731994670996961 ], [ -120.616348507087778, 37.731635345183854 ], [ -120.616707833223657, 37.731635345013245 ], [ -120.616707834104346, 37.730198040994104 ], [ -120.61850446345268, 37.730287871967555 ], [ -120.618773959003704, 37.730467534735929 ], [ -120.618773958130205, 37.732264165877446 ] ] ] } },
{ "type": "Feature", "properties": { "csb_id": "061825015442559", "acres": 7.5699976491144199, "geoid": "06099" }, "geometry": { "type": "Polygon", "coordinates": [ [ [ -120.662971071006865, 37.731635344910437 ], [ -120.66207275581867, 37.730737029551065 ], [ -120.661803259845954, 37.730737028477485 ], [ -120.66180326058857, 37.730467536204962 ], [ -120.6623422496899, 37.730467535169723 ], [ -120.6623422500966, 37.730198040697722 ], [ -120.662971070486321, 37.730198040208506 ], [ -120.664138879916109, 37.730198040037088 ], [ -120.664138880220719, 37.730467534791586 ], [ -120.664498206056564, 37.730467534920429 ], [ -120.664767701325047, 37.730198040231926 ], [ -120.664767701014782, 37.729838713830759 ], [ -120.665037195774715, 37.729838714392805 ], [ -120.665037195992113, 37.730198040160637 ], [ -120.665396521562513, 37.730467535038919 ], [ -120.665666016397552, 37.730467534669955 ], [ -120.665666016432382, 37.730737029690118 ], [ -120.665396521723324, 37.730737029830102 ], [ -120.665396521470711, 37.731096355981094 ], [ -120.66476770069967, 37.731096355470605 ], [ -120.664767700683342, 37.730737030006608 ], [ -120.663869385591042, 37.730737029112078 ], [ -120.663869385880631, 37.731365850945643 ], [ -120.662971071006865, 37.731635344910437 ] ] ] } },
{ "type": "Feature", "properties": { "csb_id": "061825015442568", "acres": 16.271493375703599, "geoid": "06099" }, "geometry": { "type": "Polygon", "coordinates": [ [ [ -120.622097724777063, 37.732264165232159 ], [ -120.618773958130205, 37.732264165877446 ], [ -120.618773959003704, 37.730467534735929 ], [ -120.619672273692814, 37.729838714609812 ], [ -120.619672274124611, 37.729569219882265 ], [ -120.620121431371942, 37.729659051503795 ], [ -120.620121432076417, 37.729838714366174 ], [ -120.620929914581382, 37.730198040051299 ], [ -120.6218282303726, 37.730198040828718 ], [ -120.621828230808603, 37.730826860917198 ], [ -120.621468904702041, 37.731096355344398 ], [ -120.621468903860105, 37.73163534451902 ], [ -120.622097725373479, 37.73163534466709 ], [ -120.622097724777063, 37.732264165232159 ] ] ] } },
{ "type": "Feature", "properties": { "csb_id": "061825015442569", "acres": 14.6228776206387, "geoid": "06099" }, "geometry": { "type": "Polygon", "coordinates": [ [ [ -120.614911202496387, 37.732353997739949 ], [ -120.613114572593602, 37.731994670383656 ], [ -120.613114572139935, 37.7316353451927 ], [ -120.616168844219459, 37.729659050863134 ], [ -120.616707832968913, 37.729569219783755 ], [ -120.6169773276049, 37.729838714630155 ], [ -120.616977328212613, 37.730198041039607 ], [ -120.616707834104346, 37.730198040994104 ], [ -120.616707833223657, 37.731635345013245 ], [ -120.616348507087778, 37.731635345183854 ], [ -120.616079012625022, 37.731994670996961 ], [ -120.616079012171568, 37.732264165646505 ], [ -120.614911202496387, 37.732353997739949 ] ] ] } },
{ "type": "Feature", "properties": { "csb_id": "061825015442571", "acres": 40.220262377449799, "geoid": "06099" }, "geometry": { "type": "Polygon", "coordinates": [ [ [ -120.628385931523866, 37.732264165528449 ], [ -120.624523176195524, 37.732353996670874 ], [ -120.62416385021217, 37.732264165874696 ], [ -120.624163849639032, 37.731635344696592 ], [ -120.623894355568083, 37.731635344668319 ], [ -120.623894355587922, 37.731994671519786 ], [ -120.623624861134928, 37.732353997260624 ], [ -120.622097724777063, 37.732264165232159 ], [ -120.622097725373479, 37.73163534466709 ], [ -120.621468903860105, 37.73163534451902 ], [ -120.621468904981469, 37.731365850257077 ], [ -120.622367219736589, 37.731365851128643 ], [ -120.621828230808603, 37.730826860917198 ], [ -120.6218282303726, 37.730198040828718 ], [ -120.622097724680373, 37.730198040599269 ], [ -120.622097724523769, 37.72983871542715 ], [ -120.62218755671249, 37.730287872124819 ], [ -120.622816377398067, 37.730287871915017 ], [ -120.622367219281642, 37.730198040637028 ], [ -120.622367219737882, 37.729838714145252 ], [ -120.623894356122619, 37.729838715366142 ], [ -120.624163850223411, 37.730198040389844 ], [ -120.624163850296128, 37.729838714022755 ], [ -120.624523176199034, 37.729659051560652 ], [ -120.624792670688066, 37.729838713976548 ], [ -120.624792670598964, 37.729659051415652 ], [ -120.625241828519194, 37.729659051576043 ], [ -120.625690985680563, 37.729838714192105 ], [ -120.625690986358535, 37.731096355972291 ], [ -120.625960480748503, 37.731096355253314 ], [ -120.626589301116397, 37.730557366161236 ], [ -120.627307952617826, 37.73046753514901 ], [ -120.627307951385646, 37.729659051875124 ], [ -120.627487614686018, 37.729569220315518 ], [ -120.62748761610689, 37.729299725030593 ], [ -120.627667279635659, 37.729299724946905 ], [ -120.627846942645448, 37.729838714289166 ], [ -120.628116437833157, 37.729838714159293 ], [ -120.628116437763666, 37.730198039872185 ], [ -120.628745257700444, 37.730198040485853 ], [ -120.629284248232622, 37.730737030571653 ], [ -120.62928424770864, 37.731096355628104 ], [ -120.630182562997277, 37.73109635540132 ], [ -120.630182562698579, 37.731455682205002 ], [ -120.629733404726466, 37.731725176077163 ], [ -120.629643573792137, 37.731994671970469 ], [ -120.629643573803534, 37.732264165643066 ], [ -120.630182562269795, 37.732264165507651 ], [ -120.630182562616142, 37.732533661345734 ], [ -120.629284247080591, 37.732533659867457 ], [ -120.628385931523866, 37.732264165528449 ] ], [ [ -120.624523176468443, 37.731096355465056 ], [ -120.624523176197641, 37.730737029806541 ], [ -120.624163850407825, 37.73073703074688 ], [ -120.624163850041612, 37.731096356176685 ], [ -120.624523176468443, 37.731096355465056 ], [ -120.624523176467704, 37.731635344442154 ], [ -120.624792671125689, 37.731635344806435 ], [ -120.62488250252855, 37.731186186900111 ], [ -120.624523176468443, 37.731096355465056 ] ] ] } },
{ "type": "Feature", "properties": { "csb_id": "061825015442623", "acres": 3.2387867535141601, "geoid": "06099" }, "geometry": { "type": "Polygon", "coordinates": [ [ [ -120.986544236268074, 37.729659051662296 ], [ -120.98654423584172, 37.729299726003745 ], [ -120.985645920720515, 37.729299725288719 ], [ -120.98564592119773, 37.728760736495801 ], [ -120.986184909911159, 37.728760735677561 ], [ -120.986184910124479, 37.729030230861049 ], [ -120.986544235426294, 37.729030230605204 ], [ -120.987083225510588, 37.728760735572394 ], [ -120.987083225110069, 37.728131915179709 ], [ -120.987442550560544, 37.728131915028825 ], [ -120.987442550695121, 37.728760736117167 ], [ -120.988071371873829, 37.728760735468512 ], [ -120.988071372020713, 37.729030231181859 ], [ -120.987442551871013, 37.7290302311348 ], [ -120.987083224948321, 37.729299724729209 ], [ -120.987083224672702, 37.729659051083416 ], [ -120.986544236268074, 37.729659051662296 ] ] ] } },
{ "type": "Feature", "properties": { "csb_id": "061825015442624", "acres": 11.0334139980615, "geoid": "06099" }, "geometry": { "type": "Polygon", "coordinates": [ [ [ -120.79556240630113, 37.729120062188123 ], [ -120.792687797825607, 37.729030230607641 ], [ -120.79268779799304, 37.728760736482002 ], [ -120.792957292497121, 37.728401409890822 ], [ -120.793226787565899, 37.72840141053031 ], [ -120.79322678687781, 37.728131916135105 ], [ -120.794484428168573, 37.728131915405001 ], [ -120.794484428712963, 37.728401409858684 ], [ -120.794753922454731, 37.728401410171237 ], [ -120.794753923003, 37.728042083692209 ], [ -120.794484428356, 37.728042083839931 ], [ -120.794664090993322, 37.727772589177903 ], [ -120.797628532106216, 37.727772588836395 ], [ -120.797628531369753, 37.728311578295312 ], [ -120.797359037137085, 37.728670904240168 ], [ -120.797179373913224, 37.728670904255935 ], [ -120.797179374304505, 37.728131914670477 ], [ -120.796730216232802, 37.728131916082035 ], [ -120.796730216290811, 37.728311578403037 ], [ -120.79699971147852, 37.728311578927133 ], [ -120.796999710984835, 37.728670904869119 ], [ -120.79556240630113, 37.729120062188123 ] ], [ [ -120.796101395531792, 37.728670905058706 ], [ -120.796101395663726, 37.728311579175397 ], [ -120.796460721398645, 37.7283115781457 ], [ -120.796460721699191, 37.728131914962603 ], [ -120.795921733002785, 37.728131915478393 ], [ -120.795921732603418, 37.728670904084403 ], [ -120.796101395531792, 37.728670905058706 ] ], [ [ -120.795382743087188, 37.728311578289961 ], [ -120.795382743495196, 37.728131914705216 ], [ -120.795023417305444, 37.728131915606447 ], [ -120.795023416836557, 37.728311578098989 ], [ -120.795382743087188, 37.728311578289961 ] ] ] } },
{ "type": "Feature", "properties": { "csb_id": "061825015442633", "acres": 2.6925007400746699, "geoid": "06099" }, "geometry": { "type": "Polygon", "coordinates": [ [ [ -120.669259277145002, 37.72804208344229 ], [ -120.669888098798225, 37.728042083871735 ], [ -120.669888098635752, 37.728311578571287 ], [ -120.671415233920712, 37.728311578709352 ], [ -120.671415234255463, 37.728670904522367 ], [ -120.669888098494141, 37.72867090387242 ], [ -120.669888098331668, 37.728940398532643 ], [ -120.66925927767916, 37.728940399087023 ], [ -120.669259277145002, 37.72804208344229 ] ] ] } },
{ "type": "Feature", "properties": { "csb_id": "061825015442642", "acres": 16.652470131205, "geoid": "06099" }, "geometry": { "type": "Polygon", "coordinates": [ [ [ -120.665037195992113, 37.730198040160637 ], [ -120.66503719559762, 37.729209893954256 ], [ -120.664767700912748, 37.729209893850168 ], [ -120.664767701538096, 37.72831157821841 ], [ -120.665037195460755, 37.728311578726903 ], [ -120.66503719554126, 37.72777258928226 ], [ -120.665396522237401, 37.727772589420724 ], [ -120.665396522048979, 37.726964105302486 ], [ -120.665486352980594, 37.727143768839532 ], [ -120.666923658314076, 37.727143768451214 ], [ -120.666923657911141, 37.727413262870577 ], [ -120.667193152541486, 37.727413263332906 ], [ -120.667462647209689, 37.727772588872909 ], [ -120.667462647006971, 37.728311578303085 ], [ -120.667193152558326, 37.728670903980436 ], [ -120.666564331358643, 37.728940399048867 ], [ -120.666564332155687, 37.729209893760142 ], [ -120.667193152901575, 37.729209893702446 ], [ -120.667193152503444, 37.729838714355459 ], [ -120.66692365738065, 37.729838714014875 ], [ -120.666923657201451, 37.730467534980562 ], [ -120.665396521562513, 37.730467535038919 ], [ -120.665037195992113, 37.730198040160637 ] ] ] } },
{ "type": "Feature", "properties": { "csb_id": "061825015442645", "acres": 3.51194977909863, "geoid": "06099" }, "geometry": { "type": "Polygon", "coordinates": [ [ [ -120.622367219737882, 37.729838714145252 ], [ -120.622546882156499, 37.729299724794082 ], [ -120.622816377396006, 37.729299724878814 ], [ -120.622816377379038, 37.728131915043356 ], [ -120.623085871708369, 37.727503094757665 ], [ -120.623714692710237, 37.727503094199037 ], [ -120.623714692671683, 37.727862420303786 ], [ -120.623445197599452, 37.728131915291868 ], [ -120.623445197847886, 37.729030230542783 ], [ -120.623085871485259, 37.729030230137084 ], [ -120.623085870945317, 37.729659050956926 ], [ -120.623265534690162, 37.729838714689414 ], [ -120.622367219737882, 37.729838714145252 ] ] ] } },
{ "type": "Feature", "properties": { "csb_id": "061825015442661", "acres": 36.612127080215103, "geoid": "06099" }, "geometry": { "type": "Polygon", "coordinates": [ [ [ -120.664138880220719, 37.730467534791586 ], [ -120.664138879916109, 37.730198040037088 ], [ -120.6623422500966, 37.730198040697722 ], [ -120.6623422496899, 37.730467535169723 ], [ -120.660994776270357, 37.730467534815723 ], [ -120.660904943332639, 37.729569220139588 ], [ -120.660276123474091, 37.729569220206237 ], [ -120.660276123568877, 37.729209893562071 ], [ -120.66054561723459, 37.729209893643606 ], [ -120.660545619176744, 37.728670904227911 ], [ -120.660006630234193, 37.728670904614212 ], [ -120.660006628352903, 37.727772589336119 ], [ -120.659647303626286, 37.727772589532549 ], [ -120.659647302824254, 37.727143768235443 ], [ -120.660006629514726, 37.727143768848087 ], [ -120.660006628979744, 37.726874274274863 ], [ -120.660904943870918, 37.726874273648903 ], [ -120.660904944354968, 37.727143768908938 ], [ -120.661174440301551, 37.727413262966756 ], [ -120.661443933030654, 37.72741326359769 ], [ -120.661803259990762, 37.727413262826069 ], [ -120.661803259038393, 37.727143768849842 ], [ -120.662072754401592, 37.727143768267283 ], [ -120.662072754957777, 37.726964105225456 ], [ -120.662701575171809, 37.726874274395122 ], [ -120.66386938603253, 37.72687427489447 ], [ -120.663869382984558, 37.727413263306865 ], [ -120.66413887969145, 37.727413262701042 ], [ -120.664138879680792, 37.727143768617772 ], [ -120.664767699863546, 37.727143768315912 ], [ -120.66503719532389, 37.727413263312037 ], [ -120.665037195460755, 37.728311578726903 ], [ -120.664767701538096, 37.72831157821841 ], [ -120.664767700826999, 37.728940399421454 ], [ -120.664767700912748, 37.729209893850168 ], [ -120.66503719559762, 37.729209893954256 ], [ -120.665037195774715, 37.729838714392805 ], [ -120.664767701014782, 37.729838713830759 ], [ -120.664767701325047, 37.730198040231926 ], [ -120.664498206056564, 37.730467534920429 ], [ -120.664138880220719, 37.730467534791586 ] ] ] } },
{ "type": "Feature", "properties": { "csb_id": "061825015442672", "acres": 9.3166745224645204, "geoid": "06099" }, "geometry": { "type": "Polygon", "coordinates": [ [ [ -120.665486352980594, 37.727143768839532 ], [ -120.665037195187026, 37.726514947709475 ], [ -120.666564332003603, 37.726514947963523 ], [ -120.667462647419043, 37.726065790193012 ], [ -120.668091467939604, 37.726065790182041 ], [ -120.668091467824084, 37.726245453422202 ], [ -120.668989782601656, 37.726245453562527 ], [ -120.668989782751098, 37.726065789864315 ], [ -120.669259277561125, 37.726065790249699 ], [ -120.669259278068367, 37.727413263403463 ], [ -120.667462647171803, 37.72741326319985 ], [ -120.667462646719656, 37.727143768551436 ], [ -120.665486352980594, 37.727143768839532 ] ] ] } },
{ "type": "Feature", "properties": { "csb_id": "061825015442682", "acres": 33.559475474728501, "geoid": "06099" }, "geometry": { "type": "Polygon", "coordinates": [ [ [ -120.852964753320563, 37.728940399075611 ], [ -120.851168122164268, 37.728940399235896 ], [ -120.850808796392215, 37.728670904393546 ], [ -120.850808797109366, 37.727413264036279 ], [ -120.850269807776215, 37.727413262977997 ], [ -120.849640986390966, 37.728042083846425 ], [ -120.849371491429991, 37.728042083390399 ], [ -120.84901216557202, 37.727772589185172 ], [ -120.848742671571429, 37.727413262700239 ], [ -120.848832502411994, 37.725436968960778 ], [ -120.849371491649862, 37.725347138097675 ], [ -120.84937149168708, 37.72561663287545 ], [ -120.849640986495359, 37.725706465029589 ], [ -120.851257954527327, 37.725616632318719 ], [ -120.8514376172308, 37.725347137997858 ], [ -120.851168122558605, 37.725347137953712 ], [ -120.851168123075311, 37.72471831805057 ], [ -120.852066437844258, 37.724808148598939 ], [ -120.852425764101909, 37.725436969185068 ], [ -120.85332407952491, 37.725436969099221 ], [ -120.853863068641658, 37.725167474899969 ], [ -120.853952900541046, 37.725436970229971 ], [ -120.854312225887597, 37.725436969618592 ], [ -120.854312225950238, 37.725616632522957 ], [ -120.853952900285307, 37.725706463922016 ], [ -120.853863068888273, 37.725975958331169 ], [ -120.853863068315007, 37.726514947354481 ], [ -120.854132563483063, 37.726514947770362 ], [ -120.854132562697671, 37.726964105335284 ], [ -120.853503741890435, 37.727413262635778 ], [ -120.852605426905967, 37.727413262647715 ], [ -120.852335932434073, 37.727772589082598 ], [ -120.852335932416509, 37.728042083198474 ], [ -120.852605427094403, 37.728311577930633 ], [ -120.852964753552484, 37.728311578423487 ], [ -120.852964753320563, 37.728940399075611 ] ], [ [ -120.851707111538786, 37.725975958180342 ], [ -120.851707112105359, 37.72561663211534 ], [ -120.85143761755856, 37.725616632435802 ], [ -120.851437616790335, 37.725975958270084 ], [ -120.851707111538786, 37.725975958180342 ] ], [ [ -120.850269807107466, 37.725975958982922 ], [ -120.849910481591891, 37.725975958261607 ], [ -120.849910481378345, 37.726245453461139 ], [ -120.850269807905903, 37.72624545332063 ], [ -120.850269807107466, 37.725975958982922 ] ] ] } },
{ "type": "Feature", "properties": { "csb_id": "061825015442707", "acres": 93.300875762822002, "geoid": "06099" }, "geometry": { "type": "Polygon", "coordinates": [ [ [ -120.669618603190401, 37.732533660351351 ], [ -120.669618604040025, 37.732264165053188 ], [ -120.669259277545279, 37.732264165412502 ], [ -120.669259277011065, 37.731365850459873 ], [ -120.668360962299772, 37.731365850514251 ], [ -120.668360961898458, 37.731096355425983 ], [ -120.669259276954634, 37.73109635554696 ], [ -120.669259277584004, 37.730467535091464 ], [ -120.666923657201451, 37.730467534980562 ], [ -120.66692365738065, 37.729838714014875 ], [ -120.667193152503444, 37.729838714355459 ], [ -120.667193152901575, 37.729209893702446 ], [ -120.666564332155687, 37.729209893760142 ], [ -120.666564331358643, 37.728940399048867 ], [ -120.667193152558326, 37.728670903980436 ], [ -120.667462647006971, 37.728311578303085 ], [ -120.667462647209689, 37.727772588872909 ], [ -120.667193152541486, 37.727413263332906 ], [ -120.666923657911141, 37.727413262870577 ], [ -120.666923658314076, 37.727143768451214 ], [ -120.667462646719656, 37.727143768551436 ], [ -120.667462647171803, 37.72741326319985 ], [ -120.669259278068367, 37.727413263403463 ], [ -120.669259277771786, 37.726245453085504 ], [ -120.669618603679169, 37.726245453266088 ], [ -120.670157593044735, 37.725975960604032 ], [ -120.670157593210277, 37.725616632032427 ], [ -120.670516918700812, 37.725436970100667 ], [ -120.671415234471908, 37.725616634444506 ], [ -120.671684728568053, 37.725347138632301 ], [ -120.673750853397038, 37.725167474302225 ], [ -120.674110179914734, 37.725347137398948 ], [ -120.674110179848981, 37.725616632658159 ], [ -120.674559338250958, 37.725436969755989 ], [ -120.674559337634648, 37.726065791026848 ], [ -120.674828832255571, 37.726514947940281 ], [ -120.674739000576736, 37.729569219801462 ], [ -120.675008495876824, 37.729569220179549 ], [ -120.67500849617646, 37.729209895317332 ], [ -120.675637315761932, 37.729209893520753 ], [ -120.675457653214764, 37.729299725014293 ], [ -120.675457653155661, 37.729838714265895 ], [ -120.674200011651209, 37.729928545487084 ], [ -120.673930517419493, 37.730198040424142 ], [ -120.673481359608289, 37.730198041571562 ], [ -120.673032201643124, 37.730557366599726 ], [ -120.673032201037245, 37.731365849919541 ], [ -120.672672875905633, 37.73163534458353 ], [ -120.671415234448176, 37.731635345099114 ], [ -120.670157593268698, 37.732533660010873 ], [ -120.669618603190401, 37.732533660351351 ] ], [ [ -120.669888098798225, 37.728042083871735 ], [ -120.669259277145002, 37.72804208344229 ], [ -120.66925927767916, 37.728940399087023 ], [ -120.669888098331668, 37.728940398532643 ], [ -120.669888098494141, 37.72867090387242 ], [ -120.671415234255463, 37.728670904522367 ], [ -120.671415233920712, 37.728311578709352 ], [ -120.669888098635752, 37.728311578571287 ], [ -120.669888098798225, 37.728042083871735 ] ] ] } },
{ "type": "Feature", "properties": { "csb_id": "061825015442711", "acres": 6.8289645680384696, "geoid": "06099" }, "geometry": { "type": "Polygon", "coordinates": [ [ [ -120.659108315236267, 37.728042084832275 ], [ -120.659108315266664, 37.726514948827301 ], [ -120.658748988895027, 37.726514947980412 ], [ -120.65847949404619, 37.726245454476306 ], [ -120.658479494826693, 37.725616632833379 ], [ -120.65785067347889, 37.72561663226535 ], [ -120.658120168874404, 37.725077644213243 ], [ -120.658479494324197, 37.725077643813876 ], [ -120.659108314548092, 37.725616632342799 ], [ -120.659647303688189, 37.725616632208897 ], [ -120.659647304156294, 37.725975959328899 ], [ -120.659467640583685, 37.725975958335681 ], [ -120.659377809144644, 37.726245453319599 ], [ -120.659647304490235, 37.726245453729526 ], [ -120.659647303717094, 37.726514948342199 ], [ -120.660006630382625, 37.726514947405626 ], [ -120.660006628979744, 37.726874274274863 ], [ -120.659647303597382, 37.726874273662261 ], [ -120.659647302824254, 37.727143768235443 ], [ -120.659647303626286, 37.727772589532549 ], [ -120.660006628352903, 37.727772589336119 ], [ -120.660006630234193, 37.728670904614212 ], [ -120.659647304468379, 37.728670904123817 ], [ -120.659108315236267, 37.728042084832275 ] ] ] } },
{ "type": "Feature", "properties": { "csb_id": "061825015442715", "acres": 52.357447347818798, "geoid": "06099" }, "geometry": { "type": "Polygon", "coordinates": [ [ [ -120.660006630381503, 37.730467534432854 ], [ -120.657850673828705, 37.730467534741678 ], [ -120.657581179085227, 37.730737029847951 ], [ -120.65758117867496, 37.731096355571445 ], [ -120.656952358074051, 37.7316353451276 ], [ -120.656054042328009, 37.731635344575977 ], [ -120.655874376391779, 37.731096357030992 ], [ -120.655874378000163, 37.729928545753189 ], [ -120.655784547408416, 37.729569219647942 ], [ -120.655604885803456, 37.729569219987731 ], [ -120.655604885314389, 37.728401410532086 ], [ -120.655874378649429, 37.728311579433175 ], [ -120.655874379836291, 37.727862420524062 ], [ -120.655604884414416, 37.726335285767377 ], [ -120.655874379378417, 37.726245453656432 ], [ -120.655874377553772, 37.725706464295534 ], [ -120.655604884601061, 37.725706463770443 ], [ -120.655604882602603, 37.72543696995362 ], [ -120.657850672749149, 37.72534713833641 ], [ -120.65785067347889, 37.72561663226535 ], [ -120.658479494826693, 37.725616632833379 ], [ -120.65847949404619, 37.726245454476306 ], [ -120.658748988895027, 37.726514947980412 ], [ -120.659108315266664, 37.726514948827301 ], [ -120.659108315236267, 37.728042084832275 ], [ -120.659647304468379, 37.728670904123817 ], [ -120.660545619176744, 37.728670904227911 ], [ -120.66054561723459, 37.729209893643606 ], [ -120.660276123568877, 37.729209893562071 ], [ -120.660276123474091, 37.729569220206237 ], [ -120.660904943332639, 37.729569220139588 ], [ -120.660904945389817, 37.731096356755337 ], [ -120.660545619734961, 37.731096355529914 ], [ -120.660006630381503, 37.730467534432854 ] ] ] } },
{ "type": "Feature", "properties": { "csb_id": "061825015442742", "acres": 10.1850247722123, "geoid": "06099" }, "geometry": { "type": "Polygon", "coordinates": [ [ [ -120.660904944354968, 37.727143768908938 ], [ -120.660904943870918, 37.726874273648903 ], [ -120.660006628979744, 37.726874274274863 ], [ -120.660006630382625, 37.726514947405626 ], [ -120.659647303717094, 37.726514948342199 ], [ -120.659647304490235, 37.726245453729526 ], [ -120.660904945739418, 37.726245453151556 ], [ -120.660904945826644, 37.725077642924596 ], [ -120.660725281926219, 37.72507764337896 ], [ -120.660725282348821, 37.724718316763713 ], [ -120.660994776704513, 37.724179327613811 ], [ -120.661443934948537, 37.724179327866622 ], [ -120.661443934886648, 37.724448822891517 ], [ -120.66207275470066, 37.724448822590432 ], [ -120.662072755521763, 37.725077643000191 ], [ -120.661803260449958, 37.725077643231714 ], [ -120.661803260434439, 37.725616632747062 ], [ -120.662072754960349, 37.725616632111048 ], [ -120.662342250269887, 37.72597595879337 ], [ -120.662342249863201, 37.726245453529792 ], [ -120.662072755794668, 37.726514947702441 ], [ -120.662072754957777, 37.726964105225456 ], [ -120.661803260248632, 37.726964105807994 ], [ -120.661803259990762, 37.727413262826069 ], [ -120.661174440301551, 37.727413262966756 ], [ -120.660904944354968, 37.727143768908938 ] ] ] } },
{ "type": "Feature", "properties": { "csb_id": "061825015442756", "acres": 3.0926586840732999, "geoid": "06099" }, "geometry": { "type": "Polygon", "coordinates": [ [ [ -120.967859277841953, 37.723370843833742 ], [ -120.969655908074202, 37.723370844056589 ], [ -120.969655908415291, 37.723909832977824 ], [ -120.969116919442229, 37.72390983290645 ], [ -120.969116919761447, 37.724269159788804 ], [ -120.968757592997662, 37.724538654289667 ], [ -120.968488098624832, 37.724538654373681 ], [ -120.968218604443209, 37.724269159084315 ], [ -120.968218604059885, 37.723909833128936 ], [ -120.968488098355763, 37.723909833176798 ], [ -120.968488098969431, 37.723640338989107 ], [ -120.967859277448781, 37.723640338436638 ], [ -120.967859277841953, 37.723370843833742 ] ] ] } },
{ "type": "Feature", "properties": { "csb_id": "061825015442766", "acres": 17.297108494456602, "geoid": "06099" }, "geometry": { "type": "Polygon", "coordinates": [ [ [ -120.663959216638659, 37.72696410505376 ], [ -120.662072754957777, 37.726964105225456 ], [ -120.662072755794668, 37.726514947702441 ], [ -120.662342249863201, 37.726245453529792 ], [ -120.662342250269887, 37.72597595879337 ], [ -120.662072754960349, 37.725616632111048 ], [ -120.661803260434439, 37.725616632747062 ], [ -120.661803260449958, 37.725077643231714 ], [ -120.662072755521763, 37.725077643000191 ], [ -120.662072753874355, 37.724179328198971 ], [ -120.662701575082878, 37.724179328510601 ], [ -120.662701575690363, 37.724448822497578 ], [ -120.663599889600007, 37.724448822915321 ], [ -120.663869384528766, 37.724179327894937 ], [ -120.663869384690457, 37.723281012637777 ], [ -120.664498205116843, 37.723281013350139 ], [ -120.664498206647252, 37.723820002214254 ], [ -120.664138879728839, 37.723820001597886 ], [ -120.664138879200962, 37.724179328044485 ], [ -120.664857532911014, 37.724179328043469 ], [ -120.664857531228478, 37.724718317077041 ], [ -120.664588038136969, 37.725616632661875 ], [ -120.664588038358659, 37.726514947307479 ], [ -120.663959216638659, 37.72696410505376 ] ] ] } },
{ "type": "Feature", "properties": { "csb_id": "061825015442781", "acres": 8.8486664864153699, "geoid": "06099" }, "geometry": { "type": "Polygon", "coordinates": [ [ [ -120.659377809144644, 37.726245453319599 ], [ -120.659467640583685, 37.725975958335681 ], [ -120.659647304156294, 37.725975959328899 ], [ -120.659647303688189, 37.725616632208897 ], [ -120.660276124653649, 37.725616632826956 ], [ -120.660276125216328, 37.724448822535514 ], [ -120.660545619540798, 37.723550507455059 ], [ -120.660006630379982, 37.72328101237806 ], [ -120.659108315034871, 37.723281012730823 ], [ -120.659108314155077, 37.723011517739117 ], [ -120.661174440679218, 37.722921687013873 ], [ -120.661443934808517, 37.723281012296908 ], [ -120.661443934746657, 37.72355050737837 ], [ -120.661803261032787, 37.723550507484333 ], [ -120.661803260517047, 37.724448822188549 ], [ -120.661443934886648, 37.724448822891517 ], [ -120.661443934948537, 37.724179327866622 ], [ -120.660994776704513, 37.724179327613811 ], [ -120.660725282348821, 37.724718316763713 ], [ -120.660725281926219, 37.72507764337896 ], [ -120.660904945826644, 37.725077642924596 ], [ -120.660904945739418, 37.726245453151556 ], [ -120.659377809144644, 37.726245453319599 ] ] ] } },
{ "type": "Feature", "properties": { "csb_id": "061825015442784", "acres": 3.5414710605561002, "geoid": "06099" }, "geometry": { "type": "Polygon", "coordinates": [ [ [ -120.600268664244467, 37.723820001901679 ], [ -120.599999169040046, 37.723011518125546 ], [ -120.600538158065291, 37.723011517710439 ], [ -120.600538158427653, 37.722742023097467 ], [ -120.6014364735546, 37.722742023497965 ], [ -120.601616136487053, 37.723281012374322 ], [ -120.601975463258981, 37.723281012943865 ], [ -120.601975463113575, 37.723550506711447 ], [ -120.601346641587355, 37.723550507480788 ], [ -120.601346641660498, 37.723820001637044 ], [ -120.600268664244467, 37.723820001901679 ] ] ] } },
{ "type": "Feature", "properties": { "csb_id": "061825015442798", "acres": 11.5804838175172, "geoid": "06099" }, "geometry": { "type": "Polygon", "coordinates": [ [ [ -120.664138879200962, 37.724179328044485 ], [ -120.664138879728839, 37.723820001597886 ], [ -120.664498206647252, 37.723820002214254 ], [ -120.664498205116843, 37.723281013350139 ], [ -120.663869384690457, 37.723281012637777 ], [ -120.663869384528766, 37.724179327894937 ], [ -120.663599889600007, 37.724448822915321 ], [ -120.662701575690363, 37.724448822497578 ], [ -120.662701575082878, 37.724179328510601 ], [ -120.662072753874355, 37.724179328198971 ], [ -120.66207275470066, 37.724448822590432 ], [ -120.661803260517047, 37.724448822188549 ], [ -120.661803261032787, 37.723550507484333 ], [ -120.661443934746657, 37.72355050737837 ], [ -120.661443934544835, 37.722921686797662 ], [ -120.661803261048306, 37.72301151770889 ], [ -120.661803260893606, 37.723281012173949 ], [ -120.662072755548039, 37.723281012522349 ], [ -120.662072755553311, 37.722921686336264 ], [ -120.6627015755234, 37.722921686540921 ], [ -120.662701576228571, 37.722382697037155 ], [ -120.664138880235384, 37.722921686440642 ], [ -120.664138880224712, 37.722652192074989 ], [ -120.664498205902959, 37.722652191775445 ], [ -120.664498206798271, 37.722382696934787 ], [ -120.665037196189843, 37.722382697607046 ], [ -120.665216859049011, 37.722921686503412 ], [ -120.66503719607303, 37.72301151818364 ], [ -120.665037195738833, 37.723281012351251 ], [ -120.6648575327402, 37.723281012221292 ], [ -120.664857532045929, 37.723550507234265 ], [ -120.665037195581718, 37.724179327769065 ], [ -120.664138879200962, 37.724179328044485 ] ] ] } },
{ "type": "Feature", "properties": { "csb_id": "061825015442815", "acres": 8.0780172588152404, "geoid": "06099" }, "geometry": { "type": "Polygon", "coordinates": [ [ [ -120.793765775138468, 37.725347137510781 ], [ -120.793765775050744, 37.722652191850557 ], [ -120.794035269759789, 37.722382697378912 ], [ -120.79412510246172, 37.721843708541989 ], [ -120.794304765125091, 37.721843707847569 ], [ -120.794484426602466, 37.72202337136887 ], [ -120.794484428127461, 37.722742023292966 ], [ -120.795562406356524, 37.723281013049956 ], [ -120.795562405807686, 37.723550507004973 ], [ -120.795203080163162, 37.723550507406053 ], [ -120.795203080617981, 37.72328101281915 ], [ -120.794933586332903, 37.723281012871105 ], [ -120.794933585674372, 37.723820001567567 ], [ -120.795203080814943, 37.723820001745764 ], [ -120.795203080589914, 37.724448822476752 ], [ -120.794484428214574, 37.724538653811329 ], [ -120.794484427634373, 37.72534713825852 ], [ -120.793765775138468, 37.725347137510781 ] ], [ [ -120.794304764872749, 37.723550507255901 ], [ -120.794035270197526, 37.723550507047484 ], [ -120.794035269106772, 37.723820001788937 ], [ -120.794304764763069, 37.72382000199736 ], [ -120.794304764872749, 37.723550507255901 ] ] ] } },
{ "type": "Feature", "properties": { "csb_id": "061825015442819", "acres": 5.7952354320805801, "geoid": "06099" }, "geometry": { "type": "Polygon", "coordinates": [ [ [ -120.670876244251076, 37.722742023941244 ], [ -120.670876244498785, 37.722113203192464 ], [ -120.67033725547995, 37.722113202798454 ], [ -120.670337255583831, 37.721484382010878 ], [ -120.67078641305983, 37.721125055716229 ], [ -120.671055908207819, 37.721394550784524 ], [ -120.6710559077341, 37.721125055825119 ], [ -120.671505064809594, 37.721125056062384 ], [ -120.671235570684203, 37.721214887949507 ], [ -120.671235569862063, 37.721394551271935 ], [ -120.6716847285726, 37.721394550847677 ], [ -120.671684727707373, 37.721753876836374 ], [ -120.67258304428681, 37.721843708161281 ], [ -120.672583044400753, 37.722382697675833 ], [ -120.672313549801174, 37.722382697208353 ], [ -120.672313549024125, 37.722652192371285 ], [ -120.670876244251076, 37.722742023941244 ] ] ] } },
{ "type": "Feature", "properties": { "csb_id": "061825015442842", "acres": 2.6732664052262298, "geoid": "06099" }, "geometry": { "type": "Polygon", "coordinates": [ [ [ -120.71498352528026, 37.721125056885413 ], [ -120.714983525972173, 37.720586067739639 ], [ -120.716151334576693, 37.720496234282784 ], [ -120.716151335240156, 37.721125056249164 ], [ -120.717408976901112, 37.721214887737553 ], [ -120.717408975326563, 37.721394550419426 ], [ -120.71561234614704, 37.721394551543455 ], [ -120.715612345716934, 37.721125056220863 ], [ -120.71498352528026, 37.721125056885413 ] ] ] } },
{ "type": "Feature", "properties": { "csb_id": "061825015442851", "acres": 5.19035096869721, "geoid": "06099" }, "geometry": { "type": "Polygon", "coordinates": [ [ [ -120.664138880235384, 37.722921686440642 ], [ -120.662791407450911, 37.72238269763146 ], [ -120.662701575650345, 37.721394550900982 ], [ -120.662342249502913, 37.721394550960746 ], [ -120.662342249405029, 37.721214887677633 ], [ -120.662521913149718, 37.721214887551092 ], [ -120.662342249909571, 37.721125055918748 ], [ -120.662701576649411, 37.720855562066752 ], [ -120.663599891669307, 37.720855561545086 ], [ -120.663599891381452, 37.721394550661792 ], [ -120.664138880214054, 37.722382697692275 ], [ -120.664138880235384, 37.722921686440642 ] ] ] } },
{ "type": "Feature", "properties": { "csb_id": "061825015442876", "acres": 13.727358108381701, "geoid": "06099" }, "geometry": { "type": "Polygon", "coordinates": [ [ [ -120.719744596553241, 37.721394550266261 ], [ -120.717678471841197, 37.721394550757061 ], [ -120.717408976901112, 37.721214887737553 ], [ -120.716151335240156, 37.721125056249164 ], [ -120.716330998442743, 37.719957246496506 ], [ -120.718307292445331, 37.719957245972317 ], [ -120.718307292341208, 37.719597920250294 ], [ -120.718576786143643, 37.719328425587022 ], [ -120.718846281849494, 37.719328425646367 ], [ -120.71884628159907, 37.71905893048514 ], [ -120.71947510240058, 37.719058931124358 ], [ -120.719475102143392, 37.720226740468981 ], [ -120.719744596892099, 37.720496235237334 ], [ -120.719924259572224, 37.721125055805011 ], [ -120.719744596553241, 37.721394550266261 ] ] ] } },
{ "type": "Feature", "properties": { "csb_id": "061825015442877", "acres": 6.2928690619913796, "geoid": "06099" }, "geometry": { "type": "Polygon", "coordinates": [ [ [ -120.664138880224712, 37.722652192074989 ], [ -120.664138880214054, 37.722382697692275 ], [ -120.663599891381452, 37.721394550661792 ], [ -120.663599891492211, 37.720496235505763 ], [ -120.664138879845552, 37.72049623567451 ], [ -120.664498206587922, 37.719957246159538 ], [ -120.664498206560978, 37.719328425186184 ], [ -120.664767700836293, 37.719328425915101 ], [ -120.664767701645161, 37.720855561685291 ], [ -120.665037195574129, 37.721214887759594 ], [ -120.664767701538992, 37.721753876926229 ], [ -120.664767701347088, 37.722382697137412 ], [ -120.664498206798271, 37.722382696934787 ], [ -120.664498205902959, 37.722652191775445 ], [ -120.664138880224712, 37.722652192074989 ] ] ] } },
{ "type": "Feature", "properties": { "csb_id": "061825015442897", "acres": 7.6296467403155299, "geoid": "06099" }, "geometry": { "type": "Polygon", "coordinates": [ [ [ -120.662701576649411, 37.720855562066752 ], [ -120.662701576610075, 37.720226741615555 ], [ -120.66324056508509, 37.719957247767944 ], [ -120.663240565545053, 37.719597921881807 ], [ -120.662701576276802, 37.71959792020909 ], [ -120.662701576168928, 37.719058931376495 ], [ -120.663869385410365, 37.719058930713686 ], [ -120.663869386433149, 37.718699604927124 ], [ -120.663599890986248, 37.718609773675752 ], [ -120.66503719548605, 37.718789436334298 ], [ -120.665037195924626, 37.719328424957233 ], [ -120.664498206560978, 37.719328425186184 ], [ -120.664498206587922, 37.719957246159538 ], [ -120.664138879845552, 37.72049623567451 ], [ -120.663599891492211, 37.720496235505763 ], [ -120.663599891669307, 37.720855561545086 ], [ -120.662701576649411, 37.720855562066752 ] ] ] } },
{ "type": "Feature", "properties": { "csb_id": "061825015442913", "acres": 3.04405220409912, "geoid": "06099" }, "geometry": { "type": "Polygon", "coordinates": [ [ [ -120.657850673432861, 37.720226740990014 ], [ -120.657850673516293, 37.719957245629871 ], [ -120.658120168405375, 37.719957245697231 ], [ -120.658120167600444, 37.719597919673625 ], [ -120.659377809268818, 37.719597919707041 ], [ -120.65937780974987, 37.719058931141511 ], [ -120.659647303651397, 37.719058931055756 ], [ -120.659647303691429, 37.719328425030277 ], [ -120.66000663022426, 37.719328425215998 ], [ -120.660006629875667, 37.719957245761648 ], [ -120.65910831457829, 37.719957246136765 ], [ -120.659108315164175, 37.720226740458955 ], [ -120.657850673432861, 37.720226740990014 ] ] ] } },
{ "type": "Feature", "properties": { "csb_id": "061825015442939", "acres": 13.210517246069699, "geoid": "06099" }, "geometry": { "type": "Polygon", "coordinates": [ [ [ -120.718307292445331, 37.719957245972317 ], [ -120.715253018914581, 37.719957246501075 ], [ -120.715253020281466, 37.719597919854081 ], [ -120.715702177302646, 37.719597919788917 ], [ -120.715702177778809, 37.719058931256633 ], [ -120.71561234665738, 37.718789436103982 ], [ -120.714983525770322, 37.718789436357824 ], [ -120.714983524830288, 37.71843010943828 ], [ -120.717408976336657, 37.718430109758202 ], [ -120.717408976804393, 37.718250447180644 ], [ -120.718576786334609, 37.718250447252707 ], [ -120.719475102337995, 37.718519941557297 ], [ -120.719475102457054, 37.718699605041344 ], [ -120.71884628159907, 37.71905893048514 ], [ -120.718846281849494, 37.719328425646367 ], [ -120.718576786143643, 37.719328425587022 ], [ -120.718307292341208, 37.719597920250294 ], [ -120.718307292445331, 37.719957245972317 ] ] ] } },
{ "type": "Feature", "properties": { "csb_id": "061825015442941", "acres": 30.846378140297201, "geoid": "06099" }, "geometry": { "type": "Polygon", "coordinates": [ [ [ -120.660006629862622, 37.722921686527734 ], [ -120.660006630434694, 37.722652191460035 ], [ -120.659647303336101, 37.722652191747713 ], [ -120.659377808953096, 37.722382697504422 ], [ -120.65937780965389, 37.721394550124252 ], [ -120.65910831477386, 37.721394550828201 ], [ -120.659108314415221, 37.720855561223104 ], [ -120.65910831457829, 37.719957246136765 ], [ -120.660006629875667, 37.719957245761648 ], [ -120.660006630759213, 37.719597920264796 ], [ -120.660545618939935, 37.719597920222363 ], [ -120.660545618358086, 37.718160615695439 ], [ -120.660006628689942, 37.718160615440112 ], [ -120.660006629314779, 37.717621626638994 ], [ -120.662162586666739, 37.718519942840153 ], [ -120.663869386433149, 37.718699604927124 ], [ -120.663869385410365, 37.719058930713686 ], [ -120.662701576168928, 37.719058931376495 ], [ -120.662701576276802, 37.71959792020909 ], [ -120.662162586354725, 37.719687751624434 ], [ -120.661893091951569, 37.720047077635428 ], [ -120.662072755346344, 37.720496235685673 ], [ -120.662072754766513, 37.721125056043675 ], [ -120.662342249909571, 37.721125055918748 ], [ -120.66234224829779, 37.721753876870892 ], [ -120.662701576189235, 37.721753876811086 ], [ -120.662791407450911, 37.72238269763146 ], [ -120.661443934962421, 37.72238269740086 ], [ -120.661443934544835, 37.722921686797662 ], [ -120.660006629862622, 37.722921686527734 ] ] ] } },
{ "type": "Feature", "properties": { "csb_id": "061825015442951", "acres": 7.3468128267375201, "geoid": "06099" }, "geometry": { "type": "Polygon", "coordinates": [ [ [ -120.658120167600444, 37.719597919673625 ], [ -120.6581201674922, 37.718430110291735 ], [ -120.658479494326784, 37.718160615312144 ], [ -120.658120167995477, 37.718160615451218 ], [ -120.658120168297515, 37.717801289046861 ], [ -120.659108315132272, 37.717801288937494 ], [ -120.659647304289848, 37.717531794954262 ], [ -120.660006629314779, 37.717621626638994 ], [ -120.660006628689942, 37.718160615440112 ], [ -120.65964730421021, 37.718160615078901 ], [ -120.659647303437154, 37.71843011020173 ], [ -120.660006630331821, 37.718430110334005 ], [ -120.660006629448304, 37.718789435929523 ], [ -120.659826966817306, 37.719058931166394 ], [ -120.65937780974987, 37.719058931141511 ], [ -120.659377809268818, 37.719597919707041 ], [ -120.658120167600444, 37.719597919673625 ] ] ] } },
{ "type": "Feature", "properties": { "csb_id": "061825015442952", "acres": 36.489065301587701, "geoid": "06099" }, "geometry": { "type": "Polygon", "coordinates": [ [ [ -120.657850673359377, 37.7232810126754 ], [ -120.657401515328161, 37.723011518388219 ], [ -120.65677269458827, 37.722921686494672 ], [ -120.656682863319773, 37.723281013195447 ], [ -120.65632353750857, 37.72328101295038 ], [ -120.656143874007455, 37.722652192431681 ], [ -120.655425222491274, 37.722382697430511 ], [ -120.654976064759708, 37.720496235662729 ], [ -120.656952357614585, 37.720496235263518 ], [ -120.656952357679543, 37.719957245933628 ], [ -120.656682863671975, 37.719957245873502 ], [ -120.656682863688559, 37.718160615366969 ], [ -120.656952358385752, 37.718160615778416 ], [ -120.657042189362215, 37.71753179483391 ], [ -120.657581178992771, 37.717352131401263 ], [ -120.659737136024901, 37.717441963549476 ], [ -120.659108315132272, 37.717801288937494 ], [ -120.658120168297515, 37.717801289046861 ], [ -120.658120168405375, 37.719957245697231 ], [ -120.657850673516293, 37.719957245629871 ], [ -120.657850673432861, 37.720226740990014 ], [ -120.659108315164175, 37.720226740458955 ], [ -120.65910831477386, 37.721394550828201 ], [ -120.65937780965389, 37.721394550124252 ], [ -120.659377808953096, 37.722382697504422 ], [ -120.659647303336101, 37.722652191747713 ], [ -120.660006630434694, 37.722652191460035 ], [ -120.660006629862622, 37.722921686527734 ], [ -120.657850673359377, 37.7232810126754 ] ], [ [ -120.656323537085655, 37.721394550984719 ], [ -120.65605404286174, 37.721394550344506 ], [ -120.656054043376145, 37.721753876972542 ], [ -120.65632353750722, 37.721753876979236 ], [ -120.656323537085655, 37.721394550984719 ] ] ] } },
{ "type": "Feature", "properties": { "csb_id": "061825015442953", "acres": 11.1479093825028, "geoid": "06099" }, "geometry": { "type": "Polygon", "coordinates": [ [ [ -120.656952357614585, 37.720496235263518 ], [ -120.654976064759708, 37.720496235662729 ], [ -120.654976064470105, 37.720855561450847 ], [ -120.654526907395166, 37.720855561621867 ], [ -120.654526906774819, 37.720226740879141 ], [ -120.654257412132935, 37.719687751941748 ], [ -120.654077749272389, 37.719687752481015 ], [ -120.654886232938665, 37.719328425762498 ], [ -120.655814725673764, 37.718280624953415 ], [ -120.656682864324651, 37.717801290336112 ], [ -120.656952358527022, 37.717801289656258 ], [ -120.656952358385752, 37.718160615778416 ], [ -120.656682863688559, 37.718160615366969 ], [ -120.656682863671975, 37.719957245873502 ], [ -120.656952357679543, 37.719957245933628 ], [ -120.656952357614585, 37.720496235263518 ] ] ] } },
{ "type": "Feature", "properties": { "csb_id": "061825015442978", "acres": 2.9758813012124299, "geoid": "06099" }, "geometry": { "type": "Polygon", "coordinates": [ [ [ -120.94073015693138, 37.717262301027183 ], [ -120.940730156793379, 37.716004658960671 ], [ -120.940999651048969, 37.715735164350477 ], [ -120.941358976318369, 37.715735164487612 ], [ -120.941358976709594, 37.716363984810002 ], [ -120.941718303480371, 37.716453816311095 ], [ -120.941628472365124, 37.717262300617541 ], [ -120.94073015693138, 37.717262301027183 ] ] ] } },
{ "type": "Feature", "properties": { "csb_id": "061825015443003", "acres": 15.6158768438652, "geoid": "06099" }, "geometry": { "type": "Polygon", "coordinates": [ [ [ -120.653359097192507, 37.718699604258262 ], [ -120.653089602292539, 37.718430110150628 ], [ -120.653089602078666, 37.717262300261055 ], [ -120.653359096690295, 37.717262300567363 ], [ -120.653359096545358, 37.716633479399427 ], [ -120.653628591375764, 37.716633479514947 ], [ -120.654347243431602, 37.715465669630298 ], [ -120.655425222683718, 37.715196175237018 ], [ -120.655425221757639, 37.715735163973456 ], [ -120.655604885135517, 37.716004658818498 ], [ -120.655155727171291, 37.716004659265693 ], [ -120.654886233275775, 37.717262300502284 ], [ -120.655155727955645, 37.717262300517845 ], [ -120.655425221765881, 37.717531794728991 ], [ -120.655515054058441, 37.718160615785756 ], [ -120.653987917618338, 37.719328425093117 ], [ -120.653359097337443, 37.71932842512026 ], [ -120.653359097192507, 37.718699604258262 ] ] ] } },
{ "type": "Feature", "properties": { "csb_id": "061825015443004", "acres": 23.485649884157802, "geoid": "06099" }, "geometry": { "type": "Polygon", "coordinates": [ [ [ -120.651113308875651, 37.721574213660304 ], [ -120.651113308918454, 37.720945393342198 ], [ -120.650753982645369, 37.720855561456339 ], [ -120.650933646057752, 37.720855562591588 ], [ -120.650933645371438, 37.719957246034831 ], [ -120.651562466880307, 37.719957246436877 ], [ -120.650933646100015, 37.719597919520993 ], [ -120.650933645272659, 37.719058931013464 ], [ -120.65066415060555, 37.719058930470041 ], [ -120.650664151562722, 37.718160615716613 ], [ -120.651113308688309, 37.718160615299738 ], [ -120.6511133088745, 37.717891121165735 ], [ -120.650933644795487, 37.71780128936544 ], [ -120.651831959770277, 37.717801289381221 ], [ -120.652011623768487, 37.71726230043889 ], [ -120.651831961414956, 37.71672331122496 ], [ -120.650933645536881, 37.716633479674371 ], [ -120.650933644976334, 37.716363984809853 ], [ -120.652191285897985, 37.716363984956622 ], [ -120.652460781919942, 37.71600465900336 ], [ -120.653359096694203, 37.716004659000646 ], [ -120.653359096690295, 37.717262300567363 ], [ -120.653089602078666, 37.717262300261055 ], [ -120.653089602292539, 37.718430110150628 ], [ -120.653359097192507, 37.718699604258262 ], [ -120.653359097337443, 37.71932842512026 ], [ -120.653987917618338, 37.719328425093117 ], [ -120.651113308875651, 37.721574213660304 ] ] ] } },
{ "type": "Feature", "properties": { "csb_id": "061825015443044", "acres": 14.015967174453801, "geoid": "06099" }, "geometry": { "type": "Polygon", "coordinates": [ [ [ -120.659198146618905, 37.716992806004825 ], [ -120.657401516220773, 37.717082637263559 ], [ -120.656233706209591, 37.717621626601598 ], [ -120.655515054058441, 37.718160615785756 ], [ -120.655425222003174, 37.717801289274092 ], [ -120.655784548667739, 37.717801289258716 ], [ -120.655784547666173, 37.717352131656398 ], [ -120.656054043352384, 37.717262300311731 ], [ -120.656054042801003, 37.716363984892205 ], [ -120.655425221757639, 37.715735163973456 ], [ -120.655784548131621, 37.715735164713998 ], [ -120.656054043723643, 37.715106344480837 ], [ -120.656682863683329, 37.715106344445132 ], [ -120.657221852815852, 37.715465669489959 ], [ -120.659108314939175, 37.716004659237633 ], [ -120.659108314417452, 37.716363984985144 ], [ -120.658479493827386, 37.716363985290968 ], [ -120.658479494338238, 37.716633479383262 ], [ -120.660006629680979, 37.716902974586475 ], [ -120.66000662990443, 37.717262300082297 ], [ -120.659198146618905, 37.716992806004825 ] ] ] } },
{ "type": "Feature", "properties": { "csb_id": "061825015443054", "acres": 9.2497458621029907, "geoid": "06099" }, "geometry": { "type": "Polygon", "coordinates": [ [ [ -120.810384608703416, 37.716363984598551 ], [ -120.810384608638074, 37.716094490172345 ], [ -120.809755788076117, 37.716363984516157 ], [ -120.80975578836113, 37.716633479326617 ], [ -120.808767640671604, 37.716633479757434 ], [ -120.808767641474873, 37.716363984545545 ], [ -120.809216798557912, 37.71636398511712 ], [ -120.809216799162812, 37.715555501504085 ], [ -120.808857472315268, 37.715555501502777 ], [ -120.80885747250835, 37.715196175473878 ], [ -120.809396461355959, 37.714836849190604 ], [ -120.810654102740315, 37.71492668027858 ], [ -120.810833766675884, 37.71456735392043 ], [ -120.811732081332522, 37.714567354796074 ], [ -120.811552418251608, 37.715196174911682 ], [ -120.811911744909281, 37.715196174962699 ], [ -120.81191174517123, 37.715824995919213 ], [ -120.811552419076705, 37.715824996039245 ], [ -120.811552418079984, 37.715555500887838 ], [ -120.811013429278418, 37.715555501267893 ], [ -120.811013428986456, 37.716453816532223 ], [ -120.810833765940956, 37.716633479488266 ], [ -120.810384608703416, 37.716363984598551 ] ], [ [ -120.810384608518845, 37.715196175581902 ], [ -120.80948629315958, 37.715106343455481 ], [ -120.809486293394968, 37.715196175298132 ], [ -120.810115114061958, 37.715196174697063 ], [ -120.810115114631103, 37.715824996107564 ], [ -120.810384608572761, 37.715824995729072 ], [ -120.810384608518845, 37.715196175581902 ] ] ] } },
{ "type": "Feature", "properties": { "csb_id": "061825015443069", "acres": 3.8834114729935498, "geoid": "06099" }, "geometry": { "type": "Polygon", "coordinates": [ [ [ -120.93659790553609, 37.714567354333774 ], [ -120.936597905833736, 37.714208028137321 ], [ -120.937136895298366, 37.713309713123309 ], [ -120.937855547506132, 37.71339954529661 ], [ -120.937855546879888, 37.713938533402825 ], [ -120.938304705580123, 37.713938533716984 ], [ -120.93830470504065, 37.714567354615539 ], [ -120.93659790553609, 37.714567354333774 ] ] ] } },
{ "type": "Feature", "properties": { "csb_id": "061825015443075", "acres": 8.1081353586787408, "geoid": "06099" }, "geometry": { "type": "Polygon", "coordinates": [ [ [ -120.756755186311125, 37.716902975263679 ], [ -120.755677208092166, 37.716902973955825 ], [ -120.755677208289057, 37.714208028452852 ], [ -120.755856871007637, 37.714208027886414 ], [ -120.75585687052822, 37.713938534040651 ], [ -120.756126365174211, 37.713938533758274 ], [ -120.756126365145249, 37.713579207282059 ], [ -120.756485692030324, 37.713579207320571 ], [ -120.756306028335757, 37.714567354120589 ], [ -120.756755186503085, 37.716004658467583 ], [ -120.757024681218255, 37.716004658671373 ], [ -120.757024680885465, 37.716363984998708 ], [ -120.756755185968998, 37.716363984565113 ], [ -120.756755186693383, 37.716633479808031 ], [ -120.757024681484197, 37.716633480471479 ], [ -120.757024680386294, 37.716902974432607 ], [ -120.757653501173309, 37.716902973914031 ], [ -120.757653501679115, 37.717262300624903 ], [ -120.757384006517682, 37.717262300028942 ], [ -120.757384006421091, 37.717801289808357 ], [ -120.757024680660948, 37.717801289773782 ], [ -120.756755186311125, 37.716902975263679 ] ] ] } },
{ "type": "Feature", "properties": { "csb_id": "061825015443199", "acres": 3.3874515502810199, "geoid": "06099" }, "geometry": { "type": "Polygon", "coordinates": [ [ [ -120.944323417399232, 37.710794430676692 ], [ -120.942526786375126, 37.710614767012565 ], [ -120.942796281777674, 37.710075778721453 ], [ -120.942526786432424, 37.709806283399757 ], [ -120.943514932957868, 37.709716450817986 ], [ -120.943425102180242, 37.709985947510475 ], [ -120.944323418126075, 37.709985947471232 ], [ -120.944323416984844, 37.710614766849623 ], [ -120.944772575792854, 37.710614767744367 ], [ -120.944323417399232, 37.710794430676692 ] ] ] } },
{ "type": "Feature", "properties": { "csb_id": "061825015443201", "acres": 12.0018198334835, "geoid": "06099" }, "geometry": { "type": "Polygon", "coordinates": [ [ [ -120.755228050646338, 37.713938534031769 ], [ -120.755228050389661, 37.712141903124689 ], [ -120.754958555643569, 37.712141902801193 ], [ -120.754958556018451, 37.71124358763511 ], [ -120.754689061222251, 37.711243587405569 ], [ -120.754689061529163, 37.710884262078551 ], [ -120.754958555004663, 37.710614766985259 ], [ -120.754958555392406, 37.709985946873736 ], [ -120.755587376505559, 37.71007577791881 ], [ -120.7561263651491, 37.71088426184442 ], [ -120.756126364883045, 37.711243587688152 ], [ -120.75675518628988, 37.711333419754261 ], [ -120.75648569165206, 37.71214190340941 ], [ -120.756126365619494, 37.712141902795622 ], [ -120.756485692207107, 37.712411397829499 ], [ -120.756755186605858, 37.712411397825022 ], [ -120.7564856920268, 37.713040218382574 ], [ -120.756485692030324, 37.713579207320571 ], [ -120.756126365145249, 37.713579207282059 ], [ -120.756126365174211, 37.713938533758274 ], [ -120.755228050646338, 37.713938534031769 ] ] ] } },
{ "type": "Feature", "properties": { "csb_id": "061825015443204", "acres": 4.3129560517742096, "geoid": "06099" }, "geometry": { "type": "Polygon", "coordinates": [ [ [ -120.941628471424906, 37.710704598994084 ], [ -120.940819988547688, 37.710345272782419 ], [ -120.940370830661749, 37.709985946557353 ], [ -120.940370830560511, 37.709716451816639 ], [ -120.942257292064994, 37.709716451505621 ], [ -120.942796281777674, 37.710075778721453 ], [ -120.942526786375126, 37.710614767012565 ], [ -120.941628471424906, 37.710704598994084 ] ] ] } },
{ "type": "Feature", "properties": { "csb_id": "061825015443248", "acres": 12.7828394831112, "geoid": "06099" }, "geometry": { "type": "Polygon", "coordinates": [ [ [ -120.737351575639082, 37.710884261996426 ], [ -120.736632924465027, 37.710614766646742 ], [ -120.736004101727389, 37.710614767246128 ], [ -120.736004102462587, 37.710884261948486 ], [ -120.735375281934949, 37.710884262065939 ], [ -120.735375281275225, 37.710614767822861 ], [ -120.735105787944462, 37.710614766971148 ], [ -120.735105787488976, 37.709985946945608 ], [ -120.735734608625194, 37.709446957073027 ], [ -120.735824440400151, 37.708279147400603 ], [ -120.737800733673708, 37.708189315442134 ], [ -120.737800733659952, 37.708548642392181 ], [ -120.737531239146449, 37.708548642241887 ], [ -120.737261744470302, 37.710345272167238 ], [ -120.738160059182206, 37.710345272312992 ], [ -120.737980396360541, 37.710704598808398 ], [ -120.738249891786694, 37.710704598481897 ], [ -120.738249891062381, 37.71088426176663 ], [ -120.737351575639082, 37.710884261996426 ] ] ] } },
{ "type": "Feature", "properties": { "csb_id": "061825015443249", "acres": 11.9339421829372, "geoid": "06099" }, "geometry": { "type": "Polygon", "coordinates": [ [ [ -120.733578652028129, 37.710884261386738 ], [ -120.733758315123751, 37.709177462230748 ], [ -120.733578651562624, 37.709087631153515 ], [ -120.733578651934835, 37.707919821503893 ], [ -120.734027809383093, 37.707111337873023 ], [ -120.734207472610976, 37.707291000913585 ], [ -120.734207472642737, 37.707650327082725 ], [ -120.735105787398709, 37.708638473774606 ], [ -120.735105788192925, 37.70881813617271 ], [ -120.735734607550569, 37.708818136816461 ], [ -120.735734608625194, 37.709446957073027 ], [ -120.735105787488976, 37.709985946945608 ], [ -120.735105787944462, 37.710614766971148 ], [ -120.734836293466017, 37.710704598319474 ], [ -120.734836292794469, 37.710884261721112 ], [ -120.733578652028129, 37.710884261386738 ] ] ] } },
{ "type": "Feature", "properties": { "csb_id": "061825015443302", "acres": 10.236325098964, "geoid": "06099" }, "geometry": { "type": "Polygon", "coordinates": [ [ [ -120.747592370319808, 37.708548642338833 ], [ -120.747233044359774, 37.707919821648176 ], [ -120.747233044212152, 37.70738083214971 ], [ -120.747592370363549, 37.707291000755667 ], [ -120.74759236968373, 37.706841842902435 ], [ -120.747233044064515, 37.706841842581944 ], [ -120.747233043965721, 37.706213022701704 ], [ -120.748670348990387, 37.706123190435584 ], [ -120.748939843536348, 37.70639268567065 ], [ -120.748939842860324, 37.707021505924033 ], [ -120.749209338151815, 37.707021506328893 ], [ -120.749209337626766, 37.708189315719338 ], [ -120.7489398431008, 37.708189316119935 ], [ -120.748939843722539, 37.708728305225321 ], [ -120.747592370319808, 37.708548642338833 ] ] ] } },
{ "type": "Feature", "properties": { "csb_id": "061825015443312", "acres": 13.280890176881201, "geoid": "06099" }, "geometry": { "type": "Polygon", "coordinates": [ [ [ -120.735105788192925, 37.70881813617271 ], [ -120.735105787398709, 37.708638473774606 ], [ -120.734207472642737, 37.707650327082725 ], [ -120.734207472515735, 37.706213022221206 ], [ -120.736004103439043, 37.70612319020114 ], [ -120.736632923291751, 37.706392685290069 ], [ -120.736632923069067, 37.707291000553006 ], [ -120.736902417136861, 37.707291000907396 ], [ -120.737261743349165, 37.707650327079058 ], [ -120.736632924322336, 37.707650327064357 ], [ -120.736632923436986, 37.707919820921418 ], [ -120.736902418686824, 37.707919821505456 ], [ -120.73690241878235, 37.70818931534518 ], [ -120.736004102929058, 37.708189316218395 ], [ -120.735824440400151, 37.708279147400603 ], [ -120.735734607550569, 37.708818136816461 ], [ -120.735105788192925, 37.70881813617271 ] ] ] } },
{ "type": "Feature", "properties": { "csb_id": "061825015443318", "acres": 7.5138924669920701, "geoid": "06099" }, "geometry": { "type": "Polygon", "coordinates": [ [ [ -120.966062647189148, 37.707111337200352 ], [ -120.964445680145261, 37.707021506249525 ], [ -120.964445680203141, 37.706752011414025 ], [ -120.963637196410033, 37.706752011048209 ], [ -120.963637195775746, 37.706213022715367 ], [ -120.966242310487388, 37.706123190772381 ], [ -120.966242310550385, 37.705763864268143 ], [ -120.967499952143811, 37.70576386445174 ], [ -120.967320288859554, 37.705853696699023 ], [ -120.967320288866418, 37.70648251763145 ], [ -120.966421973533642, 37.706482517502245 ], [ -120.966421974342467, 37.70684184394478 ], [ -120.966062647189148, 37.707111337200352 ] ] ] } },
{ "type": "Feature", "properties": { "csb_id": "061825015443381", "acres": 97.303297968374494, "geoid": "06099" }, "geometry": { "type": "Polygon", "coordinates": [ [ [ -120.75585687032158, 37.70971645171462 ], [ -120.75540771310888, 37.709716451453957 ], [ -120.752572230524379, 37.708958673824661 ], [ -120.74992799047655, 37.708818136857573 ], [ -120.748939843515288, 37.708548642197883 ], [ -120.7489398431008, 37.708189316119935 ], [ -120.749209337626766, 37.708189315719338 ], [ -120.749209337441613, 37.707919820910938 ], [ -120.749838158402554, 37.707650326379976 ], [ -120.749209337551321, 37.707650326947373 ], [ -120.749209338151815, 37.707021506328893 ], [ -120.748939842860324, 37.707021505924033 ], [ -120.748939843655975, 37.70675201104055 ], [ -120.74920933764578, 37.706392685845742 ], [ -120.748939843536348, 37.70639268567065 ], [ -120.748939843606678, 37.705494369725891 ], [ -120.749209337555058, 37.704865549361209 ], [ -120.749568663688393, 37.704865549148408 ], [ -120.749568663562215, 37.703697739635317 ], [ -120.750466979406013, 37.703697739272876 ], [ -120.750466979447467, 37.703967234410158 ], [ -120.75118563098556, 37.704057065290442 ], [ -120.751185631622747, 37.703697739115654 ], [ -120.752263609898975, 37.703518076146359 ], [ -120.752892430988112, 37.703518076503855 ], [ -120.752892429942477, 37.703697739228673 ], [ -120.753161925527777, 37.703697739407538 ], [ -120.754060240390189, 37.703518076464611 ], [ -120.754689060808076, 37.703697739421813 ], [ -120.75468906081403, 37.703518076007555 ], [ -120.755856870606692, 37.703697739306676 ], [ -120.755856870287104, 37.703518076294991 ], [ -120.756126365070045, 37.703518076417993 ], [ -120.75612636529074, 37.703967234392351 ], [ -120.756575522592499, 37.704057065690499 ], [ -120.756485691103705, 37.707291000781716 ], [ -120.756126366141842, 37.707650327236848 ], [ -120.756126365447869, 37.708189315543549 ], [ -120.756485691849605, 37.708548643094993 ], [ -120.756575521794034, 37.709177463753619 ], [ -120.756485692009122, 37.710345272658834 ], [ -120.756186721130803, 37.710284916856907 ], [ -120.75585687032158, 37.70971645171462 ] ] ] } },
{ "type": "Feature", "properties": { "csb_id": "061825015443382", "acres": 11.407705642786899, "geoid": "06099" }, "geometry": { "type": "Polygon", "coordinates": [ [ [ -120.747592370277573, 37.706123190996095 ], [ -120.747592370149945, 37.705853696341194 ], [ -120.747233044653811, 37.70576386582475 ], [ -120.747233043645707, 37.705314707404909 ], [ -120.747592370614072, 37.705224876485424 ], [ -120.74759237006397, 37.704685886180442 ], [ -120.747233043252081, 37.70468588643292 ], [ -120.747412707652344, 37.704057065229037 ], [ -120.748041528766237, 37.703518077209011 ], [ -120.749209337513875, 37.703518076661524 ], [ -120.749568663562215, 37.703697739635317 ], [ -120.749568663688393, 37.704865549148408 ], [ -120.749209337555058, 37.704865549361209 ], [ -120.748939842811041, 37.705763864690418 ], [ -120.748670348990387, 37.706123190435584 ], [ -120.747592370277573, 37.706123190996095 ] ] ] } },
{ "type": "Feature", "properties": { "csb_id": "061825015443384", "acres": 23.1568089899623, "geoid": "06099" }, "geometry": { "type": "Polygon", "coordinates": [ [ [ -120.9876222143738, 37.707021505654289 ], [ -120.987622214543038, 37.706752011592847 ], [ -120.986993393351966, 37.706752011242905 ], [ -120.986993393403296, 37.707021505702137 ], [ -120.986813730523977, 37.707021505858805 ], [ -120.986813730953912, 37.706841844113981 ], [ -120.985915414611469, 37.706841842716877 ], [ -120.985645920673036, 37.706213023059881 ], [ -120.985645919209276, 37.705584202108227 ], [ -120.985915414931767, 37.705584202962918 ], [ -120.985915415602449, 37.704955380989134 ], [ -120.985645920254598, 37.704955381459754 ], [ -120.985466257219059, 37.704326560511731 ], [ -120.98582558397743, 37.70432656002729 ], [ -120.985825584018883, 37.703967233779579 ], [ -120.986723899391066, 37.703068919025903 ], [ -120.986993393486799, 37.703068918691997 ], [ -120.987262888615675, 37.70369773929103 ], [ -120.988520529817166, 37.703697739970174 ], [ -120.988610361630904, 37.70351807687986 ], [ -120.988610360862921, 37.704416392370412 ], [ -120.988340866733751, 37.704685887208747 ], [ -120.988340867182259, 37.705314707764138 ], [ -120.988610361310435, 37.705584202285486 ], [ -120.988969686600868, 37.70558420151783 ], [ -120.988969686860599, 37.706213023097668 ], [ -120.988610361538363, 37.706213022307999 ], [ -120.988610360958148, 37.706841843329528 ], [ -120.988340866060597, 37.707021506032355 ], [ -120.9876222143738, 37.707021505654289 ] ] ] } },
{ "type": "Feature", "properties": { "csb_id": "061825015443444", "acres": 9.8856694230085491, "geoid": "06099" }, "geometry": { "type": "Polygon", "coordinates": [ [ [ -120.850269807616201, 37.704326559887136 ], [ -120.850269807414037, 37.703967233598149 ], [ -120.849910480925914, 37.703697739378946 ], [ -120.849012165798172, 37.703428244716683 ], [ -120.848473176927726, 37.702799424185876 ], [ -120.848473176211996, 37.702170603184619 ], [ -120.849012165706313, 37.701901109230604 ], [ -120.850359638668948, 37.701901108626224 ], [ -120.850359638708994, 37.701362120045069 ], [ -120.849730817836956, 37.701362119903251 ], [ -120.849730818190196, 37.701092625070551 ], [ -120.850629133677373, 37.701092624795713 ], [ -120.850988459362938, 37.701362119761086 ], [ -120.850988459366548, 37.702799424087594 ], [ -120.850269807103572, 37.702889255407669 ], [ -120.850269805693472, 37.703068919379398 ], [ -120.849910481430825, 37.703158749767724 ], [ -120.849910480625311, 37.703428244697385 ], [ -120.850539302019655, 37.703967234193478 ], [ -120.850539302127331, 37.70432655985114 ], [ -120.850269807616201, 37.704326559887136 ] ] ] } },
{ "type": "Feature", "properties": { "csb_id": "061825015443460", "acres": 13.3795469138312, "geoid": "06099" }, "geometry": { "type": "Polygon", "coordinates": [ [ [ -120.849640986821868, 37.700733299369318 ], [ -120.849461323212637, 37.700823130375902 ], [ -120.850539302266924, 37.700373972865762 ], [ -120.850539302186164, 37.700104478369589 ], [ -120.850808795834268, 37.699834983673497 ], [ -120.850808796895762, 37.700104478187093 ], [ -120.852066437392978, 37.700373973139406 ], [ -120.852605427045816, 37.7012722877814 ], [ -120.852605426952934, 37.701721445952749 ], [ -120.852785089463438, 37.701990940223403 ], [ -120.852335932769194, 37.702799424361579 ], [ -120.851707111703547, 37.702799424515511 ], [ -120.85170711179731, 37.702529929253821 ], [ -120.851168122422351, 37.702529929302578 ], [ -120.851168122579324, 37.702799424102949 ], [ -120.850988459366548, 37.702799424087594 ], [ -120.850988459362938, 37.701362119761086 ], [ -120.850629133677373, 37.701092624795713 ], [ -120.849730818190196, 37.701092625070551 ], [ -120.849730817836956, 37.701362119903251 ], [ -120.848742670973095, 37.701272287862942 ], [ -120.848563007949409, 37.701092624886954 ], [ -120.848473177193796, 37.700373973632516 ], [ -120.849012166370827, 37.700104478748742 ], [ -120.849371491809009, 37.700104478121979 ], [ -120.849640986821868, 37.700733299369318 ] ], [ [ -120.852066437305552, 37.701272288243565 ], [ -120.852335932728735, 37.701272288194879 ], [ -120.852335931936224, 37.701002793465527 ], [ -120.852066437493789, 37.701002793514157 ], [ -120.852066437305552, 37.701272288243565 ] ], [ [ -120.851257954067023, 37.702260435139756 ], [ -120.85188677438822, 37.702260434655173 ], [ -120.851886774124182, 37.701990940220469 ], [ -120.851257953583158, 37.701990940304505 ], [ -120.851257954067023, 37.702260435139756 ] ] ] } },
{ "type": "Feature", "properties": { "csb_id": "061825015443497", "acres": 4.1183270434695904, "geoid": "06099" }, "geometry": { "type": "Polygon", "coordinates": [ [ [ -120.577631118303074, 37.701901109261087 ], [ -120.576732803022892, 37.701901109392232 ], [ -120.576732802832311, 37.701631614797748 ], [ -120.577271791901424, 37.701631614021601 ], [ -120.577271792164836, 37.701002793682129 ], [ -120.577002297818979, 37.701002793416322 ], [ -120.577092129480107, 37.699206163196692 ], [ -120.577271792355845, 37.698936669046546 ], [ -120.577631118304197, 37.698936668222068 ], [ -120.577631118303074, 37.701901109261087 ] ] ] } },
{ "type": "Feature", "properties": { "csb_id": "061825015443499", "acres": 12.9503250425154, "geoid": "06099" }, "geometry": { "type": "Polygon", "coordinates": [ [ [ -120.576732803022892, 37.701901109392232 ], [ -120.575475161765169, 37.701901109322627 ], [ -120.575475161722835, 37.701272288539933 ], [ -120.575205667106914, 37.701002793397429 ], [ -120.575654824784181, 37.699206163050185 ], [ -120.575654825146202, 37.698038353362456 ], [ -120.575834487759863, 37.697948521534656 ], [ -120.576373477467399, 37.697948521840047 ], [ -120.576373476963681, 37.698936668429255 ], [ -120.576732803623869, 37.699206163067515 ], [ -120.577092129480107, 37.699206163196692 ], [ -120.577002297818979, 37.701002793416322 ], [ -120.577271792164836, 37.701002793682129 ], [ -120.577271791901424, 37.701631614021601 ], [ -120.576732802832311, 37.701631614797748 ], [ -120.576732803022892, 37.701901109392232 ] ] ] } },
{ "type": "Feature", "properties": { "csb_id": "061825015443544", "acres": 14.278052555177, "geoid": "06099" }, "geometry": { "type": "Polygon", "coordinates": [ [ [ -120.953665896915609, 37.698936668390822 ], [ -120.953665894987353, 37.697679026938701 ], [ -120.953037076237777, 37.697679026991082 ], [ -120.95303707589288, 37.697050206186539 ], [ -120.952587917774196, 37.696780711872584 ], [ -120.952587918501635, 37.696511216958335 ], [ -120.955462526977655, 37.696511216888929 ], [ -120.955462527270697, 37.696780711932682 ], [ -120.955821853355616, 37.697140037845159 ], [ -120.955732021750336, 37.698936668358883 ], [ -120.953665896915609, 37.698936668390822 ] ] ] } },
{ "type": "Feature", "properties": { "csb_id": "061825015443564", "acres": 7.6318857355335199, "geoid": "06099" }, "geometry": { "type": "Polygon", "coordinates": [ [ [ -120.714175041721845, 37.69866717428868 ], [ -120.714175041099224, 37.697768858454587 ], [ -120.713905546842909, 37.697768858503217 ], [ -120.713905546733173, 37.697140037802598 ], [ -120.714175042315034, 37.697140037927966 ], [ -120.71417504198682, 37.696241722624698 ], [ -120.715073357266007, 37.696241722403713 ], [ -120.715253020324596, 37.69678071151467 ], [ -120.715612346659952, 37.696780711755927 ], [ -120.715612345994785, 37.697409532906981 ], [ -120.715253020222207, 37.697409532839742 ], [ -120.715073356728141, 37.697679026753065 ], [ -120.715253019686159, 37.699026499732739 ], [ -120.714534367788616, 37.699026499704395 ], [ -120.714175041721845, 37.69866717428868 ] ] ] } },
{ "type": "Feature", "properties": { "csb_id": "061825015443600", "acres": 4.8310559047709702, "geoid": "06099" }, "geometry": { "type": "Polygon", "coordinates": [ [ [ -120.649406510081704, 37.696151891053333 ], [ -120.649406509838883, 37.695882396876421 ], [ -120.648508194166197, 37.695882396273461 ], [ -120.648508193901961, 37.695253575819777 ], [ -120.648867520816978, 37.694984081471944 ], [ -120.64976583591482, 37.694984081909269 ], [ -120.649855666556917, 37.69471458786569 ], [ -120.650484488667502, 37.695343407593448 ], [ -120.650484487937703, 37.695972228016508 ], [ -120.650035330377889, 37.696151891012505 ], [ -120.649406510081704, 37.696151891053333 ] ] ] } },
{ "type": "Feature", "properties": { "csb_id": "061825015443607", "acres": 16.4549257465168, "geoid": "06099" }, "geometry": { "type": "Polygon", "coordinates": [ [ [ -120.644735269285093, 37.697050206311026 ], [ -120.643297965271714, 37.696511217694621 ], [ -120.64329796446917, 37.696241722714184 ], [ -120.643567459075413, 37.69615189120654 ], [ -120.643477626789149, 37.695612902781214 ], [ -120.642579312692035, 37.695612902240654 ], [ -120.642579312059866, 37.695253575840603 ], [ -120.643118301887014, 37.695253576135393 ], [ -120.643747122674796, 37.693816271718262 ], [ -120.643747122497032, 37.693456945742561 ], [ -120.644375941044856, 37.693187451279769 ], [ -120.644914932344477, 37.693187450374701 ], [ -120.644914934076439, 37.694714586508212 ], [ -120.645543753762624, 37.694984081088322 ], [ -120.645543752941734, 37.696870543621834 ], [ -120.645274258749637, 37.69705020631698 ], [ -120.644735269285093, 37.697050206311026 ] ] ] } },
{ "type": "Feature", "properties": { "csb_id": "061825015443615", "acres": 21.168856330535998, "geoid": "06099" }, "geometry": { "type": "Polygon", "coordinates": [ [ [ -120.646262406176689, 37.697050206740791 ], [ -120.645543752728074, 37.696780712012554 ], [ -120.645543753762624, 37.694984081088322 ], [ -120.644914934076439, 37.694714586508212 ], [ -120.644914931846202, 37.694355260786914 ], [ -120.645274258940887, 37.694085765809824 ], [ -120.646172574321056, 37.694085766404221 ], [ -120.647070890348473, 37.693456944757926 ], [ -120.647609878573235, 37.693456944983083 ], [ -120.647609878611647, 37.693816271170071 ], [ -120.647969204633995, 37.694355262327804 ], [ -120.648238700061611, 37.694355260233706 ], [ -120.648238699437925, 37.694984081457839 ], [ -120.647969205042031, 37.694984082865396 ], [ -120.647969205587856, 37.69525357595672 ], [ -120.648508193901961, 37.695253575819777 ], [ -120.64850819504737, 37.696151891488626 ], [ -120.647969205297258, 37.696511216891366 ], [ -120.647609879251149, 37.697050206306571 ], [ -120.646262406176689, 37.697050206740791 ] ] ] } },
{ "type": "Feature", "properties": { "csb_id": "061825015443616", "acres": 27.883526541794001, "geoid": "06099" }, "geometry": { "type": "Polygon", "coordinates": [ [ [ -120.642219986979569, 37.696780712101472 ], [ -120.639345378128056, 37.696511217605938 ], [ -120.638896221122835, 37.696241722896097 ], [ -120.638626726102359, 37.696241722225913 ], [ -120.638447063409131, 37.696511216810684 ], [ -120.637728411403117, 37.696511216996413 ], [ -120.637728410705719, 37.69615189093755 ], [ -120.63754874789268, 37.696151890925016 ], [ -120.637458916537156, 37.695882396800336 ], [ -120.63745891620475, 37.695253575447403 ], [ -120.637728410946082, 37.69498408143523 ], [ -120.638177568823352, 37.694984080977825 ], [ -120.638177568121947, 37.694445091854654 ], [ -120.637818242149706, 37.694445091902232 ], [ -120.637818242956698, 37.693906102937348 ], [ -120.638357232306078, 37.69390610296194 ], [ -120.638357232036526, 37.693187450711648 ], [ -120.638896220649826, 37.693187451117446 ], [ -120.63889622040864, 37.693456945048261 ], [ -120.639525042101795, 37.693456945259285 ], [ -120.639525041743113, 37.694355260334731 ], [ -120.639345378794431, 37.694355260205654 ], [ -120.639255547053281, 37.694804418571117 ], [ -120.639255547493164, 37.694984081486865 ], [ -120.639525041691002, 37.695073912944125 ], [ -120.64132167181458, 37.694984080822806 ], [ -120.641321672359112, 37.695253575375105 ], [ -120.641591166945318, 37.695253575897965 ], [ -120.641591166531896, 37.694085765686538 ], [ -120.641950493470105, 37.694085765961923 ], [ -120.64195049268929, 37.694355260396776 ], [ -120.642579313133112, 37.694355260539723 ], [ -120.642579312692035, 37.695612902240654 ], [ -120.643297964561484, 37.695612902157052 ], [ -120.643297966177101, 37.695882396087292 ], [ -120.643567458722245, 37.695972228007541 ], [ -120.643567459075413, 37.69615189120654 ], [ -120.64329796446917, 37.696241722714184 ], [ -120.643297965271714, 37.696511217694621 ], [ -120.642848806941899, 37.696511217651448 ], [ -120.642219986979569, 37.696780712101472 ] ] ] } },
{ "type": "Feature", "properties": { "csb_id": "061825015443632", "acres": 4.9580250114473099, "geoid": "06099" }, "geometry": { "type": "Polygon", "coordinates": [ [ [ -120.648867520816978, 37.694984081471944 ], [ -120.648867521530846, 37.693187452545082 ], [ -120.649586172743227, 37.693187451290562 ], [ -120.650304824466986, 37.694085765634085 ], [ -120.650304824658761, 37.694355260614856 ], [ -120.650035330354527, 37.694714586361364 ], [ -120.649855666556917, 37.69471458786569 ], [ -120.64976583591482, 37.694984081909269 ], [ -120.648867520816978, 37.694984081471944 ] ] ] } },
{ "type": "Feature", "properties": { "csb_id": "061825015443653", "acres": 3.9039828657322402, "geoid": "06099" }, "geometry": { "type": "Polygon", "coordinates": [ [ [ -120.647340385014147, 37.693456945053889 ], [ -120.647340385062591, 37.693187450349157 ], [ -120.648238699258343, 37.693187450331351 ], [ -120.648238699945111, 37.692917956647285 ], [ -120.648867520155164, 37.692917956044909 ], [ -120.648867519715097, 37.694355260423741 ], [ -120.647969204633995, 37.694355262327804 ], [ -120.647609878611647, 37.693816271170071 ], [ -120.647609878573235, 37.693456944983083 ], [ -120.647340385014147, 37.693456945053889 ] ] ] } },
{ "type": "Feature", "properties": { "csb_id": "061825015443656", "acres": 8.9790723162040802, "geoid": "06099" }, "geometry": { "type": "Polygon", "coordinates": [ [ [ -120.928063910438112, 37.695343407698601 ], [ -120.926985932800989, 37.695343407310887 ], [ -120.92662660654257, 37.695073912510388 ], [ -120.926087616666763, 37.694445091915931 ], [ -120.926087616871826, 37.693906102673353 ], [ -120.927345258023436, 37.693906102541192 ], [ -120.927345258819102, 37.693546776465546 ], [ -120.927884247913283, 37.693546777164244 ], [ -120.927884247224256, 37.693906102840927 ], [ -120.928513068813373, 37.693906103234262 ], [ -120.928513068663023, 37.693546777094838 ], [ -120.929680878532096, 37.693456945315546 ], [ -120.929770710240675, 37.693906102974225 ], [ -120.928692731766759, 37.694085765990792 ], [ -120.928063910438112, 37.695343407698601 ] ] ] } },
{ "type": "Feature", "properties": { "csb_id": "061825015443664", "acres": 12.355903554564399, "geoid": "06099" }, "geometry": { "type": "Polygon", "coordinates": [ [ [ -120.744717761254392, 37.696151891267789 ], [ -120.742921131128185, 37.696241722209606 ], [ -120.74292113047953, 37.694355260960215 ], [ -120.742651636286851, 37.69435526061892 ], [ -120.74265163659193, 37.693456944930936 ], [ -120.743819445934463, 37.693456945387354 ], [ -120.744088940139605, 37.693816271480443 ], [ -120.744717761317844, 37.693816271009183 ], [ -120.744717761450744, 37.694355260315369 ], [ -120.744897424023733, 37.694355260381272 ], [ -120.744897424851118, 37.695253575753817 ], [ -120.744717761121493, 37.695612902196295 ], [ -120.744717761254392, 37.696151891267789 ] ] ] } },
{ "type": "Feature", "properties": { "csb_id": "061825015443665", "acres": 22.8671730574723, "geoid": "06099" }, "geometry": { "type": "Polygon", "coordinates": [ [ [ -120.741124500082194, 37.69651121702185 ], [ -120.741124500120378, 37.696151891220794 ], [ -120.739327868249788, 37.696151891007204 ], [ -120.739327869934783, 37.694714587023419 ], [ -120.739058374874332, 37.694714586960174 ], [ -120.739058375202063, 37.694355260253516 ], [ -120.73959736394184, 37.694085766429843 ], [ -120.739956690023774, 37.69345694513607 ], [ -120.740855005794401, 37.69345694547799 ], [ -120.740855005555019, 37.693816271284092 ], [ -120.741393994297994, 37.693816271036468 ], [ -120.741393994429714, 37.693456945633237 ], [ -120.74265163659193, 37.693456944930936 ], [ -120.742651636286851, 37.69435526061892 ], [ -120.74292113047953, 37.694355260960215 ], [ -120.742921131128185, 37.696241722209606 ], [ -120.741753321089803, 37.696241721722515 ], [ -120.741753321357706, 37.696511217176408 ], [ -120.741124500082194, 37.69651121702185 ] ] ] } },
{ "type": "Feature", "properties": { "csb_id": "061825015443666", "acres": 3.5135749579042601, "geoid": "06099" }, "geometry": { "type": "Polygon", "coordinates": [ [ [ -120.645274258940887, 37.694085765809824 ], [ -120.645274259553844, 37.69318745097636 ], [ -120.647340385062591, 37.693187450349157 ], [ -120.647340385014147, 37.693456945053889 ], [ -120.647070890348473, 37.693456944757926 ], [ -120.646172574321056, 37.694085766404221 ], [ -120.645274258940887, 37.694085765809824 ] ] ] } },
{ "type": "Feature", "properties": { "csb_id": "061825015443667", "acres": 8.9595033280678305, "geoid": "06099" }, "geometry": { "type": "Polygon", "coordinates": [ [ [ -120.559395318217199, 37.693277281810502 ], [ -120.560563127801146, 37.693277282646378 ], [ -120.560563128277849, 37.69444509245735 ], [ -120.56209026398993, 37.69444509219349 ], [ -120.562090263733097, 37.694804418554369 ], [ -120.562359758360515, 37.695073912907382 ], [ -120.562719085079877, 37.695073912314093 ], [ -120.562719085360357, 37.694804418458766 ], [ -120.562988579361999, 37.694804418022962 ], [ -120.562988578841171, 37.695343407034663 ], [ -120.562359758172022, 37.695343407379667 ], [ -120.562359759222744, 37.695702733662316 ], [ -120.562719084272786, 37.695702733118623 ], [ -120.562719084284979, 37.695972227777865 ], [ -120.561820769237045, 37.695972227900484 ], [ -120.561820769337885, 37.69534340700816 ], [ -120.560563128254074, 37.695343407126003 ], [ -120.560563127814504, 37.695702733765621 ], [ -120.560293633406673, 37.695702733789027 ], [ -120.56029363342013, 37.695073912776245 ], [ -120.559664813049039, 37.694804418278835 ], [ -120.560024138509363, 37.693546776786256 ], [ -120.559395318081556, 37.693546776935676 ], [ -120.559395318217199, 37.693277281810502 ] ] ] } },
{ "type": "Feature", "properties": { "csb_id": "061825015443679", "acres": 9.2035680318969995, "geoid": "06099" }, "geometry": { "type": "Polygon", "coordinates": [ [ [ -120.64132167181458, 37.694984080822806 ], [ -120.639255547493164, 37.694984081486865 ], [ -120.639345378794431, 37.694355260205654 ], [ -120.639525041743113, 37.694355260334731 ], [ -120.639525042101795, 37.693456945259285 ], [ -120.63889622040864, 37.693456945048261 ], [ -120.638896220649826, 37.693187451117446 ], [ -120.641052177721221, 37.693187450530857 ], [ -120.641052177441352, 37.693816271246931 ], [ -120.641591166406911, 37.693816271691603 ], [ -120.641591166945318, 37.695253575897965 ], [ -120.641321672359112, 37.695253575375105 ], [ -120.64132167181458, 37.694984080822806 ] ] ] } },
{ "type": "Feature", "properties": { "csb_id": "061825015443683", "acres": 6.82223336652714, "geoid": "06099" }, "geometry": { "type": "Polygon", "coordinates": [ [ [ -120.738699047699001, 37.693816271211034 ], [ -120.738699048151759, 37.69318745043681 ], [ -120.739327869533611, 37.692917955936423 ], [ -120.739597364177513, 37.692917955980079 ], [ -120.739597364639323, 37.693187450905626 ], [ -120.740226184468398, 37.693187450606572 ], [ -120.740226185332148, 37.692917955854206 ], [ -120.74265163622907, 37.692917955906815 ], [ -120.74265163659193, 37.693456944930936 ], [ -120.741393994429714, 37.693456945633237 ], [ -120.741393994297994, 37.693816271036468 ], [ -120.740855005555019, 37.693816271284092 ], [ -120.740855005794401, 37.69345694547799 ], [ -120.739956690023774, 37.69345694513607 ], [ -120.73959736394184, 37.694085766429843 ], [ -120.739058375202063, 37.694355260253516 ], [ -120.738699047699001, 37.693816271211034 ] ] ] } },
{ "type": "Feature", "properties": { "csb_id": "061825015443684", "acres": 3.7478348828941601, "geoid": "06099" }, "geometry": { "type": "Polygon", "coordinates": [ [ [ -120.738699048151759, 37.69318745043681 ], [ -120.738699047699001, 37.693816271211034 ], [ -120.7381600594681, 37.693816271444618 ], [ -120.738160059728884, 37.69345694557817 ], [ -120.737261744909731, 37.693456945500081 ], [ -120.737261745010613, 37.693816271310119 ], [ -120.736632923745702, 37.693816271209556 ], [ -120.736004103539287, 37.693456944928926 ], [ -120.736004103393569, 37.693187450822776 ], [ -120.736273597472405, 37.693187450222595 ], [ -120.736273597452382, 37.692917955869149 ], [ -120.738699048151759, 37.69318745043681 ] ] ] } },
{ "type": "Feature", "properties": { "csb_id": "061825015443692", "acres": 8.9402565781036305, "geoid": "06099" }, "geometry": { "type": "Polygon", "coordinates": [ [ [ -120.645274259553844, 37.69318745097636 ], [ -120.645364091252006, 37.69264846128344 ], [ -120.644645438806364, 37.692558629627115 ], [ -120.644645438529025, 37.692019640522417 ], [ -120.64509459607963, 37.691660314803187 ], [ -120.645543753446262, 37.691660313614882 ], [ -120.645543754300817, 37.692019640486571 ], [ -120.646172574426501, 37.692019641144043 ], [ -120.646172574555095, 37.692289135010029 ], [ -120.647070890479228, 37.692289135445989 ], [ -120.647070890695304, 37.692019641755984 ], [ -120.647969205112361, 37.692019640748732 ], [ -120.647969205138821, 37.692289135987608 ], [ -120.648238699462198, 37.692289135336601 ], [ -120.648238699258343, 37.693187450331351 ], [ -120.645274259553844, 37.69318745097636 ] ] ] } },
{ "type": "Feature", "properties": { "csb_id": "061825015443698", "acres": 24.751081443158601, "geoid": "06099" }, "geometry": { "type": "Polygon", "coordinates": [ [ [ -120.774631659928488, 37.696780712174551 ], [ -120.773284187424622, 37.696780711778274 ], [ -120.773284188051619, 37.696151891364465 ], [ -120.773104524873986, 37.69570273360943 ], [ -120.772475703587148, 37.695612901818116 ], [ -120.772475704146146, 37.694984081744231 ], [ -120.772116377653376, 37.694984080995404 ], [ -120.772116378239588, 37.694355262377677 ], [ -120.771757051183954, 37.694355260397828 ], [ -120.771757051154765, 37.692289135586044 ], [ -120.772116377940364, 37.692019640809086 ], [ -120.773284187451793, 37.692019640604705 ], [ -120.773284187093537, 37.692378966927286 ], [ -120.773733344621675, 37.692378967160224 ], [ -120.773913007899779, 37.692109472499283 ], [ -120.774451997480682, 37.692019641113703 ], [ -120.77445199678877, 37.696241722681769 ], [ -120.774631659928488, 37.696780712174551 ] ] ] } },
{ "type": "Feature", "properties": { "csb_id": "061825015443699", "acres": 4.2651259117573401, "geoid": "06099" }, "geometry": { "type": "Polygon", "coordinates": [ [ [ -120.744088940139605, 37.693816271480443 ], [ -120.743819445934463, 37.693456945387354 ], [ -120.74265163659193, 37.693456944930936 ], [ -120.742651635857356, 37.693187450542531 ], [ -120.742921129911707, 37.692917956191486 ], [ -120.74354995224067, 37.692917956226253 ], [ -120.743549950417716, 37.693187450918622 ], [ -120.74408894092322, 37.693187450370523 ], [ -120.744088940756939, 37.692289135522977 ], [ -120.744717759810115, 37.692289135570945 ], [ -120.74471775972917, 37.692558629901669 ], [ -120.744897423770155, 37.692558629681216 ], [ -120.744897423491153, 37.693456945675095 ], [ -120.744717760589936, 37.693456945206485 ], [ -120.744717761317844, 37.693816271009183 ], [ -120.744088940139605, 37.693816271480443 ] ] ] } },
{ "type": "Feature", "properties": { "csb_id": "061825015443703", "acres": 4.2944633969863304, "geoid": "06099" }, "geometry": { "type": "Polygon", "coordinates": [ [ [ -120.648238699945111, 37.692917956647285 ], [ -120.648238699462198, 37.692289135336601 ], [ -120.647969205138821, 37.692289135987608 ], [ -120.647969205837413, 37.691660314809631 ], [ -120.648867520751935, 37.691660314488743 ], [ -120.648867520257198, 37.691390820475767 ], [ -120.649586172500179, 37.691480651880369 ], [ -120.649586173186663, 37.692019641021062 ], [ -120.649226846093157, 37.69210947218383 ], [ -120.649226846965163, 37.69264846250919 ], [ -120.649406509070474, 37.692648461244836 ], [ -120.649406509900572, 37.692917957357807 ], [ -120.648238699945111, 37.692917956647285 ] ] ] } },
{ "type": "Feature", "properties": { "csb_id": "061825015443706", "acres": 5.2021917612701101, "geoid": "06099" }, "geometry": { "type": "Polygon", "coordinates": [ [ [ -120.893209277713041, 37.692289135345206 ], [ -120.891412647722476, 37.692378966840728 ], [ -120.891232982893939, 37.69201964070777 ], [ -120.892041466546928, 37.692019641229024 ], [ -120.892041467821088, 37.691660314673115 ], [ -120.892310962088288, 37.691121326309855 ], [ -120.892939784009585, 37.6911213249886 ], [ -120.892939784026524, 37.690762000477498 ], [ -120.893478772245643, 37.690761999538665 ], [ -120.893658434453698, 37.69112132650686 ], [ -120.893838098190585, 37.691121326913127 ], [ -120.893838097366412, 37.691660314691852 ], [ -120.893478771484624, 37.691660315506766 ], [ -120.893209277095707, 37.692019642199149 ], [ -120.893209277713041, 37.692289135345206 ] ] ] } },
{ "type": "Feature", "properties": { "csb_id": "061825015443711", "acres": 6.1098080424145698, "geoid": "06099" }, "geometry": { "type": "Polygon", "coordinates": [ [ [ -120.554544415400557, 37.69264846183038 ], [ -120.55427492100219, 37.692109471877693 ], [ -120.554544415932881, 37.691750145817956 ], [ -120.555532562580197, 37.691750146143207 ], [ -120.556071551373122, 37.692648461883799 ], [ -120.556700372482652, 37.692648461473141 ], [ -120.556700371877483, 37.692378966616019 ], [ -120.556969867117431, 37.692378967256175 ], [ -120.55696986718506, 37.693906102692118 ], [ -120.556700372507791, 37.693906102637108 ], [ -120.556700371993458, 37.693546777129448 ], [ -120.555802057406112, 37.693546776719785 ], [ -120.555532562731258, 37.693277282150916 ], [ -120.555532562762252, 37.693007787156304 ], [ -120.55580205690633, 37.693007787382868 ], [ -120.555802057137143, 37.692648461618191 ], [ -120.554544415400557, 37.69264846183038 ] ] ] } },
{ "type": "Feature", "properties": { "csb_id": "061825015443716", "acres": 4.4506747392812596, "geoid": "06099" }, "geometry": { "type": "Polygon", "coordinates": [ [ [ -120.864642851225639, 37.692019640576071 ], [ -120.864822515052069, 37.691211157174202 ], [ -120.865541166473307, 37.691121325380848 ], [ -120.865541166580925, 37.69058233634496 ], [ -120.866169987920799, 37.690582336448983 ], [ -120.86643948292209, 37.691121325453281 ], [ -120.866439482420247, 37.691660314941316 ], [ -120.865900493745528, 37.692019640848827 ], [ -120.864642851225639, 37.692019640576071 ] ] ] } },
{ "type": "Feature", "properties": { "csb_id": "061825015443720", "acres": 2.4986045773414198, "geoid": "06099" }, "geometry": { "type": "Polygon", "coordinates": [ [ [ -120.646172574555095, 37.692289135010029 ], [ -120.646172575112502, 37.691390820312336 ], [ -120.646711563793545, 37.691390821304601 ], [ -120.646711563376584, 37.691660314806988 ], [ -120.647969205837413, 37.691660314809631 ], [ -120.647969205112361, 37.692019640748732 ], [ -120.647070890695304, 37.692019641755984 ], [ -120.647070890479228, 37.692289135445989 ], [ -120.646172574555095, 37.692289135010029 ] ] ] } },
{ "type": "Feature", "properties": { "csb_id": "061825015443726", "acres": 4.66540725943951, "geoid": "06099" }, "geometry": { "type": "Polygon", "coordinates": [ [ [ -120.648867520751935, 37.691660314488743 ], [ -120.646711563376584, 37.691660314806988 ], [ -120.646711563329688, 37.691121325197237 ], [ -120.647070890609953, 37.691121325802428 ], [ -120.647070889573101, 37.690761999204099 ], [ -120.64734038392109, 37.690492504512903 ], [ -120.647340384979216, 37.690761999165446 ], [ -120.648867520555555, 37.690761999512176 ], [ -120.649137015806133, 37.691390820602621 ], [ -120.648867520257198, 37.691390820475767 ], [ -120.648867520751935, 37.691660314488743 ] ] ] } },
{ "type": "Feature", "properties": { "csb_id": "061825015443727", "acres": 4.7044463553845803, "geoid": "06099" }, "geometry": { "type": "Polygon", "coordinates": [ [ [ -120.64509459607963, 37.691660314803187 ], [ -120.644914933098249, 37.690492504856003 ], [ -120.645543754350186, 37.690492504919241 ], [ -120.645543753590914, 37.690761999518962 ], [ -120.647070889573101, 37.690761999204099 ], [ -120.647070890609953, 37.691121325802428 ], [ -120.646711563329688, 37.691121325197237 ], [ -120.646711563793545, 37.691390821304601 ], [ -120.646172575112502, 37.691390820312336 ], [ -120.646172574426501, 37.692019641144043 ], [ -120.645543754300817, 37.692019640486571 ], [ -120.645543753446262, 37.691660313614882 ], [ -120.64509459607963, 37.691660314803187 ] ] ] } },
{ "type": "Feature", "properties": { "csb_id": "061825015443728", "acres": 4.0894989166755398, "geoid": "06099" }, "geometry": { "type": "Polygon", "coordinates": [ [ [ -120.640153862512108, 37.692289135448796 ], [ -120.639794536611731, 37.692289135159193 ], [ -120.639525041392915, 37.692019640442311 ], [ -120.639525041878798, 37.691390820243186 ], [ -120.64042335738722, 37.691390820404465 ], [ -120.640692851666941, 37.691660314497248 ], [ -120.641052177330522, 37.692289135218964 ], [ -120.641052177721221, 37.693187450530857 ], [ -120.640423356781028, 37.693187450204093 ], [ -120.640423356573152, 37.692558629673364 ], [ -120.640153862512108, 37.692289135448796 ] ] ] } },
{ "type": "Feature", "properties": { "csb_id": "061825015443738", "acres": 10.4824134964097, "geoid": "06099" }, "geometry": { "type": "Polygon", "coordinates": [ [ [ -120.640423356781028, 37.693187450204093 ], [ -120.638357232036526, 37.693187450711648 ], [ -120.638357231597354, 37.692558630162459 ], [ -120.637997906047104, 37.692289135587501 ], [ -120.637997906152009, 37.691660314496048 ], [ -120.63727925349589, 37.691660314513577 ], [ -120.637279253500623, 37.691390819883885 ], [ -120.637728410679657, 37.691390820413311 ], [ -120.637728411263282, 37.691121325308451 ], [ -120.638626726033479, 37.691121325258734 ], [ -120.639255546709776, 37.690761999381436 ], [ -120.639794536619448, 37.690761999284859 ], [ -120.639794536208441, 37.691390820037732 ], [ -120.639525041878798, 37.691390820243186 ], [ -120.639525041392915, 37.692019640442311 ], [ -120.640423356573152, 37.692558629673364 ], [ -120.640423356781028, 37.693187450204093 ] ] ] } },
{ "type": "Feature", "properties": { "csb_id": "061825015443750", "acres": 21.1698335213453, "geoid": "06099" }, "geometry": { "type": "Polygon", "coordinates": [ [ [ -120.74265163622907, 37.692917955906815 ], [ -120.740226185332148, 37.692917955854206 ], [ -120.740226184468398, 37.693187450606572 ], [ -120.739597364639323, 37.693187450905626 ], [ -120.739597364177513, 37.692917955980079 ], [ -120.739327869533611, 37.692917955936423 ], [ -120.739327869850214, 37.690492505409004 ], [ -120.74229231000956, 37.690492504878527 ], [ -120.742651636178692, 37.690761999736615 ], [ -120.74292113040012, 37.69112132543026 ], [ -120.742921129911707, 37.692917956191486 ], [ -120.742651635857356, 37.693187450542531 ], [ -120.74265163622907, 37.692917955906815 ] ] ] } },
{ "type": "Feature", "properties": { "csb_id": "061825015443759", "acres": 12.2295619150488, "geoid": "06099" }, "geometry": { "type": "Polygon", "coordinates": [ [ [ -120.742921129911707, 37.692917956191486 ], [ -120.74292113040012, 37.69112132543026 ], [ -120.74229231000956, 37.690492504878527 ], [ -120.742022815195739, 37.69049250527128 ], [ -120.742292310208171, 37.690133178266038 ], [ -120.744717760974368, 37.690133178334712 ], [ -120.744448266226343, 37.690492504778398 ], [ -120.744448266565826, 37.690761999859454 ], [ -120.744717761621288, 37.690761998876518 ], [ -120.744717759810115, 37.692289135570945 ], [ -120.744088940756939, 37.692289135522977 ], [ -120.74408894092322, 37.693187450370523 ], [ -120.743549950417716, 37.693187450918622 ], [ -120.74354995224067, 37.692917956226253 ], [ -120.742921129911707, 37.692917956191486 ] ] ] } },
{ "type": "Feature", "properties": { "csb_id": "061825015443760", "acres": 68.954426955293997, "geoid": "06099" }, "geometry": { "type": "Polygon", "coordinates": [ [ [ -120.739327868249788, 37.696151891007204 ], [ -120.733937977445976, 37.696151891217752 ], [ -120.733937978050761, 37.694984081331818 ], [ -120.734207472172116, 37.694085765641248 ], [ -120.734207473000481, 37.693456945358804 ], [ -120.73420747216494, 37.693187450905945 ], [ -120.733937978158309, 37.693187450618439 ], [ -120.733937978208431, 37.690492504486038 ], [ -120.734207472955092, 37.690492504431461 ], [ -120.734207472414241, 37.690223010646434 ], [ -120.73483629319189, 37.69022301055989 ], [ -120.734836293808229, 37.690492504804126 ], [ -120.736273598083883, 37.69049250480149 ], [ -120.736273598103907, 37.69076199931397 ], [ -120.737261744817459, 37.690761999401964 ], [ -120.737800733491511, 37.690492504609743 ], [ -120.737800733282967, 37.69013317891217 ], [ -120.73905837521437, 37.690133178669264 ], [ -120.739058374591977, 37.690492504882563 ], [ -120.739327869850214, 37.690492505409004 ], [ -120.739327869533611, 37.692917955936423 ], [ -120.738699048151759, 37.69318745043681 ], [ -120.736273597452382, 37.692917955869149 ], [ -120.736273597472405, 37.693187450222595 ], [ -120.736004103393569, 37.693187450822776 ], [ -120.736004103539287, 37.693456944928926 ], [ -120.736632923745702, 37.693816271209556 ], [ -120.737261745010613, 37.693816271310119 ], [ -120.737261744909731, 37.693456945500081 ], [ -120.738160059728884, 37.69345694557817 ], [ -120.7381600594681, 37.693816271444618 ], [ -120.738699047699001, 37.693816271211034 ], [ -120.739058375202063, 37.694355260253516 ], [ -120.739058374874332, 37.694714586960174 ], [ -120.739327869934783, 37.694714587023419 ], [ -120.739327868249788, 37.696151891007204 ] ] ] } },
{ "type": "Feature", "properties": { "csb_id": "061825015443761", "acres": 80.266359795667597, "geoid": "06099" }, "geometry": { "type": "Polygon", "coordinates": [ [ [ -120.732680337200946, 37.696511217480804 ], [ -120.732680336539332, 37.696151891094992 ], [ -120.731512527068332, 37.696151890591686 ], [ -120.729985390939675, 37.696151891380381 ], [ -120.729087075604582, 37.696511217486766 ], [ -120.728188760585027, 37.696511216793908 ], [ -120.728188760300412, 37.695882396636364 ], [ -120.729087075505703, 37.695073912771328 ], [ -120.728907412068892, 37.693456944931874 ], [ -120.72908707534782, 37.693456945531956 ], [ -120.729087075370629, 37.693187451074095 ], [ -120.729266738807581, 37.693187450317659 ], [ -120.729266738651987, 37.692648461119447 ], [ -120.728907411755699, 37.69228913523694 ], [ -120.727919265433812, 37.692289135160969 ], [ -120.727919265883187, 37.69139082006933 ], [ -120.727559939169652, 37.691390820045513 ], [ -120.727559940029309, 37.691121325508263 ], [ -120.72881758077331, 37.690492504435397 ], [ -120.728458255321698, 37.690492504931136 ], [ -120.728458255158074, 37.690133178474191 ], [ -120.734207472414241, 37.690223010646434 ], [ -120.734207472955092, 37.690492504431461 ], [ -120.733937978208431, 37.690492504486038 ], [ -120.733937978158309, 37.693187450618439 ], [ -120.73420747216494, 37.693187450905945 ], [ -120.734207473000481, 37.693456945358804 ], [ -120.734207472172116, 37.694085765641248 ], [ -120.733937978050761, 37.694984081331818 ], [ -120.733937977445976, 37.696151891217752 ], [ -120.733578652274105, 37.696151890888842 ], [ -120.733578651467639, 37.696511217560477 ], [ -120.732680337200946, 37.696511217480804 ] ] ] } },
{ "type": "Feature", "properties": { "csb_id": "061825015443762", "acres": 4.3726707706437997, "geoid": "06099" }, "geometry": { "type": "Polygon", "coordinates": [ [ [ -120.647340384979216, 37.690761999165446 ], [ -120.647070889703855, 37.689594189126254 ], [ -120.647340384474049, 37.689594189263516 ], [ -120.647340384636507, 37.689234862936246 ], [ -120.647969205441328, 37.689234863146218 ], [ -120.648059037048441, 37.689953515577571 ], [ -120.648867520853941, 37.690133178452214 ], [ -120.648867520555555, 37.690761999512176 ], [ -120.647340384979216, 37.690761999165446 ] ] ] } },
{ "type": "Feature", "properties": { "csb_id": "061825015443808", "acres": 57.175871597059903, "geoid": "06099" }, "geometry": { "type": "Polygon", "coordinates": [ [ [ -120.641591166531896, 37.694085765686538 ], [ -120.641591166406911, 37.693816271691603 ], [ -120.641052177441352, 37.693816271246931 ], [ -120.641052177330522, 37.692289135218964 ], [ -120.64042335738722, 37.691390820404465 ], [ -120.639794536208441, 37.691390820037732 ], [ -120.639794536619448, 37.690761999284859 ], [ -120.639255546709776, 37.690761999381436 ], [ -120.638626726033479, 37.691121325258734 ], [ -120.637728411263282, 37.691121325308451 ], [ -120.637728410679657, 37.691390820413311 ], [ -120.637458916417472, 37.691390819730955 ], [ -120.637548748155012, 37.690582336281864 ], [ -120.636560601268258, 37.690492505133115 ], [ -120.636560601516663, 37.690133178601556 ], [ -120.637458916926661, 37.690133179006793 ], [ -120.637458916441744, 37.689594188437951 ], [ -120.637099590178138, 37.689594189446531 ], [ -120.637458916188322, 37.688785705584827 ], [ -120.637728411517855, 37.688785705933391 ], [ -120.637728410466437, 37.688965368654706 ], [ -120.639525042115636, 37.689055200390946 ], [ -120.639974199718651, 37.689055200709817 ], [ -120.640153862142142, 37.688785705939914 ], [ -120.641411503984727, 37.688785706379228 ], [ -120.642219987325802, 37.689055200648966 ], [ -120.643477628922213, 37.688965368854845 ], [ -120.643747123729639, 37.689055200441395 ], [ -120.643747123118445, 37.689234863308819 ], [ -120.643477628978232, 37.689234863678202 ], [ -120.643477628717605, 37.68986368371381 ], [ -120.643747123969334, 37.690133178566313 ], [ -120.64491493308131, 37.690133178308294 ], [ -120.644914933387582, 37.691121325261946 ], [ -120.644016618326191, 37.691121325540756 ], [ -120.644016617640801, 37.691660314939142 ], [ -120.644375944215241, 37.692019640817954 ], [ -120.644645438529025, 37.692019640522417 ], [ -120.644645438622433, 37.692917955733911 ], [ -120.644375944653362, 37.692917956205484 ], [ -120.644375941044856, 37.693187451279769 ], [ -120.643747122497032, 37.693456945742561 ], [ -120.643118302905336, 37.69345694563733 ], [ -120.642938639772922, 37.693187450676525 ], [ -120.642579313805584, 37.693187450320707 ], [ -120.642219987514039, 37.693816271681143 ], [ -120.642219987913748, 37.694355260568493 ], [ -120.64195049268929, 37.694355260396776 ], [ -120.641950493470105, 37.694085765961923 ], [ -120.641591166531896, 37.694085765686538 ] ] ] } },
{ "type": "Feature", "properties": { "csb_id": "061825015443853", "acres": 11.927429449051999, "geoid": "06099" }, "geometry": { "type": "Polygon", "coordinates": [ [ [ -120.742292310208171, 37.690133178266038 ], [ -120.74229231024772, 37.689594189265271 ], [ -120.742651636043917, 37.689594189501712 ], [ -120.742651635832132, 37.688695874726932 ], [ -120.742292309912457, 37.687797558539934 ], [ -120.742292309872411, 37.687168737999208 ], [ -120.742651635848446, 37.687168738525287 ], [ -120.742651636288272, 37.687438232446851 ], [ -120.742921130362603, 37.687797558721662 ], [ -120.743549951991596, 37.687797559109136 ], [ -120.743549951103333, 37.687438233065834 ], [ -120.744088940330712, 37.687438233329786 ], [ -120.744088940091899, 37.688695874168566 ], [ -120.744448266911817, 37.688695874456812 ], [ -120.744717760974368, 37.690133178334712 ], [ -120.742292310208171, 37.690133178266038 ] ] ] } },
{ "type": "Feature", "properties": { "csb_id": "061825015443854", "acres": 12.0641268463933, "geoid": "06099" }, "geometry": { "type": "Polygon", "coordinates": [ [ [ -120.731063368549243, 37.690133178397012 ], [ -120.731332863356045, 37.688785706093761 ], [ -120.730434548825045, 37.688695874276952 ], [ -120.730434547398048, 37.688156884835927 ], [ -120.731063367751943, 37.688156884956598 ], [ -120.731063368917049, 37.687887390268145 ], [ -120.730434547532298, 37.687887390836238 ], [ -120.730434547809438, 37.68752806576309 ], [ -120.73124303116397, 37.687438232657875 ], [ -120.731243031675319, 37.687168737922022 ], [ -120.732410841911616, 37.687168738229595 ], [ -120.732410840929688, 37.687438233021602 ], [ -120.733039662036091, 37.687438232608166 ], [ -120.733039662945103, 37.688067053240871 ], [ -120.732680336508622, 37.688067053127789 ], [ -120.732680336874154, 37.688695874066802 ], [ -120.732231179268055, 37.689055199891683 ], [ -120.732410841402725, 37.690223010218908 ], [ -120.731063368549243, 37.690133178397012 ] ] ] } },
{ "type": "Feature", "properties": { "csb_id": "061825015443865", "acres": 4.0507077004947796, "geoid": "06099" }, "geometry": { "type": "Polygon", "coordinates": [ [ [ -120.744088940091899, 37.688695874168566 ], [ -120.744088940330712, 37.687438233329786 ], [ -120.743549951103333, 37.687438233065834 ], [ -120.743549951991596, 37.687797559109136 ], [ -120.742921130362603, 37.687797558721662 ], [ -120.742651636288272, 37.687438232446851 ], [ -120.742651635848446, 37.687168738525287 ], [ -120.7438194465593, 37.687168738425612 ], [ -120.74444826649102, 37.686899243576661 ], [ -120.744448267070595, 37.686539917168083 ], [ -120.744717761512391, 37.686539917739516 ], [ -120.744448266911817, 37.688695874456812 ], [ -120.744088940091899, 37.688695874168566 ] ] ] } },
{ "type": "Feature", "properties": { "csb_id": "061825015443866", "acres": 2.6549303601101299, "geoid": "06099" }, "geometry": { "type": "Polygon", "coordinates": [ [ [ -120.739597364174401, 37.68743823327889 ], [ -120.739597363712619, 37.687168737975647 ], [ -120.739956689986883, 37.686899243306328 ], [ -120.740226184706771, 37.686899243861681 ], [ -120.740226184654688, 37.687168737917609 ], [ -120.742022815205686, 37.687168738102315 ], [ -120.742022815464907, 37.687797559045848 ], [ -120.741753321017356, 37.687797558956106 ], [ -120.741753320512103, 37.687438232796282 ], [ -120.740855005692595, 37.68743823279263 ], [ -120.740855005453213, 37.687797559125634 ], [ -120.740226185220692, 37.687797559324146 ], [ -120.740226184897267, 37.687438232817989 ], [ -120.739597364174401, 37.68743823327889 ] ] ] } },
{ "type": "Feature", "properties": { "csb_id": "061825015443879", "acres": 40.643646798142299, "geoid": "06099" }, "geometry": { "type": "Polygon", "coordinates": [ [ [ -120.864103862841787, 37.689684021126979 ], [ -120.864373357070519, 37.689594189486691 ], [ -120.864373357620835, 37.689234863187821 ], [ -120.861319085450447, 37.689234864668215 ], [ -120.86131908505125, 37.689594189690681 ], [ -120.8610495911676, 37.689594190425332 ], [ -120.861049590880057, 37.689234863047865 ], [ -120.860600433538636, 37.689234863276724 ], [ -120.860600432973612, 37.689055200353252 ], [ -120.859971612213172, 37.688785705876334 ], [ -120.859342791343082, 37.6881568851597 ], [ -120.85934279182419, 37.687258569948931 ], [ -120.859073296771342, 37.686989074797211 ], [ -120.85817498206589, 37.686899243934064 ], [ -120.858983465148171, 37.686360254482246 ], [ -120.859073297224498, 37.686629749037067 ], [ -120.859702117337434, 37.686629748962076 ], [ -120.859702117546689, 37.686360254863828 ], [ -120.859881780572323, 37.686360254081954 ], [ -120.861139422069996, 37.686629749207221 ], [ -120.862397063654782, 37.686629749159586 ], [ -120.86239706349761, 37.686360254939068 ], [ -120.863025884736444, 37.686360254560491 ], [ -120.863025883863997, 37.686629749473369 ], [ -120.863564873892415, 37.686629749401767 ], [ -120.863564873909596, 37.686360254258084 ], [ -120.864193693903601, 37.686360254582603 ], [ -120.864193693666564, 37.686629749325974 ], [ -120.86616998784757, 37.686629748893864 ], [ -120.86652931434773, 37.686360254808754 ], [ -120.866529314160843, 37.688067053500731 ], [ -120.864193694831187, 37.688156886269624 ], [ -120.864193693823907, 37.688965369229315 ], [ -120.864463188332351, 37.689055200828818 ], [ -120.864463188665269, 37.689684020823691 ], [ -120.864103862841787, 37.689684021126979 ] ] ] } },
{ "type": "Feature", "properties": { "csb_id": "061825015443893", "acres": 8.4528524513590995, "geoid": "06099" }, "geometry": { "type": "Polygon", "coordinates": [ [ [ -120.549693513459857, 37.687797558627935 ], [ -120.5478070511558, 37.687438232764293 ], [ -120.547357893684278, 37.686989075384062 ], [ -120.54735789385839, 37.686360254398174 ], [ -120.547717219650238, 37.686090760224758 ], [ -120.547986714416226, 37.686090759492245 ], [ -120.547986714141459, 37.686360254874295 ], [ -120.549154524122201, 37.686360254751463 ], [ -120.549783344966798, 37.686629748960499 ], [ -120.549783345105922, 37.687258569466493 ], [ -120.550412165456606, 37.687258570065374 ], [ -120.550591828885345, 37.68752806463489 ], [ -120.550591828936007, 37.6880670534348 ], [ -120.549783344721149, 37.688067054662035 ], [ -120.549693513459857, 37.687797558627935 ] ] ] } },
{ "type": "Feature", "properties": { "csb_id": "061825015443917", "acres": 10.580872817329899, "geoid": "06099" }, "geometry": { "type": "Polygon", "coordinates": [ [ [ -120.742651635848446, 37.687168738525287 ], [ -120.742651637120517, 37.685372109207641 ], [ -120.74292113105669, 37.685102614003064 ], [ -120.742921130711863, 37.684743287319762 ], [ -120.743190625770765, 37.684743287934282 ], [ -120.743190625582301, 37.684473793375403 ], [ -120.743370288006545, 37.684473792592001 ], [ -120.743909279039102, 37.684743289477211 ], [ -120.744538098114063, 37.684743287301828 ], [ -120.74444826649102, 37.686899243576661 ], [ -120.7438194465593, 37.687168738425612 ], [ -120.742651635848446, 37.687168738525287 ] ] ] } },
{ "type": "Feature", "properties": { "csb_id": "061825015443918", "acres": 6.97903293614071, "geoid": "06099" }, "geometry": { "type": "Polygon", "coordinates": [ [ [ -120.732680336733651, 37.6871687390245 ], [ -120.731243031675319, 37.687168737922022 ], [ -120.73124303116397, 37.687438232657875 ], [ -120.730704042504613, 37.687438232741044 ], [ -120.73070404294846, 37.687258569527991 ], [ -120.731063369521166, 37.68725857000593 ], [ -120.731332864204916, 37.686360254722949 ], [ -120.730704043249744, 37.686360254665594 ], [ -120.730883706470451, 37.686090761092252 ], [ -120.731063368842058, 37.686090759877452 ], [ -120.731063369740752, 37.685461940200923 ], [ -120.730704042961918, 37.685461937881179 ], [ -120.730704043627043, 37.685102614089494 ], [ -120.73088370610887, 37.685102613542512 ], [ -120.730883706502638, 37.685372107955509 ], [ -120.731782021217953, 37.68537210883602 ], [ -120.731782021266866, 37.685641603057768 ], [ -120.732410842313328, 37.68564160181068 ], [ -120.732500673537317, 37.68546193957927 ], [ -120.732500673797034, 37.68662974821433 ], [ -120.7328599990866, 37.686629748571043 ], [ -120.733039663037417, 37.686899243179802 ], [ -120.733039662036091, 37.687438232608166 ], [ -120.732680336437681, 37.6874382329543 ], [ -120.732680336733651, 37.6871687390245 ] ] ] } },
{ "type": "Feature", "properties": { "csb_id": "061825015443924", "acres": 13.099178200321999, "geoid": "06099" }, "geometry": { "type": "Polygon", "coordinates": [ [ [ -120.764570529025093, 37.687528064084532 ], [ -120.763223055744305, 37.686899243741571 ], [ -120.762773899168707, 37.686539917535413 ], [ -120.762773898647936, 37.685372107681673 ], [ -120.762504404331978, 37.685372107244881 ], [ -120.762504403486176, 37.684743286866805 ], [ -120.764570529632678, 37.684743286718714 ], [ -120.764660360810538, 37.68447379263884 ], [ -120.764840023598182, 37.68447379246328 ], [ -120.764840024040055, 37.685461939121303 ], [ -120.764660361067868, 37.685461938837086 ], [ -120.764660360527657, 37.686090760425927 ], [ -120.765019686720393, 37.686090759465216 ], [ -120.765199349199989, 37.686270422644611 ], [ -120.765199350339614, 37.68653991782427 ], [ -120.765199349622264, 37.686899243936452 ], [ -120.764660361076508, 37.687168738441443 ], [ -120.764660361066262, 37.687438232469823 ], [ -120.764840024112644, 37.687438232811495 ], [ -120.764840023696635, 37.688067053463904 ], [ -120.764570528940752, 37.688067053800438 ], [ -120.764570529025093, 37.687528064084532 ] ] ] } },
{ "type": "Feature", "properties": { "csb_id": "061825015443934", "acres": 45.8560085906417, "geoid": "06099" }, "geometry": { "type": "Polygon", "coordinates": [ [ [ -120.742022815195739, 37.69049250527128 ], [ -120.739058374591977, 37.690492504882563 ], [ -120.73905837521437, 37.690133178669264 ], [ -120.738699049233304, 37.69013317842014 ], [ -120.739327868118636, 37.688965368770866 ], [ -120.739327869874003, 37.687797559278181 ], [ -120.738699049427439, 37.687168738353435 ], [ -120.738699048556583, 37.686270422978517 ], [ -120.739058373570487, 37.686270423231562 ], [ -120.739327868439034, 37.686000929070623 ], [ -120.739327868403109, 37.684473792249619 ], [ -120.740226184808591, 37.684473792017052 ], [ -120.740226183944955, 37.684743287325063 ], [ -120.740855006278991, 37.684563624036535 ], [ -120.741393994547479, 37.684743286840579 ], [ -120.742921130711863, 37.684743287319762 ], [ -120.74292113105669, 37.685102614003064 ], [ -120.742651637120517, 37.685372109207641 ], [ -120.742651635848446, 37.687168738525287 ], [ -120.742292309872411, 37.687168737999208 ], [ -120.742292309912457, 37.687797558539934 ], [ -120.742651635832132, 37.688695874726932 ], [ -120.742651636043917, 37.689594189501712 ], [ -120.74229231024772, 37.689594189265271 ], [ -120.742292310208171, 37.690133178266038 ], [ -120.742022815195739, 37.69049250527128 ] ], [ [ -120.742022815464907, 37.687797559045848 ], [ -120.742022815205686, 37.687168738102315 ], [ -120.740226184654688, 37.687168737917609 ], [ -120.740226184706771, 37.686899243861681 ], [ -120.739956689986883, 37.686899243306328 ], [ -120.739597363712619, 37.687168737975647 ], [ -120.739597364174401, 37.68743823327889 ], [ -120.740226184897267, 37.687438232817989 ], [ -120.740226185220692, 37.687797559324146 ], [ -120.740855005453213, 37.687797559125634 ], [ -120.740855005692595, 37.68743823279263 ], [ -120.741753320512103, 37.687438232796282 ], [ -120.741753321017356, 37.687797558956106 ], [ -120.742022815464907, 37.687797559045848 ] ] ] } },
{ "type": "Feature", "properties": { "csb_id": "061825015443947", "acres": 61.795351171550102, "geoid": "06099" }, "geometry": { "type": "Polygon", "coordinates": [ [ [ -120.736273598103907, 37.69076199931397 ], [ -120.736273598083883, 37.69049250480149 ], [ -120.734836293808229, 37.690492504804126 ], [ -120.73483629319189, 37.69022301055989 ], [ -120.735105787850657, 37.690133178959975 ], [ -120.735195619674855, 37.689684020834115 ], [ -120.734926124773494, 37.689684020945236 ], [ -120.734926124287711, 37.68788739044917 ], [ -120.734476967091496, 37.687797559332637 ], [ -120.7344769667381, 37.687168737857235 ], [ -120.735105788280094, 37.687168738226937 ], [ -120.735105787602336, 37.686539917460685 ], [ -120.734836293595237, 37.686539917715443 ], [ -120.734836293482914, 37.685641602536045 ], [ -120.735105787834897, 37.685641602454652 ], [ -120.73510578757687, 37.684473792398002 ], [ -120.734836292754323, 37.684473792535684 ], [ -120.734836293244271, 37.684204297665055 ], [ -120.73600410296325, 37.684204298284889 ], [ -120.736004102814348, 37.684473792119981 ], [ -120.738160059387795, 37.684473792888568 ], [ -120.738160059436012, 37.684204297446001 ], [ -120.738429554823455, 37.684204297951318 ], [ -120.738699049321966, 37.68447379203846 ], [ -120.739327868403109, 37.684473792249619 ], [ -120.739327868439034, 37.686000929070623 ], [ -120.739058373570487, 37.686270423231562 ], [ -120.738699048556583, 37.686270422978517 ], [ -120.738699049427439, 37.687168738353435 ], [ -120.739327869874003, 37.687797559278181 ], [ -120.739327868118636, 37.688965368770866 ], [ -120.739058374894327, 37.689594189088865 ], [ -120.738699049233304, 37.69013317842014 ], [ -120.737800733282967, 37.69013317891217 ], [ -120.737800733491511, 37.690492504609743 ], [ -120.737261744817459, 37.690761999401964 ], [ -120.736273598103907, 37.69076199931397 ] ] ] } },
{ "type": "Feature", "properties": { "csb_id": "061825015443949", "acres": 5.2221932199689398, "geoid": "06099" }, "geometry": { "type": "Polygon", "coordinates": [ [ [ -120.731782021217953, 37.68537210883602 ], [ -120.730883706502638, 37.685372107955509 ], [ -120.73088370610887, 37.685102613542512 ], [ -120.730704043627043, 37.685102614089494 ], [ -120.730704043592439, 37.684833118796405 ], [ -120.730434548330109, 37.684563624067259 ], [ -120.730614211339827, 37.683844971603207 ], [ -120.731243032031855, 37.683844971440159 ], [ -120.73124303235808, 37.684204297526371 ], [ -120.731602358256836, 37.684473792270978 ], [ -120.732410842069157, 37.684473792260093 ], [ -120.732231178817287, 37.685192445072019 ], [ -120.732231179394162, 37.685461939535244 ], [ -120.732410842525027, 37.685461939554258 ], [ -120.732410842313328, 37.68564160181068 ], [ -120.731782021266866, 37.685641603057768 ], [ -120.731782021217953, 37.68537210883602 ] ] ] } },
{ "type": "Feature", "properties": { "csb_id": "061825015443951", "acres": 31.478709019830202, "geoid": "06099" }, "geometry": { "type": "Polygon", "coordinates": [ [ [ -120.697825702499969, 37.688965369277163 ], [ -120.69764603890323, 37.688785706217146 ], [ -120.697646039669479, 37.68815688488133 ], [ -120.698005365653486, 37.688156885010066 ], [ -120.697825701785547, 37.686629748989667 ], [ -120.698005367699935, 37.686360254401414 ], [ -120.698005366363333, 37.685461938828141 ], [ -120.697646039588577, 37.685461939726196 ], [ -120.697646039794364, 37.685102613280016 ], [ -120.698005365320952, 37.684563623919288 ], [ -120.699173174965068, 37.684563623938928 ], [ -120.699173174982903, 37.684294129309478 ], [ -120.699622333124637, 37.684204298338948 ], [ -120.699622333340486, 37.68447379234135 ], [ -120.699981658781397, 37.684473792288202 ], [ -120.699981659394936, 37.686270422955012 ], [ -120.700251153430358, 37.686270422891972 ], [ -120.700251154245635, 37.686000928320432 ], [ -120.701149471535075, 37.686090759878304 ], [ -120.701149469212339, 37.688965368643132 ], [ -120.697825702499969, 37.688965369277163 ] ] ] } },
{ "type": "Feature", "properties": { "csb_id": "061825015443966", "acres": 6.7645218324841201, "geoid": "06099" }, "geometry": { "type": "Polygon", "coordinates": [ [ [ -120.762504403486176, 37.684743286866805 ], [ -120.76250440411394, 37.684473792315472 ], [ -120.762773898479892, 37.684473792062683 ], [ -120.762773898127136, 37.684204297493558 ], [ -120.762504403635589, 37.684204297976251 ], [ -120.762504404523682, 37.683305982559439 ], [ -120.763043393385445, 37.683305982435392 ], [ -120.763043393612591, 37.6835754772939 ], [ -120.763672213670361, 37.683575477595788 ], [ -120.763672213367627, 37.683305982277531 ], [ -120.764570529734556, 37.683305982584443 ], [ -120.764570529632678, 37.684743286718714 ], [ -120.762504403486176, 37.684743286866805 ] ] ] } },
{ "type": "Feature", "properties": { "csb_id": "061825015443980", "acres": 3.47497744944644, "geoid": "06099" }, "geometry": { "type": "Polygon", "coordinates": [ [ [ -120.741753320630707, 37.684743286625256 ], [ -120.742022815288166, 37.683844971908805 ], [ -120.742292310380719, 37.683575477074285 ], [ -120.7426516364023, 37.683575476741659 ], [ -120.742651636477788, 37.683395813882498 ], [ -120.74274146725169, 37.683934803767798 ], [ -120.743370288534621, 37.683934802961346 ], [ -120.743370288006545, 37.684473792592001 ], [ -120.743190625582301, 37.684473793375403 ], [ -120.743190625770765, 37.684743287934282 ], [ -120.741753320630707, 37.684743286625256 ] ] ] } },
{ "type": "Feature", "properties": { "csb_id": "061825015443985", "acres": 6.9890242071240998, "geoid": "06099" }, "geometry": { "type": "Polygon", "coordinates": [ [ [ -120.736004102814348, 37.684473792119981 ], [ -120.73600410296325, 37.684204298284889 ], [ -120.735375282329116, 37.684204297426653 ], [ -120.735375282165151, 37.68357547746853 ], [ -120.735734608070217, 37.683305982647326 ], [ -120.736273597916991, 37.68330598246294 ], [ -120.736453260766751, 37.683575477087999 ], [ -120.738699048745815, 37.683575476932155 ], [ -120.738699049104682, 37.684204298090606 ], [ -120.738160059436012, 37.684204297446001 ], [ -120.738160059387795, 37.684473792888568 ], [ -120.736004102814348, 37.684473792119981 ] ] ] } },
{ "type": "Feature", "properties": { "csb_id": "061825015443987", "acres": 7.77966470649974, "geoid": "06099" }, "geometry": { "type": "Polygon", "coordinates": [ [ [ -120.745346582272887, 37.685102613433322 ], [ -120.745166918909874, 37.684833118169536 ], [ -120.743909279039102, 37.684743289477211 ], [ -120.743909277858918, 37.684473792734579 ], [ -120.744088940780344, 37.684294129108054 ], [ -120.744897424813047, 37.684294128951109 ], [ -120.74471776180485, 37.683844971627387 ], [ -120.744448266623124, 37.683844971398933 ], [ -120.744268603500586, 37.683665308739741 ], [ -120.744268604109521, 37.683395814052929 ], [ -120.745166918712215, 37.683395813860507 ], [ -120.74516691860731, 37.683036488408035 ], [ -120.746065234528487, 37.683036487805438 ], [ -120.746065234476205, 37.683934803243226 ], [ -120.746514391401305, 37.684473792384772 ], [ -120.746514391736781, 37.684743286654189 ], [ -120.746244896827221, 37.684743286891361 ], [ -120.74624489773683, 37.6851026131121 ], [ -120.745346582272887, 37.685102613433322 ] ] ] } },
{ "type": "Feature", "properties": { "csb_id": "061825015443994", "acres": 2.96741393360892, "geoid": "06099" }, "geometry": { "type": "Polygon", "coordinates": [ [ [ -120.741393994547479, 37.684743286840579 ], [ -120.741393994191938, 37.684204297644996 ], [ -120.741124500355127, 37.684204297829694 ], [ -120.741124499684105, 37.683575477077881 ], [ -120.74175332138465, 37.683575477426942 ], [ -120.741753321200918, 37.682946656291804 ], [ -120.742112647195853, 37.682946655996346 ], [ -120.742651636477788, 37.683395813882498 ], [ -120.7426516364023, 37.683575476741659 ], [ -120.742292310380719, 37.683575477074285 ], [ -120.742022815288166, 37.683844971908805 ], [ -120.741753320630707, 37.684743286625256 ], [ -120.741393994547479, 37.684743286840579 ] ] ] } },
{ "type": "Feature", "properties": { "csb_id": "061825015444002", "acres": 4.9196908450244701, "geoid": "06099" }, "geometry": { "type": "Polygon", "coordinates": [ [ [ -120.7483110225822, 37.683575476973566 ], [ -120.747772033888694, 37.68357547709158 ], [ -120.747772032974282, 37.683844971706925 ], [ -120.747143212829172, 37.683844972052079 ], [ -120.747143212418152, 37.683575477263751 ], [ -120.746963549815106, 37.683575476709187 ], [ -120.746963549976883, 37.683395813507069 ], [ -120.747861864426653, 37.683395813805461 ], [ -120.747861865406549, 37.683036488182807 ], [ -120.74723304460376, 37.683036487783163 ], [ -120.747412706541823, 37.682946656098913 ], [ -120.747412707202969, 37.68231783579462 ], [ -120.748041528025169, 37.682317835843328 ], [ -120.74849068612923, 37.682677162041671 ], [ -120.748311022641772, 37.683305982110603 ], [ -120.748939842781525, 37.683305982180485 ], [ -120.748939843624896, 37.683844971715629 ], [ -120.749568663399089, 37.683844971415581 ], [ -120.749568663767306, 37.684204297483149 ], [ -120.748311022615482, 37.684204297599685 ], [ -120.7483110225822, 37.683575476973566 ] ] ] } },
{ "type": "Feature", "properties": { "csb_id": "061825015444033", "acres": 64.411711953423193, "geoid": "06099" }, "geometry": { "type": "Polygon", "coordinates": [ [ [ -120.790442009406135, 37.691121325884765 ], [ -120.790531840901394, 37.690223009980834 ], [ -120.789903020556196, 37.689953515535471 ], [ -120.789903019795133, 37.689684021204421 ], [ -120.790082682906828, 37.68959418932576 ], [ -120.789813189236682, 37.688336548383468 ], [ -120.789813188451575, 37.682677161575498 ], [ -120.789903020337292, 37.68240766685674 ], [ -120.790082682765004, 37.682407667303757 ], [ -120.790082683548974, 37.681868677799073 ], [ -120.790711503929884, 37.68177884621317 ], [ -120.790711504019072, 37.682048340894596 ], [ -120.792508134704235, 37.682048341478925 ], [ -120.792687797750034, 37.684743286750177 ], [ -120.792687797353409, 37.685102612057911 ], [ -120.792508134729943, 37.685102613206695 ], [ -120.792508134252046, 37.686000929009445 ], [ -120.792777629526512, 37.688067053319614 ], [ -120.792777629429921, 37.688695874187914 ], [ -120.792508135030431, 37.688695874771902 ], [ -120.792508134552534, 37.689594189785097 ], [ -120.7927776289023, 37.689594189891515 ], [ -120.792777629100485, 37.692558630099064 ], [ -120.792238640214606, 37.692558629458368 ], [ -120.7914301561418, 37.692109472593053 ], [ -120.790980999038865, 37.691121325670707 ], [ -120.790442009406135, 37.691121325884765 ] ], [ [ -120.79223863932377, 37.689953515458328 ], [ -120.791609819370166, 37.689953516369499 ], [ -120.791609819469912, 37.690133178654023 ], [ -120.792238640138009, 37.690133178835111 ], [ -120.79223863932377, 37.689953515458328 ] ] ] } },
{ "type": "Feature", "properties": { "csb_id": "061825015444037", "acres": 13.6659818057822, "geoid": "06099" }, "geometry": { "type": "Polygon", "coordinates": [ [ [ -120.763043393612591, 37.6835754772939 ], [ -120.763043393385445, 37.683305982435392 ], [ -120.762504404523682, 37.683305982559439 ], [ -120.762504403895946, 37.683575477188036 ], [ -120.761875583690355, 37.683575477358012 ], [ -120.761875582204325, 37.681150027125597 ], [ -120.763941708639933, 37.681239857273113 ], [ -120.764390866551352, 37.682138172387077 ], [ -120.76484002390103, 37.682407667610455 ], [ -120.764840024081735, 37.682946656508811 ], [ -120.764570528782968, 37.682946656212934 ], [ -120.764570529120107, 37.682677161887653 ], [ -120.764301035096793, 37.682677161858273 ], [ -120.764301034529524, 37.68330598232523 ], [ -120.763672213367627, 37.683305982277531 ], [ -120.763672213670361, 37.683575477595788 ], [ -120.763043393612591, 37.6835754772939 ] ] ] } },
{ "type": "Feature", "properties": { "csb_id": "061825015444065", "acres": 3.3384450907748899, "geoid": "06099" }, "geometry": { "type": "Polygon", "coordinates": [ [ [ -120.803647244343608, 37.681778846414161 ], [ -120.802120108171891, 37.681778846309754 ], [ -120.802120108075627, 37.680970362989072 ], [ -120.803377749646117, 37.680880531327254 ], [ -120.803647243823576, 37.681150025718949 ], [ -120.803647244343608, 37.681778846414161 ] ] ] } },
{ "type": "Feature", "properties": { "csb_id": "061825015444067", "acres": 8.2974212405179895, "geoid": "06099" }, "geometry": { "type": "Polygon", "coordinates": [ [ [ -120.914229855732756, 37.681419520610952 ], [ -120.913511203477825, 37.681419519978448 ], [ -120.913062045810662, 37.68088053156427 ], [ -120.913062045555833, 37.680251710830063 ], [ -120.913331540443082, 37.680251710683009 ], [ -120.913511203082848, 37.67998221626835 ], [ -120.913511203003736, 37.679712721536106 ], [ -120.913331540486524, 37.679712721467652 ], [ -120.913331539424362, 37.679173732411805 ], [ -120.913511203655034, 37.679083900557522 ], [ -120.914679013074263, 37.679173732661589 ], [ -120.914679013599581, 37.679622889533768 ], [ -120.914409516776416, 37.679712721354257 ], [ -120.914409517926245, 37.680341542529703 ], [ -120.914589181049507, 37.680521205196662 ], [ -120.915128170735926, 37.680521205374902 ], [ -120.915128170644451, 37.680341542049639 ], [ -120.915487496710938, 37.680251710825516 ], [ -120.915487497234722, 37.680611036845548 ], [ -120.915307833859842, 37.68061103664153 ], [ -120.915128170622239, 37.680880531139813 ], [ -120.915128170759516, 37.681150026088915 ], [ -120.914229855732756, 37.681419520610952 ] ] ] } },
{ "type": "Feature", "properties": { "csb_id": "061825015444069", "acres": 8.5023181202503402, "geoid": "06099" }, "geometry": { "type": "Polygon", "coordinates": [ [ [ -120.799245499032097, 37.681868678170574 ], [ -120.79538274369574, 37.681778846389719 ], [ -120.795382743276548, 37.681509351916588 ], [ -120.795921732122636, 37.681239857425858 ], [ -120.796281058324524, 37.681239857328457 ], [ -120.796550553028624, 37.680611037120308 ], [ -120.797359037440145, 37.680611036183116 ], [ -120.797628531544433, 37.680521204869045 ], [ -120.797628530181115, 37.680251710655419 ], [ -120.797898025202485, 37.680251710701306 ], [ -120.798077689440291, 37.680970362767958 ], [ -120.798347184418333, 37.68123985736802 ], [ -120.7986166789062, 37.68123985760824 ], [ -120.798616678323043, 37.680611036496948 ], [ -120.7989760044278, 37.680611037077632 ], [ -120.798976004818229, 37.680970362470475 ], [ -120.799245498916321, 37.680970363044878 ], [ -120.799245499032097, 37.681868678170574 ] ] ] } },
{ "type": "Feature", "properties": { "csb_id": "061825015444076", "acres": 4.9393647549405397, "geoid": "06099" }, "geometry": { "type": "Polygon", "coordinates": [ [ [ -120.79924549956597, 37.681778846184031 ], [ -120.799245498820184, 37.680341541602843 ], [ -120.799604825314276, 37.68034154182417 ], [ -120.799604825093311, 37.680072047711334 ], [ -120.80005398242514, 37.680072047245694 ], [ -120.800682803457264, 37.680521206492202 ], [ -120.800682803513794, 37.681150026760264 ], [ -120.800323476635612, 37.681150026208982 ], [ -120.800323477733102, 37.681868677675489 ], [ -120.79924549956597, 37.681778846184031 ] ] ] } },
{ "type": "Feature", "properties": { "csb_id": "061825015444077", "acres": 6.43281993590948, "geoid": "06099" }, "geometry": { "type": "Polygon", "coordinates": [ [ [ -120.73914820624509, 37.682677161496244 ], [ -120.739058375372409, 37.680970362514095 ], [ -120.73959736471447, 37.68034154213349 ], [ -120.739597364753962, 37.680880531039399 ], [ -120.740495679833884, 37.680880531129283 ], [ -120.740495679478329, 37.681419520479352 ], [ -120.740226184688225, 37.682048341544672 ], [ -120.740226184612752, 37.682946656351824 ], [ -120.739327870062695, 37.682946656350936 ], [ -120.73914820624509, 37.682677161496244 ] ] ] } },
{ "type": "Feature", "properties": { "csb_id": "061825015444085", "acres": 15.374583655176201, "geoid": "06099" }, "geometry": { "type": "Polygon", "coordinates": [ [ [ -120.8319441755458, 37.681778847299029 ], [ -120.830956029024122, 37.68115002599739 ], [ -120.830057713524639, 37.681150025983307 ], [ -120.830057713049939, 37.68177884648528 ], [ -120.82951872397085, 37.681778846918299 ], [ -120.829518724006164, 37.681150025614272 ], [ -120.829788219227382, 37.680880531188656 ], [ -120.829788218467456, 37.680521205211427 ], [ -120.830057713999267, 37.680521205383847 ], [ -120.830686534590384, 37.679982216251751 ], [ -120.830686534191969, 37.67962289013488 ], [ -120.830956028152855, 37.679622889815192 ], [ -120.83131535494077, 37.679353394847723 ], [ -120.832932321894816, 37.679443227132928 ], [ -120.833561142067467, 37.680251710311147 ], [ -120.833561142833346, 37.680521205095253 ], [ -120.832662827348074, 37.680521205542604 ], [ -120.832662827599236, 37.68088053083784 ], [ -120.833111984845814, 37.681150026098607 ], [ -120.83311198419581, 37.681778846499789 ], [ -120.8319441755458, 37.681778847299029 ] ] ] } },
{ "type": "Feature", "properties": { "csb_id": "061825015444090", "acres": 21.611857045645898, "geoid": "06099" }, "geometry": { "type": "Polygon", "coordinates": [ [ [ -120.739956690875275, 37.684473792207214 ], [ -120.739956690507043, 37.684204297340791 ], [ -120.740226184860703, 37.684204297783133 ], [ -120.740226184831954, 37.683844971822758 ], [ -120.739956690679463, 37.683844971610007 ], [ -120.739956690410025, 37.68294665682815 ], [ -120.740226184612752, 37.682946656351824 ], [ -120.740226184688225, 37.682048341544672 ], [ -120.740495679478329, 37.681419520479352 ], [ -120.740495679833884, 37.680880531129283 ], [ -120.739597364753962, 37.680880531039399 ], [ -120.73959736471447, 37.68034154213349 ], [ -120.740046521751552, 37.680341542431648 ], [ -120.740046522162658, 37.680072047061415 ], [ -120.741124499694138, 37.679982215612661 ], [ -120.741393994312318, 37.680251710231715 ], [ -120.74139399476411, 37.680880531095134 ], [ -120.741753321281095, 37.680880531515839 ], [ -120.741753321392025, 37.680251710825637 ], [ -120.742022816042848, 37.679982215775851 ], [ -120.74229230956071, 37.679982216022481 ], [ -120.742292309799382, 37.68025171019017 ], [ -120.74265163577148, 37.680341541705566 ], [ -120.742741467550687, 37.681239857010006 ], [ -120.743010962310194, 37.681419520403566 ], [ -120.742471972940095, 37.68186867789052 ], [ -120.742471972673997, 37.682946656595938 ], [ -120.741753321200918, 37.682946656291804 ], [ -120.74175332138465, 37.683575477426942 ], [ -120.741124499684105, 37.683575477077881 ], [ -120.741124500355127, 37.684204297829694 ], [ -120.741393994191938, 37.684204297644996 ], [ -120.741393994547479, 37.684743286840579 ], [ -120.740855005435478, 37.684473792341791 ], [ -120.739956690875275, 37.684473792207214 ] ] ] } },
{ "type": "Feature", "properties": { "csb_id": "061825015444093", "acres": 3.2408952884965099, "geoid": "06099" }, "geometry": { "type": "Polygon", "coordinates": [ [ [ -120.914589181049507, 37.680521205196662 ], [ -120.914409517926245, 37.680341542529703 ], [ -120.914409516776416, 37.679712721354257 ], [ -120.915487497250538, 37.679622890140202 ], [ -120.915487496911595, 37.679353394858289 ], [ -120.916026485408793, 37.679353395079588 ], [ -120.91602648562322, 37.68025171047956 ], [ -120.91530783420761, 37.680251710621519 ], [ -120.915128170735926, 37.680521205374902 ], [ -120.914589181049507, 37.680521205196662 ] ] ] } },
{ "type": "Feature", "properties": { "csb_id": "061825015444094", "acres": 42.999202627456697, "geoid": "06099" }, "geometry": { "type": "Polygon", "coordinates": [ [ [ -120.738699049321966, 37.68447379203846 ], [ -120.738699048745815, 37.683575476932155 ], [ -120.736453260766751, 37.683575477087999 ], [ -120.736273597916991, 37.68330598246294 ], [ -120.735734608070217, 37.683305982647326 ], [ -120.735375282165151, 37.68357547746853 ], [ -120.735375282329116, 37.684204297426653 ], [ -120.734476967113565, 37.684204297439074 ], [ -120.734476966934224, 37.683305982663413 ], [ -120.734297304241196, 37.683305982066628 ], [ -120.734297304479725, 37.683036487577915 ], [ -120.734476967625326, 37.683036487945117 ], [ -120.734476967170025, 37.68267716221974 ], [ -120.734836292838253, 37.682317835713931 ], [ -120.734297303911461, 37.682317835462953 ], [ -120.734476967445971, 37.682138172911507 ], [ -120.734476966811357, 37.680880531794976 ], [ -120.734207473451377, 37.68052120629023 ], [ -120.734207472615992, 37.680251710984145 ], [ -120.734476967047129, 37.680251710975746 ], [ -120.734656630739323, 37.679712721564805 ], [ -120.737351576146523, 37.679712721076164 ], [ -120.737351575887388, 37.680970362714952 ], [ -120.737621070479207, 37.681239857046293 ], [ -120.737980397121135, 37.681239856918644 ], [ -120.737980397011469, 37.68097036235352 ], [ -120.738160059632833, 37.680880531554699 ], [ -120.739058374495514, 37.680880531199278 ], [ -120.73914820624509, 37.682677161496244 ], [ -120.739327870062695, 37.682946656350936 ], [ -120.739956690410025, 37.68294665682815 ], [ -120.739956690679463, 37.683844971610007 ], [ -120.740226184831954, 37.683844971822758 ], [ -120.740226184860703, 37.684204297783133 ], [ -120.739956690507043, 37.684204297340791 ], [ -120.73959736425418, 37.684473792127839 ], [ -120.738699049321966, 37.68447379203846 ] ] ] } },
{ "type": "Feature", "properties": { "csb_id": "061825015444095", "acres": 11.5968006732584, "geoid": "06099" }, "geometry": { "type": "Polygon", "coordinates": [ [ [ -120.794933585238766, 37.681778846197254 ], [ -120.7931369551047, 37.681778846582198 ], [ -120.793136955629663, 37.681509351765918 ], [ -120.792687797040415, 37.681509351979308 ], [ -120.792687797485442, 37.680521205413491 ], [ -120.79313695547107, 37.679622890195432 ], [ -120.793765775920562, 37.679622889837972 ], [ -120.793765776033936, 37.679982215657006 ], [ -120.79655055313124, 37.680072047883733 ], [ -120.796550553079953, 37.680341542510988 ], [ -120.795921732054225, 37.680341542228931 ], [ -120.795652238476265, 37.680611036905766 ], [ -120.795652238302324, 37.680970362754387 ], [ -120.795023417323506, 37.680970363183022 ], [ -120.795023416934598, 37.680611037162841 ], [ -120.794753922673067, 37.680611036797337 ], [ -120.794753922736732, 37.681509351758805 ], [ -120.794933585347735, 37.68150935195429 ], [ -120.794933585238766, 37.681778846197254 ] ] ] } },
{ "type": "Feature", "properties": { "csb_id": "061825015444110", "acres": 6.4524935597528499, "geoid": "06099" }, "geometry": { "type": "Polygon", "coordinates": [ [ [ -120.797898026440308, 37.680521205145119 ], [ -120.797898026208287, 37.679443227203762 ], [ -120.798077688897763, 37.679443227247873 ], [ -120.798077689276909, 37.678814405686367 ], [ -120.79834718437894, 37.678814406404825 ], [ -120.798347184226273, 37.679173732358606 ], [ -120.799425161922585, 37.679083900794879 ], [ -120.79942516170992, 37.679982215936917 ], [ -120.799245498800516, 37.680072047720266 ], [ -120.799604825093311, 37.680072047711334 ], [ -120.799604825314276, 37.68034154182417 ], [ -120.799245498820184, 37.680341541602843 ], [ -120.799245498916321, 37.680970363044878 ], [ -120.798976004818229, 37.680970362470475 ], [ -120.7989760044278, 37.680611037077632 ], [ -120.798616678323043, 37.680611036496948 ], [ -120.7986166789062, 37.68123985760824 ], [ -120.798347184418333, 37.68123985736802 ], [ -120.797898026440308, 37.680521205145119 ] ] ] } },
{ "type": "Feature", "properties": { "csb_id": "061825015444115", "acres": 8.2779040569802707, "geoid": "06099" }, "geometry": { "type": "Polygon", "coordinates": [ [ [ -120.748311022836646, 37.681419520385937 ], [ -120.74831102214435, 37.680880531448054 ], [ -120.748041527802954, 37.680611036244301 ], [ -120.748041528182156, 37.679353395563027 ], [ -120.748311022786339, 37.679083900524951 ], [ -120.748939842626157, 37.679083900599871 ], [ -120.748939843174767, 37.679622889833517 ], [ -120.749838158246988, 37.67962288994633 ], [ -120.749838158949757, 37.680880531114617 ], [ -120.749568664195067, 37.681419520563402 ], [ -120.748311022836646, 37.681419520385937 ] ] ] } },
{ "type": "Feature", "properties": { "csb_id": "061825015444116", "acres": 4.3927889453883502, "geoid": "06099" }, "geometry": { "type": "Polygon", "coordinates": [ [ [ -120.74139399476411, 37.680880531095134 ], [ -120.741393994312318, 37.680251710231715 ], [ -120.740944837397237, 37.67998221624589 ], [ -120.740944837341715, 37.679712722116776 ], [ -120.741214332453808, 37.679173732699255 ], [ -120.741843152494297, 37.678814405440882 ], [ -120.742112646482724, 37.67881440602801 ], [ -120.742112647330174, 37.679173732317118 ], [ -120.742471973383189, 37.679173732690465 ], [ -120.742471972527767, 37.680251710387594 ], [ -120.742292309799382, 37.68025171019017 ], [ -120.74229230956071, 37.679982216022481 ], [ -120.742022816042848, 37.679982215775851 ], [ -120.741753321392025, 37.680251710825637 ], [ -120.741753321281095, 37.680880531515839 ], [ -120.74139399476411, 37.680880531095134 ] ] ] } },
{ "type": "Feature", "properties": { "csb_id": "061825015444119", "acres": 4.98831050450028, "geoid": "06099" }, "geometry": { "type": "Polygon", "coordinates": [ [ [ -120.914679013599581, 37.679622889533768 ], [ -120.914679013074263, 37.679173732661589 ], [ -120.913511203655034, 37.679083900557522 ], [ -120.913511203200784, 37.678455079712464 ], [ -120.915577328509897, 37.678275416853765 ], [ -120.915756991367104, 37.678724574956853 ], [ -120.915756991712982, 37.679353395151139 ], [ -120.915487496911595, 37.679353394858289 ], [ -120.915487497250538, 37.679622890140202 ], [ -120.914679013599581, 37.679622889533768 ] ] ] } },
{ "type": "Feature", "properties": { "csb_id": "061825015444127", "acres": 5.5544617125781599, "geoid": "06099" }, "geometry": { "type": "Polygon", "coordinates": [ [ [ -120.745975402390201, 37.680251710262141 ], [ -120.745795740076431, 37.680072047796941 ], [ -120.745795740239558, 37.679712721361128 ], [ -120.745166919555402, 37.679712721681071 ], [ -120.745166919250693, 37.679173732570199 ], [ -120.745795740078549, 37.679173732193519 ], [ -120.745795739135573, 37.67881440590768 ], [ -120.745436413516828, 37.678724574140738 ], [ -120.747412707083356, 37.678724574534108 ], [ -120.747233044546334, 37.678814405792963 ], [ -120.747143213131281, 37.67998221596568 ], [ -120.746514392520837, 37.679982216281239 ], [ -120.746514391455477, 37.68025171021614 ], [ -120.745975402390201, 37.680251710262141 ] ] ] } },
{ "type": "Feature", "properties": { "csb_id": "061825015444133", "acres": 41.369369729204301, "geoid": "06099" }, "geometry": { "type": "Polygon", "coordinates": [ [ [ -120.748041527405675, 37.685102613190651 ], [ -120.74804152832543, 37.684743286626677 ], [ -120.747772033343068, 37.684743286560824 ], [ -120.747592370104528, 37.683934802808878 ], [ -120.746963549491497, 37.683934803089663 ], [ -120.746963549815106, 37.683575476709187 ], [ -120.747143212418152, 37.683575477263751 ], [ -120.747143212829172, 37.683844972052079 ], [ -120.747772032974282, 37.683844971706925 ], [ -120.747772033888694, 37.68357547709158 ], [ -120.7483110225822, 37.683575476973566 ], [ -120.748311022615482, 37.684204297599685 ], [ -120.749568663767306, 37.684204297483149 ], [ -120.749568663399089, 37.683844971415581 ], [ -120.748939843624896, 37.683844971715629 ], [ -120.748939842781525, 37.683305982180485 ], [ -120.748311022641772, 37.683305982110603 ], [ -120.74849068612923, 37.682677162041671 ], [ -120.748041528025169, 37.682317835843328 ], [ -120.747412707202969, 37.68231783579462 ], [ -120.747412706541823, 37.682946656098913 ], [ -120.747233044357813, 37.682946656171204 ], [ -120.746873718294836, 37.682317835733457 ], [ -120.74687371775822, 37.682048341073639 ], [ -120.745346582602167, 37.682048341409299 ], [ -120.745346581966558, 37.681868678196409 ], [ -120.745975403287645, 37.681239857278356 ], [ -120.747592369709366, 37.681239857402943 ], [ -120.747592370171262, 37.680970362844548 ], [ -120.747143212805639, 37.680880531157307 ], [ -120.747233044546334, 37.678814405792963 ], [ -120.748311022693542, 37.678724574290648 ], [ -120.748311022296008, 37.678185585856369 ], [ -120.748939842547529, 37.67818558518524 ], [ -120.750107653523827, 37.678544911222133 ], [ -120.750736473706553, 37.679083900530898 ], [ -120.751365294597903, 37.679173731747973 ], [ -120.751634789051025, 37.679622889569927 ], [ -120.751634788897221, 37.679982216354603 ], [ -120.751005968365959, 37.679982215811307 ], [ -120.751005968798793, 37.680880531341401 ], [ -120.751185631207434, 37.681150026422756 ], [ -120.749838158425376, 37.682317835896697 ], [ -120.750107652379583, 37.683305982385171 ], [ -120.75073647411952, 37.683844971746332 ], [ -120.750736474327297, 37.684204298100546 ], [ -120.750107652757663, 37.684204297698933 ], [ -120.750107653114497, 37.684473791926841 ], [ -120.749838158416068, 37.684743286959247 ], [ -120.748939842892156, 37.68474328696972 ], [ -120.748939842716936, 37.685102613360705 ], [ -120.748041527405675, 37.685102613190651 ] ], [ [ -120.749568664195067, 37.681419520563402 ], [ -120.749838158949757, 37.680880531114617 ], [ -120.749838158246988, 37.67962288994633 ], [ -120.748939843174767, 37.679622889833517 ], [ -120.748939842626157, 37.679083900599871 ], [ -120.748311022786339, 37.679083900524951 ], [ -120.748041528182156, 37.679353395563027 ], [ -120.748041527802954, 37.680611036244301 ], [ -120.74831102214435, 37.680880531448054 ], [ -120.748311022836646, 37.681419520385937 ], [ -120.749568664195067, 37.681419520563402 ] ] ] } },
{ "type": "Feature", "properties": { "csb_id": "061825015444141", "acres": 6.1987496356204304, "geoid": "06099" }, "geometry": { "type": "Polygon", "coordinates": [ [ [ -120.788106388164238, 37.68061103664386 ], [ -120.788106389466023, 37.680072047937692 ], [ -120.787208073141784, 37.678814406781271 ], [ -120.787208072747148, 37.678544911829775 ], [ -120.787567400313762, 37.678275416921565 ], [ -120.788465714762012, 37.678275417270065 ], [ -120.788465714717788, 37.678544911435672 ], [ -120.788735211832119, 37.678814405879891 ], [ -120.788735209988545, 37.67971272122449 ], [ -120.789004704393264, 37.680072047824794 ], [ -120.789004704098019, 37.680341542331071 ], [ -120.788735209546118, 37.680611037001853 ], [ -120.788106388164238, 37.68061103664386 ] ] ] } },
{ "type": "Feature", "properties": { "csb_id": "061825015444149", "acres": 14.642612568230501, "geoid": "06099" }, "geometry": { "type": "Polygon", "coordinates": [ [ [ -120.783794474613856, 37.681419520528287 ], [ -120.783794476326804, 37.679353395636547 ], [ -120.78316565419874, 37.679353395259639 ], [ -120.78424363375926, 37.678544911374615 ], [ -120.784243633596873, 37.677916091134755 ], [ -120.784513128664145, 37.677916090360881 ], [ -120.784513127796288, 37.678544911290892 ], [ -120.785141949035605, 37.678544911786524 ], [ -120.785141948786631, 37.679173732677064 ], [ -120.785411443194562, 37.679173731929907 ], [ -120.785411443346391, 37.678814406104422 ], [ -120.785770770054441, 37.678544911855248 ], [ -120.786040263870959, 37.678544911212228 ], [ -120.786309758722311, 37.678814405958853 ], [ -120.786309759166784, 37.679083900202031 ], [ -120.786219927456997, 37.679353395193758 ], [ -120.785591106252809, 37.67962288980835 ], [ -120.785591106544274, 37.680072047814683 ], [ -120.786040263931142, 37.680072047247684 ], [ -120.786309758513269, 37.680341542181026 ], [ -120.786309758739534, 37.680970362909058 ], [ -120.784872454188573, 37.680970363257302 ], [ -120.784872454123104, 37.681239857298863 ], [ -120.784513128442839, 37.681419520636318 ], [ -120.783794474613856, 37.681419520528287 ] ] ] } },
{ "type": "Feature", "properties": { "csb_id": "061825015444155", "acres": 4.9688717666763402, "geoid": "06099" }, "geometry": { "type": "Polygon", "coordinates": [ [ [ -120.7609772680878, 37.67782625899433 ], [ -120.760977267698578, 37.677287269759134 ], [ -120.761246762243218, 37.677287270181331 ], [ -120.761246762151217, 37.676927943678066 ], [ -120.763043393711868, 37.676927944278013 ], [ -120.763043392785846, 37.677287270033801 ], [ -120.762773898578217, 37.677826259081932 ], [ -120.761875583406905, 37.677826259100257 ], [ -120.761875583338878, 37.678455079630254 ], [ -120.761606088969842, 37.678455079678592 ], [ -120.7609772680878, 37.67782625899433 ] ] ] } },
{ "type": "Feature", "properties": { "csb_id": "061825015444181", "acres": 5.0566920249365097, "geoid": "06099" }, "geometry": { "type": "Polygon", "coordinates": [ [ [ -120.790082683635148, 37.679173731846099 ], [ -120.789004705180645, 37.679173732099706 ], [ -120.789004704444977, 37.677826259460502 ], [ -120.788735210402038, 37.677377101270828 ], [ -120.78873520998944, 37.677017775742797 ], [ -120.789004704421586, 37.676927944328789 ], [ -120.789813188545821, 37.677287270277155 ], [ -120.78981318840259, 37.678724574979981 ], [ -120.790711503834515, 37.678814406122143 ], [ -120.790082683635148, 37.679173731846099 ] ] ] } },
{ "type": "Feature", "properties": { "csb_id": "061825015444205", "acres": 7.1458762757563097, "geoid": "06099" }, "geometry": { "type": "Polygon", "coordinates": [ [ [ -120.786040264256471, 37.677646596246603 ], [ -120.786040264792462, 37.677377101907538 ], [ -120.785141949666624, 37.677377101794526 ], [ -120.785141949475587, 37.677646596305443 ], [ -120.784243633442969, 37.677646596470048 ], [ -120.784243634395011, 37.677377101557212 ], [ -120.784872454568784, 37.677377101602282 ], [ -120.78487245482799, 37.677017775215162 ], [ -120.784513128692794, 37.67701777548838 ], [ -120.784243634232624, 37.676748281135637 ], [ -120.784243633916333, 37.675849965831333 ], [ -120.785141949353758, 37.676119460448689 ], [ -120.785141949000661, 37.676478786283766 ], [ -120.785770770250792, 37.676478786349612 ], [ -120.785770769765591, 37.676119460054409 ], [ -120.785950432645905, 37.676119460552989 ], [ -120.786309758999181, 37.676478786649255 ], [ -120.78630975937466, 37.677377101472622 ], [ -120.786669085705981, 37.677377101766993 ], [ -120.786669085582318, 37.677017775493461 ], [ -120.78720807471413, 37.67701777532821 ], [ -120.78720807423386, 37.677646596459233 ], [ -120.786040264256471, 37.677646596246603 ] ] ] } },
{ "type": "Feature", "properties": { "csb_id": "061825015444208", "acres": 10.3478344371165, "geoid": "06099" }, "geometry": { "type": "Polygon", "coordinates": [ [ [ -120.84254429636087, 37.678275417206592 ], [ -120.842544295367375, 37.677916091077655 ], [ -120.841915475293959, 37.677916091053412 ], [ -120.841196821311854, 37.6776465965564 ], [ -120.841196823241347, 37.677287270201376 ], [ -120.842095138448002, 37.676029628379645 ], [ -120.84227480124396, 37.675221144598645 ], [ -120.842544295290409, 37.675221144862768 ], [ -120.842544295526935, 37.675760134203692 ], [ -120.842723958362114, 37.676029628789266 ], [ -120.843622274206567, 37.676119459884283 ], [ -120.843622273527615, 37.676388954564118 ], [ -120.843891769392727, 37.676388955127294 ], [ -120.843891768891751, 37.677017775920262 ], [ -120.843442611154359, 37.67701777558581 ], [ -120.843352778743323, 37.677826259376275 ], [ -120.842993452999963, 37.678185585202542 ], [ -120.84254429636087, 37.678275417206592 ] ] ] } },
{ "type": "Feature", "properties": { "csb_id": "061825015444210", "acres": 51.825920393456997, "geoid": "06099" }, "geometry": { "type": "Polygon", "coordinates": [ [ [ -120.826194957815957, 37.681778846538677 ], [ -120.826194957978032, 37.680880531612317 ], [ -120.826464451860389, 37.680880531107384 ], [ -120.826464451960362, 37.680521205540238 ], [ -120.826644115078622, 37.680521205504263 ], [ -120.826284789551508, 37.680251710195641 ], [ -120.826284789484333, 37.680072047503472 ], [ -120.82754243102255, 37.679083900882127 ], [ -120.827362766942258, 37.678455079726668 ], [ -120.826823778295491, 37.677826258921975 ], [ -120.826823778353969, 37.676927944321783 ], [ -120.826644115489984, 37.67674828057941 ], [ -120.82664411532285, 37.676927943649773 ], [ -120.826464452587416, 37.676927943574938 ], [ -120.826464451833004, 37.676658449312157 ], [ -120.826194957902899, 37.67647878651303 ], [ -120.826194957983944, 37.676029628486383 ], [ -120.826464452284341, 37.676029628834677 ], [ -120.8268237782668, 37.675760133875976 ], [ -120.826823778416781, 37.675490639074305 ], [ -120.827722093102381, 37.675490639546503 ], [ -120.828261083181317, 37.675131313164783 ], [ -120.829788218204058, 37.675131313097232 ], [ -120.829788218963955, 37.675490639553672 ], [ -120.830057713964493, 37.67549063971672 ], [ -120.829878050201643, 37.676927943802788 ], [ -120.829878050291427, 37.677287270329529 ], [ -120.830057713054998, 37.677377101613573 ], [ -120.830057713767118, 37.679083900404954 ], [ -120.829788218745335, 37.67908390029249 ], [ -120.829788218836256, 37.679353395204757 ], [ -120.830057713732685, 37.679353395547679 ], [ -120.830057713258029, 37.679982216328312 ], [ -120.829788218581271, 37.679982216386399 ], [ -120.829788219227382, 37.680880531188656 ], [ -120.829518724006164, 37.681150025614272 ], [ -120.829518724187182, 37.682048341420973 ], [ -120.826464452403371, 37.682048340647086 ], [ -120.826194957815957, 37.681778846538677 ] ], [ [ -120.82826108307826, 37.676029629035924 ], [ -120.828261082718328, 37.675760134192338 ], [ -120.828620409017432, 37.675760133893959 ], [ -120.828620409110357, 37.675580470711722 ], [ -120.828081420010903, 37.67558047142365 ], [ -120.828081419422944, 37.676029629218974 ], [ -120.82826108307826, 37.676029629035924 ] ], [ [ -120.827722093888823, 37.67611946022766 ], [ -120.827811924887854, 37.675849966057399 ], [ -120.827542430354129, 37.67584996610173 ], [ -120.827542430311283, 37.676119460478382 ], [ -120.827722093888823, 37.67611946022766 ] ] ] } },
{ "type": "Feature", "properties": { "csb_id": "061825015444234", "acres": 5.4375785628455198, "geoid": "06099" }, "geometry": { "type": "Polygon", "coordinates": [ [ [ -120.78756740018801, 37.677017775561112 ], [ -120.787567400692453, 37.676478786434487 ], [ -120.786938579808421, 37.67647878632436 ], [ -120.786938579258461, 37.675849965701616 ], [ -120.78621992725418, 37.67584996581737 ], [ -120.786219927097349, 37.675490639868009 ], [ -120.786848747555382, 37.675490639257951 ], [ -120.786848748763077, 37.675221144946676 ], [ -120.787836894726354, 37.674951650798207 ], [ -120.787836894762947, 37.674592324020203 ], [ -120.788106389022076, 37.674592324037704 ], [ -120.78810638964012, 37.676748281065528 ], [ -120.787836894643732, 37.677017775198884 ], [ -120.78756740018801, 37.677017775561112 ] ] ] } },
{ "type": "Feature", "properties": { "csb_id": "061825015444249", "acres": 52.285249429462297, "geoid": "06099" }, "geometry": { "type": "Polygon", "coordinates": [ [ [ -120.802120108171891, 37.681778846309754 ], [ -120.800323477255006, 37.681778846551005 ], [ -120.800323476635612, 37.681150026208982 ], [ -120.800682803513794, 37.681150026760264 ], [ -120.800682803457264, 37.680521206492202 ], [ -120.80005398242514, 37.680072047245694 ], [ -120.799245498800516, 37.680072047720266 ], [ -120.79942516170992, 37.679982215936917 ], [ -120.799425161922585, 37.679083900794879 ], [ -120.798347184226273, 37.679173732358606 ], [ -120.79834718437894, 37.678814406404825 ], [ -120.797718362698348, 37.678724574660194 ], [ -120.796820047807543, 37.677916091037567 ], [ -120.796550553837079, 37.677916091082267 ], [ -120.796281055368738, 37.677646596893354 ], [ -120.796281054925473, 37.67701777655089 ], [ -120.796550550051549, 37.677017776181181 ], [ -120.796550550984989, 37.676119461021564 ], [ -120.79610139306719, 37.676029628945813 ], [ -120.796101393120168, 37.67549063978894 ], [ -120.796999708402225, 37.675490640241811 ], [ -120.796999707441472, 37.674502493455776 ], [ -120.797359033687854, 37.674232998833787 ], [ -120.798257350202547, 37.674322830388235 ], [ -120.800952294229063, 37.677377102095591 ], [ -120.801670947718179, 37.67845508083763 ], [ -120.802120106614538, 37.678814406621989 ], [ -120.802120108032682, 37.679443226640856 ], [ -120.80158111925644, 37.67971272095906 ], [ -120.801581118630452, 37.679982215845243 ], [ -120.801850612897823, 37.680880530899287 ], [ -120.802120108075627, 37.680970362989072 ], [ -120.802120108171891, 37.681778846309754 ] ] ] } },
{ "type": "Feature", "properties": { "csb_id": "061825015444250", "acres": 62.827321282228098, "geoid": "06099" }, "geometry": { "type": "Polygon", "coordinates": [ [ [ -120.79080133578239, 37.681778846506106 ], [ -120.788016558322028, 37.681778846133632 ], [ -120.788016558044916, 37.682048340698316 ], [ -120.785591107074382, 37.68204834094557 ], [ -120.785591106737314, 37.681778846497494 ], [ -120.784153802207058, 37.681778846187967 ], [ -120.784153802339219, 37.681419520019652 ], [ -120.784872454123104, 37.681239857298863 ], [ -120.784872454188573, 37.680970363257302 ], [ -120.786309758739534, 37.680970362909058 ], [ -120.786309758513269, 37.680341542181026 ], [ -120.786040263931142, 37.680072047247684 ], [ -120.785591106544274, 37.680072047814683 ], [ -120.785591106252809, 37.67962288980835 ], [ -120.786219927456997, 37.679353395193758 ], [ -120.786309758722311, 37.678814405958853 ], [ -120.786040263870959, 37.678544911212228 ], [ -120.785770770054441, 37.678544911855248 ], [ -120.785411443346391, 37.678814406104422 ], [ -120.785411443194562, 37.679173731929907 ], [ -120.785141948786631, 37.679173732677064 ], [ -120.785141949035605, 37.678544911786524 ], [ -120.784513127796288, 37.678544911290892 ], [ -120.784513128664145, 37.677916090360881 ], [ -120.784243633596873, 37.677916091134755 ], [ -120.78424363375926, 37.678544911374615 ], [ -120.783974139190846, 37.678814406329622 ], [ -120.78379447677996, 37.678814406078708 ], [ -120.783794476443163, 37.678455080107618 ], [ -120.783165656115727, 37.678455080018992 ], [ -120.783165655164481, 37.67818558544829 ], [ -120.78379447681732, 37.67818558570886 ], [ -120.783794475827733, 37.677287270150536 ], [ -120.783524982237296, 37.677287270428089 ], [ -120.783524981806607, 37.676927943689236 ], [ -120.783524982303859, 37.676388955130051 ], [ -120.783794476239223, 37.676388955024429 ], [ -120.783794476313929, 37.675131313431429 ], [ -120.78352498223488, 37.675131313595216 ], [ -120.783524982052811, 37.674502492249509 ], [ -120.783794476351275, 37.674502492487662 ], [ -120.783794475993659, 37.673963503374068 ], [ -120.784692791455029, 37.67396350381096 ], [ -120.784692791098038, 37.674861818961958 ], [ -120.785411444109485, 37.675131313099762 ], [ -120.785770770291322, 37.675580470752465 ], [ -120.786219927136557, 37.675580471358373 ], [ -120.78621992725418, 37.67584996581737 ], [ -120.786938579258461, 37.675849965701616 ], [ -120.786938579808421, 37.67647878632436 ], [ -120.787567400692453, 37.676478786434487 ], [ -120.78756740018801, 37.677017775561112 ], [ -120.788016558370401, 37.676927943780576 ], [ -120.788016557527044, 37.677556764582043 ], [ -120.788286052026919, 37.677556764549145 ], [ -120.78864537928547, 37.677287270189737 ], [ -120.788645379013403, 37.676927943791597 ], [ -120.789004704421586, 37.676927944328789 ], [ -120.78873520998944, 37.677017775742797 ], [ -120.788735210402038, 37.677377101270828 ], [ -120.789004704444977, 37.677826259460502 ], [ -120.789004705180645, 37.679173732099706 ], [ -120.790082683635148, 37.679173731846099 ], [ -120.790531840388425, 37.678814405856485 ], [ -120.790711503834515, 37.678814406122143 ], [ -120.790711503923674, 37.679083901000617 ], [ -120.790980998819691, 37.67908390070172 ], [ -120.791160661646842, 37.679622890067058 ], [ -120.790980998071802, 37.680251710907598 ], [ -120.790801335333541, 37.680341541791584 ], [ -120.79080133578239, 37.681778846506106 ] ], [ [ -120.788735209546118, 37.680611037001853 ], [ -120.789004704098019, 37.680341542331071 ], [ -120.789004704393264, 37.680072047824794 ], [ -120.788735209988545, 37.67971272122449 ], [ -120.788735211832119, 37.678814405879891 ], [ -120.788465714717788, 37.678544911435672 ], [ -120.788465714762012, 37.678275417270065 ], [ -120.787567400313762, 37.678275416921565 ], [ -120.787208072747148, 37.678544911829775 ], [ -120.787208073141784, 37.678814406781271 ], [ -120.788106389466023, 37.680072047937692 ], [ -120.788106388164238, 37.68061103664386 ], [ -120.788735209546118, 37.680611037001853 ] ], [ [ -120.78720807423386, 37.677646596459233 ], [ -120.78720807471413, 37.67701777532821 ], [ -120.786669085582318, 37.677017775493461 ], [ -120.786669085705981, 37.677377101766993 ], [ -120.78630975937466, 37.677377101472622 ], [ -120.786309758999181, 37.676478786649255 ], [ -120.785950432645905, 37.676119460552989 ], [ -120.785770769765591, 37.676119460054409 ], [ -120.785770770250792, 37.676478786349612 ], [ -120.785141949000661, 37.676478786283766 ], [ -120.785141949353758, 37.676119460448689 ], [ -120.784243633916333, 37.675849965831333 ], [ -120.784243634232624, 37.676748281135637 ], [ -120.784513128692794, 37.67701777548838 ], [ -120.78487245482799, 37.677017775215162 ], [ -120.784872454568784, 37.677377101602282 ], [ -120.784243634395011, 37.677377101557212 ], [ -120.784243633442969, 37.677646596470048 ], [ -120.785141949475587, 37.677646596305443 ], [ -120.785141949666624, 37.677377101794526 ], [ -120.786040264792462, 37.677377101907538 ], [ -120.786040264256471, 37.677646596246603 ], [ -120.78720807423386, 37.677646596459233 ] ] ] } },
{ "type": "Feature", "properties": { "csb_id": "061825015444256", "acres": 133.584326209648, "geoid": "06099" }, "geometry": { "type": "Polygon", "coordinates": [ [ [ -120.885483766256328, 37.681778847499693 ], [ -120.885483766240412, 37.681509352941006 ], [ -120.885214272128863, 37.681239857934024 ], [ -120.884944776927497, 37.681239857138884 ], [ -120.884944778005291, 37.678455080924572 ], [ -120.885124440418039, 37.678455079714361 ], [ -120.885214271779617, 37.678185585323064 ], [ -120.885214271497404, 37.677646596171641 ], [ -120.884944777097814, 37.677017775734001 ], [ -120.884944777019356, 37.676119459858938 ], [ -120.884765114150383, 37.67611946023559 ], [ -120.884765113763152, 37.676388954691262 ], [ -120.884495619032123, 37.676388954644288 ], [ -120.884226125220607, 37.676029628518734 ], [ -120.884226125357443, 37.675760134500955 ], [ -120.884765114666763, 37.67576013426671 ], [ -120.884765113948404, 37.675490639999978 ], [ -120.88512444073136, 37.675221145265951 ], [ -120.885124439930578, 37.673604177730745 ], [ -120.886022755859258, 37.673604177705137 ], [ -120.886022755815375, 37.673065188509753 ], [ -120.886921070895553, 37.673065188066545 ], [ -120.887010902113119, 37.673424514895402 ], [ -120.887549890897503, 37.673604177214663 ], [ -120.887549891993473, 37.673334683079169 ], [ -120.887819386019586, 37.673334682514131 ], [ -120.887819386135234, 37.67306518836061 ], [ -120.888987196574789, 37.673065188599729 ], [ -120.88898719598879, 37.673334682815515 ], [ -120.888807533080552, 37.673334683178773 ], [ -120.888807532972351, 37.673155019949746 ], [ -120.888717701073659, 37.673334683376609 ], [ -120.888717701795557, 37.673963504384069 ], [ -120.888987196490731, 37.673963503423153 ], [ -120.888987196497411, 37.674232999302347 ], [ -120.889436353430227, 37.674232999368229 ], [ -120.889616016815509, 37.673963503922671 ], [ -120.889885511590563, 37.673963504654289 ], [ -120.891143152837842, 37.674502492657766 ], [ -120.891682140941796, 37.675131313205519 ], [ -120.892041468189902, 37.675131313577182 ], [ -120.892310963014083, 37.674861818867591 ], [ -120.892310962467974, 37.674502492750761 ], [ -120.892580456828142, 37.674232998664856 ], [ -120.89293978281934, 37.674232998512259 ], [ -120.892939783561729, 37.674502492605654 ], [ -120.893209277949921, 37.67450249294675 ], [ -120.893209278134606, 37.674861819126001 ], [ -120.893209277646221, 37.675131313639469 ], [ -120.892939783477999, 37.675131313698024 ], [ -120.892939783031068, 37.676029628914478 ], [ -120.893478772079092, 37.676029628495073 ], [ -120.893478772692674, 37.675760133810648 ], [ -120.893209277342493, 37.675760134233883 ], [ -120.893209277830863, 37.675490639762522 ], [ -120.89347877220068, 37.67549063933928 ], [ -120.894107593214045, 37.675490639559278 ], [ -120.894736413602288, 37.676029628633074 ], [ -120.894736413507289, 37.676658449905524 ], [ -120.893838098848249, 37.676658449783616 ], [ -120.893478772343784, 37.676927943804898 ], [ -120.893478772608461, 37.677826258914827 ], [ -120.893209278073869, 37.677826259444345 ], [ -120.892939783522266, 37.678185585030207 ], [ -120.892939783751913, 37.678455080814281 ], [ -120.892580456669165, 37.678455078762624 ], [ -120.892580456697161, 37.678724574297689 ], [ -120.891502479592049, 37.678814407069289 ], [ -120.891412645677306, 37.679173732275764 ], [ -120.890963491468781, 37.679353395814253 ], [ -120.890065173595218, 37.679353394990486 ], [ -120.88970584733454, 37.679173732878269 ], [ -120.889346522021057, 37.679173733129986 ], [ -120.88916685949485, 37.679353395073356 ], [ -120.889166859287599, 37.680072048623344 ], [ -120.889436353731639, 37.680251711856577 ], [ -120.88943635332744, 37.680880531449198 ], [ -120.888987196643626, 37.680880532146944 ], [ -120.888987195767896, 37.681419520379158 ], [ -120.889436351817508, 37.681509351175322 ], [ -120.889436353458365, 37.681778846551346 ], [ -120.885483766256328, 37.681778847499693 ] ], [ [ -120.887909217906227, 37.679173732458246 ], [ -120.888268542337357, 37.67908390064995 ], [ -120.887909216433812, 37.679083900574973 ], [ -120.887909217906227, 37.679173732458246 ] ] ] } },
{ "type": "Feature", "properties": { "csb_id": "061825015444264", "acres": 6.7263066803381397, "geoid": "06099" }, "geometry": { "type": "Polygon", "coordinates": [ [ [ -120.786848747555382, 37.675490639257951 ], [ -120.785770770291322, 37.675580470752465 ], [ -120.785411444109485, 37.675131313099762 ], [ -120.784692791098038, 37.674861818961958 ], [ -120.784692791455029, 37.67396350381096 ], [ -120.784513128569017, 37.673963503471384 ], [ -120.78451312772988, 37.673694009404528 ], [ -120.784243632464523, 37.673694009721011 ], [ -120.784243632160951, 37.67333468283357 ], [ -120.784692789987062, 37.673334683258553 ], [ -120.784692792211231, 37.673155019543607 ], [ -120.785321610870355, 37.673334682935597 ], [ -120.785321610787776, 37.674861818813731 ], [ -120.785591107574035, 37.674861818528662 ], [ -120.785591105748466, 37.674502492549422 ], [ -120.786489420523608, 37.674502493255531 ], [ -120.787118243523039, 37.674861818728729 ], [ -120.787118241083903, 37.675131313524147 ], [ -120.786848748763077, 37.675221144946676 ], [ -120.786848747555382, 37.675490639257951 ] ] ] } },
{ "type": "Feature", "properties": { "csb_id": "061825015444300", "acres": 5.7502889254427503, "geoid": "06099" }, "geometry": { "type": "Polygon", "coordinates": [ [ [ -120.910636594135127, 37.671807547310578 ], [ -120.910995920624273, 37.67180754680151 ], [ -120.910995920554683, 37.671538052510819 ], [ -120.910995919259761, 37.670909231433804 ], [ -120.910636593514639, 37.670909231774722 ], [ -120.910636593646672, 37.67063973765481 ], [ -120.911534910754369, 37.670639736792417 ], [ -120.911534908362796, 37.670909232068404 ], [ -120.912433225287231, 37.670909231774921 ], [ -120.912433225152341, 37.671268558438108 ], [ -120.912163729977891, 37.67135838907538 ], [ -120.911894235310399, 37.671807546759581 ], [ -120.911894235919704, 37.672705862514825 ], [ -120.911265415148904, 37.67270586193176 ], [ -120.91063659459104, 37.672436367784329 ], [ -120.910636594135127, 37.671807547310578 ] ] ] } },
{ "type": "Feature", "properties": { "csb_id": "061825015444313", "acres": 15.600512788661799, "geoid": "06099" }, "geometry": { "type": "Polygon", "coordinates": [ [ [ -120.795831901094289, 37.674861818775923 ], [ -120.795203080575646, 37.674861818821796 ], [ -120.79493358629783, 37.674232998256713 ], [ -120.794933585657191, 37.671807547075552 ], [ -120.795652238351991, 37.671807546393737 ], [ -120.796460722361559, 37.672526199222247 ], [ -120.796730216242523, 37.673155020013731 ], [ -120.797359036762003, 37.67333468333748 ], [ -120.797359036622666, 37.673963503509995 ], [ -120.797898025890206, 37.673963504070791 ], [ -120.797898024620849, 37.674232998532553 ], [ -120.797359033687854, 37.674232998833787 ], [ -120.796999707441472, 37.674502493455776 ], [ -120.796999708402225, 37.675490640241811 ], [ -120.795831901337891, 37.675490639626076 ], [ -120.795831901094289, 37.674861818775923 ] ] ] } },
{ "type": "Feature", "properties": { "csb_id": "061825015444328", "acres": 14.712572808347399, "geoid": "06099" }, "geometry": { "type": "Polygon", "coordinates": [ [ [ -120.845508736297887, 37.672705861980226 ], [ -120.845688399003976, 37.672256704205658 ], [ -120.845239241431415, 37.672166872765224 ], [ -120.845239241674975, 37.671358389134532 ], [ -120.84568839948254, 37.670460073835635 ], [ -120.846137555956972, 37.670460074492333 ], [ -120.846317220181334, 37.669831252930003 ], [ -120.847574860960165, 37.669741421728759 ], [ -120.847574861313788, 37.670010915925573 ], [ -120.847035872095034, 37.670729568607243 ], [ -120.847574861815502, 37.670729568043967 ], [ -120.847844356065522, 37.671268557642257 ], [ -120.847844356196106, 37.673334682520981 ], [ -120.847574861553298, 37.673334682597648 ], [ -120.847574861906566, 37.672705862128758 ], [ -120.845508736297887, 37.672705861980226 ] ], [ [ -120.846946041000422, 37.670370242130844 ], [ -120.846946040334572, 37.670010916316521 ], [ -120.846586714957212, 37.670010916216071 ], [ -120.846586714176127, 37.670370242892368 ], [ -120.846946041000422, 37.670370242130844 ] ] ] } },
{ "type": "Feature", "properties": { "csb_id": "061825015444336", "acres": 16.283983091478401, "geoid": "06099" }, "geometry": { "type": "Polygon", "coordinates": [ [ [ -120.789004704398209, 37.676029628997178 ], [ -120.789004704449809, 37.674322829942106 ], [ -120.788106389152574, 37.674232997859519 ], [ -120.787836895039447, 37.673694009204922 ], [ -120.787836894864242, 37.673424514313211 ], [ -120.788106389593807, 37.673424514272362 ], [ -120.788465716337683, 37.673155019932686 ], [ -120.788465715919614, 37.672256704277693 ], [ -120.788106389059678, 37.672256704397888 ], [ -120.788106390215262, 37.672526199367951 ], [ -120.787567400361397, 37.672526199372385 ], [ -120.787567400060638, 37.67225670463241 ], [ -120.786309758967221, 37.672256704859421 ], [ -120.786309759480531, 37.67189737835897 ], [ -120.786938579446783, 37.671897378429883 ], [ -120.786938580102657, 37.671358389537723 ], [ -120.787208074762134, 37.671358389009988 ], [ -120.787208073855226, 37.671897378362345 ], [ -120.787567400593701, 37.67189737870563 ], [ -120.788106389811617, 37.670999062764707 ], [ -120.788735210118418, 37.67099906299282 ], [ -120.788735210530987, 37.671358389058405 ], [ -120.789004705265228, 37.671627884188155 ], [ -120.789184367544692, 37.672436367778204 ], [ -120.789813188728004, 37.673065188379141 ], [ -120.79008268335798, 37.673604177004627 ], [ -120.7900826833759, 37.673963503355694 ], [ -120.788914873719264, 37.673963503905775 ], [ -120.788914872802039, 37.674232997957674 ], [ -120.789184367745449, 37.674232997948337 ], [ -120.789184368483205, 37.67486181905673 ], [ -120.789813188916895, 37.674861818673584 ], [ -120.789813188961375, 37.674232998138805 ], [ -120.790442009065785, 37.67450249308655 ], [ -120.790442008893933, 37.675490639450572 ], [ -120.789004704398209, 37.676029628997178 ] ] ] } },
{ "type": "Feature", "properties": { "csb_id": "061825015444337", "acres": 3.4170126018999198, "geoid": "06099" }, "geometry": { "type": "Polygon", "coordinates": [ [ [ -120.907043333189378, 37.67126855782368 ], [ -120.905246702219216, 37.671268557693331 ], [ -120.904617881915499, 37.670909230586581 ], [ -120.905516197196192, 37.670909231722163 ], [ -120.906414513016884, 37.670370242499004 ], [ -120.907312828124546, 37.6703702419981 ], [ -120.907312828142793, 37.670639737271237 ], [ -120.907043333519965, 37.670639736914282 ], [ -120.907043333189378, 37.67126855782368 ] ] ] } },
{ "type": "Feature", "properties": { "csb_id": "061825015444342", "acres": 3.0264788679113601, "geoid": "06099" }, "geometry": { "type": "Polygon", "coordinates": [ [ [ -120.83158484988499, 37.67180754697042 ], [ -120.831584849378388, 37.671538052125037 ], [ -120.830956028273334, 37.671538052332522 ], [ -120.83095602864438, 37.670909231437157 ], [ -120.83158484942625, 37.670909232031605 ], [ -120.831584849167456, 37.671268558123501 ], [ -120.832213670273489, 37.671268557889789 ], [ -120.832213669693758, 37.670909231336914 ], [ -120.832842490333988, 37.67090923193895 ], [ -120.832842490418074, 37.671538052382907 ], [ -120.832483164766742, 37.671807546419508 ], [ -120.83158484988499, 37.67180754697042 ] ] ] } },
{ "type": "Feature", "properties": { "csb_id": "061825015444345", "acres": 5.1353208473407097, "geoid": "06099" }, "geometry": { "type": "Polygon", "coordinates": [ [ [ -120.90407889223529, 37.670639737176856 ], [ -120.904348386696782, 37.670639736730571 ], [ -120.904348387216359, 37.670370242676185 ], [ -120.904617882099515, 37.670370242264759 ], [ -120.904617882392984, 37.670010916024971 ], [ -120.905695860471397, 37.670010915946449 ], [ -120.905875523598652, 37.669741421526709 ], [ -120.907043332898255, 37.669741421914907 ], [ -120.907043333673158, 37.670370242734158 ], [ -120.906414513016884, 37.670370242499004 ], [ -120.905516197196192, 37.670909231722163 ], [ -120.904617881915499, 37.670909230586581 ], [ -120.90407889223529, 37.670639737176856 ] ] ] } },
{ "type": "Feature", "properties": { "csb_id": "061825015444352", "acres": 2.4602756397799301, "geoid": "06099" }, "geometry": { "type": "Polygon", "coordinates": [ [ [ -120.911265415376704, 37.670639736688955 ], [ -120.911265415432197, 37.670370242088474 ], [ -120.910995920402755, 37.670010916264069 ], [ -120.910636594296221, 37.670010916668048 ], [ -120.910636594131645, 37.66974142162595 ], [ -120.911265414653997, 37.669741422089331 ], [ -120.911265415703923, 37.670010916500857 ], [ -120.911534910196252, 37.670010917234912 ], [ -120.911534909522146, 37.669112601800471 ], [ -120.911804404359657, 37.669112602106857 ], [ -120.911894236103208, 37.670909231433761 ], [ -120.911534908362796, 37.670909232068404 ], [ -120.911534910754369, 37.670639736792417 ], [ -120.911265415376704, 37.670639736688955 ] ] ] } },
{ "type": "Feature", "properties": { "csb_id": "061825015444357", "acres": 5.4965667098529201, "geoid": "06099" }, "geometry": { "type": "Polygon", "coordinates": [ [ [ -120.908839964257595, 37.670639736987567 ], [ -120.908839964337545, 37.669741421904519 ], [ -120.90946878491377, 37.66974142146222 ], [ -120.910097605156054, 37.669471926856808 ], [ -120.91009760497144, 37.669112600620991 ], [ -120.910816257084093, 37.669741421440747 ], [ -120.910636594131645, 37.66974142162595 ], [ -120.910636594296221, 37.670010916668048 ], [ -120.910995920402755, 37.670010916264069 ], [ -120.911265415432197, 37.670370242088474 ], [ -120.911265415376704, 37.670639736688955 ], [ -120.908839964257595, 37.670639736987567 ] ] ] } },
{ "type": "Feature", "properties": { "csb_id": "061825015444359", "acres": 7.5271610681649701, "geoid": "06099" }, "geometry": { "type": "Polygon", "coordinates": [ [ [ -120.789364031066583, 37.67162788377631 ], [ -120.789004705265228, 37.671627884188155 ], [ -120.788735210530987, 37.671358389058405 ], [ -120.788735210118418, 37.67099906299282 ], [ -120.789633525623472, 37.670999062938634 ], [ -120.789633525495873, 37.670100747487716 ], [ -120.79008268354039, 37.669831252917419 ], [ -120.790531840554834, 37.66983125343603 ], [ -120.790801335230981, 37.673155020269412 ], [ -120.79053184107805, 37.673065188170092 ], [ -120.790531840290313, 37.67252619891277 ], [ -120.789364031066583, 37.67162788377631 ] ] ] } },
{ "type": "Feature", "properties": { "csb_id": "061825015444377", "acres": 4.5496238427597202, "geoid": "06099" }, "geometry": { "type": "Polygon", "coordinates": [ [ [ -120.909468784594893, 37.668843106513869 ], [ -120.909738279180019, 37.668843106616585 ], [ -120.910367098250092, 37.668214286072633 ], [ -120.910636593648476, 37.668214286312264 ], [ -120.91153490970278, 37.668843106865971 ], [ -120.911534910196252, 37.670010917234912 ], [ -120.911265415703923, 37.670010916500857 ], [ -120.911265414653997, 37.669741422089331 ], [ -120.910816257084093, 37.669741421440747 ], [ -120.91009760497144, 37.669112600620991 ], [ -120.909468784594893, 37.668843106513869 ] ] ] } },
{ "type": "Feature", "properties": { "csb_id": "061825015444401", "acres": 138.84643744387299, "geoid": "06099" }, "geometry": { "type": "Polygon", "coordinates": [ [ [ -120.790711504019072, 37.682048340894596 ], [ -120.790801335333541, 37.680341541791584 ], [ -120.790980998071802, 37.680251710907598 ], [ -120.791160661029537, 37.679353394994337 ], [ -120.790980998819691, 37.67908390070172 ], [ -120.790711503923674, 37.679083901000617 ], [ -120.790711503834515, 37.678814406122143 ], [ -120.78981318840259, 37.678724574979981 ], [ -120.789813188545821, 37.677287270277155 ], [ -120.789004704421586, 37.676927944328789 ], [ -120.789004704398209, 37.676029628997178 ], [ -120.790442008893933, 37.675490639450572 ], [ -120.790442009065785, 37.67450249308655 ], [ -120.789813188961375, 37.674232998138805 ], [ -120.789813188916895, 37.674861818673584 ], [ -120.789184368483205, 37.67486181905673 ], [ -120.789184367745449, 37.674232997948337 ], [ -120.788914872802039, 37.674232997957674 ], [ -120.788914873719264, 37.673963503905775 ], [ -120.7900826833759, 37.673963503355694 ], [ -120.79008268335798, 37.673604177004627 ], [ -120.789813188728004, 37.673065188379141 ], [ -120.789184367544692, 37.672436367778204 ], [ -120.789004705265228, 37.671627884188155 ], [ -120.789364031066583, 37.67162788377631 ], [ -120.790531840290313, 37.67252619891277 ], [ -120.79053184107805, 37.673065188170092 ], [ -120.790801335230981, 37.673155020269412 ], [ -120.790531840554834, 37.66983125343603 ], [ -120.79008268354039, 37.669831252917419 ], [ -120.789633525495873, 37.670100747487716 ], [ -120.789633525623472, 37.670999062938634 ], [ -120.788645378877632, 37.670999062846811 ], [ -120.788645378900782, 37.670639736748981 ], [ -120.788914873527716, 37.670639736528308 ], [ -120.788914873711292, 37.669112601157146 ], [ -120.789184367733597, 37.668843106748511 ], [ -120.789813188174449, 37.668843106815274 ], [ -120.789813188018201, 37.66911260080942 ], [ -120.790442009420374, 37.669112600678957 ], [ -120.790711503786738, 37.668843106284108 ], [ -120.790711503727039, 37.668214286011157 ], [ -120.790980998232357, 37.668214285876694 ], [ -120.791340324122586, 37.668304117440492 ], [ -120.792238639922914, 37.669022769624135 ], [ -120.794304764782069, 37.67099906374996 ], [ -120.795142724889899, 37.67141874455163 ], [ -120.795203079818521, 37.67180754686391 ], [ -120.794933585657191, 37.671807547075552 ], [ -120.79493358629783, 37.674232998256713 ], [ -120.795203080575646, 37.674861818821796 ], [ -120.795831901094289, 37.674861818775923 ], [ -120.795831901337891, 37.675490639626076 ], [ -120.796101393120168, 37.67549063978894 ], [ -120.79610139306719, 37.676029628945813 ], [ -120.796550550984989, 37.676119461021564 ], [ -120.796550550051549, 37.677017776181181 ], [ -120.796281054925473, 37.67701777655089 ], [ -120.796281055368738, 37.677646596893354 ], [ -120.796550553837079, 37.677916091082267 ], [ -120.796460721201328, 37.678185585314303 ], [ -120.796101395362513, 37.678185585255129 ], [ -120.79610139594196, 37.677916090714504 ], [ -120.795203080723837, 37.67782625949404 ], [ -120.794664091126918, 37.678185585693484 ], [ -120.794664091287331, 37.679982216032364 ], [ -120.793765776033936, 37.679982215657006 ], [ -120.793765775920562, 37.679622889837972 ], [ -120.79313695547107, 37.679622890195432 ], [ -120.792687797035967, 37.680611036678705 ], [ -120.792687797040415, 37.681509351979308 ], [ -120.793136955629663, 37.681509351765918 ], [ -120.7931369551047, 37.681778846582198 ], [ -120.792508134704235, 37.682048341478925 ], [ -120.790711504019072, 37.682048340894596 ] ], [ [ -120.793586113297465, 37.675760135077866 ], [ -120.793586112828322, 37.675580471237609 ], [ -120.794035271005029, 37.675490639778062 ], [ -120.794125101467799, 37.674592324369549 ], [ -120.793855607794484, 37.674592325529339 ], [ -120.79385560762158, 37.674322828911556 ], [ -120.794484428428817, 37.674322829262572 ], [ -120.794484428610716, 37.673424514255501 ], [ -120.794125099619549, 37.673424514757549 ], [ -120.794125102394077, 37.673694009251015 ], [ -120.793586112661117, 37.673694009137691 ], [ -120.793586111033548, 37.673155020132633 ], [ -120.79268779709777, 37.673155019534597 ], [ -120.792687797150649, 37.673424514447937 ], [ -120.792058976672806, 37.673424514659771 ], [ -120.792058975544023, 37.673694009324876 ], [ -120.792687797203513, 37.673694009343258 ], [ -120.792687797670496, 37.674322829392452 ], [ -120.792328469706391, 37.674322829943009 ], [ -120.792328471548998, 37.674502492918776 ], [ -120.792687797723374, 37.674592324227554 ], [ -120.792687797622051, 37.674951651297768 ], [ -120.793136955497886, 37.675131313162069 ], [ -120.79313695564916, 37.675760134769504 ], [ -120.793586113297465, 37.675760135077866 ] ] ] } },
{ "type": "Feature", "properties": { "csb_id": "061825015444408", "acres": 16.0311627170564, "geoid": "06099" }, "geometry": { "type": "Polygon", "coordinates": [ [ [ -120.768612947502376, 37.669471926966047 ], [ -120.767534970109679, 37.669561758742233 ], [ -120.767534969848796, 37.66974142186713 ], [ -120.767265475548257, 37.669741421608641 ], [ -120.767265473602222, 37.669471927608001 ], [ -120.765738338275284, 37.669471927016829 ], [ -120.765738339172884, 37.668573612170853 ], [ -120.766097663494421, 37.66857361199915 ], [ -120.766097663852378, 37.667944791647727 ], [ -120.766636653510702, 37.66767529789761 ], [ -120.767265474710427, 37.667675296621844 ], [ -120.76753496803417, 37.66794479117452 ], [ -120.768523115004939, 37.667944791335472 ], [ -120.768523116520257, 37.66767529646642 ], [ -120.768792610309177, 37.667675297105674 ], [ -120.768792610585109, 37.66794479088265 ], [ -120.769690926630062, 37.667944791450203 ], [ -120.769690925298235, 37.667675297213336 ], [ -120.770319747383155, 37.667675296620175 ], [ -120.770409578764117, 37.66884310610358 ], [ -120.769421431459875, 37.668843106807778 ], [ -120.768612947502376, 37.669471926966047 ] ] ] } },
{ "type": "Feature", "properties": { "csb_id": "061825015444415", "acres": 11.1001034848613, "geoid": "06099" }, "geometry": { "type": "Polygon", "coordinates": [ [ [ -120.786669085724398, 37.670460074105897 ], [ -120.786669084790049, 37.67010074830646 ], [ -120.786938579593183, 37.670100748316194 ], [ -120.786938579953912, 37.669561758320206 ], [ -120.786309758578099, 37.669471927317588 ], [ -120.786309759239529, 37.669202432200407 ], [ -120.787836895611264, 37.669202433206209 ], [ -120.787836895731175, 37.668932938874661 ], [ -120.788735210732185, 37.668932937561429 ], [ -120.789004705049663, 37.668663444399947 ], [ -120.789004704412434, 37.667675296817606 ], [ -120.789813188714874, 37.667315970524399 ], [ -120.790262346551827, 37.667315970538411 ], [ -120.790711503933068, 37.667944791266137 ], [ -120.790711503786738, 37.668843106284108 ], [ -120.790442009420374, 37.669112600678957 ], [ -120.789813188018201, 37.66911260080942 ], [ -120.789813188174449, 37.668843106815274 ], [ -120.789184367733597, 37.668843106748511 ], [ -120.788914873711292, 37.669112601157146 ], [ -120.788914872855187, 37.670100747522142 ], [ -120.788465715757681, 37.670100749034617 ], [ -120.788465715801877, 37.669831254303325 ], [ -120.788735210805342, 37.669831253789582 ], [ -120.78873520986923, 37.669561759040164 ], [ -120.788106389818125, 37.669561758526854 ], [ -120.787208074691478, 37.670100748592233 ], [ -120.78720807462733, 37.670460074219811 ], [ -120.786669085724398, 37.670460074105897 ] ] ] } },
{ "type": "Feature", "properties": { "csb_id": "061825015444420", "acres": 14.9278655150239, "geoid": "06099" }, "geometry": { "type": "Polygon", "coordinates": [ [ [ -120.832213669654635, 37.669741421741882 ], [ -120.829788219291174, 37.670010916435004 ], [ -120.829788218390206, 37.669741421989734 ], [ -120.830057713562439, 37.669741421452059 ], [ -120.830057713522592, 37.669112601026022 ], [ -120.829788219236434, 37.669112600932181 ], [ -120.82978821833548, 37.668843106426429 ], [ -120.830057713332991, 37.667944791557098 ], [ -120.831315355217072, 37.667944790983711 ], [ -120.832213669863307, 37.667675296251893 ], [ -120.832213669579289, 37.667315970238192 ], [ -120.832483165223792, 37.667315970713219 ], [ -120.832842490259637, 37.667675296724099 ], [ -120.832842490689856, 37.668214286175044 ], [ -120.832483164630986, 37.66821428617785 ], [ -120.832483164982278, 37.668843106353741 ], [ -120.832842490478285, 37.668843106180454 ], [ -120.83284249100943, 37.670370242620592 ], [ -120.83248316503645, 37.670370242272845 ], [ -120.832213669941567, 37.670010916307177 ], [ -120.832213669654635, 37.669741421741882 ] ] ] } },
{ "type": "Feature", "properties": { "csb_id": "061825015444456", "acres": 5.8385685301161097, "geoid": "06099" }, "geometry": { "type": "Polygon", "coordinates": [ [ [ -120.874703981521264, 37.665519339929538 ], [ -120.874434488051193, 37.665609171345118 ], [ -120.874434487832403, 37.665878666012404 ], [ -120.874703983003769, 37.665878666367021 ], [ -120.8747039833478, 37.665609171468788 ], [ -120.87488364476215, 37.665519340619866 ], [ -120.874703981521264, 37.665519339929538 ], [ -120.875153140949422, 37.665249845228118 ], [ -120.875332803514453, 37.665788834052108 ], [ -120.875332803120187, 37.667046475594972 ], [ -120.874883646039919, 37.667405801981431 ], [ -120.874254825831287, 37.667405801753937 ], [ -120.874434488675774, 37.666776981417868 ], [ -120.874254824955287, 37.666507486951865 ], [ -120.873536173276847, 37.666237991965083 ], [ -120.873536172739946, 37.665878665621669 ], [ -120.872817521194023, 37.665788834722449 ], [ -120.873087015931375, 37.665609171039193 ], [ -120.873715836585575, 37.665609171242053 ], [ -120.874075161898034, 37.665878666259609 ], [ -120.874254825241536, 37.665788834388898 ], [ -120.874254825008336, 37.665519339946378 ], [ -120.874703981521264, 37.665519339929538 ] ], [ [ -120.874434488500285, 37.666417655061444 ], [ -120.874614151116205, 37.666417654886956 ], [ -120.874614151293628, 37.666237992012093 ], [ -120.874434488007864, 37.666237992417457 ], [ -120.874434488500285, 37.666417655061444 ] ], [ [ -120.874973477351958, 37.666237992361637 ], [ -120.874883646346575, 37.666687150149656 ], [ -120.874973477280449, 37.666687149449047 ], [ -120.874973477351958, 37.666237992361637 ] ] ] } },
{ "type": "Feature", "properties": { "csb_id": "061825015444471", "acres": 27.5817263576572, "geoid": "06099" }, "geometry": { "type": "Polygon", "coordinates": [ [ [ -120.808318483944177, 37.668663443614193 ], [ -120.80831848321445, 37.668304116994022 ], [ -120.807420168697405, 37.668304117265691 ], [ -120.807420168609411, 37.667765128426268 ], [ -120.805533705339329, 37.667675296411488 ], [ -120.805533704820419, 37.667136307664293 ], [ -120.805443874453289, 37.667315970675403 ], [ -120.8045455579216, 37.66731597114893 ], [ -120.804545558602015, 37.667046475927641 ], [ -120.804276063834351, 37.667046475589444 ], [ -120.804276064687429, 37.666417654888427 ], [ -120.803737075304525, 37.664980350832799 ], [ -120.804276065032326, 37.66489051937431 ], [ -120.804276065033719, 37.664710856016328 ], [ -120.80742016818408, 37.664710856021571 ], [ -120.807420168228077, 37.664980350656883 ], [ -120.805893032640924, 37.665609171497472 ], [ -120.805893032462635, 37.666237992272791 ], [ -120.806432021831924, 37.667136307667072 ], [ -120.80679134714596, 37.667405801791496 ], [ -120.807060841675622, 37.667405802431922 ], [ -120.807060842484503, 37.666776981492397 ], [ -120.8067913480307, 37.666776981312559 ], [ -120.806791347767216, 37.6665074863973 ], [ -120.807060842503759, 37.666237992045239 ], [ -120.807420167696222, 37.666237992200607 ], [ -120.807420167740176, 37.666507486732584 ], [ -120.80858797761401, 37.666507486647511 ], [ -120.808857472822893, 37.666776980876321 ], [ -120.808857472554095, 37.667136307462783 ], [ -120.809486293707707, 37.667405802363135 ], [ -120.810654103155272, 37.667405802146128 ], [ -120.810564271444733, 37.667765127960962 ], [ -120.809755788216037, 37.667944791342272 ], [ -120.809486292713189, 37.668663443154458 ], [ -120.808318483944177, 37.668663443614193 ] ] ] } },
{ "type": "Feature", "properties": { "csb_id": "061825015444482", "acres": 7.3617545218321103, "geoid": "06099" }, "geometry": { "type": "Polygon", "coordinates": [ [ [ -120.834279795194618, 37.665788834827943 ], [ -120.834279795145932, 37.665249845560474 ], [ -120.834639121650625, 37.665249845483658 ], [ -120.834908615966782, 37.664890519526068 ], [ -120.834908616061725, 37.664351530076758 ], [ -120.836076425474474, 37.66435153026859 ], [ -120.835896762747012, 37.664621024219649 ], [ -120.836076425323967, 37.664710855928128 ], [ -120.836076425576678, 37.665519340267373 ], [ -120.83580693129916, 37.66551933957777 ], [ -120.836256088879196, 37.665878666314441 ], [ -120.836256088854824, 37.666417654815376 ], [ -120.834908615734179, 37.666417655433335 ], [ -120.834279795194618, 37.665788834827943 ] ] ] } },
{ "type": "Feature", "properties": { "csb_id": "061825015444483", "acres": 13.0246742877966, "geoid": "06099" }, "geometry": { "type": "Polygon", "coordinates": [ [ [ -120.832213670409672, 37.666687150052304 ], [ -120.832213670122755, 37.666417655262826 ], [ -120.832483164710936, 37.666417655276909 ], [ -120.832483164549387, 37.666148160238677 ], [ -120.83158484942885, 37.666148160367172 ], [ -120.831584849639754, 37.666417654713847 ], [ -120.830956028128085, 37.666417654829957 ], [ -120.830956028794787, 37.665788833991016 ], [ -120.831315354661129, 37.665788834230291 ], [ -120.831584849476741, 37.665519339425636 ], [ -120.831584849265809, 37.665249845018181 ], [ -120.831315354448748, 37.664890519491721 ], [ -120.830956028220911, 37.664890519312458 ], [ -120.830686533803643, 37.665519340180381 ], [ -120.830686534166603, 37.666148160370426 ], [ -120.829788218762616, 37.666148160248461 ], [ -120.829788218566748, 37.665339676476911 ], [ -120.829518722697557, 37.665249845551607 ], [ -120.829518723915413, 37.664621025109128 ], [ -120.829159398261524, 37.664621024404546 ], [ -120.829159398542231, 37.664351529825673 ], [ -120.829788219139473, 37.663812540845655 ], [ -120.830237376541078, 37.663812540692284 ], [ -120.830686533791251, 37.664441361298032 ], [ -120.831584849820231, 37.664890519246796 ], [ -120.831944175533735, 37.664890519526864 ], [ -120.832213670104025, 37.664621024935158 ], [ -120.832213669817122, 37.664351530005824 ], [ -120.832483165220665, 37.664351530130247 ], [ -120.832842490380045, 37.66462102464606 ], [ -120.832842490454382, 37.666687149772962 ], [ -120.832213670409672, 37.666687150052304 ] ], [ [ -120.82978821749731, 37.664710856048622 ], [ -120.829608554600355, 37.664710856656988 ], [ -120.829608555206775, 37.664890518833353 ], [ -120.829788218835034, 37.66489051908701 ], [ -120.82978821749731, 37.664710856048622 ] ] ] } },
{ "type": "Feature", "properties": { "csb_id": "061825015444496", "acres": 5.8905478467202501, "geoid": "06099" }, "geometry": { "type": "Polygon", "coordinates": [ [ [ -120.787387737451155, 37.665878665752146 ], [ -120.786669084931631, 37.66578883475529 ], [ -120.786669084519318, 37.665339676587458 ], [ -120.786040263886605, 37.665339676687708 ], [ -120.786040264326388, 37.664710855697138 ], [ -120.785321612163813, 37.664621024893492 ], [ -120.785321611773213, 37.663992204307704 ], [ -120.785052117884533, 37.663992204232741 ], [ -120.785052118087407, 37.663093888535677 ], [ -120.785261256693261, 37.663154244377552 ], [ -120.786219927178564, 37.664351530454276 ], [ -120.787387738234983, 37.664980351855753 ], [ -120.787747064050691, 37.665609171522007 ], [ -120.787387737451155, 37.665878665752146 ] ] ] } },
{ "type": "Feature", "properties": { "csb_id": "061825015444502", "acres": 4.9306777325473297, "geoid": "06099" }, "geometry": { "type": "Polygon", "coordinates": [ [ [ -120.808857472831235, 37.66560917104313 ], [ -120.808857472287684, 37.664710855810441 ], [ -120.807959157397093, 37.664710856275967 ], [ -120.807959157603975, 37.66444136116187 ], [ -120.809037135577711, 37.664441361186839 ], [ -120.809486293768572, 37.663812540561111 ], [ -120.811013428797352, 37.663812540515401 ], [ -120.811013428862566, 37.664082035158749 ], [ -120.810115113772298, 37.664082035594816 ], [ -120.810115114008624, 37.664980350515279 ], [ -120.809755788014314, 37.665339677182189 ], [ -120.809486293108407, 37.665339676754954 ], [ -120.809486293605673, 37.664710855884657 ], [ -120.809216799071024, 37.664710856184243 ], [ -120.809216799253051, 37.665609171476099 ], [ -120.808857472831235, 37.66560917104313 ] ] ] } },
{ "type": "Feature", "properties": { "csb_id": "061825015444524", "acres": 16.1104811869107, "geoid": "06099" }, "geometry": { "type": "Polygon", "coordinates": [ [ [ -120.820176245429465, 37.662824393877862 ], [ -120.820625402885696, 37.662914225867745 ], [ -120.820625403391986, 37.662644731130584 ], [ -120.820176244914904, 37.662644730814364 ], [ -120.820176245429465, 37.662824393877862 ], [ -120.819906750884996, 37.662824394307044 ], [ -120.819906750474061, 37.661926079138659 ], [ -120.820176245292188, 37.661656584536779 ], [ -120.820805065348864, 37.661926078719752 ], [ -120.820445739442775, 37.661926079118459 ], [ -120.820805065496089, 37.662195573505748 ], [ -120.822062707100997, 37.662285404912573 ], [ -120.821972875342468, 37.661926078484974 ], [ -120.822691528489713, 37.661926078429246 ], [ -120.822422033001104, 37.662015910540461 ], [ -120.822422032910467, 37.662285404748324 ], [ -120.824398326984451, 37.662195573509628 ], [ -120.824398327110515, 37.662554899506603 ], [ -120.824667821714343, 37.662554899089599 ], [ -120.824667822096004, 37.663093889777869 ], [ -120.823769506308722, 37.663093888196279 ], [ -120.82376950589196, 37.663453214513055 ], [ -120.823140685392673, 37.663453214442441 ], [ -120.822691527605627, 37.663183720526831 ], [ -120.822691527784656, 37.663543046545328 ], [ -120.823050854460732, 37.663543046541498 ], [ -120.823050853615371, 37.663722709453211 ], [ -120.822422033321629, 37.663992203846867 ], [ -120.82242203318502, 37.663812540546203 ], [ -120.822242370996165, 37.663992204001737 ], [ -120.821703380702942, 37.663992203568689 ], [ -120.821703381203349, 37.663812540498405 ], [ -120.821523717567388, 37.663992203756727 ], [ -120.820266076581618, 37.663992203922625 ], [ -120.820445740340048, 37.663453214748365 ], [ -120.820176245424165, 37.663453214450591 ], [ -120.820176245429465, 37.662824393877862 ] ], [ [ -120.821793212732189, 37.663183720587639 ], [ -120.821793213272684, 37.663543046546479 ], [ -120.822062707190611, 37.6635430463161 ], [ -120.822062707554394, 37.663183719896423 ], [ -120.821793212732189, 37.663183720587639 ] ], [ [ -120.821344055230114, 37.663453215136002 ], [ -120.821074560828819, 37.663453214869946 ], [ -120.82107456055509, 37.663722708920602 ], [ -120.821344054830988, 37.663722709417101 ], [ -120.821344055230114, 37.663453215136002 ] ] ] } },
{ "type": "Feature", "properties": { "csb_id": "061825015444555", "acres": 15.0658838320758, "geoid": "06099" }, "geometry": { "type": "Polygon", "coordinates": [ [ [ -120.732231178398166, 37.663992203744492 ], [ -120.732231178611386, 37.663093889101546 ], [ -120.731512526824446, 37.663093887869692 ], [ -120.731063369985833, 37.662554901231047 ], [ -120.731063369719564, 37.662195574300945 ], [ -120.731512526609066, 37.662195573998048 ], [ -120.731512527205126, 37.661297258831119 ], [ -120.731332863546754, 37.661297257759081 ], [ -120.731332863214263, 37.661027763226514 ], [ -120.734476967154833, 37.661027763324114 ], [ -120.734476967020967, 37.661387089263464 ], [ -120.733937977778837, 37.661297257985872 ], [ -120.734207473186828, 37.661656585368803 ], [ -120.734207473138497, 37.661926079338478 ], [ -120.733578651599828, 37.661926078188202 ], [ -120.734297304613719, 37.66228540505508 ], [ -120.734297304064611, 37.662824393120182 ], [ -120.733039662671757, 37.6630938890656 ], [ -120.732680337109386, 37.663992203791402 ], [ -120.732231178398166, 37.663992203744492 ] ] ] } },
{ "type": "Feature", "properties": { "csb_id": "061825015444568", "acres": 12.8105197558809, "geoid": "06099" }, "geometry": { "type": "Polygon", "coordinates": [ [ [ -120.831944175401702, 37.662554899177017 ], [ -120.829878050553248, 37.662554898943057 ], [ -120.829878050797703, 37.661297258137822 ], [ -120.82951872460221, 37.661297258271318 ], [ -120.829518724681535, 37.661027763236298 ], [ -120.829159397877433, 37.661027763633463 ], [ -120.82915939815814, 37.660758268810589 ], [ -120.829518723950898, 37.660758269275412 ], [ -120.829518724030237, 37.660488774203749 ], [ -120.832483164781777, 37.660488774239312 ], [ -120.832213670657822, 37.661027763567503 ], [ -120.832213669810017, 37.662195573130667 ], [ -120.831944175401702, 37.662554899177017 ] ] ] } },
{ "type": "Feature", "properties": { "csb_id": "061825015444577", "acres": 423.88230781205698, "geoid": "06099" }, "geometry": { "type": "Polygon", "coordinates": [ [ [ -120.843622274206567, 37.676119459884283 ], [ -120.842723958362114, 37.676029628789266 ], [ -120.842544295526935, 37.675760134203692 ], [ -120.842544295290409, 37.675221144862768 ], [ -120.841196821253192, 37.675131313304547 ], [ -120.841196821470348, 37.67576013399146 ], [ -120.840927328108378, 37.676029629180206 ], [ -120.840298506729354, 37.676029629045672 ], [ -120.840298506267132, 37.676388955221668 ], [ -120.83975951743183, 37.676388956406434 ], [ -120.839759517174429, 37.675760134675549 ], [ -120.839579853697501, 37.675580471191928 ], [ -120.837873055998273, 37.67513131367933 ], [ -120.837603561195522, 37.674861818800252 ], [ -120.837603561645452, 37.675760134218756 ], [ -120.837423897821225, 37.675760135410627 ], [ -120.837423898997244, 37.676029628720151 ], [ -120.836795077733029, 37.676119460293719 ], [ -120.836256088184513, 37.676029628284418 ], [ -120.836256088929829, 37.675849965735978 ], [ -120.836435751866176, 37.675849966495669 ], [ -120.83643575252681, 37.674951651047337 ], [ -120.836076425482617, 37.674951650415927 ], [ -120.836076425848304, 37.675490639189682 ], [ -120.835537437005087, 37.675490640621675 ], [ -120.835178110445284, 37.675490639467405 ], [ -120.834639122037743, 37.674951651090907 ], [ -120.833381479581945, 37.674951651116402 ], [ -120.833201817460491, 37.675131314417762 ], [ -120.833111982324141, 37.676029629662132 ], [ -120.832483161794826, 37.676029629679086 ], [ -120.832483162901354, 37.675580471754429 ], [ -120.832213667434658, 37.675131314036847 ], [ -120.831315352169284, 37.674861818992596 ], [ -120.830506870993858, 37.674951649913901 ], [ -120.830417038518817, 37.675490639755814 ], [ -120.829788218963955, 37.675490639553672 ], [ -120.829788218204058, 37.675131313097232 ], [ -120.828261083181317, 37.675131313164783 ], [ -120.828261083117013, 37.674861819123066 ], [ -120.827991587892285, 37.674502492504672 ], [ -120.827991588241588, 37.673604177846158 ], [ -120.82736276745662, 37.673604177039863 ], [ -120.827362767047291, 37.673334682725276 ], [ -120.827093272521907, 37.673334682758522 ], [ -120.827093272649989, 37.672705862564058 ], [ -120.826823778350629, 37.672436367456058 ], [ -120.826823778704693, 37.67153805251521 ], [ -120.826464452170526, 37.671538052758891 ], [ -120.826464452621863, 37.670909231480763 ], [ -120.825925462715347, 37.670909231759403 ], [ -120.82592546281596, 37.670639737323675 ], [ -120.826823778763142, 37.670639736511184 ], [ -120.827093273493247, 37.670370242440427 ], [ -120.827093273050338, 37.670010916337169 ], [ -120.82556613655197, 37.670010916035366 ], [ -120.825296642426522, 37.669741421458554 ], [ -120.825296642603107, 37.669471927405148 ], [ -120.82502714805031, 37.669471926728669 ], [ -120.825027148191523, 37.66911260066432 ], [ -120.826823777705457, 37.668573611679271 ], [ -120.827093272808085, 37.667944791291248 ], [ -120.828261082615853, 37.667944792185224 ], [ -120.82826108336161, 37.667675296568085 ], [ -120.829788218781133, 37.667675296708168 ], [ -120.829788218648829, 37.66668715092861 ], [ -120.830057713103557, 37.666148160853851 ], [ -120.830686534166603, 37.666148160370426 ], [ -120.830686533803643, 37.665519340180381 ], [ -120.830956028220911, 37.664890519312458 ], [ -120.831315354448748, 37.664890519491721 ], [ -120.831584849265809, 37.665249845018181 ], [ -120.831584849476741, 37.665519339425636 ], [ -120.831315354661129, 37.665788834230291 ], [ -120.830956028794787, 37.665788833991016 ], [ -120.830956028128085, 37.666417654829957 ], [ -120.831584849639754, 37.666417654713847 ], [ -120.83158484942885, 37.666148160367172 ], [ -120.832483164549387, 37.666148160238677 ], [ -120.832483164710936, 37.666417655276909 ], [ -120.832213670122755, 37.666417655262826 ], [ -120.832213670409672, 37.666687150052304 ], [ -120.832842490454382, 37.666687149772962 ], [ -120.832842490380045, 37.66462102464606 ], [ -120.832483165220665, 37.664351530130247 ], [ -120.832213669817122, 37.664351530005824 ], [ -120.832213670104025, 37.664621024935158 ], [ -120.831944175533735, 37.664890519526864 ], [ -120.831584849820231, 37.664890519246796 ], [ -120.830686533791251, 37.664441361298032 ], [ -120.830237376541078, 37.663812540692284 ], [ -120.829788219139473, 37.663812540845655 ], [ -120.829788218506849, 37.663093888388609 ], [ -120.829518723923528, 37.663093888630236 ], [ -120.829518724344936, 37.66291422528019 ], [ -120.829878050347432, 37.662914225898085 ], [ -120.829878050553248, 37.662554898943057 ], [ -120.831944175401702, 37.662554899177017 ], [ -120.832213669810017, 37.662195573130667 ], [ -120.832213670657822, 37.661027763567503 ], [ -120.832483164781777, 37.660488774239312 ], [ -120.836974740857727, 37.660488774454407 ], [ -120.836974741343184, 37.661027763746901 ], [ -120.8378730557625, 37.661297257709919 ], [ -120.838052719823338, 37.662554899706613 ], [ -120.83823238192744, 37.662554899581785 ], [ -120.838232381899374, 37.663183718897429 ], [ -120.837873056133986, 37.663722708961352 ], [ -120.837423897110639, 37.663992204359197 ], [ -120.837603562108612, 37.663992203437289 ], [ -120.838232382650872, 37.664621024660342 ], [ -120.839400191697209, 37.664621024450902 ], [ -120.839130697527438, 37.66551933958511 ], [ -120.83895103486843, 37.665519339650643 ], [ -120.838951034437031, 37.666237991949906 ], [ -120.839579855502137, 37.66713630698208 ], [ -120.840118844777692, 37.667136307240241 ], [ -120.840298507215422, 37.667405801708377 ], [ -120.840298507495532, 37.667675297022875 ], [ -120.840029012960585, 37.667675296696778 ], [ -120.84002901292196, 37.668843106736084 ], [ -120.840298508076557, 37.669112601247505 ], [ -120.840657833427429, 37.669112601430761 ], [ -120.840657834347297, 37.668843106614062 ], [ -120.841196822322985, 37.668573611761914 ], [ -120.842095137798736, 37.668573611511853 ], [ -120.842454464817251, 37.66857361197178 ], [ -120.842454464312937, 37.668843106235713 ], [ -120.843622274705638, 37.668843106885639 ], [ -120.843891768930831, 37.669112600991362 ], [ -120.843622274511702, 37.669202432392638 ], [ -120.843622273832793, 37.669471927536613 ], [ -120.843622274686325, 37.670010917308851 ], [ -120.843891768442987, 37.670370242801518 ], [ -120.844520589358339, 37.67037024218925 ], [ -120.844790084594052, 37.669741422248997 ], [ -120.844969747104301, 37.669741421285785 ], [ -120.84514941035134, 37.670370242011778 ], [ -120.84568839948254, 37.670460073835635 ], [ -120.845239241674975, 37.671358389134532 ], [ -120.84514941000937, 37.672436367476074 ], [ -120.845688398942073, 37.672436367847872 ], [ -120.845239241717948, 37.673065187808419 ], [ -120.845149410542206, 37.67486181912296 ], [ -120.84434092589369, 37.674861818535192 ], [ -120.843891768789817, 37.675849965749528 ], [ -120.843712105916993, 37.67584996580446 ], [ -120.843622274206567, 37.676119459884283 ] ], [ [ -120.82960855588864, 37.674861819705313 ], [ -120.82960855534553, 37.674592324723712 ], [ -120.829788218613558, 37.674592324415102 ], [ -120.8297882191642, 37.673963503255841 ], [ -120.829518724532463, 37.67405333496189 ], [ -120.82960855588864, 37.674861819705313 ] ], [ [ -120.832483164766742, 37.671807546419508 ], [ -120.832842490418074, 37.671538052382907 ], [ -120.832842490333988, 37.67090923193895 ], [ -120.832213669693758, 37.670909231336914 ], [ -120.832213670273489, 37.671268557889789 ], [ -120.831584849167456, 37.671268558123501 ], [ -120.83158484942625, 37.670909232031605 ], [ -120.83095602864438, 37.670909231437157 ], [ -120.830956028273334, 37.671538052332522 ], [ -120.831584849378388, 37.671538052125037 ], [ -120.83158484988499, 37.67180754697042 ], [ -120.832483164766742, 37.671807546419508 ] ], [ [ -120.83284249100943, 37.670370242620592 ], [ -120.832842490478285, 37.668843106180454 ], [ -120.832483164982278, 37.668843106353741 ], [ -120.832483164630986, 37.66821428617785 ], [ -120.832842490689856, 37.668214286175044 ], [ -120.832842490259637, 37.667675296724099 ], [ -120.832483165223792, 37.667315970713219 ], [ -120.832213669579289, 37.667315970238192 ], [ -120.832213669863307, 37.667675296251893 ], [ -120.831315355217072, 37.667944790983711 ], [ -120.830057713332991, 37.667944791557098 ], [ -120.82978821833548, 37.668843106426429 ], [ -120.829788219236434, 37.669112600932181 ], [ -120.830057713522592, 37.669112601026022 ], [ -120.830057713562439, 37.669741421452059 ], [ -120.829788218390206, 37.669741421989734 ], [ -120.829788219291174, 37.670010916435004 ], [ -120.832213669654635, 37.669741421741882 ], [ -120.832213669941567, 37.670010916307177 ], [ -120.83248316503645, 37.670370242272845 ], [ -120.83284249100943, 37.670370242620592 ] ], [ [ -120.827991587590105, 37.670729569957956 ], [ -120.827811925170082, 37.670639737444212 ], [ -120.827811925654061, 37.67072956837012 ], [ -120.827991587590105, 37.670729569957956 ] ], [ [ -120.836256088879196, 37.665878666314441 ], [ -120.836076425463787, 37.665788834435986 ], [ -120.836076425576678, 37.665519340267373 ], [ -120.836435751550027, 37.665519339895923 ], [ -120.836705246910341, 37.664621025278301 ], [ -120.836076425474474, 37.66435153026859 ], [ -120.834908616061725, 37.664351530076758 ], [ -120.834908615966782, 37.664890519526068 ], [ -120.834639121650625, 37.665249845483658 ], [ -120.834279795145932, 37.665249845560474 ], [ -120.834279795194618, 37.665788834827943 ], [ -120.834908615734179, 37.666417655433335 ], [ -120.836256088854824, 37.666417654815376 ], [ -120.836256088879196, 37.665878666314441 ] ] ] } },
{ "type": "Feature", "properties": { "csb_id": "061825015444579", "acres": 8.8463154136985303, "geoid": "06099" }, "geometry": { "type": "Polygon", "coordinates": [ [ [ -120.822871190818702, 37.661926078414702 ], [ -120.822871190994107, 37.661746415652061 ], [ -120.822691527995147, 37.661746415897056 ], [ -120.822601696367386, 37.661926078998633 ], [ -120.822601696910141, 37.661656584535905 ], [ -120.821703381679981, 37.661656584173322 ], [ -120.821703381482195, 37.661926078806822 ], [ -120.821344055795166, 37.661926079037343 ], [ -120.82134405539604, 37.66219557342211 ], [ -120.820805065496089, 37.662195573505748 ], [ -120.820805065348864, 37.661926078719752 ], [ -120.819906751087501, 37.661656583933159 ], [ -120.819906750259747, 37.661297257922648 ], [ -120.820445739426262, 37.66102776322623 ], [ -120.821344055724424, 37.661027763657465 ], [ -120.821074560687322, 37.660758268414817 ], [ -120.820445739480405, 37.660758268591223 ], [ -120.820445739651092, 37.660398942670113 ], [ -120.822871191630881, 37.660488774361752 ], [ -120.822871191400196, 37.661027763658254 ], [ -120.82305085457817, 37.661387089362229 ], [ -120.823500011484441, 37.661387089830946 ], [ -120.82350001197193, 37.661746415841428 ], [ -120.822871190818702, 37.661926078414702 ] ], [ [ -120.821344055325298, 37.661297258103346 ], [ -120.821074560435406, 37.661297257726069 ], [ -120.821074559997427, 37.661656584256995 ], [ -120.82134405479313, 37.661656584002621 ], [ -120.821344055325298, 37.661297258103346 ] ] ] } },
{ "type": "Feature", "properties": { "csb_id": "061825015444581", "acres": 20.7488182135159, "geoid": "06099" }, "geometry": { "type": "Polygon", "coordinates": [ [ [ -120.905516197201791, 37.662554899676159 ], [ -120.905516197344298, 37.662195574623674 ], [ -120.904348387357743, 37.662195573536522 ], [ -120.903719566284309, 37.662644730993726 ], [ -120.903450072502181, 37.663093888899233 ], [ -120.903180577475766, 37.663093888598226 ], [ -120.902911082297592, 37.662554899142307 ], [ -120.902911081501372, 37.661387090136202 ], [ -120.903270409336429, 37.66021927976233 ], [ -120.903899230125248, 37.660398942266838 ], [ -120.90389922954769, 37.660219280140595 ], [ -120.904078893054447, 37.66021927939768 ], [ -120.904078892942238, 37.659859953796754 ], [ -120.905695860676957, 37.659859953752942 ], [ -120.906414513447018, 37.659500628583288 ], [ -120.906414513239682, 37.659859954804922 ], [ -120.906594175274236, 37.660129448693297 ], [ -120.906773838940296, 37.660129448518113 ], [ -120.906773839045613, 37.66075826866976 ], [ -120.906414512276498, 37.660758268923573 ], [ -120.906414512046808, 37.661027763291735 ], [ -120.906145018350969, 37.660848100090632 ], [ -120.906145018221437, 37.662015909946788 ], [ -120.906414512804247, 37.662015910356793 ], [ -120.906414512574614, 37.662285404639469 ], [ -120.906234848917322, 37.662554899117097 ], [ -120.905516197201791, 37.662554899676159 ] ], [ [ -120.905516197652588, 37.661027764084473 ], [ -120.905516197537096, 37.660758269547969 ], [ -120.905246702298342, 37.66075826916947 ], [ -120.905246702835498, 37.661027764336595 ], [ -120.905516197652588, 37.661027764084473 ] ] ] } },
{ "type": "Feature", "properties": { "csb_id": "061825015444614", "acres": 17.0486642582662, "geoid": "06099" }, "geometry": { "type": "Polygon", "coordinates": [ [ [ -120.852964753184537, 37.660309111605706 ], [ -120.852425763916571, 37.66012944811596 ], [ -120.852605426649788, 37.659859953475845 ], [ -120.852066438348388, 37.659859953690834 ], [ -120.852066437841614, 37.659500627255092 ], [ -120.852964752729051, 37.65950062752303 ], [ -120.853503742159177, 37.659231134156521 ], [ -120.853863068432943, 37.659231134176309 ], [ -120.853863067247659, 37.658871806930513 ], [ -120.855030878802282, 37.658871807490847 ], [ -120.855030878827463, 37.658602313267075 ], [ -120.856827508404322, 37.65860231255423 ], [ -120.857456329322375, 37.659231132842535 ], [ -120.857725823927225, 37.659231132551483 ], [ -120.857725824564199, 37.659500627716291 ], [ -120.85745632923242, 37.65985995348521 ], [ -120.856827509334465, 37.660309111246889 ], [ -120.852964753184537, 37.660309111605706 ] ] ] } },
{ "type": "Feature", "properties": { "csb_id": "061825015444626", "acres": 6.2101679025221204, "geoid": "06099" }, "geometry": { "type": "Polygon", "coordinates": [ [ [ -120.786040264636, 37.660219279372804 ], [ -120.785411443919244, 37.65959045914812 ], [ -120.784513128927628, 37.65950062718364 ], [ -120.784513128106539, 37.658692143489226 ], [ -120.785141949084093, 37.658692144073711 ], [ -120.785141948788109, 37.657793828898569 ], [ -120.785411443721841, 37.657793828483854 ], [ -120.78541144347399, 37.658422649421418 ], [ -120.785770770251631, 37.658422648842404 ], [ -120.786040265020361, 37.658692143977532 ], [ -120.786040264189424, 37.658961638715027 ], [ -120.786669085097017, 37.658961638375764 ], [ -120.786489422508325, 37.659949784892937 ], [ -120.786309758735314, 37.660219279904702 ], [ -120.786040264636, 37.660219279372804 ] ] ] } },
{ "type": "Feature", "properties": { "csb_id": "061825015444628", "acres": 11.5415824250718, "geoid": "06099" }, "geometry": { "type": "Polygon", "coordinates": [ [ [ -120.767894295821577, 37.659859953137783 ], [ -120.76771463089537, 37.660039616722287 ], [ -120.766636653893471, 37.660039617152314 ], [ -120.766636654121015, 37.659859954049161 ], [ -120.766097665600128, 37.659859953735229 ], [ -120.766097665147143, 37.65923113309718 ], [ -120.766636654266819, 37.658871807065587 ], [ -120.766995981003589, 37.658871806889451 ], [ -120.766636654608149, 37.658602312328163 ], [ -120.76663665429885, 37.657973491432486 ], [ -120.76699598029137, 37.657973491428734 ], [ -120.766995980726421, 37.657703997262217 ], [ -120.767355306698306, 37.657524334254155 ], [ -120.768523115969288, 37.657524334058664 ], [ -120.768612947630643, 37.658961638270974 ], [ -120.767984127769353, 37.65896163850995 ], [ -120.76798412773033, 37.659320964215141 ], [ -120.768612948429549, 37.659320964435942 ], [ -120.768612947815939, 37.660039617127872 ], [ -120.768523116377168, 37.659859953879682 ], [ -120.767894295821577, 37.659859953137783 ] ] ] } },
{ "type": "Feature", "properties": { "csb_id": "061825015444629", "acres": 18.4060961140272, "geoid": "06099" }, "geometry": { "type": "Polygon", "coordinates": [ [ [ -120.905695860676957, 37.659859953752942 ], [ -120.904078892942238, 37.659859953796754 ], [ -120.904078892547844, 37.660129448331517 ], [ -120.90389922954769, 37.660219280140595 ], [ -120.902911082884231, 37.659500627722359 ], [ -120.90291108296563, 37.657524333745222 ], [ -120.903180577918562, 37.656536187399361 ], [ -120.903450071280801, 37.656536186755766 ], [ -120.903719566850597, 37.656805681308057 ], [ -120.903719566551118, 37.657075176681914 ], [ -120.904617881875112, 37.657075176142733 ], [ -120.904977207509404, 37.656805681419392 ], [ -120.904977207143645, 37.656536187057263 ], [ -120.905246701988233, 37.65653618675006 ], [ -120.905246702469483, 37.657075175918287 ], [ -120.905516197398782, 37.657165007937337 ], [ -120.905336534288878, 37.657165007645752 ], [ -120.905336533750926, 37.657434502427279 ], [ -120.904797544736937, 37.657793828832837 ], [ -120.904797544449252, 37.658063323109033 ], [ -120.905695860268295, 37.658063322569625 ], [ -120.905695859851932, 37.658692144017024 ], [ -120.90533653345112, 37.658692144035321 ], [ -120.905336534018502, 37.658961638481401 ], [ -120.905875523707138, 37.659500627418943 ], [ -120.906234849708369, 37.659590459372097 ], [ -120.905695860676957, 37.659859953752942 ] ] ] } },
{ "type": "Feature", "properties": { "csb_id": "061825015444632", "acres": 24.889572793189501, "geoid": "06099" }, "geometry": { "type": "Polygon", "coordinates": [ [ [ -120.820625402715976, 37.660219279685876 ], [ -120.820535570732005, 37.660398942597233 ], [ -120.818379615145219, 37.660398942860624 ], [ -120.818379615319387, 37.659859954757721 ], [ -120.818649109546698, 37.659859953677106 ], [ -120.818649108994492, 37.659500627793427 ], [ -120.818379615017435, 37.659231133161754 ], [ -120.817481299974688, 37.6588718069086 ], [ -120.817481298868557, 37.658602311844561 ], [ -120.818110120344528, 37.658602312010004 ], [ -120.818110120413962, 37.657973491536616 ], [ -120.817750793851772, 37.657973491815973 ], [ -120.817750794272087, 37.657703997091822 ], [ -120.819906750608084, 37.657703996996212 ], [ -120.820266077431313, 37.657165007976062 ], [ -120.821074560666389, 37.657075175801843 ], [ -120.821074559122877, 37.657434502946948 ], [ -120.821344052316775, 37.657703997204543 ], [ -120.821972876282132, 37.657703996576373 ], [ -120.821972875969593, 37.658332817509653 ], [ -120.82170338102496, 37.6583328180104 ], [ -120.821344055009533, 37.658871806397201 ], [ -120.821344054772908, 37.659231133378761 ], [ -120.82170338154431, 37.659231132969374 ], [ -120.821972875820791, 37.659500627326814 ], [ -120.82224236999248, 37.659859954135932 ], [ -120.822242370204478, 37.660219279994863 ], [ -120.820625402715976, 37.660219279685876 ] ] ] } },
{ "type": "Feature", "properties": { "csb_id": "061825015444651", "acres": 3.7789796076142599, "geoid": "06099" }, "geometry": { "type": "Polygon", "coordinates": [ [ [ -120.918182441529183, 37.656626019211231 ], [ -120.918811263579911, 37.655907366771004 ], [ -120.919799409942812, 37.65590736612873 ], [ -120.91997907361241, 37.655997198123245 ], [ -120.92024856813434, 37.656805681610123 ], [ -120.91818244120833, 37.656805681543226 ], [ -120.918182441529183, 37.656626019211231 ] ] ] } },
{ "type": "Feature", "properties": { "csb_id": "061825015444652", "acres": 6.2298153226750399, "geoid": "06099" }, "geometry": { "type": "Polygon", "coordinates": [ [ [ -120.907043333020709, 37.658332817466103 ], [ -120.90704333310687, 37.656805681127764 ], [ -120.907672153947544, 37.656805682640957 ], [ -120.908121311765385, 37.656176860768582 ], [ -120.908839963077938, 37.659231132955533 ], [ -120.908660299298731, 37.659231132960272 ], [ -120.90857046982218, 37.65860231244816 ], [ -120.908390806640071, 37.658422649490859 ], [ -120.907043333020709, 37.658332817466103 ] ] ] } },
{ "type": "Feature", "properties": { "csb_id": "061825015444653", "acres": 11.3756268096139, "geoid": "06099" }, "geometry": { "type": "Polygon", "coordinates": [ [ [ -120.908570468608431, 37.65985995334659 ], [ -120.907043332934578, 37.65985995321379 ], [ -120.907043332599628, 37.659500627391616 ], [ -120.906414511978397, 37.659231132618672 ], [ -120.906145018698666, 37.658422650362823 ], [ -120.906145018114827, 37.657703997457105 ], [ -120.905875522851034, 37.657703997102296 ], [ -120.905875523639253, 37.657434501876871 ], [ -120.906414512206425, 37.657434501990629 ], [ -120.906414512064302, 37.65653618734725 ], [ -120.907043333556544, 37.656536186870973 ], [ -120.907043333020709, 37.658332817466103 ], [ -120.908390806640071, 37.658422649490859 ], [ -120.90857046982218, 37.65860231244816 ], [ -120.908660299298731, 37.659231132960272 ], [ -120.908929794967577, 37.659231132853826 ], [ -120.908929795015396, 37.659590458826493 ], [ -120.908570469326833, 37.659590459004157 ], [ -120.908570468608431, 37.65985995334659 ] ] ] } },
{ "type": "Feature", "properties": { "csb_id": "061825015444655", "acres": 69.582195130027003, "geoid": "06099" }, "geometry": { "type": "Polygon", "coordinates": [ [ [ -120.832483163810309, 37.660219279891265 ], [ -120.824488157083024, 37.660219280205681 ], [ -120.823949168046084, 37.659859953679465 ], [ -120.823769505024742, 37.659500628068443 ], [ -120.82466782186556, 37.659320963995299 ], [ -120.824847485288259, 37.658602312414224 ], [ -120.825027147334708, 37.658422649175996 ], [ -120.825566136591334, 37.658332819036069 ], [ -120.82538647266189, 37.656895513507422 ], [ -120.825745798575582, 37.656266692470254 ], [ -120.828620408210483, 37.656176860917469 ], [ -120.828620407493432, 37.655997197944536 ], [ -120.830417038800164, 37.656176861109415 ], [ -120.830506871525401, 37.655637872031868 ], [ -120.830956027733961, 37.655637872078415 ], [ -120.831315352993329, 37.655907366318509 ], [ -120.831315353679315, 37.656536187232561 ], [ -120.832213671022089, 37.656536186496915 ], [ -120.832213668793585, 37.657075176138264 ], [ -120.83176451159926, 37.657524334291395 ], [ -120.832303500943681, 37.657703997260938 ], [ -120.832483164559335, 37.657973491099284 ], [ -120.832213669060067, 37.657973492137081 ], [ -120.832213669048414, 37.658332818134504 ], [ -120.831944174453312, 37.658332818115397 ], [ -120.831944174240292, 37.658692143849642 ], [ -120.831944173862851, 37.659859954041906 ], [ -120.832213669294518, 37.659859954121053 ], [ -120.832213669285764, 37.660129448493571 ], [ -120.832483163810309, 37.660219279891265 ] ], [ [ -120.825116978578421, 37.660129447897148 ], [ -120.825296641758726, 37.659949785653907 ], [ -120.825296642113145, 37.659859954945752 ], [ -120.825027146988845, 37.659859954286475 ], [ -120.825116978578421, 37.660129447897148 ] ] ] } },
{ "type": "Feature", "properties": { "csb_id": "061825015444659", "acres": 4.2867426165804696, "geoid": "06099" }, "geometry": { "type": "Polygon", "coordinates": [ [ [ -120.922404524417388, 37.65689551307927 ], [ -120.922045198442618, 37.656626018793055 ], [ -120.9215960414233, 37.6565361878788 ], [ -120.921506209612104, 37.655637871616015 ], [ -120.922674018667053, 37.655637871648025 ], [ -120.922763850550524, 37.655997198015562 ], [ -120.923302840016433, 37.655997197747794 ], [ -120.923302840049672, 37.656895512879437 ], [ -120.922404524417388, 37.65689551307927 ] ] ] } },
{ "type": "Feature", "properties": { "csb_id": "061825015444662", "acres": 3.20283843457478, "geoid": "06099" }, "geometry": { "type": "Polygon", "coordinates": [ [ [ -120.905965355264769, 37.657434502635894 ], [ -120.905965354620946, 37.657165007623199 ], [ -120.906234849029659, 37.657165007548201 ], [ -120.906234849912764, 37.656895512916584 ], [ -120.905965355031569, 37.65662601903496 ], [ -120.905336534259462, 37.656626018258642 ], [ -120.905336533721524, 37.656895513076989 ], [ -120.905695859739765, 37.656895513164123 ], [ -120.9056958605087, 37.657165007964089 ], [ -120.905246702469483, 37.657075175918287 ], [ -120.905246702332292, 37.65617686138166 ], [ -120.905516197194743, 37.655997197866313 ], [ -120.907043333221594, 37.65617686074615 ], [ -120.907043333556544, 37.656536186870973 ], [ -120.906414512064302, 37.65653618734725 ], [ -120.906414512206425, 37.657434501990629 ], [ -120.905965355264769, 37.657434502635894 ] ] ] } },
{ "type": "Feature", "properties": { "csb_id": "061825015444672", "acres": 12.0202833031446, "geoid": "06099" }, "geometry": { "type": "Polygon", "coordinates": [ [ [ -120.814427027207699, 37.659231132777101 ], [ -120.814157533428812, 37.658332818741883 ], [ -120.813888038032303, 37.657973491812633 ], [ -120.813259217632179, 37.657973491994738 ], [ -120.8132592180242, 37.657703997909508 ], [ -120.813528711627995, 37.657434502260983 ], [ -120.813888038369171, 37.65743450184042 ], [ -120.813888038643867, 37.657703998128795 ], [ -120.814786353312257, 37.657703997272975 ], [ -120.814786353677889, 37.657434502017658 ], [ -120.814157533055848, 37.656805681247633 ], [ -120.814157533275889, 37.655907367097036 ], [ -120.815954163434299, 37.65590736678665 ], [ -120.815954163287202, 37.657703996509859 ], [ -120.81568466953388, 37.657703997784886 ], [ -120.815684669252519, 37.658602312625661 ], [ -120.814786354377645, 37.658602313258335 ], [ -120.814786353006667, 37.659231132643299 ], [ -120.814427027207699, 37.659231132777101 ] ] ] } },
{ "type": "Feature", "properties": { "csb_id": "061825015444689", "acres": 24.7050567181548, "geoid": "06099" }, "geometry": { "type": "Polygon", "coordinates": [ [ [ -120.929141888874781, 37.656895512453872 ], [ -120.926626606792453, 37.656805682872815 ], [ -120.9266266059131, 37.657075175475747 ], [ -120.926267280744241, 37.657075176686021 ], [ -120.925818122866119, 37.656805682661883 ], [ -120.924560480225637, 37.656805681835834 ], [ -120.924470649225384, 37.656266692875874 ], [ -120.92339267173594, 37.656266692843104 ], [ -120.923392670736121, 37.655997198420948 ], [ -120.923662165039374, 37.655727703815238 ], [ -120.924919807226502, 37.655637871767269 ], [ -120.925368965279986, 37.655278545347542 ], [ -120.926896101283518, 37.655278546402684 ], [ -120.926896100438839, 37.655637871753164 ], [ -120.92716559557843, 37.655637871198252 ], [ -120.927345258686472, 37.655009051229321 ], [ -120.927794416568631, 37.655009051666752 ], [ -120.927794416483138, 37.654110735803386 ], [ -120.928692731170614, 37.65411073612492 ], [ -120.929591047022456, 37.655009050946738 ], [ -120.929860541457387, 37.655637871908318 ], [ -120.929860540990973, 37.655907366043188 ], [ -120.929141888874781, 37.656895512453872 ] ], [ [ -120.92779441641548, 37.655098883460447 ], [ -120.92761475316351, 37.655098883828778 ], [ -120.9276147526366, 37.655278544593394 ], [ -120.927794416620927, 37.655278545086794 ], [ -120.92779441641548, 37.655098883460447 ] ] ] } },
{ "type": "Feature", "properties": { "csb_id": "061825015444708", "acres": 133.48710027345101, "geoid": "06099" }, "geometry": { "type": "Polygon", "coordinates": [ [ [ -120.81748129995384, 37.664351530123007 ], [ -120.817481298847639, 37.664082035431584 ], [ -120.813259218044379, 37.664082035279129 ], [ -120.811552419470857, 37.663992205065881 ], [ -120.811462587844289, 37.663812541779393 ], [ -120.811462587516175, 37.656895513938373 ], [ -120.812360901967864, 37.656536186881425 ], [ -120.812360902497645, 37.656176861281892 ], [ -120.812989723071325, 37.655637872811795 ], [ -120.813888038634119, 37.655637871324757 ], [ -120.813888037477412, 37.654110735029612 ], [ -120.814427027454542, 37.65393107228234 ], [ -120.81541517360499, 37.65384124086809 ], [ -120.81541517412532, 37.654110735737753 ], [ -120.815684669258403, 37.654110735742456 ], [ -120.815954163555517, 37.654380230693477 ], [ -120.815954163791062, 37.65473955623375 ], [ -120.815954163765184, 37.655009050640551 ], [ -120.815684668977056, 37.655009051402651 ], [ -120.815415173957035, 37.655907366332919 ], [ -120.814157533275889, 37.655907367097036 ], [ -120.814157533055848, 37.656805681247633 ], [ -120.814786353677889, 37.657434502017658 ], [ -120.814786353312257, 37.657703997272975 ], [ -120.813888038643867, 37.657703998128795 ], [ -120.813888038369171, 37.65743450184042 ], [ -120.813528711627995, 37.657434502260983 ], [ -120.8132592180242, 37.657703997909508 ], [ -120.813259217632179, 37.657973491994738 ], [ -120.813888038032303, 37.657973491812633 ], [ -120.814157533428812, 37.658332818741883 ], [ -120.814427027207699, 37.659231132777101 ], [ -120.814786353006667, 37.659231132643299 ], [ -120.814786354377645, 37.658602313258335 ], [ -120.815684669252519, 37.658602312625661 ], [ -120.81568466953388, 37.657703997784886 ], [ -120.81721180462111, 37.657703997278396 ], [ -120.817211804495159, 37.657434502134592 ], [ -120.817750793586839, 37.657434502579662 ], [ -120.817750793851772, 37.657973491815973 ], [ -120.818110120413962, 37.657973491536616 ], [ -120.818110120344528, 37.658602312010004 ], [ -120.817481298868557, 37.658602311844561 ], [ -120.817481299974688, 37.6588718069086 ], [ -120.818379615017435, 37.659231133161754 ], [ -120.818649108994492, 37.659500627793427 ], [ -120.818649109546698, 37.659859953677106 ], [ -120.818379615319387, 37.659859954757721 ], [ -120.818379615145219, 37.660398942860624 ], [ -120.820445739651092, 37.660398942670113 ], [ -120.820445739480405, 37.660758268591223 ], [ -120.821074560687322, 37.660758268414817 ], [ -120.821074560709135, 37.661027763510596 ], [ -120.820445739426262, 37.66102776322623 ], [ -120.819906750259747, 37.661297257922648 ], [ -120.819906750884996, 37.662824394307044 ], [ -120.820176245429465, 37.662824393877862 ], [ -120.820176245500704, 37.663093888142043 ], [ -120.819277929887406, 37.663093888518745 ], [ -120.819277929482936, 37.663722709390498 ], [ -120.818828772497483, 37.663812540584885 ], [ -120.818828772251365, 37.663992203996742 ], [ -120.818379614439806, 37.664351529774557 ], [ -120.81748129995384, 37.664351530123007 ] ] ] } },
{ "type": "Feature", "properties": { "csb_id": "061825015444714", "acres": 12.469838737767599, "geoid": "06099" }, "geometry": { "type": "Polygon", "coordinates": [ [ [ -120.811552417871397, 37.656805681437888 ], [ -120.811462586919475, 37.654110735713786 ], [ -120.811732081309628, 37.654110735377564 ], [ -120.811911744718188, 37.653931072251481 ], [ -120.813888038088947, 37.653841241081373 ], [ -120.813888038634119, 37.655637871324757 ], [ -120.812989723071325, 37.655637872811795 ], [ -120.812360902497645, 37.656176861281892 ], [ -120.812360901967864, 37.656536186881425 ], [ -120.811552417871397, 37.656805681437888 ] ] ] } },
{ "type": "Feature", "properties": { "csb_id": "061825015444729", "acres": 35.916230287691803, "geoid": "06099" }, "geometry": { "type": "Polygon", "coordinates": [ [ [ -120.923572334643367, 37.655907366534592 ], [ -120.922763850550524, 37.655997198015562 ], [ -120.922943513818169, 37.655907366425716 ], [ -120.922943513683791, 37.655368376883246 ], [ -120.922045199068862, 37.65500905135535 ], [ -120.921506209467623, 37.654380229908384 ], [ -120.921326546842295, 37.653481915161741 ], [ -120.921506209067914, 37.653212420832254 ], [ -120.921506209438363, 37.65231410471403 ], [ -120.922674019701702, 37.652314105539425 ], [ -120.922674019193039, 37.652583599982933 ], [ -120.924201155234556, 37.652583600075559 ], [ -120.925728290756908, 37.65204461089504 ], [ -120.925728290697649, 37.651775116055937 ], [ -120.925997785831001, 37.651415790528318 ], [ -120.926267280576155, 37.651415790675593 ], [ -120.927345258181163, 37.652134442146028 ], [ -120.928962226385877, 37.652044610522353 ], [ -120.92896222626463, 37.652314105071319 ], [ -120.928692731193365, 37.652583599948223 ], [ -120.928423237348412, 37.652583599467285 ], [ -120.928423237219548, 37.652314105399611 ], [ -120.928243574303423, 37.652314105266605 ], [ -120.927524921313065, 37.652673431218339 ], [ -120.927524921787153, 37.652942925429016 ], [ -120.928063910903674, 37.652942926320627 ], [ -120.928063911452355, 37.653841241190342 ], [ -120.927794416134148, 37.653841241441519 ], [ -120.927794415727007, 37.654380230378017 ], [ -120.927524922060783, 37.654380230200907 ], [ -120.927524921926846, 37.653481914887848 ], [ -120.925728291414245, 37.653481915087305 ], [ -120.925548628101168, 37.653841240909024 ], [ -120.924919807827834, 37.654110735711285 ], [ -120.924201153436954, 37.654739556391007 ], [ -120.924201154061521, 37.655009051593311 ], [ -120.923572334101479, 37.655278545436033 ], [ -120.923572334643367, 37.655907366534592 ] ], [ [ -120.926446943516765, 37.652134441522804 ], [ -120.926267280012837, 37.652134442386135 ], [ -120.926267280424554, 37.652314105177481 ], [ -120.926446943555675, 37.652314105407264 ], [ -120.926446943516765, 37.652134441522804 ] ] ] } },
{ "type": "Feature", "properties": { "csb_id": "061825015444744", "acres": 4.5895935021278502, "geoid": "06099" }, "geometry": { "type": "Polygon", "coordinates": [ [ [ -120.765738338648887, 37.654739556224911 ], [ -120.765109518276589, 37.654739556577084 ], [ -120.765199350228457, 37.653212420144214 ], [ -120.76591800225637, 37.653212420712535 ], [ -120.765918002015013, 37.653032757757856 ], [ -120.766456991369196, 37.653032757601643 ], [ -120.766456991296252, 37.653571746498535 ], [ -120.766187496464866, 37.6535717469608 ], [ -120.766187497148763, 37.653931073042529 ], [ -120.766816317441723, 37.653931073106087 ], [ -120.766816317458975, 37.654200567300983 ], [ -120.76645699089174, 37.654200567005084 ], [ -120.765738338648887, 37.654739556224911 ] ] ] } },
{ "type": "Feature", "properties": { "csb_id": "061825015444745", "acres": 16.522325950153501, "geoid": "06099" }, "geometry": { "type": "Polygon", "coordinates": [ [ [ -120.75837215224837, 37.656266692365939 ], [ -120.758372153401581, 37.655368377343592 ], [ -120.758102659037846, 37.655368376941823 ], [ -120.758102659360688, 37.654829387944751 ], [ -120.758641648885231, 37.654829388095131 ], [ -120.758641648247945, 37.653841240939592 ], [ -120.759270468499764, 37.653481915278583 ], [ -120.759270469049028, 37.653032757733719 ], [ -120.760528110164515, 37.65321242020736 ], [ -120.760528110229217, 37.654829388271502 ], [ -120.761695919856194, 37.654829388256594 ], [ -120.761695920121468, 37.65509888216026 ], [ -120.761426425780101, 37.655098882842978 ], [ -120.761067100132095, 37.655368378416746 ], [ -120.761067099700654, 37.655907366304255 ], [ -120.759270468622702, 37.655997198316442 ], [ -120.759270467750468, 37.656626018781559 ], [ -120.759000972940868, 37.656626018584618 ], [ -120.75837215224837, 37.656266692365939 ] ] ] } },
{ "type": "Feature", "properties": { "csb_id": "061825015444746", "acres": 7.4018771395800202, "geoid": "06099" }, "geometry": { "type": "Polygon", "coordinates": [ [ [ -120.725942972139237, 37.655637872100407 ], [ -120.72531414960504, 37.655727703290076 ], [ -120.725314150606863, 37.655368377570021 ], [ -120.724146341843877, 37.655009050788891 ], [ -120.723966678598856, 37.654470062056966 ], [ -120.724326004782597, 37.654110735915665 ], [ -120.724326004915227, 37.653481914932378 ], [ -120.724595498708453, 37.653481914843184 ], [ -120.724595499290999, 37.653212420056477 ], [ -120.725224319514496, 37.653212420156891 ], [ -120.725224320113057, 37.65348191517311 ], [ -120.724864993901832, 37.653481914790781 ], [ -120.724864993227953, 37.653841241086418 ], [ -120.725224319274176, 37.654110736038653 ], [ -120.726122635173795, 37.65420056732485 ], [ -120.726392128910604, 37.655098882361891 ], [ -120.72594297183258, 37.655098882921955 ], [ -120.725942972139237, 37.655637872100407 ] ] ] } },
{ "type": "Feature", "properties": { "csb_id": "061825015444766", "acres": 5.4294350142607204, "geoid": "06099" }, "geometry": { "type": "Polygon", "coordinates": [ [ [ -120.724864993227953, 37.653841241086418 ], [ -120.724864993901832, 37.653481914790781 ], [ -120.725224320113057, 37.65348191517311 ], [ -120.725224319514496, 37.653212420156891 ], [ -120.724595499290999, 37.653212420056477 ], [ -120.724595498708453, 37.653481914843184 ], [ -120.72414634184544, 37.653481915388625 ], [ -120.724146341849945, 37.653212421060985 ], [ -120.724326004266302, 37.65321242060471 ], [ -120.724326004398947, 37.652583599477524 ], [ -120.725493814886775, 37.652403936947316 ], [ -120.725763309584039, 37.652583601012857 ], [ -120.725763309065712, 37.652942925492589 ], [ -120.726122634946606, 37.652942926445874 ], [ -120.726122635173795, 37.65420056732485 ], [ -120.725224319274176, 37.654110736038653 ], [ -120.724864993227953, 37.653841241086418 ] ] ] } },
{ "type": "Feature", "properties": { "csb_id": "061825015444779", "acres": 114.914146096563, "geoid": "06099" }, "geometry": { "type": "Polygon", "coordinates": [ [ [ -120.821972875969593, 37.658332817509653 ], [ -120.821972876282132, 37.657703996576373 ], [ -120.821344052316775, 37.657703997204543 ], [ -120.821074559122877, 37.657434502946948 ], [ -120.821074560666389, 37.657075175801843 ], [ -120.820266077431313, 37.657165007976062 ], [ -120.819906750608084, 37.657703996996212 ], [ -120.817750794272087, 37.657703997091822 ], [ -120.817750793586839, 37.657434502579662 ], [ -120.817211804495159, 37.657434502134592 ], [ -120.81721180462111, 37.657703997278396 ], [ -120.815954163287202, 37.657703996509859 ], [ -120.815954163434299, 37.65590736678665 ], [ -120.815415173957035, 37.655907366332919 ], [ -120.815684668977056, 37.655009051402651 ], [ -120.815954163765184, 37.655009050640551 ], [ -120.815954163555517, 37.654380230693477 ], [ -120.815684669258403, 37.654110735742456 ], [ -120.81541517412532, 37.654110735737753 ], [ -120.81541517360499, 37.65384124086809 ], [ -120.816313489673021, 37.653481914838864 ], [ -120.816313489793046, 37.653212420959008 ], [ -120.816582984460965, 37.653212420240678 ], [ -120.816582984511001, 37.653481915212907 ], [ -120.816852478243433, 37.653481915221377 ], [ -120.816852478614237, 37.653212420880791 ], [ -120.819277928367043, 37.653212420573915 ], [ -120.819277930457289, 37.652942925865425 ], [ -120.819547424197651, 37.653032757156303 ], [ -120.819547424588464, 37.653212421288984 ], [ -120.820445739529205, 37.653212420884905 ], [ -120.820445740049493, 37.652583599943824 ], [ -120.820805065911983, 37.652583600271939 ], [ -120.820805066060288, 37.652314105691019 ], [ -120.819547424111633, 37.652314104853339 ], [ -120.819906751196186, 37.652044610644531 ], [ -120.820894897702189, 37.652044610404332 ], [ -120.821074560076482, 37.651415789597451 ], [ -120.823050853532479, 37.651505621165413 ], [ -120.823589842953027, 37.65168528446064 ], [ -120.824128832555587, 37.652134442971139 ], [ -120.824128832627395, 37.652314104908697 ], [ -120.824847484704392, 37.652314105259336 ], [ -120.824847484501959, 37.652673431755368 ], [ -120.825566137242632, 37.653481915415348 ], [ -120.826194957680343, 37.653571746832824 ], [ -120.826464450476621, 37.65438023036856 ], [ -120.82691360967678, 37.654739556675203 ], [ -120.82691360995355, 37.655278545391489 ], [ -120.826194957201452, 37.655278545829908 ], [ -120.82574580002111, 37.654829388456832 ], [ -120.825027147870927, 37.654829388333518 ], [ -120.824488158453931, 37.655907366470231 ], [ -120.823589843303466, 37.657075176164334 ], [ -120.823500012240842, 37.657434502133881 ], [ -120.822871191656986, 37.657703996942175 ], [ -120.822242370399692, 37.658332818367462 ], [ -120.821972875969593, 37.658332817509653 ] ], [ [ -120.822871190782138, 37.657165007422783 ], [ -120.822691527955683, 37.657075176213311 ], [ -120.822691528350688, 37.657165008017571 ], [ -120.822871190782138, 37.657165007422783 ] ] ] } },
{ "type": "Feature", "properties": { "csb_id": "061825015444789", "acres": 9.2965331240238402, "geoid": "06099" }, "geometry": { "type": "Polygon", "coordinates": [ [ [ -120.730704042760252, 37.653302252022826 ], [ -120.730704042503163, 37.653032757402904 ], [ -120.730165053774968, 37.653032757214824 ], [ -120.730165053472035, 37.653302252467384 ], [ -120.727919265530929, 37.653212421503191 ], [ -120.727919265672156, 37.652942926126997 ], [ -120.727559939425078, 37.652942925930049 ], [ -120.727559940061724, 37.652673431627164 ], [ -120.729536233160729, 37.652673431758238 ], [ -120.729536232811512, 37.652134442296031 ], [ -120.730165053825019, 37.652134442541872 ], [ -120.731063368836161, 37.651775116470951 ], [ -120.731063368700688, 37.651146295303434 ], [ -120.73133286372196, 37.651146294918206 ], [ -120.731332863600386, 37.651505621360855 ], [ -120.731602358011401, 37.651505621701013 ], [ -120.731512526554312, 37.652583600016989 ], [ -120.732141347689037, 37.652583600065739 ], [ -120.732141348170558, 37.652942927065368 ], [ -120.731063367706923, 37.653032757870591 ], [ -120.731063368976379, 37.653302251628318 ], [ -120.730704042760252, 37.653302252022826 ] ] ] } },
{ "type": "Feature", "properties": { "csb_id": "061825015444820", "acres": 14.394508629875199, "geoid": "06099" }, "geometry": { "type": "Polygon", "coordinates": [ [ [ -120.879105727835835, 37.6510564634236 ], [ -120.876949771334694, 37.651146295855966 ], [ -120.876500613757941, 37.650247979726217 ], [ -120.876051456409257, 37.650247980010462 ], [ -120.876410782196345, 37.649619160579512 ], [ -120.876410782166445, 37.648720844406533 ], [ -120.878656570059533, 37.648720844078703 ], [ -120.878836233428856, 37.64899033876452 ], [ -120.878836232799699, 37.650158148186947 ], [ -120.879105727348517, 37.650158148240969 ], [ -120.879105727835835, 37.6510564634236 ] ] ] } },
{ "type": "Feature", "properties": { "csb_id": "061825015444822", "acres": 170.42013960154401, "geoid": "06099" }, "geometry": { "type": "Polygon", "coordinates": [ [ [ -120.832213669990594, 37.649888653921245 ], [ -120.832303501803636, 37.649619159232188 ], [ -120.832213670590534, 37.649619160570822 ], [ -120.832213669990594, 37.649888653921245 ], [ -120.832034007425236, 37.649888654445398 ], [ -120.832034006759358, 37.649259833037306 ], [ -120.83311198545276, 37.648990338609984 ], [ -120.833111984701077, 37.648720843874671 ], [ -120.834639121321686, 37.648720844696662 ], [ -120.834639121508829, 37.648990338860628 ], [ -120.83643575182208, 37.648990339664465 ], [ -120.836435752427192, 37.648810676753534 ], [ -120.836974741130675, 37.649080170285501 ], [ -120.836795076747791, 37.649619160064724 ], [ -120.837334067445127, 37.649619161467946 ], [ -120.837334066892979, 37.649888655920904 ], [ -120.83787305674835, 37.6498886536776 ], [ -120.838322214672047, 37.650247980496282 ], [ -120.838501877187838, 37.651056463768143 ], [ -120.838771371339902, 37.651146295651017 ], [ -120.838771371550806, 37.65168528531057 ], [ -120.839130698041103, 37.651685284138878 ], [ -120.839130697147667, 37.652044610500703 ], [ -120.838771372484572, 37.652314106188889 ], [ -120.838771371763912, 37.652673431169973 ], [ -120.839400192322728, 37.652583600592685 ], [ -120.83957985532281, 37.652673432281247 ], [ -120.839579855501938, 37.65303275878307 ], [ -120.84002901275494, 37.653212420464335 ], [ -120.839400192803424, 37.653481916344973 ], [ -120.838771371974843, 37.653212420619418 ], [ -120.838771371803162, 37.653841241483512 ], [ -120.839130697397863, 37.653841241755579 ], [ -120.839220529545898, 37.654829388342954 ], [ -120.838771371206491, 37.654829387892647 ], [ -120.838771371718408, 37.654380229910736 ], [ -120.838681539937141, 37.654829388075022 ], [ -120.838322214385641, 37.654739556044994 ], [ -120.838232383312558, 37.654470063039675 ], [ -120.838232382623701, 37.655009050688975 ], [ -120.83805271994504, 37.655009051054947 ], [ -120.838052718392348, 37.655637871571294 ], [ -120.837693392552794, 37.656536187354064 ], [ -120.837334067441361, 37.655907365859257 ], [ -120.836974741417251, 37.655907367526694 ], [ -120.836974739856089, 37.656536186917016 ], [ -120.836705246761184, 37.656626019137711 ], [ -120.836974740341518, 37.657075176748783 ], [ -120.836974740477189, 37.657703997446205 ], [ -120.836525582928289, 37.657703996927978 ], [ -120.836525582449212, 37.658063322789587 ], [ -120.835806931309989, 37.657973492573838 ], [ -120.835806929569387, 37.658602312376246 ], [ -120.836435752198398, 37.659859953692234 ], [ -120.836435751579359, 37.660219280219707 ], [ -120.832483163810309, 37.660219279891265 ], [ -120.832483163805037, 37.658602313126877 ], [ -120.832213669048414, 37.658332818134504 ], [ -120.832483163347874, 37.658332816695754 ], [ -120.832303500943681, 37.657703997260938 ], [ -120.832483165123165, 37.657434502442698 ], [ -120.832213668793585, 37.657075176138264 ], [ -120.83248316493345, 37.657075176132942 ], [ -120.832213671022089, 37.656536186496915 ], [ -120.831315353679315, 37.656536187232561 ], [ -120.831315352993329, 37.655907366318509 ], [ -120.831135690691823, 37.655727703556146 ], [ -120.83005771340143, 37.655637871652921 ], [ -120.830057713327207, 37.655278545760282 ], [ -120.830956029126654, 37.655278545895285 ], [ -120.830956028991778, 37.655009051251376 ], [ -120.830686534324599, 37.655009050986962 ], [ -120.830686534064341, 37.6547395565551 ], [ -120.83041703885624, 37.654380230582028 ], [ -120.830057712293268, 37.654380230138244 ], [ -120.830057713214515, 37.654110735893759 ], [ -120.830417039576105, 37.654110736107057 ], [ -120.830417040175988, 37.653481917050165 ], [ -120.830057713765896, 37.653481914711939 ], [ -120.83005771387721, 37.653212421498282 ], [ -120.829788219406893, 37.653212421492391 ], [ -120.829788218801724, 37.652942926766769 ], [ -120.830057713101795, 37.652942925680122 ], [ -120.830057713027571, 37.652583599540975 ], [ -120.830417039207902, 37.652583600095312 ], [ -120.830417039542169, 37.652044611110661 ], [ -120.830956028394922, 37.652044611534478 ], [ -120.83095602838651, 37.651685284391036 ], [ -120.831584849525839, 37.651685285070172 ], [ -120.831584849314993, 37.651415789718598 ], [ -120.831944175431119, 37.651056464713584 ], [ -120.831944175706482, 37.650158149548609 ], [ -120.832213669990594, 37.649888653921245 ] ], [ [ -120.830956028073487, 37.652583599486661 ], [ -120.830956028891734, 37.652942925455271 ], [ -120.831315354899161, 37.652942924684027 ], [ -120.831315355140589, 37.652583599978406 ], [ -120.830956028073487, 37.652583599486661 ] ], [ [ -120.835806931372588, 37.656176860552478 ], [ -120.835806931612012, 37.656536188447468 ], [ -120.83607642565012, 37.656536186991872 ], [ -120.836076426391955, 37.656176862314183 ], [ -120.835806931372588, 37.656176860552478 ] ] ] } },
{ "type": "Feature", "properties": { "csb_id": "061825015444829", "acres": 3.74999159009724, "geoid": "06099" }, "geometry": { "type": "Polygon", "coordinates": [ [ [ -120.883417641552171, 37.650876800794912 ], [ -120.883417640922829, 37.650247979964611 ], [ -120.883148146401382, 37.650247980134104 ], [ -120.883148146886654, 37.650607306563721 ], [ -120.882788820885608, 37.650607306416624 ], [ -120.882519325706909, 37.650247980089716 ], [ -120.882519326236846, 37.649708991076217 ], [ -120.882788820712491, 37.649708990973437 ], [ -120.882788820864292, 37.649349664692224 ], [ -120.882968483270801, 37.649259833233984 ], [ -120.883687135513625, 37.649349665042138 ], [ -120.883687136105692, 37.649708991154483 ], [ -120.884226124597006, 37.649619159827189 ], [ -120.884226125295896, 37.649978485514779 ], [ -120.883687135740459, 37.650247980061017 ], [ -120.883687136149945, 37.650876800491382 ], [ -120.883417641552171, 37.650876800794912 ] ] ] } },
{ "type": "Feature", "properties": { "csb_id": "061825015444837", "acres": 8.5839749370747693, "geoid": "06099" }, "geometry": { "type": "Polygon", "coordinates": [ [ [ -120.879105727959441, 37.650876800357381 ], [ -120.879105727348517, 37.650158148240969 ], [ -120.878836232799699, 37.650158148186947 ], [ -120.878836233428856, 37.64899033876452 ], [ -120.879375222361773, 37.648990338383911 ], [ -120.879734548504118, 37.649259832855797 ], [ -120.880273536409291, 37.649349664675661 ], [ -120.88162101018554, 37.649349664748485 ], [ -120.881621010353783, 37.650247980088189 ], [ -120.881351516014604, 37.65060730649985 ], [ -120.880093874826684, 37.650607306403792 ], [ -120.880093875203386, 37.649978485670957 ], [ -120.879824380419478, 37.649978485216415 ], [ -120.879554885698639, 37.650607305698763 ], [ -120.879554885901527, 37.651056463841634 ], [ -120.879105727959441, 37.650876800357381 ] ] ] } },
{ "type": "Feature", "properties": { "csb_id": "061825015444841", "acres": 2.5976675922971899, "geoid": "06099" }, "geometry": { "type": "Polygon", "coordinates": [ [ [ -120.572241226425376, 37.649888654174767 ], [ -120.57224122585481, 37.649708991440946 ], [ -120.572061563973506, 37.649888653660163 ], [ -120.571612406394962, 37.649619159089291 ], [ -120.571881900519472, 37.648990338722527 ], [ -120.572780215748992, 37.648990338958832 ], [ -120.573139541411678, 37.649259832931357 ], [ -120.573139541377628, 37.649619159572907 ], [ -120.572780214983055, 37.649619159658435 ], [ -120.572780215993433, 37.649888653673202 ], [ -120.572241226425376, 37.649888654174767 ] ] ] } },
{ "type": "Feature", "properties": { "csb_id": "061825015444902", "acres": 10.254181983531501, "geoid": "06099" }, "geometry": { "type": "Polygon", "coordinates": [ [ [ -120.793406448331069, 37.649170002036129 ], [ -120.792238640315063, 37.64908017006276 ], [ -120.792238640306223, 37.648361518615154 ], [ -120.791789482054227, 37.648181855136919 ], [ -120.791160661581685, 37.648181854668493 ], [ -120.791160661102211, 37.647553034092468 ], [ -120.791430156535881, 37.647553033753823 ], [ -120.79143015651303, 37.647014045042617 ], [ -120.791160661159324, 37.646385223984886 ], [ -120.790801335253192, 37.6463852247172 ], [ -120.79080133542756, 37.646115729342284 ], [ -120.791609818934091, 37.646025898253939 ], [ -120.791609819193681, 37.646295393233366 ], [ -120.792687797887154, 37.646385224182509 ], [ -120.792687797349771, 37.646654719195553 ], [ -120.79232847168268, 37.646654718567859 ], [ -120.792328471898472, 37.64755303412646 ], [ -120.792867460346471, 37.64809202362715 ], [ -120.794035270797323, 37.648092022998348 ], [ -120.793855607527846, 37.648810675700041 ], [ -120.793406448331069, 37.649170002036129 ] ] ] } },
{ "type": "Feature", "properties": { "csb_id": "061825015444917", "acres": 14.150940056186, "geoid": "06099" }, "geometry": { "type": "Polygon", "coordinates": [ [ [ -120.865092009664053, 37.648810675275328 ], [ -120.864822514972971, 37.648451349159458 ], [ -120.864822515155609, 37.647912360069732 ], [ -120.865092009747755, 37.647912359838926 ], [ -120.865092009762904, 37.647283539473641 ], [ -120.864822515190284, 37.647014045118873 ], [ -120.863025884261191, 37.647014045278056 ], [ -120.863025884044987, 37.646385224782165 ], [ -120.86266655840528, 37.64638522400557 ], [ -120.862666558155965, 37.646115729649829 ], [ -120.863025884934018, 37.645756403953932 ], [ -120.866169987835562, 37.645756403579838 ], [ -120.866169987589515, 37.646115730005477 ], [ -120.865990325048429, 37.646115729844603 ], [ -120.865990325018558, 37.64701404518658 ], [ -120.866259819738389, 37.647014045359228 ], [ -120.866259819174005, 37.647553034064735 ], [ -120.86599032500061, 37.647553034292343 ], [ -120.865990324970738, 37.648451349303016 ], [ -120.86572083003712, 37.648451349334962 ], [ -120.865720830119713, 37.648810675912422 ], [ -120.865092009664053, 37.648810675275328 ] ] ] } },
{ "type": "Feature", "properties": { "csb_id": "061825015444924", "acres": 7.1390137931794397, "geoid": "06099" }, "geometry": { "type": "Polygon", "coordinates": [ [ [ -120.970015234198712, 37.647014045404205 ], [ -120.970015234408677, 37.646654719007167 ], [ -120.969835571353357, 37.646654719343672 ], [ -120.969835571647451, 37.646924213912826 ], [ -120.968937256205535, 37.646924213743759 ], [ -120.968937256663594, 37.645666572303156 ], [ -120.969566077051383, 37.645486908977283 ], [ -120.970913550233064, 37.64548690863095 ], [ -120.971183043892779, 37.64575640345727 ], [ -120.971183044628219, 37.646115730002549 ], [ -120.970913550264029, 37.646115729659847 ], [ -120.970913549792257, 37.647014045215471 ], [ -120.970015234198712, 37.647014045404205 ] ] ] } },
{ "type": "Feature", "properties": { "csb_id": "061825015444940", "acres": 28.116631450014999, "geoid": "06099" }, "geometry": { "type": "Polygon", "coordinates": [ [ [ -120.845418903520127, 37.646025899441014 ], [ -120.845418904079139, 37.645756404128079 ], [ -120.845239241119799, 37.645756404124711 ], [ -120.845239239611715, 37.64602589857563 ], [ -120.845418903520127, 37.646025899441014 ], [ -120.845149409148561, 37.646564888121937 ], [ -120.844251093696045, 37.647822528952297 ], [ -120.843891768086252, 37.648092023442835 ], [ -120.843352779033964, 37.648092023459732 ], [ -120.843352779152454, 37.647283540151001 ], [ -120.842813789643984, 37.647283540029633 ], [ -120.842544294564419, 37.647553034361621 ], [ -120.842544295302517, 37.648181855234576 ], [ -120.842274799883597, 37.648451349940615 ], [ -120.841915474690367, 37.648451349528308 ], [ -120.841645980464278, 37.64818185481046 ], [ -120.841645980973013, 37.64701404525087 ], [ -120.841915475549897, 37.646654719031517 ], [ -120.842274801465933, 37.64665471932301 ], [ -120.842813790618251, 37.646115729959121 ], [ -120.842813790310913, 37.645756403271378 ], [ -120.842274801499627, 37.645486909184747 ], [ -120.841915475423562, 37.645486909184328 ], [ -120.841825643468482, 37.645666572464179 ], [ -120.841825641838071, 37.645397077538469 ], [ -120.842993452309955, 37.645397077313199 ], [ -120.842993452550814, 37.645127582939729 ], [ -120.843352778067469, 37.645127583209494 ], [ -120.843352779568036, 37.644768255507998 ], [ -120.844251094685774, 37.644768257750719 ], [ -120.844251093810954, 37.644588593772234 ], [ -120.844610419826225, 37.644498763051757 ], [ -120.845688399775781, 37.644498762234186 ], [ -120.845688398545249, 37.644229267907996 ], [ -120.846317219068339, 37.644229268170776 ], [ -120.846317218973923, 37.644498762326918 ], [ -120.846586713338468, 37.644498762604698 ], [ -120.847215534158991, 37.644229267523656 ], [ -120.847844357343803, 37.644229267663654 ], [ -120.847844354769947, 37.64449876257229 ], [ -120.847395197574599, 37.645127583266436 ], [ -120.846946039207509, 37.645217414556981 ], [ -120.846586713098432, 37.645486909027291 ], [ -120.846586712954718, 37.64602589846973 ], [ -120.846946039152456, 37.646025898147585 ], [ -120.846946040516812, 37.646564887745981 ], [ -120.846317220367055, 37.646564887438544 ], [ -120.846317220260133, 37.646025898532002 ], [ -120.845418903520127, 37.646025899441014 ] ], [ [ -120.846766376655054, 37.644858088930192 ], [ -120.846586713118754, 37.644768256972739 ], [ -120.846586713880939, 37.644858088558138 ], [ -120.846766376655054, 37.644858088930192 ] ], [ [ -120.846946039447502, 37.644588594444855 ], [ -120.847215534015348, 37.644498762371704 ], [ -120.846946040460324, 37.644498762391912 ], [ -120.846946039447502, 37.644588594444855 ] ], [ [ -120.844071430773283, 37.646295392672577 ], [ -120.844071431136513, 37.646564887656993 ], [ -120.843712104771171, 37.64665471920533 ], [ -120.843442610223747, 37.647193708383597 ], [ -120.843891767039821, 37.64719370814349 ], [ -120.844251094116302, 37.646924213299755 ], [ -120.844520588340501, 37.646295394364074 ], [ -120.844071430773283, 37.646295392672577 ] ], [ [ -120.843622272619569, 37.647822529331592 ], [ -120.843712104691051, 37.647912360980719 ], [ -120.84371210490697, 37.64782252906511 ], [ -120.843622272619569, 37.647822529331592 ] ] ] } },
{ "type": "Feature", "properties": { "csb_id": "061825015444945", "acres": 7.3930343667587604, "geoid": "06099" }, "geometry": { "type": "Polygon", "coordinates": [ [ [ -120.823140685616266, 37.645666572033754 ], [ -120.823140684065976, 37.646025898620728 ], [ -120.822601695042138, 37.645756404137906 ], [ -120.823050854385173, 37.64521741470687 ], [ -120.823050854160257, 37.644858088506055 ], [ -120.822691528162451, 37.644858088781831 ], [ -120.822691528079957, 37.644319099448154 ], [ -120.824667821556787, 37.644319098808076 ], [ -120.824667820249687, 37.646025898379804 ], [ -120.823500010199183, 37.64602589817266 ], [ -120.823140685616266, 37.645666572033754 ] ] ] } },
{ "type": "Feature", "properties": { "csb_id": "061825015444952", "acres": 85.638494066090502, "geoid": "06099" }, "geometry": { "type": "Polygon", "coordinates": [ [ [ -120.733937977662094, 37.650158148714929 ], [ -120.733129494791115, 37.650247980301685 ], [ -120.733129493978382, 37.649080171087355 ], [ -120.732859999986957, 37.649080170328403 ], [ -120.732859999578238, 37.648181855446751 ], [ -120.734297304030491, 37.648181855104291 ], [ -120.734297302646482, 37.647912360422367 ], [ -120.734027809096233, 37.647553034498216 ], [ -120.733758315352219, 37.647553034057516 ], [ -120.733758315050878, 37.647912360539934 ], [ -120.732860000103997, 37.64791236145367 ], [ -120.732859999752236, 37.64548691019273 ], [ -120.73133286432369, 37.645486909979013 ], [ -120.731063369156189, 37.645217414567547 ], [ -120.731063368961983, 37.644858089729411 ], [ -120.730434548812099, 37.644858089215525 ], [ -120.730434548757572, 37.645217415318932 ], [ -120.729805727842091, 37.645217414779573 ], [ -120.729805727334139, 37.644858088502694 ], [ -120.728278592315007, 37.644858089553821 ], [ -120.728278591149547, 37.644588593601043 ], [ -120.728637917720562, 37.644588593358563 ], [ -120.728637918342855, 37.644319099514661 ], [ -120.729266739009432, 37.644319099932304 ], [ -120.729266738903476, 37.643959774031465 ], [ -120.731332863641612, 37.643959772570341 ], [ -120.73196168388553, 37.644319099175981 ], [ -120.733398988972809, 37.644319098355922 ], [ -120.733398989393947, 37.643959773725442 ], [ -120.733578650746139, 37.643959773659248 ], [ -120.733578651728067, 37.64422926815562 ], [ -120.738429554505373, 37.644229267408946 ], [ -120.738429554692289, 37.645127582495654 ], [ -120.739777027397253, 37.645217415148089 ], [ -120.739777026165257, 37.645756404740801 ], [ -120.740046521595318, 37.646115730469504 ], [ -120.74031601703561, 37.646115730340433 ], [ -120.74031601634924, 37.645756403757112 ], [ -120.740675342892317, 37.64575640336701 ], [ -120.740675342520618, 37.646115728685309 ], [ -120.741573656551097, 37.6469242137103 ], [ -120.741573658598782, 37.647193709201694 ], [ -120.74175332078498, 37.647193707772601 ], [ -120.740944837073172, 37.647283539191925 ], [ -120.740944837282385, 37.647463202761806 ], [ -120.740226185069346, 37.647822528776885 ], [ -120.73995669088994, 37.647463203719646 ], [ -120.739956690645187, 37.647822529053698 ], [ -120.739777027523559, 37.647822529558489 ], [ -120.73977702729222, 37.647553034167053 ], [ -120.739327869365439, 37.647463202315194 ], [ -120.739327869977743, 37.647822528684671 ], [ -120.73869904938266, 37.647822528749444 ], [ -120.737980396266934, 37.648092023344553 ], [ -120.737621070058722, 37.647822528808007 ], [ -120.737082081587289, 37.64809202440145 ], [ -120.736902419013461, 37.648361518266711 ], [ -120.735734608878005, 37.648361518067126 ], [ -120.735734608112708, 37.648990338867044 ], [ -120.735195620049979, 37.64899033919334 ], [ -120.735105788116826, 37.649259833104942 ], [ -120.734476967445261, 37.649349664855507 ], [ -120.7344769669768, 37.649619159035232 ], [ -120.734297304361206, 37.649619158762199 ], [ -120.733937977662094, 37.650158148714929 ] ], [ [ -120.733937978891873, 37.644858089332871 ], [ -120.733578651243093, 37.644858088535408 ], [ -120.733578652519469, 37.645127583831723 ], [ -120.733309157055743, 37.645127582739789 ], [ -120.733398988209458, 37.64548690928266 ], [ -120.733937978534911, 37.645666572232273 ], [ -120.733937978891873, 37.644858089332871 ] ] ] } },
{ "type": "Feature", "properties": { "csb_id": "061825015444956", "acres": 12.696182998384399, "geoid": "06099" }, "geometry": { "type": "Polygon", "coordinates": [ [ [ -120.78469279131636, 37.645397077610625 ], [ -120.784423296721002, 37.645666571691422 ], [ -120.783794476449287, 37.645666571783934 ], [ -120.78334531845438, 37.645486908677249 ], [ -120.78316565581143, 37.644768256393668 ], [ -120.783345319023255, 37.644319099465534 ], [ -120.783794475621448, 37.644229267583988 ], [ -120.783165655679909, 37.644229267824542 ], [ -120.783165655665712, 37.643869941131555 ], [ -120.784153802765516, 37.643690278288759 ], [ -120.786040264943907, 37.643690278742156 ], [ -120.786040263996654, 37.643869941441423 ], [ -120.786489420793998, 37.643959773058569 ], [ -120.786489420774288, 37.64458859438021 ], [ -120.785950432752969, 37.644588594051307 ], [ -120.785950433340332, 37.645486908692561 ], [ -120.78469279131636, 37.645397077610625 ] ] ] } },
{ "type": "Feature", "properties": { "csb_id": "061825015444961", "acres": 4.1995351171865298, "geoid": "06099" }, "geometry": { "type": "Polygon", "coordinates": [ [ [ -120.710132622967777, 37.644768256390492 ], [ -120.709054644179773, 37.644858088781703 ], [ -120.708964813379325, 37.644229267786557 ], [ -120.708695318927553, 37.643869941662608 ], [ -120.707886834581956, 37.643869941980768 ], [ -120.707886834603073, 37.643600447252709 ], [ -120.709593633613409, 37.643241120968696 ], [ -120.709593633330584, 37.643869941697417 ], [ -120.709863128453847, 37.643869941727395 ], [ -120.710132622967777, 37.644768256390492 ] ] ] } },
{ "type": "Feature", "properties": { "csb_id": "061825015444967", "acres": 13.975496212884799, "geoid": "06099" }, "geometry": { "type": "Polygon", "coordinates": [ [ [ -120.892939782844408, 37.646385224547402 ], [ -120.892760120682269, 37.646115729736991 ], [ -120.892131299001136, 37.64611572955102 ], [ -120.89213129982241, 37.646385224004156 ], [ -120.891861804343236, 37.646654718810076 ], [ -120.891232984583368, 37.64665471909742 ], [ -120.891232983755231, 37.643959772731549 ], [ -120.891502478288018, 37.643959772995238 ], [ -120.891502478194312, 37.64333095230176 ], [ -120.892131300047282, 37.643330952604153 ], [ -120.892131299938413, 37.643690278738724 ], [ -120.893299108897565, 37.6436004472584 ], [ -120.89338894044765, 37.646025898293516 ], [ -120.892939782844408, 37.646385224547402 ] ] ] } },
{ "type": "Feature", "properties": { "csb_id": "061825015444973", "acres": 15.7725253075025, "geoid": "06099" }, "geometry": { "type": "Polygon", "coordinates": [ [ [ -120.710761443251926, 37.646564887117428 ], [ -120.710312285796888, 37.646295392529481 ], [ -120.710312285491, 37.645486908920816 ], [ -120.709952960057976, 37.645486909387365 ], [ -120.709683465293722, 37.645217414141413 ], [ -120.709683465503758, 37.644858088574992 ], [ -120.709234307039097, 37.644768256539805 ], [ -120.710132622967777, 37.644768256390492 ], [ -120.709863128453847, 37.643869941727395 ], [ -120.709593633330584, 37.643869941697417 ], [ -120.709593633613409, 37.643241120968696 ], [ -120.711030938219835, 37.643241121200411 ], [ -120.711480096382815, 37.643061457927331 ], [ -120.711659758787945, 37.643241121032275 ], [ -120.711659758726015, 37.643600446858954 ], [ -120.711929253234402, 37.643600446860447 ], [ -120.711929253901175, 37.644229267752316 ], [ -120.712288580012711, 37.644229267438966 ], [ -120.712288580070265, 37.644768256946975 ], [ -120.71192925355686, 37.644768256801527 ], [ -120.711659758722732, 37.646385224021351 ], [ -120.711030938673417, 37.646385224086707 ], [ -120.711030938517894, 37.646564887491728 ], [ -120.711659758985959, 37.646564887655813 ], [ -120.711659758924, 37.646924213175261 ], [ -120.710761443845641, 37.64692421344386 ], [ -120.710761443251926, 37.646564887117428 ] ] ] } },
{ "type": "Feature", "properties": { "csb_id": "061825015444978", "acres": 14.903422737689301, "geoid": "06099" }, "geometry": { "type": "Polygon", "coordinates": [ [ [ -120.7138157150696, 37.645756403787196 ], [ -120.7130072315842, 37.645666571881215 ], [ -120.712737737075088, 37.645217414777441 ], [ -120.712737737438914, 37.644858087953303 ], [ -120.713636052742089, 37.644858088186382 ], [ -120.713636052612813, 37.644319099442207 ], [ -120.713007232118997, 37.644319098662031 ], [ -120.713007231849744, 37.644588593561572 ], [ -120.712737737582444, 37.644588593301862 ], [ -120.712737736974219, 37.643330952228659 ], [ -120.71237841101852, 37.643330951967918 ], [ -120.71228857923721, 37.643869941211669 ], [ -120.71228857990836, 37.643600446721074 ], [ -120.711659758726015, 37.643600446858954 ], [ -120.711659758787945, 37.643241121032275 ], [ -120.711300432592125, 37.642971625930258 ], [ -120.713186894589043, 37.642791962954959 ], [ -120.713186894943149, 37.642971626581485 ], [ -120.713815715649119, 37.642971625864838 ], [ -120.713905547019905, 37.64360044697635 ], [ -120.714354704515387, 37.643869941670673 ], [ -120.715253019993895, 37.643869941312019 ], [ -120.715253019885907, 37.644229267935089 ], [ -120.715612345916597, 37.644229267994334 ], [ -120.715881841177776, 37.645127582589112 ], [ -120.715612346502368, 37.6451275828246 ], [ -120.71561234627238, 37.645397077779009 ], [ -120.714354704601192, 37.645217414460575 ], [ -120.714085210521191, 37.645486908568934 ], [ -120.7140852094943, 37.646025898068949 ], [ -120.713815715234702, 37.646025898183701 ], [ -120.7138157150696, 37.645756403787196 ] ] ] } },
{ "type": "Feature", "properties": { "csb_id": "061825015444987", "acres": 33.449558028932699, "geoid": "06099" }, "geometry": { "type": "Polygon", "coordinates": [ [ [ -120.742292310160437, 37.647463202368868 ], [ -120.74229231051099, 37.64719370770176 ], [ -120.742112647201182, 37.647014045021635 ], [ -120.742112646630076, 37.647193708430741 ], [ -120.741573658598782, 37.647193709201694 ], [ -120.741573656551097, 37.6469242137103 ], [ -120.740675342520618, 37.646115728685309 ], [ -120.740675341088988, 37.64548690932736 ], [ -120.740944836470803, 37.645217414555042 ], [ -120.741214330633582, 37.645217414796313 ], [ -120.741214330897719, 37.644858089797914 ], [ -120.740675341066947, 37.643959772425902 ], [ -120.740675342254448, 37.643061457592438 ], [ -120.740316016838179, 37.643061457692639 ], [ -120.740316016558609, 37.642163142937271 ], [ -120.740855005929518, 37.642073310714771 ], [ -120.740855005684097, 37.641803815960031 ], [ -120.741393995273853, 37.641803816364174 ], [ -120.742022815104818, 37.642163142915393 ], [ -120.742471973209348, 37.642163142312313 ], [ -120.742651636535498, 37.642702131815767 ], [ -120.743190625295924, 37.643241120646188 ], [ -120.743370288806616, 37.643241121031011 ], [ -120.743010962735795, 37.643330952220346 ], [ -120.7430109620433, 37.643690278335384 ], [ -120.743370288442179, 37.643690278104927 ], [ -120.743909277282413, 37.644319098806619 ], [ -120.743909277507115, 37.64485808800098 ], [ -120.744448267093091, 37.64512758328349 ], [ -120.744268603825148, 37.645486908712414 ], [ -120.743819445699273, 37.645486908986683 ], [ -120.743909278077965, 37.64575640373365 ], [ -120.74381944637625, 37.646025897789478 ], [ -120.743549951321427, 37.646115729836261 ], [ -120.743549951438595, 37.646654719184475 ], [ -120.74337028793876, 37.646924213712254 ], [ -120.742292310160437, 37.647463202368868 ] ] ] } },
{ "type": "Feature", "properties": { "csb_id": "061825015445024", "acres": 6.3483592916019402, "geoid": "06099" }, "geometry": { "type": "Polygon", "coordinates": [ [ [ -120.874883646882239, 37.642073311804069 ], [ -120.872817520850546, 37.642073311015395 ], [ -120.872817520654309, 37.641264826843688 ], [ -120.872458194242242, 37.640636006395312 ], [ -120.873176847337859, 37.640636006399561 ], [ -120.873176846645535, 37.640995333098871 ], [ -120.874973477803977, 37.640995332881957 ], [ -120.874883646882239, 37.642073311804069 ] ] ] } },
{ "type": "Feature", "properties": { "csb_id": "061825015445029", "acres": 7.6766535927865398, "geoid": "06099" }, "geometry": { "type": "Polygon", "coordinates": [ [ [ -120.872009036910285, 37.642163142550963 ], [ -120.870661564590648, 37.642073312122811 ], [ -120.870661563653684, 37.641534321826768 ], [ -120.871110722188448, 37.641534322738323 ], [ -120.871110721744472, 37.641264827215856 ], [ -120.870481901450802, 37.641264827086076 ], [ -120.870481901283384, 37.640636007215825 ], [ -120.87129038492867, 37.640276680458705 ], [ -120.872188700174419, 37.640276680576953 ], [ -120.872817520654309, 37.641264826843688 ], [ -120.872278531616018, 37.641534323110122 ], [ -120.872278531798088, 37.641893647709757 ], [ -120.872009036910285, 37.642163142550963 ] ] ] } },
{ "type": "Feature", "properties": { "csb_id": "061825015445047", "acres": 50.053225132292297, "geoid": "06099" }, "geometry": { "type": "Polygon", "coordinates": [ [ [ -120.610958615806425, 37.645127582906525 ], [ -120.610958615105559, 37.644768256916244 ], [ -120.610150131454503, 37.644229267570402 ], [ -120.609611143073067, 37.64333095215445 ], [ -120.610060300263683, 37.642971627480073 ], [ -120.610060300776141, 37.642702132378162 ], [ -120.60916198517215, 37.642073311247444 ], [ -120.609161984670266, 37.641174996050516 ], [ -120.609251816848825, 37.640546174974759 ], [ -120.609790805277356, 37.639737691105537 ], [ -120.610509458355622, 37.639378364644642 ], [ -120.611138278130781, 37.639378365141042 ], [ -120.61131794149199, 37.639108871015573 ], [ -120.61158743634202, 37.639108870685391 ], [ -120.611587436403539, 37.639647859748891 ], [ -120.612216256612285, 37.639647859680487 ], [ -120.612755245852156, 37.640007185611324 ], [ -120.613114571579118, 37.640007185545208 ], [ -120.613384067184711, 37.640276680364124 ], [ -120.613204403958989, 37.6409055016316 ], [ -120.613833224755851, 37.640995332263763 ], [ -120.614102718826103, 37.641264827024152 ], [ -120.614102718743567, 37.642432637072794 ], [ -120.613982710312939, 37.643121111567027 ], [ -120.613524165597553, 37.644147222183413 ], [ -120.610958615806425, 37.645127582906525 ] ], [ [ -120.611587436240825, 37.644768256877747 ], [ -120.611856930590392, 37.64476825661459 ], [ -120.611856930685661, 37.644498762219889 ], [ -120.611587435917073, 37.64449876184905 ], [ -120.611587436240825, 37.644768256877747 ] ], [ [ -120.612485751110825, 37.6443190989012 ], [ -120.612575583668914, 37.64395977312325 ], [ -120.612036593854612, 37.643959773062114 ], [ -120.612036594412686, 37.644229267494204 ], [ -120.612485751110825, 37.6443190989012 ] ] ] } },
{ "type": "Feature", "properties": { "csb_id": "061825015445060", "acres": 4.2290719631828404, "geoid": "06099" }, "geometry": { "type": "Polygon", "coordinates": [ [ [ -120.773104524874697, 37.63919870197126 ], [ -120.773374019106157, 37.639198702246645 ], [ -120.773374018471998, 37.64036651172075 ], [ -120.772475703134674, 37.640366511645425 ], [ -120.772475704206158, 37.640097017527694 ], [ -120.771936714590836, 37.640097017752446 ], [ -120.771936714065276, 37.640366512272315 ], [ -120.771577387945385, 37.640366512304617 ], [ -120.771307893459124, 37.64009701698437 ], [ -120.771307893830027, 37.63946819672914 ], [ -120.773104523878828, 37.63946819661161 ], [ -120.773104524874697, 37.63919870197126 ] ] ] } },
{ "type": "Feature", "properties": { "csb_id": "061825015445118", "acres": 4.8054799806008504, "geoid": "06099" }, "geometry": { "type": "Polygon", "coordinates": [ [ [ -120.925728291084454, 37.637851229379422 ], [ -120.923841828638487, 37.637851228804351 ], [ -120.923841829673648, 37.63695291415717 ], [ -120.924201155114645, 37.636683420585534 ], [ -120.924740144677955, 37.636683419641258 ], [ -120.924740144162456, 37.636952913971577 ], [ -120.925368964777007, 37.636952913682414 ], [ -120.925368965215952, 37.63668341888944 ], [ -120.925728290568159, 37.636683418990742 ], [ -120.925728291084454, 37.637851229379422 ] ] ] } },
{ "type": "Feature", "properties": { "csb_id": "061825015445122", "acres": 3.3013373018353098, "geoid": "06099" }, "geometry": { "type": "Polygon", "coordinates": [ [ [ -121.135754404413234, 37.637402071975046 ], [ -121.134317100578059, 37.637581734256962 ], [ -121.13431709966234, 37.636413924883279 ], [ -121.134856088952105, 37.636413924751416 ], [ -121.135754404390383, 37.63695291405741 ], [ -121.135754404413234, 37.637402071975046 ] ] ] } },
{ "type": "Feature", "properties": { "csb_id": "061825015445140", "acres": 32.017509172133003, "geoid": "06099" }, "geometry": { "type": "Polygon", "coordinates": [ [ [ -120.614012887000058, 37.640905500851538 ], [ -120.613384067634215, 37.640905502274059 ], [ -120.613384067184711, 37.640276680364124 ], [ -120.613114571579118, 37.640007185545208 ], [ -120.612755245852156, 37.640007185611324 ], [ -120.612216256612285, 37.639647859680487 ], [ -120.612216256694566, 37.639108870565487 ], [ -120.61248575133834, 37.638839375819146 ], [ -120.613114571947449, 37.638480049967228 ], [ -120.614012887827357, 37.638480050249242 ], [ -120.614012887888265, 37.637941061044934 ], [ -120.614282381782047, 37.637581735019481 ], [ -120.615180697738694, 37.637581734579875 ], [ -120.615450191732847, 37.636952914261443 ], [ -120.615809518333592, 37.636952914084461 ], [ -120.615899349655621, 37.637312240214577 ], [ -120.616797665342489, 37.637312240157769 ], [ -120.617246822087537, 37.636683419127372 ], [ -120.617246822850262, 37.636413924596802 ], [ -120.617875643345343, 37.636413924669903 ], [ -120.618414631903406, 37.636683419073037 ], [ -120.618594295675067, 37.637491903326136 ], [ -120.618504463711943, 37.63848004996786 ], [ -120.616797665102752, 37.638839376161521 ], [ -120.614702152077626, 37.640238694908412 ], [ -120.614012887000058, 37.640905500851538 ] ] ] } },
{ "type": "Feature", "properties": { "csb_id": "061825015445150", "acres": 5.0985127214945098, "geoid": "06099" }, "geometry": { "type": "Polygon", "coordinates": [ [ [ -120.621828230393589, 37.637851228900992 ], [ -120.62182823004693, 37.637581734930642 ], [ -120.621468904782247, 37.637581734411839 ], [ -120.620929915268079, 37.637312239980083 ], [ -120.62003159986304, 37.63731223998176 ], [ -120.620031600493576, 37.636683419453526 ], [ -120.622726545841516, 37.636683419033432 ], [ -120.62254688262631, 37.637312239610679 ], [ -120.622097725265348, 37.637851229298725 ], [ -120.621828230393589, 37.637851228900992 ] ] ] } },
{ "type": "Feature", "properties": { "csb_id": "061825015445151", "acres": 3.3208844712209999, "geoid": "06099" }, "geometry": { "type": "Polygon", "coordinates": [ [ [ -121.133059459064469, 37.637312240117332 ], [ -121.13323912148897, 37.636683419094005 ], [ -121.133957773867934, 37.636413924794887 ], [ -121.133957773569165, 37.636054598422994 ], [ -121.134586595123935, 37.636054598788299 ], [ -121.134586594859357, 37.636413924998742 ], [ -121.13431709966234, 37.636413924883279 ], [ -121.134317100578059, 37.637581734256962 ], [ -121.133059459064469, 37.637312240117332 ] ] ] } },
{ "type": "Feature", "properties": { "csb_id": "061825015445166", "acres": 8.3218047433615805, "geoid": "06099" }, "geometry": { "type": "Polygon", "coordinates": [ [ [ -120.526516979169628, 37.636952913846734 ], [ -120.526786472956545, 37.635874935749754 ], [ -120.527235630913779, 37.635874935109825 ], [ -120.527235630703984, 37.635515609731179 ], [ -120.526966136338856, 37.635515609760333 ], [ -120.526966136243331, 37.635246114739779 ], [ -120.527145799085318, 37.635156283244633 ], [ -120.528044115262631, 37.635156283195215 ], [ -120.528313609102355, 37.63551560992093 ], [ -120.528313609821538, 37.635874935347829 ], [ -120.529032261810841, 37.636144431184483 ], [ -120.529032262584934, 37.636683420362935 ], [ -120.528313609550466, 37.636683420593158 ], [ -120.528313609149862, 37.637312240218968 ], [ -120.526516979169628, 37.636952913846734 ] ], [ [ -120.52696613644386, 37.636144429887722 ], [ -120.526786473504998, 37.63614443049854 ], [ -120.526786473761433, 37.636413924365655 ], [ -120.5269661365394, 37.636413924845279 ], [ -120.52696613644386, 37.636144429887722 ] ] ] } },
{ "type": "Feature", "properties": { "csb_id": "061825015445172", "acres": 10.8710312989174, "geoid": "06099" }, "geometry": { "type": "Polygon", "coordinates": [ [ [ -120.927524920688384, 37.63785122948596 ], [ -120.927524921386535, 37.636413924868968 ], [ -120.928962226326902, 37.635515609160144 ], [ -120.929141888804551, 37.634886788491741 ], [ -120.929591046724866, 37.634886789098978 ], [ -120.929591046277551, 37.637671566271457 ], [ -120.928962225723353, 37.637851228877139 ], [ -120.927524920688384, 37.63785122948596 ] ] ] } },
{ "type": "Feature", "properties": { "csb_id": "061825015445174", "acres": 3.56508393773708, "geoid": "06099" }, "geometry": { "type": "Polygon", "coordinates": [ [ [ -120.735375282383259, 37.636683419593268 ], [ -120.735375282675719, 37.636952914250053 ], [ -120.735734608992814, 37.636952914069781 ], [ -120.735734608499342, 37.636683419183377 ], [ -120.735375282383259, 37.636683419593268 ], [ -120.735375282069356, 37.636054598577566 ], [ -120.736093934615297, 37.636054598136639 ], [ -120.736632923745404, 37.63578510419979 ], [ -120.737261744949109, 37.635785103612598 ], [ -120.737261744683224, 37.636144430090489 ], [ -120.736902418308034, 37.636144430060241 ], [ -120.736902418331198, 37.636413925040706 ], [ -120.736453260202666, 37.636413924360859 ], [ -120.735824440071852, 37.637042744951891 ], [ -120.7349261247968, 37.637312240405883 ], [ -120.734836293641749, 37.636952913826924 ], [ -120.73510578745875, 37.636952914020227 ], [ -120.735105788146157, 37.636683419363457 ], [ -120.735375282383259, 37.636683419593268 ] ] ] } },
{ "type": "Feature", "properties": { "csb_id": "061825015445176", "acres": 3.2232306411224698, "geoid": "06099" }, "geometry": { "type": "Polygon", "coordinates": [ [ [ -120.625960480474475, 37.636683419191456 ], [ -120.62506216569399, 37.636773250522666 ], [ -120.624792671539467, 37.636413924878291 ], [ -120.623894355950412, 37.636413924261738 ], [ -120.623894355544294, 37.636054598285831 ], [ -120.624792671494831, 37.6360545988504 ], [ -120.624792670908462, 37.635785104421792 ], [ -120.625421492036551, 37.63578510401144 ], [ -120.625960480474731, 37.636054598446279 ], [ -120.625960480474475, 37.636683419191456 ] ] ] } },
{ "type": "Feature", "properties": { "csb_id": "061825015445188", "acres": 7.6575678924087303, "geoid": "06099" }, "geometry": { "type": "Polygon", "coordinates": [ [ [ -121.15183424871897, 37.637581736229144 ], [ -121.149947786102629, 37.637402071155435 ], [ -121.149947786225596, 37.636413924322952 ], [ -121.150217280344663, 37.636413924299347 ], [ -121.150217280541938, 37.635785104796177 ], [ -121.150846101935201, 37.635785105849308 ], [ -121.150846101760607, 37.636054598455964 ], [ -121.152013911044534, 37.636054599038808 ], [ -121.152013911113571, 37.637402071624422 ], [ -121.15183424871897, 37.637581736229144 ] ] ] } },
{ "type": "Feature", "properties": { "csb_id": "061825015445219", "acres": 22.1623066156424, "geoid": "06099" }, "geometry": { "type": "Polygon", "coordinates": [ [ [ -120.92752492051109, 37.637581735091175 ], [ -120.925728291321832, 37.637581734417886 ], [ -120.925728290568159, 37.636683418990742 ], [ -120.925368965215952, 37.63668341888944 ], [ -120.925368964777007, 37.636952913682414 ], [ -120.924740144162456, 37.636952913971577 ], [ -120.924740143791936, 37.636413924661682 ], [ -120.924740143961571, 37.63578510373268 ], [ -120.925368965502557, 37.635785103946702 ], [ -120.925997785277787, 37.635515609719064 ], [ -120.925997785611742, 37.634886789146314 ], [ -120.925728290759039, 37.634886788999488 ], [ -120.925728291740441, 37.634527462887725 ], [ -120.926267279937804, 37.634527462353994 ], [ -120.926267280401021, 37.633988472975851 ], [ -120.928692731428114, 37.63452746274244 ], [ -120.928692731774234, 37.634886788814001 ], [ -120.929141888804551, 37.634886788491741 ], [ -120.928962226326902, 37.635515609160144 ], [ -120.927524921386535, 37.636413924868968 ], [ -120.92752492051109, 37.637581735091175 ] ] ] } },
{ "type": "Feature", "properties": { "csb_id": "061825015445224", "acres": 3.7995587435239502, "geoid": "06099" }, "geometry": { "type": "Polygon", "coordinates": [ [ [ -120.643836954514441, 37.635874935915247 ], [ -120.642848807852943, 37.635515609151732 ], [ -120.64284880796815, 37.635156283364907 ], [ -120.643118302759717, 37.635156283262369 ], [ -120.643118302972027, 37.634886788671345 ], [ -120.644914932919477, 37.63497662070894 ], [ -120.644914933621891, 37.635515609560095 ], [ -120.643836954514441, 37.635874935915247 ] ] ] } },
{ "type": "Feature", "properties": { "csb_id": "061825015445233", "acres": 12.013746626203201, "geoid": "06099" }, "geometry": { "type": "Polygon", "coordinates": [ [ [ -120.844251094827911, 37.638659713139432 ], [ -120.844251095171686, 37.63785122946728 ], [ -120.844520589679519, 37.637851229240681 ], [ -120.844610420665987, 37.637671566015925 ], [ -120.844610420750669, 37.637042745150673 ], [ -120.844969746854687, 37.636773250724971 ], [ -120.845239241645615, 37.636773250802918 ], [ -120.845239241242879, 37.637042745648586 ], [ -120.845868062622159, 37.6370427454873 ], [ -120.845868062092151, 37.636144429909216 ], [ -120.845239241407427, 37.636144430592338 ], [ -120.845239242048294, 37.636503755938321 ], [ -120.84434092598255, 37.636503756217294 ], [ -120.844340926143275, 37.635874935622567 ], [ -120.844969746674309, 37.635874935435652 ], [ -120.84496974732167, 37.635246114446971 ], [ -120.845239241276317, 37.63524611446438 ], [ -120.845239241810162, 37.635874935683724 ], [ -120.845508735840824, 37.635874935566342 ], [ -120.845508736103795, 37.635515609700391 ], [ -120.846496882780201, 37.635515609856121 ], [ -120.846496882678252, 37.637042745127893 ], [ -120.846137557131541, 37.637312240189736 ], [ -120.846317220089887, 37.637581734757603 ], [ -120.846317219946428, 37.638480049429823 ], [ -120.844251094827911, 37.638659713139432 ] ] ] } },
{ "type": "Feature", "properties": { "csb_id": "061825015445243", "acres": 3.52606863875693, "geoid": "06099" }, "geometry": { "type": "Polygon", "coordinates": [ [ [ -120.92447064923897, 37.635785103788592 ], [ -120.92447064852449, 37.63551560983916 ], [ -120.924201153676847, 37.635515609530351 ], [ -120.924201153999562, 37.634886789379877 ], [ -120.925997785611742, 37.634886789146314 ], [ -120.925997785277787, 37.635515609719064 ], [ -120.925368965502557, 37.635785103946702 ], [ -120.92447064923897, 37.635785103788592 ] ] ] } },
{ "type": "Feature", "properties": { "csb_id": "061825015445244", "acres": 3.9949473881837498, "geoid": "06099" }, "geometry": { "type": "Polygon", "coordinates": [ [ [ -120.923662165976296, 37.635515609478439 ], [ -120.92357233447315, 37.634257968015675 ], [ -120.923841828630955, 37.633629147404037 ], [ -120.924470649501146, 37.633718979053519 ], [ -120.924470650215554, 37.633988473128973 ], [ -120.924740144523483, 37.63398847363986 ], [ -120.924740144646663, 37.634886788244764 ], [ -120.924201153999562, 37.634886789379877 ], [ -120.924201153676847, 37.635515609530351 ], [ -120.923662165976296, 37.635515609478439 ] ] ] } },
{ "type": "Feature", "properties": { "csb_id": "061825015445255", "acres": 8.0287733944347401, "geoid": "06099" }, "geometry": { "type": "Polygon", "coordinates": [ [ [ -121.153810542382431, 37.637581734755187 ], [ -121.15183424871897, 37.637581736229144 ], [ -121.152013911113571, 37.637402071624422 ], [ -121.152013911044534, 37.636054599038808 ], [ -121.151744417034962, 37.636054599591226 ], [ -121.151744416657436, 37.635785104561982 ], [ -121.152912226597024, 37.635785103819124 ], [ -121.15291222728797, 37.635515610420924 ], [ -121.152283405694121, 37.635515609462779 ], [ -121.152283406122621, 37.634886789756614 ], [ -121.153541047267808, 37.634886789377312 ], [ -121.153541046345296, 37.636054598895463 ], [ -121.153271552358433, 37.636413925005407 ], [ -121.152912224878207, 37.636413924778971 ], [ -121.152912226602524, 37.636952913547411 ], [ -121.153271550991022, 37.637312239854019 ], [ -121.153810540612028, 37.637312240388134 ], [ -121.153810542382431, 37.637581734755187 ] ] ] } },
{ "type": "Feature", "properties": { "csb_id": "061825015445262", "acres": 3.1060950764939701, "geoid": "06099" }, "geometry": { "type": "Polygon", "coordinates": [ [ [ -120.528942430165586, 37.635156283245095 ], [ -120.528583103271856, 37.634886788489723 ], [ -120.528583103750435, 37.634527463377644 ], [ -120.528942428549797, 37.634527462583527 ], [ -120.528942430215892, 37.634078305247307 ], [ -120.530110238616899, 37.634078305310723 ], [ -120.53011023890295, 37.634617294647711 ], [ -120.529930576515596, 37.634617294083249 ], [ -120.529930576558442, 37.634886788609492 ], [ -120.529661082881347, 37.63497662113911 ], [ -120.529661081498602, 37.635156283067538 ], [ -120.528942430165586, 37.635156283245095 ] ], [ [ -120.529481419613191, 37.6342579680772 ], [ -120.529211924458309, 37.634257967717751 ], [ -120.529211924392484, 37.634527462676402 ], [ -120.529481418022968, 37.634527462628633 ], [ -120.529481419613191, 37.6342579680772 ] ] ] } },
{ "type": "Feature", "properties": { "csb_id": "061825015445274", "acres": 3.9656620020239801, "geoid": "06099" }, "geometry": { "type": "Polygon", "coordinates": [ [ [ -120.924740144646663, 37.634886788244764 ], [ -120.924740144523483, 37.63398847363986 ], [ -120.924470650215554, 37.633988473128973 ], [ -120.924470649501146, 37.633718979053519 ], [ -120.924740144152992, 37.633449483914276 ], [ -120.925099469889261, 37.6334494843546 ], [ -120.925368964970872, 37.633988473662974 ], [ -120.925997785203236, 37.633988473257368 ], [ -120.925997785983029, 37.633629146830245 ], [ -120.926267280171018, 37.63362914741046 ], [ -120.926267279937804, 37.634527462353994 ], [ -120.925728291740441, 37.634527462887725 ], [ -120.925728290759039, 37.634886788999488 ], [ -120.924740144646663, 37.634886788244764 ] ] ] } },
{ "type": "Feature", "properties": { "csb_id": "061825015445281", "acres": 18.480208859828501, "geoid": "06099" }, "geometry": { "type": "Polygon", "coordinates": [ [ [ -121.155337676406916, 37.635515609994016 ], [ -121.1553376768112, 37.635156283673552 ], [ -121.155068181970861, 37.63515628319886 ], [ -121.15470885722695, 37.635246114372819 ], [ -121.154708855339123, 37.635515609423869 ], [ -121.153541045868508, 37.635515609695275 ], [ -121.153541047267808, 37.634886789377312 ], [ -121.152283406122621, 37.634886789756614 ], [ -121.152283405694121, 37.635515609462779 ], [ -121.15291222728797, 37.635515610420924 ], [ -121.152912226597024, 37.635785103819124 ], [ -121.151744416657436, 37.635785104561982 ], [ -121.151744417034962, 37.636054599591226 ], [ -121.150846101760607, 37.636054598455964 ], [ -121.150846101935201, 37.635785105849308 ], [ -121.149947785902356, 37.635785103564203 ], [ -121.149947785889736, 37.63425796776874 ], [ -121.150217280497742, 37.634257967833832 ], [ -121.150217281255976, 37.633988473612142 ], [ -121.150486774884143, 37.633988473081168 ], [ -121.151115595482381, 37.633988473387518 ], [ -121.15111559578196, 37.634257968076049 ], [ -121.15596649884921, 37.63425796835002 ], [ -121.155966497936745, 37.635156283115194 ], [ -121.155607173054975, 37.635156284179978 ], [ -121.155607171150251, 37.635515609244969 ], [ -121.155337676406916, 37.635515609994016 ] ] ] } },
{ "type": "Feature", "properties": { "csb_id": "061825015445307", "acres": 11.135086982839701, "geoid": "06099" }, "geometry": { "type": "Polygon", "coordinates": [ [ [ -121.037209218494525, 37.635246114945339 ], [ -121.035412587383803, 37.634976619175077 ], [ -121.035412586866613, 37.634527462628199 ], [ -121.034783766025996, 37.634527462306565 ], [ -121.034783766629559, 37.633988473606763 ], [ -121.034334608603103, 37.633988473853044 ], [ -121.034334608563398, 37.633449484051539 ], [ -121.035412587445521, 37.63362914718919 ], [ -121.035682082260806, 37.633988473780526 ], [ -121.036310902227399, 37.633988473308769 ], [ -121.036310902718412, 37.63362914743108 ], [ -121.037209217867598, 37.633629147545037 ], [ -121.037658375303195, 37.63398847368245 ], [ -121.038197364561086, 37.633988473165466 ], [ -121.03837702740104, 37.634347799746855 ], [ -121.038377028539898, 37.634886789829871 ], [ -121.037209218494525, 37.635246114945339 ] ] ] } },
{ "type": "Feature", "properties": { "csb_id": "061825015445336", "acres": 14.495118185112499, "geoid": "06099" }, "geometry": { "type": "Polygon", "coordinates": [ [ [ -120.840029013218341, 37.636054598752843 ], [ -120.839849350378941, 37.635785104019178 ], [ -120.839759518628114, 37.63461729368376 ], [ -120.840029013051449, 37.634347799816624 ], [ -120.840747664929353, 37.634347799413867 ], [ -120.840657833305983, 37.633629147552895 ], [ -120.840927328405186, 37.633090159232481 ], [ -120.842095138185869, 37.63309015778237 ], [ -120.843173116315441, 37.634078305088458 ], [ -120.84299345345697, 37.634527462136646 ], [ -120.842454463784051, 37.634527462266412 ], [ -120.842095138802279, 37.634886789638045 ], [ -120.842095138158214, 37.635515609290543 ], [ -120.841196822890851, 37.635515609042372 ], [ -120.840747664871543, 37.635874935361102 ], [ -120.840747665285832, 37.636054598992295 ], [ -120.840029013218341, 37.636054598752843 ] ] ] } },
{ "type": "Feature", "properties": { "csb_id": "061825015445355", "acres": 8.8300526875693794, "geoid": "06099" }, "geometry": { "type": "Polygon", "coordinates": [ [ [ -121.037658375303195, 37.63398847368245 ], [ -121.037209217867598, 37.633629147545037 ], [ -121.036310902718412, 37.63362914743108 ], [ -121.036310902227399, 37.633988473308769 ], [ -121.035682082260806, 37.633988473780526 ], [ -121.035412587445521, 37.63362914718919 ], [ -121.034604103968704, 37.633449483935891 ], [ -121.034604103266958, 37.633179989868296 ], [ -121.034783766068671, 37.632730831886647 ], [ -121.035412586919918, 37.632730831772214 ], [ -121.035412587117804, 37.633359652437143 ], [ -121.035682081985669, 37.633359652753981 ], [ -121.035682081710533, 37.632730831624386 ], [ -121.03810753301623, 37.632730832499838 ], [ -121.038377027478433, 37.633090158122641 ], [ -121.038377027307931, 37.633988473766877 ], [ -121.037658375303195, 37.63398847368245 ] ] ] } },
{ "type": "Feature", "properties": { "csb_id": "061825015445388", "acres": 4.0732360321767898, "geoid": "06099" }, "geometry": { "type": "Polygon", "coordinates": [ [ [ -120.640692851551705, 37.632461337946964 ], [ -120.640513188495675, 37.631832516242589 ], [ -120.641052176769392, 37.631832516428027 ], [ -120.641321672561986, 37.63156302323965 ], [ -120.641321671792113, 37.631293527181526 ], [ -120.641052177256782, 37.631293528009273 ], [ -120.641052177760045, 37.631024032794642 ], [ -120.64159116715004, 37.631024033764064 ], [ -120.641591166914068, 37.631293527482605 ], [ -120.642219987879869, 37.63129352760928 ], [ -120.642579314056533, 37.63156302221973 ], [ -120.642579314096054, 37.631832516586698 ], [ -120.64195049293366, 37.63219184258233 ], [ -120.641591166119795, 37.632191844357919 ], [ -120.641591166989556, 37.632461337765555 ], [ -120.640692851551705, 37.632461337946964 ] ] ] } },
{ "type": "Feature", "properties": { "csb_id": "061825015445417", "acres": 49.610687708438597, "geoid": "06099" }, "geometry": { "type": "Polygon", "coordinates": [ [ [ -121.039005848429738, 37.63398847300617 ], [ -121.038826184882865, 37.633718978865971 ], [ -121.038826185682908, 37.633988473331975 ], [ -121.038377027307931, 37.633988473766877 ], [ -121.038377027478433, 37.633090158122641 ], [ -121.03810753301623, 37.632730832499838 ], [ -121.035682081710533, 37.632730831624386 ], [ -121.035682081985669, 37.633359652753981 ], [ -121.035412587117804, 37.633359652437143 ], [ -121.035412586919918, 37.632730831772214 ], [ -121.034783766068671, 37.632730831886647 ], [ -121.034604103968704, 37.633449483935891 ], [ -121.034334608563398, 37.633449484051539 ], [ -121.034334608603103, 37.633988473853044 ], [ -121.034783766629559, 37.633988473606763 ], [ -121.034783767352977, 37.634886790781202 ], [ -121.031280336722546, 37.634976619992408 ], [ -121.030921010950607, 37.634886789938619 ], [ -121.030921010986233, 37.633988473209889 ], [ -121.031190505194829, 37.633629147817267 ], [ -121.031190505542526, 37.633090158071973 ], [ -121.030741348295024, 37.632730832343107 ], [ -121.030741348296189, 37.632461337334526 ], [ -121.031190505516264, 37.631563022263883 ], [ -121.039455006283035, 37.631473190816706 ], [ -121.03963466929288, 37.631563022187649 ], [ -121.03972450029724, 37.63309015814179 ], [ -121.039904163678344, 37.633629146887024 ], [ -121.039634668832235, 37.633988473772327 ], [ -121.039005848429738, 37.63398847300617 ] ] ] } },
{ "type": "Feature", "properties": { "csb_id": "061825015445437", "acres": 3.0769428390267701, "geoid": "06099" }, "geometry": { "type": "Polygon", "coordinates": [ [ [ -120.860420769310252, 37.631383359538113 ], [ -120.859342791621415, 37.630934201179329 ], [ -120.859522454825054, 37.630395212481055 ], [ -120.860780095858246, 37.630485043926321 ], [ -120.860780095970739, 37.630664706924414 ], [ -120.861139421812254, 37.630934201794915 ], [ -120.861139422378216, 37.631293527109207 ], [ -120.860420769310252, 37.631383359538113 ] ] ] } },
{ "type": "Feature", "properties": { "csb_id": "061825015445440", "acres": 20.2294510563591, "geoid": "06099" }, "geometry": { "type": "Polygon", "coordinates": [ [ [ -120.840747665422583, 37.634257967875108 ], [ -120.840029013051449, 37.634347799816624 ], [ -120.84002901332218, 37.633179990521676 ], [ -120.839400192202206, 37.63282066315054 ], [ -120.839130698163927, 37.632191842905357 ], [ -120.838501876485267, 37.632191842807899 ], [ -120.838501876810213, 37.631563022571953 ], [ -120.838951035166517, 37.631383359287305 ], [ -120.83922052950679, 37.631383359445955 ], [ -120.839220529239242, 37.631563021733811 ], [ -120.839759518712285, 37.631563022217385 ], [ -120.839579854896414, 37.631024033036795 ], [ -120.839220529584352, 37.630934201965609 ], [ -120.839220529366315, 37.630485043570495 ], [ -120.840029013203505, 37.630485043797201 ], [ -120.840298508505299, 37.630125718719995 ], [ -120.84065783409423, 37.630125718212661 ], [ -120.840927328370512, 37.629137570774212 ], [ -120.841196823245653, 37.629137571211722 ], [ -120.84155614902879, 37.62922740247005 ], [ -120.841645978938985, 37.631024032892256 ], [ -120.841017160165904, 37.631652853472936 ], [ -120.841017159666052, 37.631922348265988 ], [ -120.841645980986911, 37.631922347910731 ], [ -120.841645980439068, 37.632551169081154 ], [ -120.841915475238082, 37.632820663070788 ], [ -120.84191547468896, 37.633090158473443 ], [ -120.840927328405186, 37.633090159232481 ], [ -120.840657833305983, 37.633629147552895 ], [ -120.840747665422583, 37.634257967875108 ] ] ] } },
{ "type": "Feature", "properties": { "csb_id": "061825015445451", "acres": 12.6983015749454, "geoid": "06099" }, "geometry": { "type": "Polygon", "coordinates": [ [ [ -120.731782020924385, 37.633629147297086 ], [ -120.731602358685294, 37.633359652457699 ], [ -120.731602357914682, 37.632551168813173 ], [ -120.731332863886053, 37.632551168855912 ], [ -120.731332864024878, 37.633179989822068 ], [ -120.73070404302301, 37.633179989290781 ], [ -120.730704042728846, 37.632281674272569 ], [ -120.730165053386813, 37.632281674155408 ], [ -120.729985390095706, 37.631832516447375 ], [ -120.72944640177441, 37.631563022094248 ], [ -120.729446401279887, 37.630934201490078 ], [ -120.72998539047849, 37.630934201857933 ], [ -120.729985391268599, 37.631293527707825 ], [ -120.730883706137845, 37.631293527408239 ], [ -120.730883705709132, 37.630934201502335 ], [ -120.732410842264557, 37.63093420116433 ], [ -120.732680336751386, 37.631563021979083 ], [ -120.732680336383837, 37.632191842816695 ], [ -120.732410841673101, 37.632191842886677 ], [ -120.732500674039443, 37.63309015807782 ], [ -120.732141347566369, 37.633629146912284 ], [ -120.731782020924385, 37.633629147297086 ] ] ] } },
{ "type": "Feature", "properties": { "csb_id": "061825015445459", "acres": 11.6140242658952, "geoid": "06099" }, "geometry": { "type": "Polygon", "coordinates": [ [ [ -120.926267280930844, 37.633090158767828 ], [ -120.925997785091326, 37.633090158019947 ], [ -120.925997785537163, 37.633359652434606 ], [ -120.925368964818531, 37.633359653135166 ], [ -120.924740144103737, 37.633090157963018 ], [ -120.924201154608681, 37.63246133741665 ], [ -120.924201155227948, 37.631832517627352 ], [ -120.923841828958402, 37.631563022392868 ], [ -120.923841829128776, 37.631293527516426 ], [ -120.925368965022415, 37.631293527406058 ], [ -120.925368965535966, 37.630934201420224 ], [ -120.926267280062433, 37.630934202409996 ], [ -120.926896100812471, 37.63129352850126 ], [ -120.926896100616574, 37.631563022012806 ], [ -120.926267280316623, 37.631563022138685 ], [ -120.926267280059221, 37.632191843719013 ], [ -120.926446944083409, 37.632191843710956 ], [ -120.926446943240208, 37.6316528540045 ], [ -120.926896101584447, 37.631652853886635 ], [ -120.926896100781832, 37.632461337105113 ], [ -120.926626605827067, 37.632461337117704 ], [ -120.926626606349501, 37.632730832039229 ], [ -120.927165596174305, 37.633090158455694 ], [ -120.927165596125732, 37.633629147393393 ], [ -120.926626606859855, 37.633629147025445 ], [ -120.926267279850194, 37.633359652783398 ], [ -120.926267280930844, 37.633090158767828 ] ], [ [ -120.925099471022946, 37.63273083235471 ], [ -120.925099470231999, 37.632461337728216 ], [ -120.925728291150349, 37.632281674180319 ], [ -120.925997785313385, 37.631563021454518 ], [ -120.92536896458347, 37.63156302257741 ], [ -120.924740144277166, 37.63219184379917 ], [ -120.924740144054468, 37.632730831978044 ], [ -120.925099471022946, 37.63273083235471 ] ] ] } },
{ "type": "Feature", "properties": { "csb_id": "061825015445463", "acres": 3.27231645328578, "geoid": "06099" }, "geometry": { "type": "Polygon", "coordinates": [ [ [ -120.632877508848097, 37.631293527258023 ], [ -120.632697845069444, 37.629766391358373 ], [ -120.633506329128892, 37.629766391905413 ], [ -120.633506329327275, 37.630485044091692 ], [ -120.633775823558068, 37.631024032280493 ], [ -120.633775824317865, 37.631563023380693 ], [ -120.63350632936519, 37.631563023094571 ], [ -120.633506329592024, 37.631383360054159 ], [ -120.633236835326329, 37.631293528194121 ], [ -120.632877508848097, 37.631293527258023 ] ] ] } },
{ "type": "Feature", "properties": { "csb_id": "061825015445488", "acres": 2.6569041329197001, "geoid": "06099" }, "geometry": { "type": "Polygon", "coordinates": [ [ [ -120.844969747070607, 37.63048504359687 ], [ -120.845239241474374, 37.630485043602739 ], [ -120.845508736455258, 37.630754538299875 ], [ -120.845508735931517, 37.631922347928779 ], [ -120.844969747209873, 37.631922348161432 ], [ -120.8449697469553, 37.63138335928614 ], [ -120.844340926504003, 37.631383359095253 ], [ -120.844340926606904, 37.631024033099656 ], [ -120.844610420647513, 37.630754538426658 ], [ -120.844969746793197, 37.630754538653548 ], [ -120.844969747070607, 37.63048504359687 ] ] ] } },
{ "type": "Feature", "properties": { "csb_id": "061825015445491", "acres": 3.9365761163426698, "geoid": "06099" }, "geometry": { "type": "Polygon", "coordinates": [ [ [ -120.984028953491958, 37.630664706549894 ], [ -120.984298447416109, 37.629766391423715 ], [ -120.984567942109805, 37.629766391199787 ], [ -120.98456794239263, 37.630035886179485 ], [ -120.984388279591499, 37.630125717818828 ], [ -120.985286594124858, 37.630125717703493 ], [ -120.985196763415345, 37.629766391672923 ], [ -120.98564592016929, 37.629227402876623 ], [ -120.985196763000559, 37.629137571272409 ], [ -120.98618491022512, 37.629227402300671 ], [ -120.985915414895842, 37.630035886589482 ], [ -120.985645920269334, 37.630125718135794 ], [ -120.98564592029247, 37.630485043444644 ], [ -120.985286594902945, 37.630664706797582 ], [ -120.984028953491958, 37.630664706549894 ] ] ] } },
{ "type": "Feature", "properties": { "csb_id": "061825015445493", "acres": 43.544074778100303, "geoid": "06099" }, "geometry": { "type": "Polygon", "coordinates": [ [ [ -120.830417039470078, 37.638659714005982 ], [ -120.829518724264815, 37.638210555706443 ], [ -120.829518724632337, 37.630395212758096 ], [ -120.829249229335645, 37.630395212408722 ], [ -120.829249229055634, 37.630035885960794 ], [ -120.831405186123817, 37.630125718636819 ], [ -120.831405185899982, 37.630395212654932 ], [ -120.831584849482383, 37.630395212227157 ], [ -120.831584849796045, 37.63219184491075 ], [ -120.83176451267515, 37.633359653511668 ], [ -120.831405186527775, 37.634976620990898 ], [ -120.831764512616843, 37.634976621032457 ], [ -120.831764512842142, 37.637042746274219 ], [ -120.83194417588301, 37.637042745095656 ], [ -120.831944175999595, 37.637312240813017 ], [ -120.831584848829891, 37.637312240088697 ], [ -120.83158484917459, 37.637851229051279 ], [ -120.831405186384373, 37.637851229238969 ], [ -120.831315354520015, 37.638659713052306 ], [ -120.830417039470078, 37.638659714005982 ] ] ] } },
{ "type": "Feature", "properties": { "csb_id": "061825015445507", "acres": 5.1966701947570897, "geoid": "06099" }, "geometry": { "type": "Polygon", "coordinates": [ [ [ -120.861498748412188, 37.631024032613929 ], [ -120.861678411243744, 37.630934201353739 ], [ -120.86167841127201, 37.630664706611164 ], [ -120.861139421933842, 37.630754538578749 ], [ -120.861139421812254, 37.630934201794915 ], [ -120.860780095970739, 37.630664706924414 ], [ -120.860869927928476, 37.630485043295828 ], [ -120.859522454825054, 37.630395212481055 ], [ -120.859522454579746, 37.630035885881128 ], [ -120.859881780387539, 37.63003588580888 ], [ -120.859881780981567, 37.629586728716063 ], [ -120.860241106757755, 37.62949689712287 ], [ -120.861678411789072, 37.629496896989373 ], [ -120.861768243345821, 37.631024033304854 ], [ -120.861498748412188, 37.631024032613929 ] ], [ [ -120.861498748572387, 37.630125717501244 ], [ -120.861319085816106, 37.630125717668683 ], [ -120.86131908504295, 37.630485043520537 ], [ -120.861498748670144, 37.63048504335314 ], [ -120.861498748572387, 37.630125717501244 ] ] ] } },
{ "type": "Feature", "properties": { "csb_id": "061825015445513", "acres": 2.9304736518558401, "geoid": "06099" }, "geometry": { "type": "Polygon", "coordinates": [ [ [ -120.645813248211155, 37.630035886582945 ], [ -120.644645438741136, 37.630035887436811 ], [ -120.644465776471208, 37.629766392278881 ], [ -120.644375943985466, 37.62913757056112 ], [ -120.644645438331779, 37.629137570953191 ], [ -120.644645439107052, 37.628868076519488 ], [ -120.645364090611736, 37.628868076281641 ], [ -120.645364091484339, 37.629496896996159 ], [ -120.645543754155625, 37.629766391306035 ], [ -120.645813248057749, 37.629766391526275 ], [ -120.645813248211155, 37.630035886582945 ] ] ] } },
{ "type": "Feature", "properties": { "csb_id": "061825015445514", "acres": 17.572847160842901, "geoid": "06099" }, "geometry": { "type": "Polygon", "coordinates": [ [ [ -120.635931780919478, 37.631293527441485 ], [ -120.63620127457942, 37.630934201089417 ], [ -120.635931780446811, 37.630934201855816 ], [ -120.635931780701696, 37.630664706826011 ], [ -120.635662285738363, 37.630754538041309 ], [ -120.635662286020974, 37.630934201163683 ], [ -120.635931780446811, 37.630934201855816 ], [ -120.635931780919478, 37.631293527441485 ], [ -120.63503346541431, 37.631293527609699 ], [ -120.634584307090307, 37.630485043456169 ], [ -120.634584307397901, 37.628688413628332 ], [ -120.634224981486014, 37.628598581417421 ], [ -120.634404644733252, 37.628329086992657 ], [ -120.634584307342124, 37.628329087216294 ], [ -120.634584308017324, 37.627700266446311 ], [ -120.635033465039058, 37.627700266339552 ], [ -120.634853801954904, 37.628329087371945 ], [ -120.635302959469769, 37.628329086957883 ], [ -120.635302959916231, 37.628868076184396 ], [ -120.63620127520403, 37.628868076301941 ], [ -120.636201274530009, 37.629137570824717 ], [ -120.635931780814261, 37.629137571009828 ], [ -120.63575211746307, 37.629586728914013 ], [ -120.635752117867796, 37.630035886093218 ], [ -120.637458916792653, 37.63003588576457 ], [ -120.637458915817106, 37.630664706640808 ], [ -120.637099590786519, 37.630664706487018 ], [ -120.63709959037314, 37.631293527436128 ], [ -120.63656060134609, 37.631293527348319 ], [ -120.63620127530362, 37.631832516222069 ], [ -120.636201275164439, 37.632191843043309 ], [ -120.634135150414906, 37.632191843069286 ], [ -120.634135148344143, 37.632461337939127 ], [ -120.633775823651746, 37.632461337188857 ], [ -120.633236833137573, 37.632191842875613 ], [ -120.633236834672005, 37.631652854046251 ], [ -120.633775824317865, 37.631563023380693 ], [ -120.633775822858951, 37.63183251697491 ], [ -120.63503346530014, 37.631832517051855 ], [ -120.635033465210611, 37.631563021909017 ], [ -120.635931780664592, 37.631563022426938 ], [ -120.635931780919478, 37.631293527441485 ] ] ] } },
{ "type": "Feature", "properties": { "csb_id": "061825015445522", "acres": 6.32985008055216, "geoid": "06099" }, "geometry": { "type": "Polygon", "coordinates": [ [ [ -120.904617882033818, 37.630215549296686 ], [ -120.902551756926599, 37.628598581946243 ], [ -120.903180577817722, 37.628239255713659 ], [ -120.903719566650253, 37.628598581948005 ], [ -120.90479754501132, 37.628598582001871 ], [ -120.904797545460497, 37.629137570681671 ], [ -120.904977208028527, 37.629496897206486 ], [ -120.905246702792383, 37.629496896672137 ], [ -120.905246702087993, 37.630035886149763 ], [ -120.904977207837391, 37.630395212687212 ], [ -120.904617882033818, 37.630215549296686 ] ] ] } },
{ "type": "Feature", "properties": { "csb_id": "061825015445524", "acres": 3.0867722137432101, "geoid": "06099" }, "geometry": { "type": "Polygon", "coordinates": [ [ [ -120.654526906204595, 37.629766391350323 ], [ -120.654526906963312, 37.629137570870654 ], [ -120.654886232799583, 37.62859858134005 ], [ -120.655425221773243, 37.628598582165885 ], [ -120.65542522174924, 37.629137571266575 ], [ -120.655784548133127, 37.629137570950228 ], [ -120.655784548100229, 37.630035885925949 ], [ -120.655425222077781, 37.630035886189049 ], [ -120.655425222789361, 37.629766392028337 ], [ -120.654526906204595, 37.629766391350323 ] ] ] } },
{ "type": "Feature", "properties": { "csb_id": "061825015445525", "acres": 5.1967161901432304, "geoid": "06099" }, "geometry": { "type": "Polygon", "coordinates": [ [ [ -120.633506329194915, 37.63003588603128 ], [ -120.633506329128892, 37.629766391905413 ], [ -120.632697845069444, 37.629766391358373 ], [ -120.63260801358561, 37.628688413211613 ], [ -120.634224981837249, 37.628688413549774 ], [ -120.634224981372981, 37.62922740221574 ], [ -120.634584307334947, 37.629227402751724 ], [ -120.634584307765493, 37.629856223041344 ], [ -120.634224981259933, 37.629856222910384 ], [ -120.634135150050696, 37.630125717231799 ], [ -120.633506329194915, 37.63003588603128 ] ] ] } },
{ "type": "Feature", "properties": { "csb_id": "061825015445550", "acres": 11.262681107183701, "geoid": "06099" }, "geometry": { "type": "Polygon", "coordinates": [ [ [ -120.886292248809326, 37.631293527631925 ], [ -120.884585451220389, 37.631293527983097 ], [ -120.884315956596225, 37.631024033253695 ], [ -120.884315956342419, 37.629586728825252 ], [ -120.884765113949356, 37.629137571087696 ], [ -120.88665157640294, 37.629137571371579 ], [ -120.886651575795128, 37.629766391468848 ], [ -120.886471913037255, 37.630035886196758 ], [ -120.886292248809326, 37.631293527631925 ] ] ] } },
{ "type": "Feature", "properties": { "csb_id": "061825015445556", "acres": 5.4311607638536801, "geoid": "06099" }, "geometry": { "type": "Polygon", "coordinates": [ [ [ -120.655784548100229, 37.630035885925949 ], [ -120.655784548133127, 37.629137570950228 ], [ -120.656054042829453, 37.628598581840535 ], [ -120.656323537903205, 37.628598581693147 ], [ -120.656323537140665, 37.628868076622965 ], [ -120.657850673518126, 37.628868076016161 ], [ -120.658120168506343, 37.628239255488552 ], [ -120.658299831127508, 37.6285985819937 ], [ -120.658299830636551, 37.629137570902891 ], [ -120.657850673764656, 37.62949689663072 ], [ -120.657042190252398, 37.629496897496914 ], [ -120.656323536761874, 37.630035885929153 ], [ -120.655784548100229, 37.630035885925949 ] ] ] } },
{ "type": "Feature", "properties": { "csb_id": "061825015445559", "acres": 2.8425782502833501, "geoid": "06099" }, "geometry": { "type": "Polygon", "coordinates": [ [ [ -120.559305486588485, 37.629227402828015 ], [ -120.559574981290609, 37.628868076119417 ], [ -120.559844476029269, 37.628868076429114 ], [ -120.559844476285932, 37.628598582079299 ], [ -120.560922453889162, 37.628598581442176 ], [ -120.560922454648164, 37.629496896997757 ], [ -120.559664813543776, 37.629496897633622 ], [ -120.559664813055349, 37.629227402693616 ], [ -120.559305486588485, 37.629227402828015 ] ] ] } },
{ "type": "Feature", "properties": { "csb_id": "061825015445563", "acres": 10.432493397384, "geoid": "06099" }, "geometry": { "type": "Polygon", "coordinates": [ [ [ -120.758821311658139, 37.630485044661107 ], [ -120.758102658805313, 37.630125717829458 ], [ -120.757473837962607, 37.630125717683349 ], [ -120.757473838088785, 37.629856223307009 ], [ -120.757204343853076, 37.629856223556367 ], [ -120.757204343363682, 37.6291375709691 ], [ -120.757653499973884, 37.629137571257168 ], [ -120.757922995100643, 37.628868076373209 ], [ -120.757922995804549, 37.628598581448479 ], [ -120.757653501130534, 37.628598581886301 ], [ -120.757653501066542, 37.62823925546261 ], [ -120.758551816810964, 37.628239255670138 ], [ -120.75855181651356, 37.628598582151 ], [ -120.759180637222229, 37.62913757104743 ], [ -120.759450130613146, 37.629137571599642 ], [ -120.759450130480886, 37.628868076636664 ], [ -120.760078951117492, 37.628868076411827 ], [ -120.760348447306612, 37.629496897082973 ], [ -120.760078953125316, 37.629496896563644 ], [ -120.760078953246179, 37.630035886439018 ], [ -120.75945013228673, 37.630395211826368 ], [ -120.758821311658139, 37.630485044661107 ] ] ] } },
{ "type": "Feature", "properties": { "csb_id": "061825015445564", "acres": 5.64895711081624, "geoid": "06099" }, "geometry": { "type": "Polygon", "coordinates": [ [ [ -120.701418963469692, 37.629856223302376 ], [ -120.700969807446668, 37.630125717516286 ], [ -120.700700312820857, 37.629856223355247 ], [ -120.700700313027156, 37.629496897081843 ], [ -120.70052064882195, 37.629496897164231 ], [ -120.70079014438025, 37.628957908013561 ], [ -120.701868122725557, 37.628957907425963 ], [ -120.701868121636451, 37.628688413653734 ], [ -120.702137617144245, 37.628957907900983 ], [ -120.702946100912655, 37.629137570378738 ], [ -120.703395258052183, 37.628868076001361 ], [ -120.703395256761581, 37.629227402498962 ], [ -120.703664753042105, 37.629227402182899 ], [ -120.703664753057879, 37.629586728646714 ], [ -120.702496942729937, 37.62958672895541 ], [ -120.702496942788684, 37.629856223352213 ], [ -120.701418963469692, 37.629856223302376 ] ] ] } },
{ "type": "Feature", "properties": { "csb_id": "061825015445572", "acres": 17.709872461067899, "geoid": "06099" }, "geometry": { "type": "Polygon", "coordinates": [ [ [ -120.736453259929576, 37.630035886159007 ], [ -120.733309156791321, 37.630035885839142 ], [ -120.732680336454735, 37.630395212177085 ], [ -120.73241084245447, 37.630395212532832 ], [ -120.732141347750513, 37.630035886016465 ], [ -120.731782021873741, 37.630035886166695 ], [ -120.731512527160902, 37.629766391745079 ], [ -120.731782021558359, 37.629137570471542 ], [ -120.732410841940464, 37.629137570449195 ], [ -120.733309157714089, 37.628868076952934 ], [ -120.734207472675351, 37.628329086743342 ], [ -120.735734608947823, 37.628239255347147 ], [ -120.736273598043454, 37.627969762003616 ], [ -120.736273597873492, 37.628598581413058 ], [ -120.736722755511337, 37.628598581329548 ], [ -120.736902418044153, 37.628868076826372 ], [ -120.736632923560251, 37.629227402209182 ], [ -120.735824439643793, 37.629227402136081 ], [ -120.735824439064018, 37.629496896913956 ], [ -120.736632923708996, 37.629496897446273 ], [ -120.736632923416693, 37.629856222962559 ], [ -120.736453259929576, 37.630035886159007 ] ] ] } },
{ "type": "Feature", "properties": { "csb_id": "061825015445574", "acres": 3.34077122520659, "geoid": "06099" }, "geometry": { "type": "Polygon", "coordinates": [ [ [ -120.629913068460411, 37.629496897193157 ], [ -120.629643573263706, 37.628868076351587 ], [ -120.629643573113967, 37.62823925527865 ], [ -120.630362225233071, 37.628239255368982 ], [ -120.630541888506585, 37.628598581904171 ], [ -120.631080878108676, 37.62868841278496 ], [ -120.63081138370319, 37.629496897096971 ], [ -120.629913068460411, 37.629496897193157 ] ] ] } },
{ "type": "Feature", "properties": { "csb_id": "061825015445577", "acres": 3.12587432292429, "geoid": "06099" }, "geometry": { "type": "Polygon", "coordinates": [ [ [ -120.643747123778439, 37.628868075898403 ], [ -120.643836954608759, 37.627969761495848 ], [ -120.64536409084478, 37.628239255234668 ], [ -120.64527425921878, 37.628868077110795 ], [ -120.644645439107052, 37.628868076519488 ], [ -120.644645438331779, 37.629137570953191 ], [ -120.643747123778439, 37.628868075898403 ] ] ] } },
{ "type": "Feature", "properties": { "csb_id": "061825015445585", "acres": 3.8194438227744998, "geoid": "06099" }, "geometry": { "type": "Polygon", "coordinates": [ [ [ -121.031909158162463, 37.628598581916805 ], [ -121.03181932638671, 37.628868076754564 ], [ -121.031459999555153, 37.628868076236508 ], [ -121.03119050520101, 37.628598581676961 ], [ -121.031190505829898, 37.628239255864621 ], [ -121.031639662873516, 37.628239255467086 ], [ -121.031819326158683, 37.627969761923588 ], [ -121.033615957286443, 37.627879929721686 ], [ -121.033615957069159, 37.628598581486919 ], [ -121.031909158162463, 37.628598581916805 ] ] ] } },
{ "type": "Feature", "properties": { "csb_id": "061825015445586", "acres": 10.4422586687384, "geoid": "06099" }, "geometry": { "type": "Polygon", "coordinates": [ [ [ -120.877848086018204, 37.629856223248403 ], [ -120.878027749410691, 37.629227402086762 ], [ -120.877668423321126, 37.629227402054163 ], [ -120.877668423503252, 37.628957907946152 ], [ -120.878656570614169, 37.628329087185215 ], [ -120.879554885134041, 37.628329086950728 ], [ -120.879375222242587, 37.629496896894793 ], [ -120.880004043482685, 37.629856222776993 ], [ -120.880902357978414, 37.629766391403614 ], [ -120.880902358560078, 37.630395212038785 ], [ -120.879734548313564, 37.630754538765459 ], [ -120.879554885768044, 37.630934201027983 ], [ -120.877848086018204, 37.629856223248403 ] ] ] } },
{ "type": "Feature", "properties": { "csb_id": "061825015445593", "acres": 3.8949664701453099, "geoid": "06099" }, "geometry": { "type": "Polygon", "coordinates": [ [ [ -120.901922935525334, 37.628239255656709 ], [ -120.901922936108463, 37.627340939939685 ], [ -120.902551756577438, 37.62707144595651 ], [ -120.903000914911843, 37.62707144590005 ], [ -120.903180577603734, 37.627340940670173 ], [ -120.903180577817722, 37.628239255713659 ], [ -120.902551756926599, 37.628598581946243 ], [ -120.901922935525334, 37.628239255656709 ] ] ] } },
{ "type": "Feature", "properties": { "csb_id": "061825015445595", "acres": 5.8903620850417502, "geoid": "06099" }, "geometry": { "type": "Polygon", "coordinates": [ [ [ -120.760078952309726, 37.628598581602468 ], [ -120.760078951117492, 37.628868076411827 ], [ -120.759719625397352, 37.628868076995225 ], [ -120.759719626430964, 37.627969761483499 ], [ -120.759450132275134, 37.627969760722515 ], [ -120.759450131514285, 37.627520603030845 ], [ -120.760348447685516, 37.627520602866433 ], [ -120.76097726800009, 37.627700266629141 ], [ -120.761965414537755, 37.627520603524232 ], [ -120.761875583072268, 37.628598581296878 ], [ -120.760078952309726, 37.628598581602468 ] ] ] } },
{ "type": "Feature", "properties": { "csb_id": "061825015445597", "acres": 4.5911538014269899, "geoid": "06099" }, "geometry": { "type": "Polygon", "coordinates": [ [ [ -120.656323537140665, 37.628868076622965 ], [ -120.656323537903205, 37.628598581693147 ], [ -120.656054042829453, 37.628598581840535 ], [ -120.656054042653977, 37.628329088211885 ], [ -120.656323537569051, 37.627969760861468 ], [ -120.656952358662124, 37.627969761249702 ], [ -120.656952358244183, 37.627700266027496 ], [ -120.658030336805041, 37.627700266338067 ], [ -120.657850673518126, 37.628868076016161 ], [ -120.656323537140665, 37.628868076622965 ] ] ] } },
{ "type": "Feature", "properties": { "csb_id": "061825015445600", "acres": 4.3469530929918996, "geoid": "06099" }, "geometry": { "type": "Polygon", "coordinates": [ [ [ -120.626589302176086, 37.628868076540243 ], [ -120.626319807020892, 37.62859858191554 ], [ -120.62631980674719, 37.627700266695165 ], [ -120.6265893009504, 37.627700266281636 ], [ -120.62658930115532, 37.627161276935531 ], [ -120.627218122279061, 37.627161277050135 ], [ -120.627487616566142, 37.627969761103103 ], [ -120.627846943092891, 37.628059592291052 ], [ -120.62784694260047, 37.628598581614341 ], [ -120.626948627814471, 37.628598581395131 ], [ -120.626948627912626, 37.628868076204782 ], [ -120.626589302176086, 37.628868076540243 ] ] ] } },
{ "type": "Feature", "properties": { "csb_id": "061825015445602", "acres": 4.54228826498532, "geoid": "06099" }, "geometry": { "type": "Polygon", "coordinates": [ [ [ -120.862666557710739, 37.628868076288924 ], [ -120.861947906270814, 37.62886807657717 ], [ -120.861947905550124, 37.628239256059729 ], [ -120.861768243459451, 37.628239255857984 ], [ -120.861768243161961, 37.628059592284238 ], [ -120.864193693638725, 37.628329086942038 ], [ -120.864193693757557, 37.628688412915906 ], [ -120.863924199338811, 37.629227402238882 ], [ -120.862666557710739, 37.628868076288924 ] ] ] } },
{ "type": "Feature", "properties": { "csb_id": "061825015445621", "acres": 12.210536469504699, "geoid": "06099" }, "geometry": { "type": "Polygon", "coordinates": [ [ [ -120.802120107670277, 37.629137571113255 ], [ -120.800682804035262, 37.629137570824746 ], [ -120.800323477911547, 37.628868076399442 ], [ -120.800323477363747, 37.628598581975275 ], [ -120.799784488645841, 37.628598581309831 ], [ -120.799784488327887, 37.629137570540692 ], [ -120.79879633994085, 37.62913757075156 ], [ -120.798796340517498, 37.628598582039892 ], [ -120.799155666720864, 37.628598582194975 ], [ -120.799425161350698, 37.628239257139633 ], [ -120.799425161268147, 37.62796976140735 ], [ -120.800053982354925, 37.627969761888892 ], [ -120.800053981818522, 37.627430772262741 ], [ -120.800323476469885, 37.627071446084912 ], [ -120.801042128651702, 37.62671212019297 ], [ -120.801850612120731, 37.626712119589662 ], [ -120.801850613327588, 37.627071446181347 ], [ -120.802120107631751, 37.627340940797787 ], [ -120.802120106829463, 37.627700268020902 ], [ -120.801940443986553, 37.627700266843974 ], [ -120.801850612586463, 37.627969761910023 ], [ -120.801850613599839, 37.628688414190563 ], [ -120.802120106411721, 37.628868076419117 ], [ -120.802120107670277, 37.629137571113255 ] ], [ [ -120.801850612028957, 37.627430772337604 ], [ -120.801670948734042, 37.627430770993477 ], [ -120.801670950055097, 37.62770026728311 ], [ -120.801850612307689, 37.627700267133335 ], [ -120.801850612028957, 37.627430772337604 ] ] ] } },
{ "type": "Feature", "properties": { "csb_id": "061825015445624", "acres": 4.9525749047571299, "geoid": "06099" }, "geometry": { "type": "Polygon", "coordinates": [ [ [ -120.702137617144245, 37.628957907900983 ], [ -120.701868121636451, 37.628688413653734 ], [ -120.701868122003305, 37.62832908698612 ], [ -120.701598627953743, 37.628329087235969 ], [ -120.701598627550439, 37.62805959255703 ], [ -120.701868122386557, 37.627700266213267 ], [ -120.703035932031511, 37.62770026683156 ], [ -120.703035932609581, 37.628059593613493 ], [ -120.703215595612619, 37.628059593041812 ], [ -120.703215595084615, 37.62823925621823 ], [ -120.70357492144413, 37.628239256233961 ], [ -120.703574921391819, 37.628868077083048 ], [ -120.702946100912655, 37.629137570378738 ], [ -120.702137617144245, 37.628957907900983 ] ] ] } },
{ "type": "Feature", "properties": { "csb_id": "061825015445639", "acres": 3.0770868920750201, "geoid": "06099" }, "geometry": { "type": "Polygon", "coordinates": [ [ [ -120.631799530600304, 37.62770026676813 ], [ -120.631709698569878, 37.627340939924714 ], [ -120.631080877590222, 37.627430771939935 ], [ -120.631080878308978, 37.627161278368455 ], [ -120.631530035195908, 37.626801951331977 ], [ -120.63179953023733, 37.626801951467996 ], [ -120.631799530648905, 37.627161277004525 ], [ -120.632338518938369, 37.627071445554463 ], [ -120.632338519507712, 37.626801951042772 ], [ -120.633057171127845, 37.62707144585417 ], [ -120.633326665523228, 37.627340940835602 ], [ -120.633057171520775, 37.627430770783818 ], [ -120.633057170540283, 37.627700266799572 ], [ -120.631799530600304, 37.62770026676813 ] ] ] } },
{ "type": "Feature", "properties": { "csb_id": "061825015445646", "acres": 8.5914911466876607, "geoid": "06099" }, "geometry": { "type": "Polygon", "coordinates": [ [ [ -120.73735157654869, 37.629586728873591 ], [ -120.737261744894184, 37.625813804577334 ], [ -120.737621070932832, 37.626173130169164 ], [ -120.737800733847607, 37.62671211931422 ], [ -120.738699048352842, 37.627700266164737 ], [ -120.738699048563547, 37.628688413766795 ], [ -120.738429554298108, 37.628868076295426 ], [ -120.738429552742403, 37.62949689687423 ], [ -120.73869904833343, 37.629586728626911 ], [ -120.73735157654869, 37.629586728873591 ] ] ] } },
{ "type": "Feature", "properties": { "csb_id": "061825015445656", "acres": 6.80860816235369, "geoid": "06099" }, "geometry": { "type": "Polygon", "coordinates": [ [ [ -120.887190565758303, 37.62913757174492 ], [ -120.887190565116825, 37.628598582167413 ], [ -120.886921070593232, 37.628598582194357 ], [ -120.886921071210409, 37.627071445911959 ], [ -120.888448207375603, 37.627071445968582 ], [ -120.888448207300058, 37.628868076222929 ], [ -120.887190565758303, 37.62913757174492 ] ] ] } },
{ "type": "Feature", "properties": { "csb_id": "061825015445657", "acres": 3.25294212775733, "geoid": "06099" }, "geometry": { "type": "Polygon", "coordinates": [ [ [ -120.822601696215813, 37.627340940719115 ], [ -120.82260169517653, 37.626712119469168 ], [ -120.823320349127741, 37.626712119166626 ], [ -120.823320349048871, 37.626442624615862 ], [ -120.824398327715656, 37.626532456746695 ], [ -120.82412883216773, 37.627340939981472 ], [ -120.822601696215813, 37.627340940719115 ] ] ] } },
{ "type": "Feature", "properties": { "csb_id": "061825015445661", "acres": 13.3437440625601, "geoid": "06099" }, "geometry": { "type": "Polygon", "coordinates": [ [ [ -120.863744536732995, 37.629496897270933 ], [ -120.863744536471344, 37.629227402766105 ], [ -120.863924199338811, 37.629227402238882 ], [ -120.864193693757557, 37.628688412915906 ], [ -120.864193693638725, 37.628329086942038 ], [ -120.863564873409686, 37.628329086956256 ], [ -120.862666558146501, 37.628059592937213 ], [ -120.861768243161961, 37.628059592284238 ], [ -120.861678411309128, 37.628239255888531 ], [ -120.86167841058483, 37.627430772125564 ], [ -120.861049590241862, 37.627340940665206 ], [ -120.860780096206, 37.626801951434061 ], [ -120.860780095981042, 37.626442625065607 ], [ -120.861319085450532, 37.626262962358226 ], [ -120.862217400172995, 37.626712119375298 ], [ -120.863475041412059, 37.626801951320331 ], [ -120.863475041798836, 37.627071445765871 ], [ -120.863205547009187, 37.627071445355568 ], [ -120.863205547817074, 37.627340940413099 ], [ -120.864103862684317, 37.627430771723589 ], [ -120.864463188508125, 37.628059592764622 ], [ -120.865271672458761, 37.628329087543939 ], [ -120.865990324077714, 37.628329086842882 ], [ -120.865990324874844, 37.628688413570508 ], [ -120.864463188460263, 37.628957907529752 ], [ -120.864463189124606, 37.629227402515255 ], [ -120.864193693620379, 37.629496896779671 ], [ -120.863744536732995, 37.629496897270933 ] ] ] } },
{ "type": "Feature", "properties": { "csb_id": "061825015445667", "acres": 22.0573161410281, "geoid": "06099" }, "geometry": { "type": "Polygon", "coordinates": [ [ [ -120.887190565758303, 37.62913757174492 ], [ -120.885393934786308, 37.629137571036686 ], [ -120.885393935270812, 37.628598581183638 ], [ -120.88422612356834, 37.628598582383503 ], [ -120.884315956516176, 37.627700266124592 ], [ -120.883327810083912, 37.627700266483288 ], [ -120.883327809191385, 37.627071445787045 ], [ -120.884315956266391, 37.626801950734126 ], [ -120.884765113694428, 37.626173130434552 ], [ -120.884765113905146, 37.624915489384868 ], [ -120.884944776977775, 37.624915488886806 ], [ -120.884944776956914, 37.625274814985325 ], [ -120.885393935198124, 37.625274814766762 ], [ -120.885393935468954, 37.626173130472928 ], [ -120.887010902196948, 37.626532456884391 ], [ -120.888088881133626, 37.626442624514119 ], [ -120.888448206771045, 37.626712119391364 ], [ -120.888448207375603, 37.627071445968582 ], [ -120.886921071210409, 37.627071445911959 ], [ -120.886921070593232, 37.628598582194357 ], [ -120.887190565116825, 37.628598582167413 ], [ -120.887190565758303, 37.62913757174492 ] ] ] } },
{ "type": "Feature", "properties": { "csb_id": "061825015445669", "acres": 12.6989291889459, "geoid": "06099" }, "geometry": { "type": "Polygon", "coordinates": [ [ [ -120.832483164979351, 37.629496897354244 ], [ -120.832213670265219, 37.628239255495359 ], [ -120.831944175391726, 37.62796976073237 ], [ -120.831944175860571, 37.62734094029274 ], [ -120.832842489409771, 37.627340940421504 ], [ -120.833111984428115, 37.627071446166624 ], [ -120.833111984582558, 37.626712120027527 ], [ -120.833740804698706, 37.626712120098972 ], [ -120.833740806191784, 37.627071445606582 ], [ -120.833381478627146, 37.627071445840073 ], [ -120.83338148087239, 37.627340940133976 ], [ -120.834279794652673, 37.627340940700293 ], [ -120.834279794042644, 37.627700266208699 ], [ -120.834639119612689, 37.627969760972931 ], [ -120.834908617148827, 37.628598581813584 ], [ -120.834908616271761, 37.628957907895064 ], [ -120.834459458324687, 37.629227402072061 ], [ -120.833381479717673, 37.629227402253576 ], [ -120.833381479752802, 37.629496896856182 ], [ -120.832483164979351, 37.629496897354244 ] ] ] } },
{ "type": "Feature", "properties": { "csb_id": "061825015445672", "acres": 6.3984743901290901, "geoid": "06099" }, "geometry": { "type": "Polygon", "coordinates": [ [ [ -120.646262406727629, 37.627071446810724 ], [ -120.646262406654941, 37.626712119614794 ], [ -120.647340384337284, 37.626173130130795 ], [ -120.647340384341859, 37.625813804522032 ], [ -120.648238699753463, 37.625813804204782 ], [ -120.648867520632038, 37.625274814880449 ], [ -120.649137014993002, 37.625274815351752 ], [ -120.64922684637844, 37.626173130512655 ], [ -120.648867520983174, 37.626442624822964 ], [ -120.648238699314774, 37.62653245635655 ], [ -120.647969205014803, 37.627071445875295 ], [ -120.646262406727629, 37.627071446810724 ] ], [ [ -120.647609879426312, 37.626712119566406 ], [ -120.64760987885613, 37.626442624855557 ], [ -120.647340383927727, 37.626442624860665 ], [ -120.647340384623789, 37.626712119342677 ], [ -120.647609879426312, 37.626712119566406 ] ] ] } },
{ "type": "Feature", "properties": { "csb_id": "061825015445678", "acres": 2.7938374617617701, "geoid": "06099" }, "geometry": { "type": "Polygon", "coordinates": [ [ [ -120.903270408787805, 37.626712119280249 ], [ -120.902282262224347, 37.626442624628666 ], [ -120.902821251002862, 37.626173130865212 ], [ -120.903450071463951, 37.626173130361273 ], [ -120.903719566310087, 37.625813804092793 ], [ -120.904348388007108, 37.625813804522529 ], [ -120.904348386824736, 37.626712119484075 ], [ -120.903270408787805, 37.626712119280249 ] ] ] } },
{ "type": "Feature", "properties": { "csb_id": "061825015445683", "acres": 14.8189333406179, "geoid": "06099" }, "geometry": { "type": "Polygon", "coordinates": [ [ [ -120.910097605333789, 37.629137570392658 ], [ -120.909738279543646, 37.62859858184477 ], [ -120.909468784924755, 37.627700266637909 ], [ -120.909468784809391, 37.627071445588406 ], [ -120.909109458547164, 37.627071445357181 ], [ -120.909109458165446, 37.626442624897386 ], [ -120.908570468844275, 37.625813804280305 ], [ -120.908211143049627, 37.625544309987262 ], [ -120.907941648347006, 37.625544309910993 ], [ -120.907941648333079, 37.625274814738212 ], [ -120.909917942316696, 37.625274815144664 ], [ -120.910097605007977, 37.625813804684512 ], [ -120.910636593812669, 37.625813804476749 ], [ -120.910995920727302, 37.626173129967455 ], [ -120.910995920560509, 37.628868076711022 ], [ -120.91045693142901, 37.628868076700677 ], [ -120.910456930859453, 37.629137570883479 ], [ -120.910097605333789, 37.629137570392658 ] ] ] } },
{ "type": "Feature", "properties": { "csb_id": "061825015445688", "acres": 23.454143255544398, "geoid": "06099" }, "geometry": { "type": "Polygon", "coordinates": [ [ [ -120.651292972387338, 37.629227402682197 ], [ -120.651113309085318, 37.629496897288092 ], [ -120.650664150592348, 37.629137570709688 ], [ -120.650753982728119, 37.628957907909971 ], [ -120.649855667708593, 37.628957907728086 ], [ -120.649586172984172, 37.628688412762564 ], [ -120.649586171600745, 37.628957908282864 ], [ -120.64913701449467, 37.629137571423186 ], [ -120.649137015299743, 37.628868076373259 ], [ -120.648867520238369, 37.629137570793148 ], [ -120.647969205524475, 37.629137570958505 ], [ -120.647969206241839, 37.628239257695171 ], [ -120.648508193096319, 37.628239255785758 ], [ -120.648238699314774, 37.62653245635655 ], [ -120.648867520983174, 37.626442624822964 ], [ -120.64922684637844, 37.626173130512655 ], [ -120.649226847148952, 37.625544309512939 ], [ -120.650304825093045, 37.625813804115992 ], [ -120.651113309199047, 37.626712119550753 ], [ -120.651562467204144, 37.626712120760715 ], [ -120.651562466475738, 37.627700267051225 ], [ -120.651831960583962, 37.62770026620813 ], [ -120.651831961250224, 37.627969761217763 ], [ -120.651382803486726, 37.628688413644738 ], [ -120.651562466724712, 37.629496896527591 ], [ -120.651292972199741, 37.629496897355061 ], [ -120.651292972387338, 37.629227402682197 ] ], [ [ -120.649765836697924, 37.627161278074809 ], [ -120.649406510215471, 37.627161277414181 ], [ -120.649406509399256, 37.627340940440952 ], [ -120.649765834247958, 37.627340940696904 ], [ -120.649765836697924, 37.627161278074809 ] ], [ [ -120.649765836213163, 37.626532456551921 ], [ -120.649586172837573, 37.62653245669734 ], [ -120.649586172266396, 37.626801951278814 ], [ -120.649765836295188, 37.626801951133423 ], [ -120.649765836213163, 37.626532456551921 ] ] ] } },
{ "type": "Feature", "properties": { "csb_id": "061825015445692", "acres": 28.7876318480868, "geoid": "06099" }, "geometry": { "type": "Polygon", "coordinates": [ [ [ -120.910995920873205, 37.62976639179189 ], [ -120.908660300875823, 37.629856222667925 ], [ -120.908570468646417, 37.630125719878606 ], [ -120.907941649015015, 37.630125719297268 ], [ -120.907312828125569, 37.629856224131871 ], [ -120.907043332744749, 37.629496896730139 ], [ -120.9070433332991, 37.629137570684989 ], [ -120.90677383835974, 37.629137570884403 ], [ -120.906773838792901, 37.628598581784772 ], [ -120.907492490843978, 37.628598581532898 ], [ -120.907492490622275, 37.628239256033844 ], [ -120.90731282797033, 37.627969761170561 ], [ -120.907133164804208, 37.627969760793171 ], [ -120.9067738383158, 37.626442625086625 ], [ -120.906414513067318, 37.626173130772969 ], [ -120.906145017264166, 37.626173130169619 ], [ -120.906145016945146, 37.625813805828805 ], [ -120.906594174483331, 37.62554430989902 ], [ -120.908211143049627, 37.625544309987262 ], [ -120.909109458165446, 37.626442624897386 ], [ -120.909109458547164, 37.627071445357181 ], [ -120.909468784809391, 37.627071445588406 ], [ -120.909468784924755, 37.627700266637909 ], [ -120.909738279543646, 37.62859858184477 ], [ -120.910097605000033, 37.628868076672312 ], [ -120.909917942146166, 37.628957907713144 ], [ -120.910097605333789, 37.629137570392658 ], [ -120.910456930859453, 37.629137570883479 ], [ -120.91045693142901, 37.628868076700677 ], [ -120.910995920560509, 37.628868076711022 ], [ -120.911175582958521, 37.629317233993135 ], [ -120.910995920873205, 37.62976639179189 ] ] ] } },
{ "type": "Feature", "properties": { "csb_id": "061825015445694", "acres": 9.73923185832823, "geoid": "06099" }, "geometry": { "type": "Polygon", "coordinates": [ [ [ -120.825925460821054, 37.628239255842338 ], [ -120.82592546291302, 37.627969760819227 ], [ -120.825027145324498, 37.627969761588119 ], [ -120.825027145787587, 37.628239256321038 ], [ -120.824667820025866, 37.628239256083212 ], [ -120.824667819286887, 37.626442625189028 ], [ -120.825027145771273, 37.626442625307263 ], [ -120.825027146708678, 37.626173131078851 ], [ -120.82511697822116, 37.626442624998447 ], [ -120.826913608725448, 37.626532457209969 ], [ -120.826913607224952, 37.626262962066072 ], [ -120.827093271765975, 37.626262962278567 ], [ -120.827093272286874, 37.627969760805115 ], [ -120.826823776007885, 37.628239256096968 ], [ -120.825925460821054, 37.628239255842338 ] ] ] } },
{ "type": "Feature", "properties": { "csb_id": "061825015445695", "acres": 26.287122322494199, "geoid": "06099" }, "geometry": { "type": "Polygon", "coordinates": [ [ [ -120.733309157714089, 37.628868076952934 ], [ -120.731782021558359, 37.629137570471542 ], [ -120.731512526162177, 37.628688413382825 ], [ -120.731602357832017, 37.628239255706916 ], [ -120.731243031821123, 37.628239256104308 ], [ -120.731243032383162, 37.626173130091139 ], [ -120.730614210913274, 37.626173130458476 ], [ -120.730614211790908, 37.625813804070198 ], [ -120.730883705394589, 37.625544309431056 ], [ -120.731243032784008, 37.625544310787234 ], [ -120.731602358781174, 37.625903635829033 ], [ -120.73160235810488, 37.626173130443611 ], [ -120.731961684120947, 37.62617313059858 ], [ -120.732410840869377, 37.62590363645517 ], [ -120.732410842417593, 37.625274814810759 ], [ -120.733309156847255, 37.625274814810638 ], [ -120.733578651560649, 37.625544310004159 ], [ -120.733578652403438, 37.62617313039496 ], [ -120.733937977661384, 37.626532456243865 ], [ -120.734476966857954, 37.626442625282742 ], [ -120.734476966994706, 37.62707144540795 ], [ -120.734207473069148, 37.627071445768777 ], [ -120.734207472319568, 37.627700266422742 ], [ -120.734836292956601, 37.627700266070264 ], [ -120.73483629363146, 37.627340940233978 ], [ -120.735105787602137, 37.627071445332717 ], [ -120.735375282410786, 37.627071445571445 ], [ -120.735375282135919, 37.62770026633796 ], [ -120.736273597801301, 37.627700266026039 ], [ -120.736273598043454, 37.627969762003616 ], [ -120.735734608947823, 37.628239255347147 ], [ -120.734207472675351, 37.628329086743342 ], [ -120.733309157714089, 37.628868076952934 ] ] ] } },
{ "type": "Feature", "properties": { "csb_id": "061825015445706", "acres": 6.06626565301569, "geoid": "06099" }, "geometry": { "type": "Polygon", "coordinates": [ [ [ -121.04888731593681, 37.628059592371734 ], [ -121.047539843918656, 37.628059592622265 ], [ -121.047809337847795, 37.626801951444691 ], [ -121.047809338079873, 37.625903635919705 ], [ -121.048168664718744, 37.625903636063946 ], [ -121.048168664523558, 37.626262961763381 ], [ -121.04861782190973, 37.626262961796805 ], [ -121.048617821976876, 37.626712119611831 ], [ -121.048887316954648, 37.626712119805141 ], [ -121.048887316631806, 37.627071445264235 ], [ -121.049336474051259, 37.627161277439903 ], [ -121.049336474624042, 37.62770026601715 ], [ -121.04888731593681, 37.628059592371734 ] ] ] } },
{ "type": "Feature", "properties": { "csb_id": "061825015445708", "acres": 9.1824615354179198, "geoid": "06099" }, "geometry": { "type": "Polygon", "coordinates": [ [ [ -120.789813189056872, 37.628059592239957 ], [ -120.788735209727633, 37.62770026624159 ], [ -120.788645379477202, 37.627340941197161 ], [ -120.789364031237341, 37.627340940661334 ], [ -120.789364031869837, 37.62680195211388 ], [ -120.789903020009731, 37.626532455919985 ], [ -120.789903020209209, 37.626262963523658 ], [ -120.790082683613292, 37.626262963138906 ], [ -120.79008268354734, 37.626442624815297 ], [ -120.790531840420641, 37.626442625108794 ], [ -120.79053184059336, 37.625903635685333 ], [ -120.791609818817719, 37.62590363613797 ], [ -120.792058976602917, 37.626173130408397 ], [ -120.792058976800064, 37.626442625284106 ], [ -120.791609819091065, 37.626801951018393 ], [ -120.79160981876052, 37.62707144561945 ], [ -120.791340325279222, 37.62743077211131 ], [ -120.790531840926633, 37.627430771707736 ], [ -120.789813189056872, 37.628059592239957 ] ] ] } },
{ "type": "Feature", "properties": { "csb_id": "061825015445715", "acres": 4.2103145080774498, "geoid": "06099" }, "geometry": { "type": "Polygon", "coordinates": [ [ [ -120.901294115506488, 37.626442624620054 ], [ -120.901024620816017, 37.6261731297922 ], [ -120.90102462149936, 37.625634143424001 ], [ -120.901563610247592, 37.625274816167817 ], [ -120.90228226214488, 37.625274815920754 ], [ -120.902282262952838, 37.625544311241576 ], [ -120.902821251793895, 37.625544310087086 ], [ -120.902821251002862, 37.626173130865212 ], [ -120.902282262224347, 37.626442624628666 ], [ -120.901294115506488, 37.626442624620054 ] ], [ [ -120.901653441701527, 37.626262961501908 ], [ -120.901473778046281, 37.62617313076295 ], [ -120.901473778710226, 37.626262961922009 ], [ -120.901653441701527, 37.626262961501908 ] ] ] } },
{ "type": "Feature", "properties": { "csb_id": "061825015445720", "acres": 7.5928897635757497, "geoid": "06099" }, "geometry": { "type": "Polygon", "coordinates": [ [ [ -120.70079014438025, 37.628957908013561 ], [ -120.700700312949621, 37.625903636623015 ], [ -120.701868123018826, 37.625813805225654 ], [ -120.701598628063934, 37.626532456948837 ], [ -120.701598627605534, 37.627161277455791 ], [ -120.702137617233205, 37.627161277974636 ], [ -120.702137616948988, 37.627700266633262 ], [ -120.701868122386557, 37.627700266213267 ], [ -120.701598627550439, 37.62805959255703 ], [ -120.701598627953743, 37.628329087235969 ], [ -120.701868122003305, 37.62832908698612 ], [ -120.701868122725557, 37.628957907425963 ], [ -120.70079014438025, 37.628957908013561 ] ] ] } },
{ "type": "Feature", "properties": { "csb_id": "061825015445727", "acres": 33.354136604407003, "geoid": "06099" }, "geometry": { "type": "Polygon", "coordinates": [ [ [ -120.834908615514436, 37.628868076119758 ], [ -120.834639119612689, 37.627969760972931 ], [ -120.834279794042644, 37.627700266208699 ], [ -120.834279794652673, 37.627340940700293 ], [ -120.83338148087239, 37.627340940133976 ], [ -120.833381478627146, 37.627071445840073 ], [ -120.833740806191784, 37.627071445606582 ], [ -120.833740804698706, 37.626712120098972 ], [ -120.833111984582558, 37.626712120027527 ], [ -120.833111984428115, 37.627071446166624 ], [ -120.832842489409771, 37.627340940421504 ], [ -120.830057713617023, 37.627340940219405 ], [ -120.830057713030044, 37.626801951221033 ], [ -120.830956029113452, 37.626532457476607 ], [ -120.830956028306076, 37.625544310158851 ], [ -120.83427979541554, 37.6255443094322 ], [ -120.836435750592429, 37.625723972687958 ], [ -120.836705245487082, 37.625813804616357 ], [ -120.836974739986076, 37.62617313096456 ], [ -120.83787305651181, 37.626173130143748 ], [ -120.8382323807528, 37.626442625112944 ], [ -120.838232382474573, 37.627340940035097 ], [ -120.837603562086613, 37.627340939923123 ], [ -120.837603560203235, 37.626801951757052 ], [ -120.837154403102943, 37.626801950964413 ], [ -120.837154402689123, 37.626532457083343 ], [ -120.836705246889352, 37.626801951101697 ], [ -120.836256088761232, 37.626801950906199 ], [ -120.836256088739589, 37.628598582182541 ], [ -120.836076426147983, 37.628868076738691 ], [ -120.834908615514436, 37.628868076119758 ] ] ] } },
{ "type": "Feature", "properties": { "csb_id": "061825015445728", "acres": 3.67306749329639, "geoid": "06099" }, "geometry": { "type": "Polygon", "coordinates": [ [ [ -120.544842610578627, 37.625813804214452 ], [ -120.544842610305125, 37.62527481556063 ], [ -120.545112105560548, 37.625274815203611 ], [ -120.545112105817637, 37.624645994728724 ], [ -120.546010420883803, 37.624645994013022 ], [ -120.546010419183474, 37.624915489647506 ], [ -120.546369746960849, 37.62500532061533 ], [ -120.546190084243435, 37.625903636958427 ], [ -120.544842610578627, 37.625813804214452 ] ] ] } },
{ "type": "Feature", "properties": { "csb_id": "061825015445740", "acres": 3.84887784337212, "geoid": "06099" }, "geometry": { "type": "Polygon", "coordinates": [ [ [ -120.693423958598189, 37.626262962336526 ], [ -120.693423958559535, 37.625903635704326 ], [ -120.693154464247399, 37.625903635777853 ], [ -120.693154464085239, 37.626262962180768 ], [ -120.692525643699696, 37.626262962238918 ], [ -120.691986653933839, 37.625903636008175 ], [ -120.691986654064465, 37.62563414090809 ], [ -120.692884969598865, 37.625634141421315 ], [ -120.692884969961881, 37.625274815188241 ], [ -120.694052779551214, 37.62536464620414 ], [ -120.694322273925337, 37.625634141500441 ], [ -120.694322273665733, 37.625903635618243 ], [ -120.693783284246976, 37.626262961693293 ], [ -120.693423958598189, 37.626262962336526 ] ] ] } },
{ "type": "Feature", "properties": { "csb_id": "061825015445746", "acres": 20.3091606128488, "geoid": "06099" }, "geometry": { "type": "Polygon", "coordinates": [ [ [ -120.630811383684687, 37.628059592792539 ], [ -120.630811383053953, 37.62770026653056 ], [ -120.630002900417509, 37.627430772796799 ], [ -120.629913068690527, 37.626712119900986 ], [ -120.629733405125663, 37.626712119335672 ], [ -120.629733405236806, 37.626173130680066 ], [ -120.629014752952557, 37.626173130134148 ], [ -120.6290147533702, 37.624915489052363 ], [ -120.628745257807367, 37.624915488898033 ], [ -120.628745258397927, 37.624645994161625 ], [ -120.629014752591956, 37.624376499560448 ], [ -120.629913067905164, 37.623747679229218 ], [ -120.630541888234887, 37.624017173624253 ], [ -120.630362225473021, 37.624107005592897 ], [ -120.630362225751838, 37.6243764995573 ], [ -120.630811383441014, 37.62437649963541 ], [ -120.630811383141378, 37.624645994038026 ], [ -120.63054188861075, 37.624915489196745 ], [ -120.631080877659031, 37.624915488775123 ], [ -120.631530035281713, 37.625274815191901 ], [ -120.631260541369414, 37.625274815374517 ], [ -120.631530035778127, 37.625813805627807 ], [ -120.632338519297221, 37.625634141517743 ], [ -120.632608013301223, 37.625903635727234 ], [ -120.632697845439765, 37.626262961638908 ], [ -120.632338519540724, 37.626262962190808 ], [ -120.632338519800527, 37.626442624786257 ], [ -120.632608014122027, 37.626442624858804 ], [ -120.632608013426761, 37.626712119624621 ], [ -120.632877508727972, 37.626712119101015 ], [ -120.632877508736669, 37.626442625197697 ], [ -120.633236834987287, 37.626442625009673 ], [ -120.633057171127845, 37.62707144585417 ], [ -120.631979193659518, 37.626712119220578 ], [ -120.631979193316951, 37.627071446947923 ], [ -120.63179952962669, 37.627071444659812 ], [ -120.63179953023733, 37.626801951467996 ], [ -120.631530035195908, 37.626801951331977 ], [ -120.631080878308978, 37.627161278368455 ], [ -120.631080877590222, 37.627430771939935 ], [ -120.631260540978658, 37.627430771837922 ], [ -120.631260541206231, 37.627700266252837 ], [ -120.631440204142137, 37.627700266114573 ], [ -120.631440203917194, 37.627969760739127 ], [ -120.630811383684687, 37.628059592792539 ] ] ] } },
{ "type": "Feature", "properties": { "csb_id": "061825015445758", "acres": 79.687399807736796, "geoid": "06099" }, "geometry": { "type": "Polygon", "coordinates": [ [ [ -120.827991588153523, 37.638659713291325 ], [ -120.827991588151207, 37.63848005060342 ], [ -120.82709327242415, 37.638480049815549 ], [ -120.827093273023422, 37.636683419497928 ], [ -120.827183104360643, 37.636054598914846 ], [ -120.827362767654094, 37.636054598397706 ], [ -120.827183105009979, 37.634347799625317 ], [ -120.827542430664195, 37.634078305107046 ], [ -120.827183104739831, 37.634078304571553 ], [ -120.827093273039495, 37.631024033240521 ], [ -120.826194958001039, 37.630934200992911 ], [ -120.826194958008131, 37.630664706390448 ], [ -120.825296642390995, 37.630664706543016 ], [ -120.824667821310967, 37.63039521251018 ], [ -120.824667821381624, 37.628598581539087 ], [ -120.825027147780048, 37.628598582007349 ], [ -120.825027145324498, 37.627969761588119 ], [ -120.82592546291302, 37.627969760819227 ], [ -120.825925460821054, 37.628239255842338 ], [ -120.826823776007885, 37.628239256096968 ], [ -120.827093272286874, 37.627969760805115 ], [ -120.827093271765975, 37.626262962278567 ], [ -120.826823778726322, 37.626173130196946 ], [ -120.826823777847878, 37.625903635889607 ], [ -120.827093272786556, 37.625274815089078 ], [ -120.8282610829676, 37.625274816101658 ], [ -120.8282610830572, 37.624915490092768 ], [ -120.829069566208929, 37.624915489557857 ], [ -120.829069566546764, 37.630664706950022 ], [ -120.828889903493177, 37.630664707116701 ], [ -120.828889903495337, 37.631293527971941 ], [ -120.829159397856174, 37.631293527221558 ], [ -120.829159397610297, 37.638210555126577 ], [ -120.828889903114657, 37.638659712688479 ], [ -120.827991588153523, 37.638659713291325 ] ] ] } },
{ "type": "Feature", "properties": { "csb_id": "061825015445765", "acres": 3.3213851514528998, "geoid": "06099" }, "geometry": { "type": "Polygon", "coordinates": [ [ [ -121.141054465056726, 37.625903635424379 ], [ -121.14105446467191, 37.625364646399241 ], [ -121.141952779649372, 37.62473582586059 ], [ -121.142222274991624, 37.624735825969488 ], [ -121.142222274393987, 37.625364646906974 ], [ -121.1424917698141, 37.625364646886318 ], [ -121.142491768977507, 37.625005321018179 ], [ -121.142851095298369, 37.625005320194866 ], [ -121.142851095319443, 37.625634141159786 ], [ -121.142222273966922, 37.625634141070435 ], [ -121.142222274943052, 37.625903635842754 ], [ -121.141054465056726, 37.625903635424379 ] ] ] } },
{ "type": "Feature", "properties": { "csb_id": "061825015445766", "acres": 3.5949492404987899, "geoid": "06099" }, "geometry": { "type": "Polygon", "coordinates": [ [ [ -120.908211142871068, 37.624735825672758 ], [ -120.908211142682362, 37.624017174247548 ], [ -120.909468784129714, 37.624017174029277 ], [ -120.909468784872445, 37.625274815079457 ], [ -120.908570469256347, 37.625274814752565 ], [ -120.908211142871068, 37.624735825672758 ] ] ] } },
{ "type": "Feature", "properties": { "csb_id": "061825015445786", "acres": 10.501480214681401, "geoid": "06099" }, "geometry": { "type": "Polygon", "coordinates": [ [ [ -120.739327869599478, 37.626173130157675 ], [ -120.738699048961095, 37.625813804493156 ], [ -120.737800733321407, 37.625813804348688 ], [ -120.737621071096527, 37.625903635732456 ], [ -120.737621070932832, 37.626173130169164 ], [ -120.737261744894184, 37.625813804577334 ], [ -120.737261744353006, 37.623927342421077 ], [ -120.738429554223984, 37.624017173971758 ], [ -120.738429554314209, 37.624376499888271 ], [ -120.739597364731722, 37.62437650003838 ], [ -120.739597364356413, 37.62554430953081 ], [ -120.739956690556994, 37.625544309441452 ], [ -120.739956690019042, 37.626173130278808 ], [ -120.739327869599478, 37.626173130157675 ] ] ] } },
{ "type": "Feature", "properties": { "csb_id": "061825015445787", "acres": 55.748965758098102, "geoid": "06099" }, "geometry": { "type": "Polygon", "coordinates": [ [ [ -120.728817579482637, 37.630125718259343 ], [ -120.725763308463968, 37.629766391279823 ], [ -120.725763309017339, 37.629586728830489 ], [ -120.725942970834581, 37.629586728997957 ], [ -120.725942969259009, 37.628957908001475 ], [ -120.72576330675497, 37.628957908293067 ], [ -120.725763306410528, 37.627969761517797 ], [ -120.72549381434213, 37.626712119228806 ], [ -120.72558364406045, 37.624107005302065 ], [ -120.725763308954967, 37.624107005107589 ], [ -120.725763306208549, 37.624376500487628 ], [ -120.726122632547657, 37.624645995353404 ], [ -120.726661624226139, 37.624915489401445 ], [ -120.727020948574392, 37.624915489358543 ], [ -120.727020948148464, 37.624645994649484 ], [ -120.727290442099871, 37.624376500401624 ], [ -120.727919263811458, 37.624376500124107 ], [ -120.728458253109139, 37.62491548910937 ], [ -120.72971589662383, 37.625005320333429 ], [ -120.729715896107578, 37.625364646742028 ], [ -120.729985390269846, 37.625544309480361 ], [ -120.729985389830603, 37.625813804696939 ], [ -120.729715895166748, 37.626173131683849 ], [ -120.72971589616165, 37.626712119366026 ], [ -120.729985390382851, 37.626801950749446 ], [ -120.729985391048984, 37.627071445647353 ], [ -120.729715895645384, 37.627071445613382 ], [ -120.729446401453501, 37.627340940265192 ], [ -120.729446401841685, 37.627700265994058 ], [ -120.729805727378746, 37.627700266757792 ], [ -120.730165054235115, 37.62796976129615 ], [ -120.730165053604907, 37.628598582041285 ], [ -120.730614211257404, 37.628868076774459 ], [ -120.730344716513812, 37.628957908052556 ], [ -120.730344716527199, 37.629137570873091 ], [ -120.730614211704577, 37.629137571123209 ], [ -120.730614211932277, 37.629496896968526 ], [ -120.730165053663811, 37.630125717902857 ], [ -120.728817579482637, 37.630125718259343 ] ], [ [ -120.729985391073583, 37.629227402476054 ], [ -120.729805728160883, 37.629137570941687 ], [ -120.729805728067078, 37.629227402233994 ], [ -120.729985391073583, 37.629227402476054 ] ] ] } },
{ "type": "Feature", "properties": { "csb_id": "061825015445796", "acres": 18.651483568772399, "geoid": "06099" }, "geometry": { "type": "Polygon", "coordinates": [ [ [ -120.905516196777171, 37.62617313073158 ], [ -120.905516197512313, 37.625813804036532 ], [ -120.904977208087175, 37.625813803892683 ], [ -120.903719566310087, 37.625813804092793 ], [ -120.903450071463951, 37.626173130361273 ], [ -120.902821251002862, 37.626173130865212 ], [ -120.902821251793895, 37.625544310087086 ], [ -120.902282262952838, 37.625544311241576 ], [ -120.90228226214488, 37.625274815920754 ], [ -120.902551757539214, 37.625274816156683 ], [ -120.902860377314468, 37.624774952858687 ], [ -120.903180576961816, 37.624645994267766 ], [ -120.904078893378099, 37.624466332551322 ], [ -120.905336534552333, 37.624466331375437 ], [ -120.905824817056057, 37.624146131059042 ], [ -120.906414512800993, 37.62401717391927 ], [ -120.907312828105518, 37.624017175009669 ], [ -120.907312828561132, 37.624376500676298 ], [ -120.908211142776707, 37.624376499977124 ], [ -120.908211142871068, 37.624735825672758 ], [ -120.90776198494693, 37.6247358256417 ], [ -120.907672153662787, 37.625005320197985 ], [ -120.907672153801769, 37.625274815158747 ], [ -120.907941648333079, 37.625274814738212 ], [ -120.907941648347006, 37.625544309910993 ], [ -120.906594174483331, 37.62554430989902 ], [ -120.906145016945146, 37.625813805828805 ], [ -120.906145017264166, 37.626173130169619 ], [ -120.905516196777171, 37.62617313073158 ] ] ] } },
{ "type": "Feature", "properties": { "csb_id": "061825015445797", "acres": 2.98930219127879, "geoid": "06099" }, "geometry": { "type": "Polygon", "coordinates": [ [ [ -120.870661564002702, 37.624645994820504 ], [ -120.870032743315718, 37.624107004981809 ], [ -120.870032743130608, 37.623478184942577 ], [ -120.871380216719999, 37.623568016374826 ], [ -120.871290385175882, 37.624376499776702 ], [ -120.87102089095049, 37.624376500108887 ], [ -120.871020890179949, 37.624645994232765 ], [ -120.870661564002702, 37.624645994820504 ] ] ] } },
{ "type": "Feature", "properties": { "csb_id": "061825015445804", "acres": 3.4777457186379599, "geoid": "06099" }, "geometry": { "type": "Polygon", "coordinates": [ [ [ -120.901743273328961, 37.62482565720218 ], [ -120.901294115574373, 37.624915489403222 ], [ -120.900755126510731, 37.624376499734595 ], [ -120.90075512629015, 37.623478184386293 ], [ -120.901922936001554, 37.623478184736342 ], [ -120.901743273328961, 37.62482565720218 ] ] ] } },
{ "type": "Feature", "properties": { "csb_id": "061825015445807", "acres": 35.001469934112997, "geoid": "06099" }, "geometry": { "type": "Polygon", "coordinates": [ [ [ -120.736273598043454, 37.627969762003616 ], [ -120.736273597801301, 37.627700266026039 ], [ -120.735375282135919, 37.62770026633796 ], [ -120.735375282410786, 37.627071445571445 ], [ -120.735105787602137, 37.627071445332717 ], [ -120.73483629363146, 37.627340940233978 ], [ -120.734836292956601, 37.627700266070264 ], [ -120.734207472319568, 37.627700266422742 ], [ -120.734207473069148, 37.627071445768777 ], [ -120.734476966994706, 37.62707144540795 ], [ -120.734476966857954, 37.626442625282742 ], [ -120.733937977661384, 37.626532456243865 ], [ -120.733578652403438, 37.62617313039496 ], [ -120.733578651560649, 37.625544310004159 ], [ -120.733309156847255, 37.625274814810638 ], [ -120.732141347063845, 37.625274815024753 ], [ -120.731243031739112, 37.625005320643787 ], [ -120.731243031845594, 37.624376500284455 ], [ -120.731512526558532, 37.624107005131926 ], [ -120.737082081228095, 37.623927342675159 ], [ -120.737082081730719, 37.627071446095414 ], [ -120.736902418949256, 37.627700266907347 ], [ -120.73663292428742, 37.627700266771093 ], [ -120.736632924436165, 37.627969762116074 ], [ -120.736273598043454, 37.627969762003616 ] ] ] } },
{ "type": "Feature", "properties": { "csb_id": "061825015445808", "acres": 9.5930666927299804, "geoid": "06099" }, "geometry": { "type": "Polygon", "coordinates": [ [ [ -120.730883706151275, 37.62500532037938 ], [ -120.728458253109139, 37.62491548910937 ], [ -120.727919263811458, 37.624376500124107 ], [ -120.727290442099871, 37.624376500401624 ], [ -120.727020948148464, 37.624645994649484 ], [ -120.727020948574392, 37.624915489358543 ], [ -120.726661624226139, 37.624915489401445 ], [ -120.725763306208549, 37.624376500487628 ], [ -120.725763309231624, 37.624017173750495 ], [ -120.730883705668276, 37.624107005793405 ], [ -120.730883706151275, 37.62500532037938 ] ] ] } },
{ "type": "Feature", "properties": { "csb_id": "061825015445821", "acres": 36.309813128093303, "geoid": "06099" }, "geometry": { "type": "Polygon", "coordinates": [ [ [ -120.653987917427585, 37.629766391213906 ], [ -120.652281118190487, 37.628598581839917 ], [ -120.652191286708188, 37.62832908694287 ], [ -120.653359096565609, 37.627700266228238 ], [ -120.653359096462353, 37.62743077178002 ], [ -120.652909939693458, 37.627161277269948 ], [ -120.652909939045998, 37.626262961584558 ], [ -120.653179434111877, 37.626262962019815 ], [ -120.653179433552353, 37.625634141755029 ], [ -120.652909939666898, 37.625634141548595 ], [ -120.652909939312806, 37.624735826364876 ], [ -120.652550613327136, 37.624735826230427 ], [ -120.652550613717196, 37.623837510658468 ], [ -120.653179434345219, 37.623837510435365 ], [ -120.653179433799181, 37.624466331226422 ], [ -120.653448928448356, 37.624466331645991 ], [ -120.653448928243819, 37.624107005328952 ], [ -120.654886232789892, 37.624107005647033 ], [ -120.654886232740992, 37.624466331612631 ], [ -120.654706569227599, 37.624466331142749 ], [ -120.654526906697015, 37.624915489458026 ], [ -120.654886233396411, 37.624915490258147 ], [ -120.655155727100379, 37.625274815431617 ], [ -120.655155727328079, 37.625813804544869 ], [ -120.655784548047478, 37.625813804482014 ], [ -120.6560540433249, 37.626173130681693 ], [ -120.656323537185301, 37.627071445979517 ], [ -120.657042189441583, 37.627161277526369 ], [ -120.65695235811971, 37.627430771648619 ], [ -120.656503200135319, 37.627430771863636 ], [ -120.656323537569051, 37.627969760861468 ], [ -120.656054042653977, 37.628329088211885 ], [ -120.655874379728985, 37.628329087403976 ], [ -120.656054042829453, 37.628598581840535 ], [ -120.655784548133127, 37.629137570950228 ], [ -120.65542522174924, 37.629137571266575 ], [ -120.655425221773243, 37.628598582165885 ], [ -120.654886232799583, 37.62859858134005 ], [ -120.654526906963312, 37.629137570870654 ], [ -120.654526906547147, 37.629586728736285 ], [ -120.653987917427585, 37.629766391213906 ] ] ] } },
{ "type": "Feature", "properties": { "csb_id": "061825015445830", "acres": 16.402154237749201, "geoid": "06099" }, "geometry": { "type": "Polygon", "coordinates": [ [ [ -120.893209278088875, 37.624915489073281 ], [ -120.890244837469496, 37.624915488976498 ], [ -120.889885510736775, 37.624376499970985 ], [ -120.889885510710428, 37.623478184417486 ], [ -120.890514332059936, 37.623118858377829 ], [ -120.891143152438318, 37.623118858719543 ], [ -120.891143153014781, 37.6237476792164 ], [ -120.891682140792412, 37.623747679567451 ], [ -120.891682139254726, 37.623118859239312 ], [ -120.891143150839412, 37.622579869870222 ], [ -120.891143150510004, 37.622220543774134 ], [ -120.891412645071853, 37.622220543407884 ], [ -120.891412646350901, 37.621951049213145 ], [ -120.89258045667664, 37.621951048970594 ], [ -120.892580457137086, 37.622220542765611 ], [ -120.892939783523545, 37.622220543384529 ], [ -120.89293978364563, 37.623118858641725 ], [ -120.892580456515589, 37.623118858191489 ], [ -120.89258045688662, 37.623478184726906 ], [ -120.892939782809577, 37.623747678925938 ], [ -120.893209277823942, 37.624376499830063 ], [ -120.893209278088875, 37.624915489073281 ] ] ] } },
{ "type": "Feature", "properties": { "csb_id": "061825015445831", "acres": 5.2458869667048802, "geoid": "06099" }, "geometry": { "type": "Polygon", "coordinates": [ [ [ -120.890065174118405, 37.625005321166171 ], [ -120.889346522233055, 37.625005321022151 ], [ -120.889346522065253, 37.625274815968119 ], [ -120.888717702204445, 37.625274816277241 ], [ -120.888717701398463, 37.624915489299283 ], [ -120.88826854387419, 37.624645994103773 ], [ -120.888268543837611, 37.624376500899047 ], [ -120.888717702182817, 37.62437650112313 ], [ -120.88871770221327, 37.623747681210602 ], [ -120.889885511100999, 37.623747678841077 ], [ -120.889885510736775, 37.624376499970985 ], [ -120.890244837469496, 37.624915488976498 ], [ -120.890783826436675, 37.624915489286018 ], [ -120.890783826425405, 37.625274815757699 ], [ -120.890065173761144, 37.625274814850528 ], [ -120.890065174118405, 37.625005321166171 ] ] ] } },
{ "type": "Feature", "properties": { "csb_id": "061825015445832", "acres": 18.834420999298299, "geoid": "06099" }, "geometry": { "type": "Polygon", "coordinates": [ [ [ -120.837334067580613, 37.625274815168943 ], [ -120.837244235436472, 37.625544309605971 ], [ -120.834908615906528, 37.625364646537932 ], [ -120.834728953067952, 37.625274815817335 ], [ -120.834728952605829, 37.624915489849329 ], [ -120.835357773478989, 37.624915490244746 ], [ -120.835357773481888, 37.624376501053668 ], [ -120.835806930688392, 37.624376499840054 ], [ -120.835806931169486, 37.623478184348045 ], [ -120.83850187789659, 37.623478185549729 ], [ -120.838501877388367, 37.623747679938234 ], [ -120.838771371672465, 37.623747679004701 ], [ -120.838771371627928, 37.623568015717019 ], [ -120.839220529255911, 37.623568017433456 ], [ -120.83922052974836, 37.624376500813312 ], [ -120.839759518708959, 37.624735826321981 ], [ -120.839759518154096, 37.625544309974643 ], [ -120.837873055540655, 37.62554431029934 ], [ -120.837873056934328, 37.625274815406911 ], [ -120.837334067580613, 37.625274815168943 ] ], [ [ -120.83697474075592, 37.624915489167392 ], [ -120.836974740699716, 37.62464599429066 ], [ -120.836525583697707, 37.624645994808247 ], [ -120.836525583226091, 37.624915489454438 ], [ -120.83697474075592, 37.624915489167392 ] ], [ [ -120.836435752668919, 37.62437650087562 ], [ -120.836076425485132, 37.624376499696247 ], [ -120.836076425886219, 37.624645994762375 ], [ -120.836435751870724, 37.62464599554098 ], [ -120.836435752668919, 37.62437650087562 ] ] ] } },
{ "type": "Feature", "properties": { "csb_id": "061825015445838", "acres": 2.8232538146149402, "geoid": "06099" }, "geometry": { "type": "Polygon", "coordinates": [ [ [ -120.641950493214338, 37.624017173542015 ], [ -120.641950492144019, 37.623747679308742 ], [ -120.641142009083353, 37.62347818414851 ], [ -120.641142008333503, 37.623118858196555 ], [ -120.641770830148516, 37.622669700801715 ], [ -120.641950493390695, 37.622669701040472 ], [ -120.641950493331919, 37.623118858594182 ], [ -120.64257931406712, 37.623118858258501 ], [ -120.642848807102453, 37.623568016059622 ], [ -120.642219987316025, 37.623747678994008 ], [ -120.64221998715486, 37.624017173684834 ], [ -120.641950493214338, 37.624017173542015 ] ] ] } },
{ "type": "Feature", "properties": { "csb_id": "061825015445839", "acres": 42.231060230689799, "geoid": "06099" }, "geometry": { "type": "Polygon", "coordinates": [ [ [ -120.634404643518351, 37.622669700666286 ], [ -120.63422498187704, 37.622669700968572 ], [ -120.634224980887481, 37.622849364015089 ], [ -120.63440464436303, 37.622849364346479 ], [ -120.634404643518351, 37.622669700666286 ], [ -120.635662285864441, 37.622579869101692 ], [ -120.635662284486898, 37.622220543151023 ], [ -120.6359317802455, 37.622220543476082 ], [ -120.635662285030776, 37.622939195475773 ], [ -120.63512329511228, 37.623208690233788 ], [ -120.635123296340808, 37.623478184876312 ], [ -120.635662284479679, 37.623478185289841 ], [ -120.635931780358902, 37.623747679252034 ], [ -120.635931779659899, 37.625274815504461 ], [ -120.635302959552405, 37.625364647093349 ], [ -120.63476396935323, 37.625813804739565 ], [ -120.634404644957769, 37.626262962004532 ], [ -120.634404644415753, 37.627071445401214 ], [ -120.634135150093186, 37.627340939940524 ], [ -120.633326665523228, 37.627340940835602 ], [ -120.633057171127845, 37.62707144585417 ], [ -120.633236834795383, 37.626173130858575 ], [ -120.632697845439765, 37.626262961638908 ], [ -120.632608013301223, 37.625903635727234 ], [ -120.632338519297221, 37.625634141517743 ], [ -120.631530036078942, 37.625634142368916 ], [ -120.631530035281713, 37.625274815191901 ], [ -120.631080877659031, 37.624915488775123 ], [ -120.631080877942736, 37.624735825702452 ], [ -120.630811383141378, 37.624645994038026 ], [ -120.630811383441014, 37.62437649963541 ], [ -120.630362225751838, 37.6243764995573 ], [ -120.630362225473021, 37.624107005592897 ], [ -120.631440203748568, 37.62401717356353 ], [ -120.631440204266639, 37.623747679521372 ], [ -120.631979192704534, 37.623118858524641 ], [ -120.631709699029699, 37.622220543193251 ], [ -120.632338517626565, 37.621412059539288 ], [ -120.633236833191788, 37.6213222278693 ], [ -120.63323683402696, 37.622220543355269 ], [ -120.633775824237048, 37.622220543333277 ], [ -120.633775823690883, 37.62257986963661 ], [ -120.634404643518351, 37.622669700666286 ] ], [ [ -120.633775823990518, 37.626442625125485 ], [ -120.634135148909394, 37.626442625332821 ], [ -120.634135148717846, 37.626262961822611 ], [ -120.633775823564193, 37.62626296184397 ], [ -120.633775823990518, 37.626442625125485 ] ] ] } },
{ "type": "Feature", "properties": { "csb_id": "061825015445853", "acres": 119.41905507660999, "geoid": "06099" }, "geometry": { "type": "Polygon", "coordinates": [ [ [ -120.604490745818907, 37.631563023204578 ], [ -120.604221251379641, 37.63093420133719 ], [ -120.604670408814044, 37.630395212610367 ], [ -120.603502598312929, 37.630395212311292 ], [ -120.60350259724666, 37.630664707155496 ], [ -120.602514451795273, 37.630664707889316 ], [ -120.601975462633177, 37.630934201542246 ], [ -120.601975462158052, 37.632191842757557 ], [ -120.601077147500376, 37.632191843064689 ], [ -120.600897483904845, 37.631922348062439 ], [ -120.600178832358353, 37.631832516612072 ], [ -120.600178831790586, 37.631652853829323 ], [ -120.599639842114044, 37.631383358967781 ], [ -120.599819505811396, 37.630035886074246 ], [ -120.600178832209963, 37.630035887262899 ], [ -120.599819506163016, 37.627340940276497 ], [ -120.599999168661967, 37.626801951170776 ], [ -120.60017883275583, 37.626801951213409 ], [ -120.60044832660121, 37.626442625164472 ], [ -120.600717821874866, 37.626442625429384 ], [ -120.601436473996515, 37.625723973053304 ], [ -120.602334788923685, 37.625274814858223 ], [ -120.603233806215769, 37.624107707504713 ], [ -120.603772093049599, 37.623747679819786 ], [ -120.606736533896552, 37.622939194979239 ], [ -120.606736533910038, 37.623478185503529 ], [ -120.607185691783428, 37.623478184754006 ], [ -120.607185691915717, 37.625274815359518 ], [ -120.607994174945631, 37.625813803991491 ], [ -120.608263670180278, 37.625813804638128 ], [ -120.608263669571443, 37.626442624777305 ], [ -120.607185691566031, 37.62653245636929 ], [ -120.606736533630837, 37.627340940612868 ], [ -120.606736533249304, 37.6277002660714 ], [ -120.607365354812288, 37.627969761070197 ], [ -120.607365354128248, 37.629496896727467 ], [ -120.606736534204671, 37.629496897802696 ], [ -120.606467038674225, 37.629766391678601 ], [ -120.606467039470687, 37.631383358752345 ], [ -120.606287375611572, 37.631563022380995 ], [ -120.604490745818907, 37.631563023204578 ] ], [ [ -120.600448326619329, 37.631293527984511 ], [ -120.600448326681885, 37.630934202765715 ], [ -120.599819505987014, 37.630934201779993 ], [ -120.599819506779355, 37.631293528038668 ], [ -120.600448326619329, 37.631293527984511 ] ] ] } },
{ "type": "Feature", "properties": { "csb_id": "061825015445857", "acres": 48.560675145217701, "geoid": "06099" }, "geometry": { "type": "Polygon", "coordinates": [ [ [ -120.645364090985609, 37.628598581371342 ], [ -120.64536409084478, 37.628239255234668 ], [ -120.643836954608759, 37.627969761495848 ], [ -120.642579313605026, 37.627969761239754 ], [ -120.642579313644546, 37.62823925586013 ], [ -120.642399650757994, 37.62823925552815 ], [ -120.64195049279985, 37.627700266285629 ], [ -120.641950492846874, 37.627340940680142 ], [ -120.642579313881413, 37.627340940308414 ], [ -120.643118302544323, 37.62671211920776 ], [ -120.643118303049931, 37.62644262488417 ], [ -120.643477629026904, 37.626442625011819 ], [ -120.644016618046535, 37.625813804171315 ], [ -120.64401661862837, 37.62536464700716 ], [ -120.642848806781018, 37.625274815607426 ], [ -120.642848808001844, 37.624915488628957 ], [ -120.643118302477788, 37.624915489195871 ], [ -120.643477628882593, 37.624376500297053 ], [ -120.643477629187458, 37.624107005579106 ], [ -120.642579313536984, 37.624017173945333 ], [ -120.642579313497478, 37.62374767902579 ], [ -120.642848807102453, 37.623568016059622 ], [ -120.643747123323962, 37.623478184346673 ], [ -120.643747122606825, 37.62284936452054 ], [ -120.643118301811242, 37.622849363984493 ], [ -120.643118301211246, 37.622579869615578 ], [ -120.643477629336445, 37.622040880455479 ], [ -120.64464543874945, 37.622220542994121 ], [ -120.645274258879311, 37.622849363903136 ], [ -120.646262406330422, 37.622849363635375 ], [ -120.646711563686139, 37.623118858580277 ], [ -120.646711564243688, 37.623478184619955 ], [ -120.647340384597115, 37.62347818442079 ], [ -120.647340384469487, 37.624645994650926 ], [ -120.647070890251186, 37.62464599434167 ], [ -120.647070889967509, 37.624915488950982 ], [ -120.646442068902772, 37.625274814790266 ], [ -120.647340384751416, 37.625544309747553 ], [ -120.647340384337284, 37.626173130130795 ], [ -120.646262406654941, 37.626712119614794 ], [ -120.646172574481355, 37.627340940786041 ], [ -120.64581324843715, 37.627340940334442 ], [ -120.645813248470333, 37.626712119211483 ], [ -120.645274259587524, 37.62671211930148 ], [ -120.645274259698084, 37.627340940371596 ], [ -120.645543753827013, 37.62770026667004 ], [ -120.646172575224256, 37.627700267693839 ], [ -120.646172575052404, 37.628239255950277 ], [ -120.645364090985609, 37.628598581371342 ] ], [ [ -120.643836954712981, 37.627700266803672 ], [ -120.643747124060397, 37.627430772024425 ], [ -120.643747123629566, 37.627700266735637 ], [ -120.643836954712981, 37.627700266803672 ] ], [ [ -120.644016617993259, 37.627161276841839 ], [ -120.643836954921454, 37.627161277362113 ], [ -120.643836954754207, 37.627340940230283 ], [ -120.644016618554758, 37.627340940572431 ], [ -120.644016617993259, 37.627161276841839 ] ], [ [ -120.644196280851276, 37.624735825969168 ], [ -120.644465775834604, 37.624645993988082 ], [ -120.644465775876796, 37.624466331626188 ], [ -120.644196280851276, 37.624735825969168 ] ] ] } },
{ "type": "Feature", "properties": { "csb_id": "061825015445886", "acres": 11.4200990712917, "geoid": "06099" }, "geometry": { "type": "Polygon", "coordinates": [ [ [ -120.891143152438318, 37.623118858719543 ], [ -120.890514332059936, 37.623118858377829 ], [ -120.889885510710428, 37.623478184417486 ], [ -120.889885511100999, 37.623747678841077 ], [ -120.88871770221327, 37.623747681210602 ], [ -120.88844820670576, 37.623118858814799 ], [ -120.888987196599956, 37.62231037509877 ], [ -120.888987195888731, 37.621951048470727 ], [ -120.890604163779642, 37.621322228021569 ], [ -120.89060416400234, 37.621681554602738 ], [ -120.891412646350901, 37.621951049213145 ], [ -120.891412645071853, 37.622220543407884 ], [ -120.891143150510004, 37.622220543774134 ], [ -120.891143150839412, 37.622579869870222 ], [ -120.891682139254726, 37.623118859239312 ], [ -120.891682140792412, 37.623747679567451 ], [ -120.891143153014781, 37.6237476792164 ], [ -120.891143152438318, 37.623118858719543 ] ] ] } },
{ "type": "Feature", "properties": { "csb_id": "061825015445887", "acres": 20.006962629145701, "geoid": "06099" }, "geometry": { "type": "Polygon", "coordinates": [ [ [ -120.82924922975559, 37.625274815877262 ], [ -120.829249229771335, 37.62401717264855 ], [ -120.828889902067132, 37.624017174758734 ], [ -120.82888990362288, 37.623747678224255 ], [ -120.829159398331186, 37.623747679068778 ], [ -120.829159397800908, 37.622849363817302 ], [ -120.828889901938183, 37.622849363894673 ], [ -120.828889904316853, 37.622310375411416 ], [ -120.830057714047669, 37.622220543629211 ], [ -120.830237376948077, 37.621951048456829 ], [ -120.83068653381163, 37.621951049273108 ], [ -120.830956028637672, 37.621681555145329 ], [ -120.831584848805363, 37.621681552814614 ], [ -120.831584849530145, 37.621951048293006 ], [ -120.831315354609913, 37.622220543161141 ], [ -120.830956028534928, 37.62222054452949 ], [ -120.830956028980481, 37.622579868788485 ], [ -120.831135691576023, 37.622849364197485 ], [ -120.831315354627719, 37.622849364157616 ], [ -120.831315355473549, 37.622579870467149 ], [ -120.831944176412492, 37.622579870481097 ], [ -120.831944175213422, 37.62374767881046 ], [ -120.831584848070833, 37.623747679788501 ], [ -120.831315354372137, 37.624645993613996 ], [ -120.831944175670685, 37.62464599536154 ], [ -120.831944176306919, 37.625274816016002 ], [ -120.82924922975559, 37.625274815877262 ] ] ] } },
{ "type": "Feature", "properties": { "csb_id": "061825015445888", "acres": 45.982332227591399, "geoid": "06099" }, "geometry": { "type": "Polygon", "coordinates": [ [ [ -120.826913608725448, 37.626532457209969 ], [ -120.82511697822116, 37.626442624998447 ], [ -120.825027147992657, 37.62563414084061 ], [ -120.824398326934201, 37.625544310105525 ], [ -120.82439832732139, 37.625813804549239 ], [ -120.824218663685585, 37.625903636169369 ], [ -120.822871191340937, 37.625723972411862 ], [ -120.82287119063119, 37.6246459943346 ], [ -120.823140685757622, 37.623118858424959 ], [ -120.822871191136471, 37.623118858578941 ], [ -120.822871190929334, 37.622579869639615 ], [ -120.827093273194507, 37.622669700358294 ], [ -120.827093273525151, 37.622849364190145 ], [ -120.827362767222297, 37.622669700807393 ], [ -120.82888990297981, 37.622579869231608 ], [ -120.828889901938183, 37.622849363894673 ], [ -120.829159397800908, 37.622849363817302 ], [ -120.829159398331186, 37.623747679068778 ], [ -120.82888990362288, 37.623747678224255 ], [ -120.828889902067132, 37.624017174758734 ], [ -120.829069566767203, 37.624017174582868 ], [ -120.829069566208929, 37.624915489557857 ], [ -120.8282610830572, 37.624915490092768 ], [ -120.8282610829676, 37.625274816101658 ], [ -120.827093272786556, 37.625274815089078 ], [ -120.826823778561646, 37.625813803931784 ], [ -120.826823778726322, 37.626173130196946 ], [ -120.827093271765975, 37.626262962278567 ], [ -120.826913607224952, 37.626262962066072 ], [ -120.826913608725448, 37.626532457209969 ] ] ] } },
{ "type": "Feature", "properties": { "csb_id": "061825015445890", "acres": 3.1847482271377601, "geoid": "06099" }, "geometry": { "type": "Polygon", "coordinates": [ [ [ -120.641950493331919, 37.623118858594182 ], [ -120.642040324040821, 37.621771385793338 ], [ -120.642848808039275, 37.621771385703546 ], [ -120.643477629336445, 37.622040880455479 ], [ -120.643118301211246, 37.622579869615578 ], [ -120.642579313469128, 37.622579870226211 ], [ -120.64257931406712, 37.623118858258501 ], [ -120.641950493331919, 37.623118858594182 ] ] ] } },
{ "type": "Feature", "properties": { "csb_id": "061825015445897", "acres": 24.064369460325299, "geoid": "06099" }, "geometry": { "type": "Polygon", "coordinates": [ [ [ -120.834010300872322, 37.625184983969135 ], [ -120.831944176306919, 37.625274816016002 ], [ -120.831944175670685, 37.62464599536154 ], [ -120.831315354372137, 37.624645993613996 ], [ -120.831584848070833, 37.623747679788501 ], [ -120.831944175213422, 37.62374767881046 ], [ -120.831944175480814, 37.621951048517886 ], [ -120.832842491134699, 37.621951048437374 ], [ -120.833740805870946, 37.622579869108172 ], [ -120.835178110481408, 37.62284936381571 ], [ -120.835537436658043, 37.623118858389176 ], [ -120.835537436187195, 37.624376500249738 ], [ -120.835357773481888, 37.624376501053668 ], [ -120.835357773478989, 37.624915490244746 ], [ -120.834639121557302, 37.624915489026741 ], [ -120.834010300872322, 37.625184983969135 ] ] ] } },
{ "type": "Feature", "properties": { "csb_id": "061825015445899", "acres": 17.506409111260599, "geoid": "06099" }, "geometry": { "type": "Polygon", "coordinates": [ [ [ -120.725763309215324, 37.623568016300148 ], [ -120.723068362593295, 37.623657847309794 ], [ -120.723248025698865, 37.622579869774029 ], [ -120.723697183139734, 37.622220544428345 ], [ -120.723966678378886, 37.622220543067968 ], [ -120.723966677708532, 37.621951049600504 ], [ -120.723517519732312, 37.621681553815264 ], [ -120.724595498004362, 37.62168155454988 ], [ -120.724595498656271, 37.621322228301736 ], [ -120.724326004400496, 37.62132222783378 ], [ -120.72432600492877, 37.621052734705522 ], [ -120.724595499375681, 37.620783239842531 ], [ -120.725224320014121, 37.620783239058518 ], [ -120.725224320113199, 37.620154417522883 ], [ -120.726122635296946, 37.620154418690085 ], [ -120.726122634673914, 37.621052733540829 ], [ -120.726392129127007, 37.621052733483324 ], [ -120.726392129502571, 37.6216815549815 ], [ -120.726122635450452, 37.621951048810992 ], [ -120.726122634310599, 37.622849365189296 ], [ -120.725763308629411, 37.622849364015877 ], [ -120.725763309215324, 37.623568016300148 ] ] ] } },
{ "type": "Feature", "properties": { "csb_id": "061825015445903", "acres": 3.29221538277586, "geoid": "06099" }, "geometry": { "type": "Polygon", "coordinates": [ [ [ -120.635662285864441, 37.622579869101692 ], [ -120.633775823690883, 37.62257986963661 ], [ -120.633775824237048, 37.622220543333277 ], [ -120.634135149573538, 37.622040879163691 ], [ -120.634135150363207, 37.621681555167875 ], [ -120.635033465525638, 37.621681555138288 ], [ -120.635302960326882, 37.621951049018236 ], [ -120.635302959704077, 37.622220543345151 ], [ -120.635662284486898, 37.622220543151023 ], [ -120.635662285864441, 37.622579869101692 ] ] ] } },
{ "type": "Feature", "properties": { "csb_id": "061825015445911", "acres": 21.863392610527299, "geoid": "06099" }, "geometry": { "type": "Polygon", "coordinates": [ [ [ -120.736902418374399, 37.623657847665328 ], [ -120.733578652348271, 37.623657847518537 ], [ -120.732859999538874, 37.622669700429157 ], [ -120.733309157995322, 37.622040880933099 ], [ -120.733578651850024, 37.621951048229519 ], [ -120.733578651751458, 37.621681554753764 ], [ -120.734476966917512, 37.621681554488326 ], [ -120.734476966829064, 37.621322227679464 ], [ -120.734836293393911, 37.621052733717136 ], [ -120.736632924243381, 37.621052733365659 ], [ -120.737082081314227, 37.620783238374166 ], [ -120.736902418108727, 37.622310374567142 ], [ -120.736902418377198, 37.622849363645514 ], [ -120.737082081394547, 37.622849364059306 ], [ -120.737082081879677, 37.623208689570767 ], [ -120.736902418374399, 37.623657847665328 ] ] ] } },
{ "type": "Feature", "properties": { "csb_id": "061825015445921", "acres": 3.63417649165096, "geoid": "06099" }, "geometry": { "type": "Polygon", "coordinates": [ [ [ -120.89060416400234, 37.621681554602738 ], [ -120.890783826879868, 37.621052732810256 ], [ -120.891682142305271, 37.621052733534476 ], [ -120.892041467568887, 37.621322227552049 ], [ -120.89258045695, 37.621322228219491 ], [ -120.89258045667664, 37.621951048970594 ], [ -120.891143152768734, 37.621951049579359 ], [ -120.89060416400234, 37.621681554602738 ] ] ] } },
{ "type": "Feature", "properties": { "csb_id": "061825015445922", "acres": 6.6431576367188496, "geoid": "06099" }, "geometry": { "type": "Polygon", "coordinates": [ [ [ -120.885124440213829, 37.621681553767651 ], [ -120.883687136223571, 37.621681554352548 ], [ -120.883687135893453, 37.621412059861775 ], [ -120.883866799314106, 37.621412059105666 ], [ -120.883866798582986, 37.620423912798074 ], [ -120.886112586791839, 37.620154417987877 ], [ -120.88629225051352, 37.620783238393201 ], [ -120.885663429726847, 37.621052733669984 ], [ -120.885124440213829, 37.621681553767651 ] ] ] } },
{ "type": "Feature", "properties": { "csb_id": "061825015445925", "acres": 15.738225899489899, "geoid": "06099" }, "geometry": { "type": "Polygon", "coordinates": [ [ [ -120.727559939547575, 37.623657847471755 ], [ -120.725763308938667, 37.623657847667879 ], [ -120.725763308629411, 37.622849364015877 ], [ -120.726122634310599, 37.622849365189296 ], [ -120.726122635450452, 37.621951048810992 ], [ -120.726392129502571, 37.6216815549815 ], [ -120.726392129127007, 37.621052733483324 ], [ -120.726122634673914, 37.621052733540829 ], [ -120.726122634373695, 37.6204239123973 ], [ -120.726661624304668, 37.620244249142168 ], [ -120.726661624442343, 37.619615428670379 ], [ -120.727020950289074, 37.619615428521271 ], [ -120.727020950714987, 37.619884923588238 ], [ -120.727739602587803, 37.619884923385733 ], [ -120.727919265590828, 37.621322228144564 ], [ -120.727919265947207, 37.623478184919506 ], [ -120.727559939547575, 37.623657847471755 ] ] ] } },
{ "type": "Feature", "properties": { "csb_id": "061825015445926", "acres": 4.1421679230599002, "geoid": "06099" }, "geometry": { "type": "Polygon", "coordinates": [ [ [ -120.635302959704077, 37.622220543345151 ], [ -120.635302960326882, 37.621951049018236 ], [ -120.634853802375886, 37.621681555329147 ], [ -120.634763970651562, 37.621052733771421 ], [ -120.635033465098928, 37.620783238628739 ], [ -120.635302960054929, 37.620783239430061 ], [ -120.635302958585271, 37.621142565745892 ], [ -120.636560601122653, 37.621142565139486 ], [ -120.636650432157069, 37.621681553852724 ], [ -120.636201275572461, 37.621951048420534 ], [ -120.636201274898511, 37.622220543433677 ], [ -120.635302959704077, 37.622220543345151 ] ] ] } },
{ "type": "Feature", "properties": { "csb_id": "061825015445929", "acres": 21.6679659692828, "geoid": "06099" }, "geometry": { "type": "Polygon", "coordinates": [ [ [ -120.733309157002509, 37.623478184190738 ], [ -120.729087075506285, 37.623657847629751 ], [ -120.728188760309877, 37.623568016507043 ], [ -120.728188759720354, 37.622220543103502 ], [ -120.729087075099486, 37.622220543267062 ], [ -120.729087075488408, 37.621951048484 ], [ -120.729715896515231, 37.62195104865247 ], [ -120.729715896534032, 37.621322227725365 ], [ -120.730614210302278, 37.62114256522343 ], [ -120.731961684172802, 37.621142564699994 ], [ -120.732231178861355, 37.621412059035116 ], [ -120.732231179315207, 37.622310374887235 ], [ -120.732500673263843, 37.622669700964813 ], [ -120.732859999538874, 37.622669700429157 ], [ -120.73312949465631, 37.623208690248525 ], [ -120.733309157589261, 37.623208689961359 ], [ -120.733309157002509, 37.623478184190738 ] ], [ [ -120.728817580926631, 37.622669700569418 ], [ -120.728637918153439, 37.622579868877096 ], [ -120.728637918044157, 37.622669700956948 ], [ -120.728817580926631, 37.622669700569418 ] ] ] } },
{ "type": "Feature", "properties": { "csb_id": "061825015445961", "acres": 3.1066782138677, "geoid": "06099" }, "geometry": { "type": "Polygon", "coordinates": [ [ [ -120.641950492520266, 37.620873070521739 ], [ -120.641321672520021, 37.620783239078747 ], [ -120.641321672004949, 37.620423912642188 ], [ -120.641591166443263, 37.620423912293212 ], [ -120.641770829646745, 37.620154418026573 ], [ -120.641770828812398, 37.619615428990997 ], [ -120.642219987275112, 37.619615428880401 ], [ -120.642219986008413, 37.619884924094173 ], [ -120.642579313434936, 37.6198849236863 ], [ -120.642579313181173, 37.620154418018359 ], [ -120.642848807812896, 37.620154418336924 ], [ -120.642848808538801, 37.620423912649798 ], [ -120.642219987303093, 37.621052733214817 ], [ -120.641950492496733, 37.621052733634912 ], [ -120.641950492520266, 37.620873070521739 ] ] ] } },
{ "type": "Feature", "properties": { "csb_id": "061825015445972", "acres": 3.2434217422237399, "geoid": "06099" }, "geometry": { "type": "Polygon", "coordinates": [ [ [ -120.918631600404055, 37.621681553647974 ], [ -120.918631600391237, 37.621142564939213 ], [ -120.918272274518728, 37.621142564409119 ], [ -120.918272274306688, 37.620244249135581 ], [ -120.918631600540422, 37.620244249602294 ], [ -120.918631599994512, 37.620513744145931 ], [ -120.919529915315067, 37.620513744186262 ], [ -120.919529915515781, 37.621412059817267 ], [ -120.918901094494146, 37.621771385261852 ], [ -120.918631600404055, 37.621681553647974 ] ] ] } },
{ "type": "Feature", "properties": { "csb_id": "061825015445981", "acres": 27.569135821011901, "geoid": "06099" }, "geometry": { "type": "Polygon", "coordinates": [ [ [ -120.644735270458852, 37.622310374963838 ], [ -120.644016617130745, 37.622040880587491 ], [ -120.64329796563274, 37.622040880110312 ], [ -120.642848808039275, 37.621771385703546 ], [ -120.642040324040821, 37.621771385793338 ], [ -120.642040324235012, 37.621951048863821 ], [ -120.641950492496733, 37.621052733634912 ], [ -120.642219987303093, 37.621052733214817 ], [ -120.642848808538801, 37.620423912649798 ], [ -120.642848807812896, 37.620154418336924 ], [ -120.642579313181173, 37.620154418018359 ], [ -120.64257931404407, 37.619525597516557 ], [ -120.642848807875183, 37.619256103000637 ], [ -120.643747123672597, 37.619256102661076 ], [ -120.643747122948525, 37.619525597090771 ], [ -120.644375942806661, 37.619525597971794 ], [ -120.644375944561489, 37.619256102855736 ], [ -120.64491493243797, 37.619256103114324 ], [ -120.644914932349138, 37.619525597368025 ], [ -120.645094596658026, 37.619525597634158 ], [ -120.645543753981102, 37.619256102684261 ], [ -120.646172574486442, 37.619256102915635 ], [ -120.646172574253882, 37.619525597222093 ], [ -120.645813248366011, 37.61952559719316 ], [ -120.645813248179479, 37.619884923750028 ], [ -120.646172574410059, 37.619884923145342 ], [ -120.646172574470825, 37.620154418269372 ], [ -120.646442069237878, 37.620154417995941 ], [ -120.646531900818374, 37.621052732889069 ], [ -120.646891226816649, 37.621142565097387 ], [ -120.646891226831414, 37.621322227898467 ], [ -120.64653190050511, 37.621412059124822 ], [ -120.646442069558248, 37.622220542687806 ], [ -120.645813248591267, 37.622220543354572 ], [ -120.645813248264773, 37.622849364358643 ], [ -120.645274258879311, 37.622849363903136 ], [ -120.644735270458852, 37.622310374963838 ] ] ] } },
{ "type": "Feature", "properties": { "csb_id": "061825015445992", "acres": 14.732136658356, "geoid": "06099" }, "geometry": { "type": "Polygon", "coordinates": [ [ [ -120.923302839820153, 37.622579869436251 ], [ -120.923302839812777, 37.622220542986511 ], [ -120.922404524014809, 37.622220543440619 ], [ -120.922404526096031, 37.621951048596792 ], [ -120.922763849206518, 37.621951048499739 ], [ -120.922763850278059, 37.621681554498572 ], [ -120.922494355038012, 37.621681554560716 ], [ -120.922494354624419, 37.620244249730952 ], [ -120.922763850855219, 37.619884923164982 ], [ -120.923662165620271, 37.619884923589581 ], [ -120.92429098629573, 37.620513744347463 ], [ -120.925099469844909, 37.620513743942197 ], [ -120.92509947083343, 37.621052733144339 ], [ -120.926267279936425, 37.621052733379983 ], [ -120.926267279960598, 37.621322228015927 ], [ -120.925099470118411, 37.62141205983216 ], [ -120.924740144564737, 37.622579869620871 ], [ -120.923302839820153, 37.622579869436251 ] ] ] } },
{ "type": "Feature", "properties": { "csb_id": "061825015445996", "acres": 3.4974815881496699, "geoid": "06099" }, "geometry": { "type": "Polygon", "coordinates": [ [ [ -120.618504463530542, 37.620154417735932 ], [ -120.618504462834849, 37.619256102646013 ], [ -120.61877395849821, 37.61925610271831 ], [ -120.619133284382968, 37.619525598004493 ], [ -120.620570589226404, 37.619525597038958 ], [ -120.620570589192525, 37.619345934428111 ], [ -120.620929915585378, 37.619256102917213 ], [ -120.620929915581328, 37.619884923149684 ], [ -120.619851936559542, 37.619884923720505 ], [ -120.619851936648644, 37.620154418431682 ], [ -120.618504463530542, 37.620154417735932 ] ] ] } },
{ "type": "Feature", "properties": { "csb_id": "061825015446006", "acres": 37.631595780455001, "geoid": "06099" }, "geometry": { "type": "Polygon", "coordinates": [ [ [ -120.90973827937394, 37.621681553654049 ], [ -120.909738279098804, 37.621322228005305 ], [ -120.909468784412894, 37.621322228049095 ], [ -120.909468784782902, 37.621681554328426 ], [ -120.90973827937394, 37.621681553654049 ], [ -120.90973827869783, 37.621951048745736 ], [ -120.909109456705437, 37.621951048873406 ], [ -120.909109458562725, 37.621681554012895 ], [ -120.907941648731011, 37.621681553671017 ], [ -120.907941648462497, 37.622220543646186 ], [ -120.907312827962414, 37.622310374895811 ], [ -120.907043333480573, 37.622220543366559 ], [ -120.907043333418002, 37.621951048651198 ], [ -120.905246702199165, 37.621681554020704 ], [ -120.905246701518905, 37.6213222293173 ], [ -120.906414512603874, 37.620513744256037 ], [ -120.906414512919454, 37.619615429235054 ], [ -120.906773839041463, 37.619525597082145 ], [ -120.91216372966737, 37.619525597650082 ], [ -120.912433224908412, 37.619884923391488 ], [ -120.91243322428808, 37.620783238894518 ], [ -120.913690866218815, 37.620783238936049 ], [ -120.913780697225235, 37.621052733020122 ], [ -120.913690866395385, 37.62168155355338 ], [ -120.913062045661832, 37.621322227667264 ], [ -120.911894235670133, 37.621322227632746 ], [ -120.911894235300835, 37.62177138595483 ], [ -120.911355247218083, 37.62195104891147 ], [ -120.910995920122772, 37.621951048527066 ], [ -120.91099592013407, 37.621681554465262 ], [ -120.90973827937394, 37.621681553654049 ] ], [ [ -120.910816256651017, 37.621412059594952 ], [ -120.910636594727549, 37.621322228170996 ], [ -120.910636592348339, 37.621412059633684 ], [ -120.910816256651017, 37.621412059594952 ] ] ] } },
{ "type": "Feature", "properties": { "csb_id": "061825015446017", "acres": 21.463532040127099, "geoid": "06099" }, "geometry": { "type": "Polygon", "coordinates": [ [ [ -120.736632924243381, 37.621052733365659 ], [ -120.734836293393911, 37.621052733717136 ], [ -120.734476966829064, 37.621322227679464 ], [ -120.734476966917512, 37.621681554488326 ], [ -120.733578651751458, 37.621681554753764 ], [ -120.73357865177654, 37.621142564928356 ], [ -120.733129494719307, 37.620873070393237 ], [ -120.733039662357314, 37.620423913 ], [ -120.73268033687242, 37.619884923826511 ], [ -120.732410841661618, 37.619884923136979 ], [ -120.732410841587836, 37.619256102677298 ], [ -120.733039662293166, 37.619256103168354 ], [ -120.733039663087865, 37.618447618484524 ], [ -120.733309157542308, 37.618357787214933 ], [ -120.734297303923768, 37.618357787267549 ], [ -120.734656629781057, 37.618717113701386 ], [ -120.734656630078604, 37.61925610266379 ], [ -120.734476967515917, 37.619256102234417 ], [ -120.73447696675332, 37.619525597663795 ], [ -120.735734607641987, 37.619525597288707 ], [ -120.73573460672749, 37.618986608711502 ], [ -120.736093935039833, 37.618986608355648 ], [ -120.736632923642048, 37.61934593401147 ], [ -120.736902417957594, 37.620873070481252 ], [ -120.736632924243381, 37.621052733365659 ] ] ] } },
{ "type": "Feature", "properties": { "csb_id": "061825015446026", "acres": 5.8227094082179898, "geoid": "06099" }, "geometry": { "type": "Polygon", "coordinates": [ [ [ -120.645094595988567, 37.619345933938085 ], [ -120.645094596658026, 37.619525597634158 ], [ -120.644914932349138, 37.619525597368025 ], [ -120.64491493243797, 37.619256103114324 ], [ -120.644375944561489, 37.619256102855736 ], [ -120.644375942806661, 37.619525597971794 ], [ -120.643747122948525, 37.619525597090771 ], [ -120.643747122955489, 37.618627282132927 ], [ -120.643477628573081, 37.61862728212953 ], [ -120.643477628370619, 37.618088292946524 ], [ -120.6437471233439, 37.61799846127122 ], [ -120.643747122962438, 37.617728966961238 ], [ -120.644196280667472, 37.617728966586732 ], [ -120.6446454381839, 37.617998461506183 ], [ -120.644735270714591, 37.618447618844343 ], [ -120.645543754382373, 37.618627281540178 ], [ -120.645543753981102, 37.619256102684261 ], [ -120.645274259568112, 37.619525597001712 ], [ -120.645094595988567, 37.619345933938085 ] ] ] } },
{ "type": "Feature", "properties": { "csb_id": "061825015446035", "acres": 12.1825490751971, "geoid": "06099" }, "geometry": { "type": "Polygon", "coordinates": [ [ [ -120.92096721919863, 37.621142565051798 ], [ -120.920697726090296, 37.620244249794283 ], [ -120.920967220497417, 37.619615428537017 ], [ -120.920967219828739, 37.618717113549394 ], [ -120.922045198528934, 37.618357787294336 ], [ -120.922045198455606, 37.618627281700462 ], [ -120.922404524445483, 37.618896777027274 ], [ -120.9233926709408, 37.61898660844308 ], [ -120.923392671087058, 37.619345934338398 ], [ -120.923123176819701, 37.619345934594371 ], [ -120.92312317507978, 37.619884923373213 ], [ -120.922763850855219, 37.619884923164982 ], [ -120.922494354624419, 37.620244249730952 ], [ -120.922494355090762, 37.621771385742392 ], [ -120.922224860925411, 37.621771385838805 ], [ -120.922224860322885, 37.621412059607209 ], [ -120.92159604013078, 37.62114256532476 ], [ -120.92096721919863, 37.621142565051798 ] ] ] } },
{ "type": "Feature", "properties": { "csb_id": "061825015446038", "acres": 9.5449550729528703, "geoid": "06099" }, "geometry": { "type": "Polygon", "coordinates": [ [ [ -120.642219987275112, 37.619615428880401 ], [ -120.641950492684842, 37.619615428490718 ], [ -120.641950493013383, 37.61934593457778 ], [ -120.641411503062088, 37.619345934421119 ], [ -120.641142007840259, 37.618717113718084 ], [ -120.641770829502093, 37.617728966936411 ], [ -120.642219987526374, 37.617459472215202 ], [ -120.64257931402679, 37.617459472335646 ], [ -120.643477629036269, 37.61799846172535 ], [ -120.643477628573081, 37.61862728212953 ], [ -120.643747122955489, 37.618627282132927 ], [ -120.643747123672597, 37.619256102661076 ], [ -120.642848807875183, 37.619256103000637 ], [ -120.64257931404407, 37.619525597516557 ], [ -120.642579313434936, 37.6198849236863 ], [ -120.642219986008413, 37.619884924094173 ], [ -120.642219987275112, 37.619615428880401 ] ] ] } },
{ "type": "Feature", "properties": { "csb_id": "061825015446109", "acres": 7.3858540022514498, "geoid": "06099" }, "geometry": { "type": "Polygon", "coordinates": [ [ [ -120.81478635399219, 37.619256102766393 ], [ -120.813977870150751, 37.619256102800506 ], [ -120.813528712526505, 37.618627281512175 ], [ -120.813708375280925, 37.617459472483681 ], [ -120.813888037776152, 37.617459472448104 ], [ -120.814157532879847, 37.61799846151095 ], [ -120.815774500471576, 37.617998460923289 ], [ -120.815774499934392, 37.61871711399214 ], [ -120.815505006251087, 37.61952559714446 ], [ -120.814786353550602, 37.619525597010103 ], [ -120.81478635399219, 37.619256102766393 ] ] ] } },
{ "type": "Feature", "properties": { "csb_id": "061825015446146", "acres": 6.3113139044440301, "geoid": "06099" }, "geometry": { "type": "Polygon", "coordinates": [ [ [ -120.815774500471576, 37.617998460923289 ], [ -120.814157532879847, 37.61799846151095 ], [ -120.813888037776152, 37.617459472448104 ], [ -120.813888037905187, 37.617100146360634 ], [ -120.81442702732673, 37.616830651510298 ], [ -120.815055847913413, 37.616830651945335 ], [ -120.815684668453429, 37.616291662769065 ], [ -120.816133826794143, 37.616291662680567 ], [ -120.816133826276911, 37.616830651691465 ], [ -120.815774500471576, 37.617998460923289 ] ] ] } },
{ "type": "Feature", "properties": { "csb_id": "061825015446257", "acres": 3.3120879989108101, "geoid": "06099" }, "geometry": { "type": "Polygon", "coordinates": [ [ [ -120.737531239320532, 37.615123852591822 ], [ -120.737621070375425, 37.614225536834347 ], [ -120.738519385954348, 37.614225536841218 ], [ -120.738519385446068, 37.614495031937508 ], [ -120.739417701635787, 37.614495031411543 ], [ -120.739417701505673, 37.61485435742852 ], [ -120.738878711848983, 37.615123852831985 ], [ -120.737531239320532, 37.615123852591822 ] ] ] } },
{ "type": "Feature", "properties": { "csb_id": "061825015446293", "acres": 5.1684960050823996, "geoid": "06099" }, "geometry": { "type": "Polygon", "coordinates": [ [ [ -121.039095680390048, 37.613956042154634 ], [ -121.036400733565671, 37.613866210839682 ], [ -121.036131239896278, 37.613506884486469 ], [ -121.036310902087152, 37.613237390111301 ], [ -121.036760060260988, 37.613237390289292 ], [ -121.03658039756813, 37.61296789608933 ], [ -121.038107533245892, 37.612967895815927 ], [ -121.039095679916073, 37.613596716363432 ], [ -121.039095680390048, 37.613956042154634 ] ] ] } },
{ "type": "Feature", "properties": { "csb_id": "061825015446309", "acres": 12.8381641865749, "geoid": "06099" }, "geometry": { "type": "Polygon", "coordinates": [ [ [ -120.925818122684433, 37.615034020749341 ], [ -120.925728290439849, 37.614405199925805 ], [ -120.924919806819091, 37.614405199993449 ], [ -120.924201155519938, 37.614135705101646 ], [ -120.923841829524847, 37.613506884827153 ], [ -120.924470649699742, 37.613237390740679 ], [ -120.924470649282043, 37.612967896052524 ], [ -120.92509947090771, 37.612967895910359 ], [ -120.925548627647856, 37.613237390537137 ], [ -120.925728291488028, 37.613237390321785 ], [ -120.925728291213844, 37.612967895569994 ], [ -120.926716437760916, 37.612967895397851 ], [ -120.926626606445907, 37.612608570086465 ], [ -120.927524921883105, 37.61260856961276 ], [ -120.927524922124036, 37.613057727426146 ], [ -120.928063911182306, 37.613057727645057 ], [ -120.928063910219876, 37.613327221656085 ], [ -120.927614753599215, 37.613866210905286 ], [ -120.926896100520153, 37.613866211236953 ], [ -120.926626606780886, 37.614135705799278 ], [ -120.926626605879179, 37.614764526423912 ], [ -120.926267280442232, 37.614764526295552 ], [ -120.926267280169853, 37.615034020519325 ], [ -120.925818122684433, 37.615034020749341 ] ] ] } },
{ "type": "Feature", "properties": { "csb_id": "061825015446312", "acres": 5.34434616118285, "geoid": "06099" }, "geometry": { "type": "Polygon", "coordinates": [ [ [ -120.739777027550886, 37.614495031863591 ], [ -120.739777027097645, 37.614225536940523 ], [ -120.739417701425594, 37.613956042867535 ], [ -120.739148206792422, 37.613057727012638 ], [ -120.740675342273249, 37.613057727771633 ], [ -120.741214332271923, 37.613596716591537 ], [ -120.741214332087296, 37.614225536944211 ], [ -120.740316016957394, 37.614225537327258 ], [ -120.74031601686508, 37.614495031847504 ], [ -120.739777027550886, 37.614495031863591 ] ] ] } },
{ "type": "Feature", "properties": { "csb_id": "061825015446442", "acres": 29.468332489430601, "geoid": "06099" }, "geometry": { "type": "Polygon", "coordinates": [ [ [ -120.882429494115229, 37.612339075309684 ], [ -120.880722694612416, 37.612339076222909 ], [ -120.880632864228048, 37.61260856922479 ], [ -120.880273538369565, 37.612608570571055 ], [ -120.88000404353231, 37.612069580826159 ], [ -120.880004042819181, 37.611710254010362 ], [ -120.880632863743358, 37.611710254080911 ], [ -120.880632864276649, 37.611440760092876 ], [ -120.879734548895073, 37.611440759502052 ], [ -120.879734548571662, 37.610811938654422 ], [ -120.880004043029047, 37.610811939174717 ], [ -120.880004043656015, 37.610272950249723 ], [ -120.879734548544263, 37.610183118563 ], [ -120.879734548624981, 37.609644129147284 ], [ -120.881171852560513, 37.60946446593227 ], [ -120.881800673963795, 37.609644128710393 ], [ -120.882070168138142, 37.609913623548131 ], [ -120.882698989312118, 37.609913623570755 ], [ -120.883327809542479, 37.609464466601771 ], [ -120.884226125109407, 37.609464466131108 ], [ -120.885393934743433, 37.609913623570172 ], [ -120.885393933411621, 37.610542444788912 ], [ -120.885124439942814, 37.610811938766489 ], [ -120.885124440496611, 37.611171265347537 ], [ -120.884046462066891, 37.611081434303877 ], [ -120.883597304510516, 37.611710253862043 ], [ -120.882698989293431, 37.611710254094213 ], [ -120.882698988626899, 37.612069580233914 ], [ -120.882429494115229, 37.612339075309684 ] ] ] } },
{ "type": "Feature", "properties": { "csb_id": "061825015446457", "acres": 11.4512510170151, "geoid": "06099" }, "geometry": { "type": "Polygon", "coordinates": [ [ [ -120.721990384955106, 37.610632275805976 ], [ -120.722349711107526, 37.610632275714295 ], [ -120.722349710684199, 37.610003455805263 ], [ -120.721990385074719, 37.610003455493725 ], [ -120.721990384900153, 37.609374634213403 ], [ -120.722529373784766, 37.609284803321984 ], [ -120.72351752034858, 37.60964412905701 ], [ -120.723517520785592, 37.609913624039109 ], [ -120.724326004170649, 37.609913624292645 ], [ -120.724595498898296, 37.610542444634774 ], [ -120.724595498989913, 37.611081433469927 ], [ -120.724326004490266, 37.611440760215999 ], [ -120.722888700349486, 37.611530591216884 ], [ -120.722619205923095, 37.611800085888397 ], [ -120.721990384037809, 37.611800085612501 ], [ -120.721990384955106, 37.610632275805976 ] ] ] } },
{ "type": "Feature", "properties": { "csb_id": "061825015446458", "acres": 6.1750787948097896, "geoid": "06099" }, "geometry": { "type": "Polygon", "coordinates": [ [ [ -120.719205607517651, 37.612069580478476 ], [ -120.719205607273366, 37.609284803478246 ], [ -120.720463248330049, 37.609374634938341 ], [ -120.720463248427706, 37.609733960784077 ], [ -120.720193754585836, 37.610003455162804 ], [ -120.720193753667701, 37.610632276170087 ], [ -120.71992425948504, 37.610901770923775 ], [ -120.720193753659927, 37.611171264831249 ], [ -120.720193754435229, 37.611800087137155 ], [ -120.719475101854627, 37.611800085097308 ], [ -120.719475102037265, 37.612069580619 ], [ -120.719205607517651, 37.612069580478476 ] ] ] } },
{ "type": "Feature", "properties": { "csb_id": "061825015446595", "acres": 11.412722393441999, "geoid": "06099" }, "geometry": { "type": "Polygon", "coordinates": [ [ [ -120.825745800073292, 37.607937330193863 ], [ -120.825745800585565, 37.606679688841496 ], [ -120.826015294395006, 37.606679688506894 ], [ -120.826015294540994, 37.606410194126077 ], [ -120.82511697958391, 37.606410194074719 ], [ -120.825116979385143, 37.60614069950374 ], [ -120.825386474549973, 37.606140699869137 ], [ -120.825386473617044, 37.605781373303081 ], [ -120.827183104877875, 37.605781373200003 ], [ -120.827183105088295, 37.60614069988565 ], [ -120.827542430432572, 37.606140700008233 ], [ -120.827811925429188, 37.606410194468516 ], [ -120.827811924806156, 37.607308509562031 ], [ -120.828081420168303, 37.607308509426787 ], [ -120.828081419502809, 37.607578004493838 ], [ -120.827183103939092, 37.607578003925703 ], [ -120.827183104149526, 37.607937330437935 ], [ -120.827542430980856, 37.607937330219293 ], [ -120.827542430565927, 37.608206824779941 ], [ -120.826015294993269, 37.608206824820911 ], [ -120.825745800073292, 37.607937330193863 ] ] ] } },
{ "type": "Feature", "properties": { "csb_id": "061825015446676", "acres": 57.406116578081303, "geoid": "06099" }, "geometry": { "type": "Polygon", "coordinates": [ [ [ -121.130903502008422, 37.608655982016877 ], [ -121.130993334206181, 37.604254237767833 ], [ -121.131262828095245, 37.603894911645234 ], [ -121.131622154493002, 37.603894911216891 ], [ -121.131622154104264, 37.603266091098099 ], [ -121.132161143487664, 37.60326609078254 ], [ -121.13216114331253, 37.603625416685304 ], [ -121.133418785260957, 37.603625416577152 ], [ -121.133418785159591, 37.603266090369416 ], [ -121.133688278839386, 37.603266090445842 ], [ -121.133778111090749, 37.604613563834405 ], [ -121.135035751907793, 37.604613563751791 ], [ -121.135305247090969, 37.605152552537859 ], [ -121.135484909761075, 37.605152553257405 ], [ -121.135754404133849, 37.606050867859487 ], [ -121.136652720134791, 37.606050869082907 ], [ -121.136832382717998, 37.606320363307965 ], [ -121.136113731120332, 37.606949184005295 ], [ -121.136113730660114, 37.607218678500317 ], [ -121.137012046129612, 37.607308509094011 ], [ -121.137012046518066, 37.608116993214402 ], [ -121.136652720057924, 37.608116993216434 ], [ -121.136652719349044, 37.608386488093601 ], [ -121.135484910111344, 37.608386487830586 ], [ -121.135484909872247, 37.608655982616483 ], [ -121.130903502008422, 37.608655982016877 ] ] ] } },
{ "type": "Feature", "properties": { "csb_id": "061825015446688", "acres": 30.3105510711904, "geoid": "06099" }, "geometry": { "type": "Polygon", "coordinates": [ [ [ -121.128298388147087, 37.608655982657467 ], [ -121.128388219016543, 37.605691542215155 ], [ -121.128118724017639, 37.605691541769261 ], [ -121.128118725250346, 37.605422047593557 ], [ -121.12856788201853, 37.605422047066391 ], [ -121.128657713368042, 37.605152552599236 ], [ -121.128657713379027, 37.603355922181471 ], [ -121.129286534621528, 37.60335592188688 ], [ -121.129466197920593, 37.60308642791739 ], [ -121.129915356775513, 37.603086428235173 ], [ -121.13009501662475, 37.602727101548233 ], [ -121.130723839254415, 37.60326609201126 ], [ -121.130813670636726, 37.603625417003286 ], [ -121.130723839357927, 37.608655981985734 ], [ -121.128298388147087, 37.608655982657467 ] ] ] } },
{ "type": "Feature", "properties": { "csb_id": "061825015446823", "acres": 7.0064768726131597, "geoid": "06099" }, "geometry": { "type": "Polygon", "coordinates": [ [ [ -120.811013429668435, 37.602188111878142 ], [ -120.811193092783938, 37.602098280469988 ], [ -120.8111930920725, 37.601469460320132 ], [ -120.810833766784583, 37.601469460080054 ], [ -120.81083376605163, 37.600660976332676 ], [ -120.811013429093848, 37.600660976555631 ], [ -120.811013429705582, 37.60012198740651 ], [ -120.812360902238368, 37.600032155416272 ], [ -120.812810059929674, 37.600391482113082 ], [ -120.812810060210282, 37.601020302623908 ], [ -120.812450734223049, 37.601020302212603 ], [ -120.812181239749407, 37.601289797237541 ], [ -120.811911745072322, 37.601289797088008 ], [ -120.811911744954159, 37.601918617788307 ], [ -120.812181239411871, 37.601918617536434 ], [ -120.812181238635915, 37.60218811204917 ], [ -120.811013429668435, 37.602188111878142 ] ] ] } },
{ "type": "Feature", "properties": { "csb_id": "061825015446843", "acres": 11.872973542661301, "geoid": "06099" }, "geometry": { "type": "Polygon", "coordinates": [ [ [ -121.118506750941123, 37.601020302695275 ], [ -121.118506750987351, 37.600660976677943 ], [ -121.118776245693013, 37.600391481600631 ], [ -121.119405066891986, 37.600391481729581 ], [ -121.119405066794869, 37.600121987667833 ], [ -121.118506750907329, 37.600121987155767 ], [ -121.118147424883887, 37.600391482764515 ], [ -121.11814742473949, 37.601020303381013 ], [ -121.117877930475871, 37.601289797811198 ], [ -121.116979614987585, 37.6011999654962 ], [ -121.11635079413081, 37.601289797285688 ], [ -121.116260963331413, 37.601469459878238 ], [ -121.116260963316108, 37.599672829185955 ], [ -121.119944055019147, 37.599762661202561 ], [ -121.120572875722345, 37.600121987111514 ], [ -121.12057287667821, 37.600660976847195 ], [ -121.119944056115344, 37.600660977509065 ], [ -121.119944055968233, 37.600391482139486 ], [ -121.119674560728868, 37.600391481918635 ], [ -121.119674560496492, 37.601020302515423 ], [ -121.118506750941123, 37.601020302695275 ] ] ] } },
{ "type": "Feature", "properties": { "csb_id": "061825015446863", "acres": 3.1271138498374098, "geoid": "06099" }, "geometry": { "type": "Polygon", "coordinates": [ [ [ -121.052031420248312, 37.599403334836772 ], [ -121.051312767466058, 37.59913384074494 ], [ -121.051312767163679, 37.59877451396094 ], [ -121.051672094082463, 37.598235524882135 ], [ -121.051941588645704, 37.59823552526187 ], [ -121.051941588906232, 37.59787619855431 ], [ -121.052211083565552, 37.597876198966709 ], [ -121.052211083217472, 37.598505019523188 ], [ -121.052839903364301, 37.598505020057999 ], [ -121.052839904256103, 37.598774513887193 ], [ -121.052031420248312, 37.599403334836772 ] ] ] } },
{ "type": "Feature", "properties": { "csb_id": "061825015446881", "acres": 2.5275866673471299, "geoid": "06099" }, "geometry": { "type": "Polygon", "coordinates": [ [ [ -121.053109398062148, 37.598774514103184 ], [ -121.053109397294918, 37.598505020041493 ], [ -121.052211083217472, 37.598505019523188 ], [ -121.052211083200433, 37.597966030547767 ], [ -121.053109399072341, 37.597966031161448 ], [ -121.053468724918304, 37.597876199865695 ], [ -121.05355855514658, 37.597606703356909 ], [ -121.053738219329063, 37.597606704029175 ], [ -121.053738218633598, 37.598505019383779 ], [ -121.053109398062148, 37.598774514103184 ] ] ] } },
{ "type": "Feature", "properties": { "csb_id": "061825015446895", "acres": 3.5669090806613899, "geoid": "06099" }, "geometry": { "type": "Polygon", "coordinates": [ [ [ -121.04888731656267, 37.598235524930836 ], [ -121.048887316949077, 37.59733720993642 ], [ -121.049516137583865, 37.597337209733659 ], [ -121.049516137226277, 37.597606704140176 ], [ -121.050144958026053, 37.597606704833815 ], [ -121.050144957646353, 37.597427041091578 ], [ -121.050414452829145, 37.597337209345731 ], [ -121.051133104539232, 37.597427041339159 ], [ -121.051043272686215, 37.597876198870992 ], [ -121.050144958189634, 37.597966030569154 ], [ -121.050144957909325, 37.598235525394699 ], [ -121.04888731656267, 37.598235524930836 ] ] ] } },
{ "type": "Feature", "properties": { "csb_id": "061825015446943", "acres": 5.8244398355411597, "geoid": "06099" }, "geometry": { "type": "Polygon", "coordinates": [ [ [ -121.053109398713985, 37.596438894244741 ], [ -121.052839903968248, 37.596438894165964 ], [ -121.052211083140733, 37.596079568512927 ], [ -121.052211083132178, 37.595810073857642 ], [ -121.05310939866439, 37.595810073663401 ], [ -121.053468725028097, 37.59545074805655 ], [ -121.054367039485228, 37.595450748061232 ], [ -121.054636534068479, 37.596169399585875 ], [ -121.054636533358291, 37.596977883592864 ], [ -121.054007712649735, 37.596977884089966 ], [ -121.053109398713985, 37.596438894244741 ] ] ] } },
{ "type": "Feature", "properties": { "csb_id": "061825015447114", "acres": 29.025582467076401, "geoid": "06099" }, "geometry": { "type": "Polygon", "coordinates": [ [ [ -121.113655848820457, 37.594642264039507 ], [ -121.11365584825549, 37.594372769446224 ], [ -121.113027028073574, 37.594372769605862 ], [ -121.113027027457207, 37.594642263966094 ], [ -121.112128712841454, 37.594642264357645 ], [ -121.112038880554181, 37.594372769163435 ], [ -121.11158972286583, 37.594372769278785 ], [ -121.11087107153287, 37.595001590481488 ], [ -121.110691407191212, 37.595001590428261 ], [ -121.110691407114416, 37.593204960128134 ], [ -121.110871071108605, 37.592306643850371 ], [ -121.111140565313903, 37.591857486918045 ], [ -121.112667700237722, 37.591857487106346 ], [ -121.112667700116816, 37.59167782343706 ], [ -121.113027027822909, 37.591677823496596 ], [ -121.113386352722799, 37.59230664403313 ], [ -121.114015174612518, 37.592486306933189 ], [ -121.114733826705461, 37.59248630686568 ], [ -121.114733827235312, 37.592216812904347 ], [ -121.115362647666018, 37.592216812959606 ], [ -121.115452479062256, 37.592755801504161 ], [ -121.115991468748362, 37.593115128066366 ], [ -121.115991468279631, 37.594103274863329 ], [ -121.115632142265937, 37.594282937485232 ], [ -121.114464332706547, 37.594282937946794 ], [ -121.114284669631971, 37.594372769484764 ], [ -121.114284668872273, 37.594642263915894 ], [ -121.113655848820457, 37.594642264039507 ] ] ] } },
{ "type": "Feature", "properties": { "csb_id": "061825015447310", "acres": 6.5676862226978603, "geoid": "06099" }, "geometry": { "type": "Polygon", "coordinates": [ [ [ -120.932914813961148, 37.591587992179647 ], [ -120.932735149828588, 37.591049003197206 ], [ -120.933363970527992, 37.590959171015804 ], [ -120.933363970459595, 37.590779508104397 ], [ -120.932285992876871, 37.589791361674884 ], [ -120.932016498505021, 37.589791361635029 ], [ -120.932016498276482, 37.590060855576837 ], [ -120.931387677910465, 37.590060857031737 ], [ -120.931208014732022, 37.589521866624509 ], [ -120.931836835878258, 37.589162541449127 ], [ -120.932285992202182, 37.589162540942482 ], [ -120.93255548724872, 37.58979136111823 ], [ -120.934082623284027, 37.589791361832006 ], [ -120.934082622926738, 37.589521867343549 ], [ -120.93300464490838, 37.589521866584334 ], [ -120.93300464485894, 37.589252371908543 ], [ -120.933633465537639, 37.589252372612073 ], [ -120.933633465369937, 37.588623552057904 ], [ -120.93390295999707, 37.58862355127178 ], [ -120.933902960241312, 37.589252372288833 ], [ -120.934262285705231, 37.589252372023289 ], [ -120.934262286491077, 37.58988119253317 ], [ -120.93363346570537, 37.589881193057963 ], [ -120.933363971176064, 37.590150687182778 ], [ -120.933363971609424, 37.590510013920216 ], [ -120.933633465873072, 37.590510013395686 ], [ -120.933902960434253, 37.590779508413753 ], [ -120.933902960704145, 37.590959171556598 ], [ -120.933633465828436, 37.591049002605878 ], [ -120.933633465783785, 37.591587991736759 ], [ -120.932914813961148, 37.591587992179647 ] ] ] } },
{ "type": "Feature", "properties": { "csb_id": "061825015447331", "acres": 17.396706064407301, "geoid": "06099" }, "geometry": { "type": "Polygon", "coordinates": [ [ [ -121.075387617306362, 37.590689677055686 ], [ -121.073590987738527, 37.590779509404349 ], [ -121.073411323291737, 37.5900608558632 ], [ -121.073231661353319, 37.589791361611866 ], [ -121.072962165837723, 37.589791361408402 ], [ -121.0729621667125, 37.588264225259614 ], [ -121.074489302205635, 37.588264225435566 ], [ -121.074489300862581, 37.587994730987958 ], [ -121.076016438470219, 37.58799473072952 ], [ -121.076106269593197, 37.588623551276207 ], [ -121.07583677513, 37.588623551637674 ], [ -121.075836774640379, 37.589611698599505 ], [ -121.076016437702663, 37.5896116986032 ], [ -121.07601643877787, 37.58988119323358 ], [ -121.075836774803776, 37.590420182663834 ], [ -121.075387617306362, 37.590689677055686 ] ] ] } },
{ "type": "Feature", "properties": { "csb_id": "061825015447447", "acres": 3.8020415191985002, "geoid": "06099" }, "geometry": { "type": "Polygon", "coordinates": [ [ [ -120.754150070935324, 37.586198100533309 ], [ -120.754060239708224, 37.585838773975809 ], [ -120.753790746115854, 37.585838774878027 ], [ -120.753790746368111, 37.585569280057001 ], [ -120.754060240380412, 37.585569279787165 ], [ -120.754060240758164, 37.585299784716376 ], [ -120.755587376068988, 37.585299785313673 ], [ -120.755587376286826, 37.585659110996765 ], [ -120.75522805057571, 37.58583877407569 ], [ -120.755228050451905, 37.586198100337953 ], [ -120.755587376907997, 37.586198100317077 ], [ -120.755587376021126, 37.586557426141262 ], [ -120.754958554051441, 37.586557426373027 ], [ -120.754778892174855, 37.586287931510682 ], [ -120.754150070935324, 37.586198100533309 ] ] ] } },
{ "type": "Feature", "properties": { "csb_id": "061825015447451", "acres": 11.9435771996091, "geoid": "06099" }, "geometry": { "type": "Polygon", "coordinates": [ [ [ -120.891682141383342, 37.587365910492245 ], [ -120.888987195477426, 37.587365909814352 ], [ -120.88898719544791, 37.586467594983077 ], [ -120.889616016154974, 37.586198100246889 ], [ -120.889885511231199, 37.585838774145422 ], [ -120.889885511728821, 37.58556927955641 ], [ -120.891412647782474, 37.585569279858213 ], [ -120.891861805158683, 37.585838773707685 ], [ -120.892041468326738, 37.58628793202594 ], [ -120.892580457406979, 37.586287932141964 ], [ -120.89258045672041, 37.586737089688022 ], [ -120.892041467985024, 37.58673708974063 ], [ -120.891682142274661, 37.587096415491899 ], [ -120.891682141383342, 37.587365910492245 ] ] ] } },
{ "type": "Feature", "properties": { "csb_id": "061825015447453", "acres": 2.6291589879068402, "geoid": "06099" }, "geometry": { "type": "Polygon", "coordinates": [ [ [ -120.70276643784139, 37.586287931462572 ], [ -120.702766437828771, 37.585928605419625 ], [ -120.701598628164462, 37.585928605782428 ], [ -120.701598627538019, 37.585659110850777 ], [ -120.702946101142444, 37.585659111001803 ], [ -120.703395257738805, 37.58583877412903 ], [ -120.703395258038725, 37.586557426481619 ], [ -120.703664753193294, 37.586557426531712 ], [ -120.70366475265665, 37.587186247286922 ], [ -120.703395258825722, 37.587186247411154 ], [ -120.70276643784139, 37.586287931462572 ] ] ] } },
{ "type": "Feature", "properties": { "csb_id": "061825015447473", "acres": 4.7403964085719199, "geoid": "06099" }, "geometry": { "type": "Polygon", "coordinates": [ [ [ -120.745346582274649, 37.585838774381067 ], [ -120.745346582425299, 37.585569279498465 ], [ -120.745077087247083, 37.585389617007316 ], [ -120.745077087657222, 37.584940459109326 ], [ -120.74534658233469, 37.584940459043423 ], [ -120.745346582485325, 37.584670964094201 ], [ -120.745975402464012, 37.584670964418159 ], [ -120.745975403229821, 37.583772648908187 ], [ -120.746244896756579, 37.583772648981146 ], [ -120.746244897546077, 37.583503154980541 ], [ -120.746514392303055, 37.583503153997512 ], [ -120.746514392541641, 37.584401470722874 ], [ -120.74669405535127, 37.584940459077828 ], [ -120.74624489703973, 37.585569279835745 ], [ -120.745975402802941, 37.585569279476367 ], [ -120.745975402433274, 37.585838773956169 ], [ -120.745346582274649, 37.585838774381067 ] ] ] } },
{ "type": "Feature", "properties": { "csb_id": "061825015447517", "acres": 2.53149017244233, "geoid": "06099" }, "geometry": { "type": "Polygon", "coordinates": [ [ [ -120.744717759792508, 37.584042144336657 ], [ -120.745346580924661, 37.583772650651731 ], [ -120.745975403229821, 37.583772648908187 ], [ -120.745975402464012, 37.584670964418159 ], [ -120.744717761474575, 37.584670964431076 ], [ -120.744717759792508, 37.584042144336657 ] ] ] } },
{ "type": "Feature", "properties": { "csb_id": "061825015447554", "acres": 26.2138334108698, "geoid": "06099" }, "geometry": { "type": "Polygon", "coordinates": [ [ [ -120.743010961678252, 37.586737089268098 ], [ -120.741753320454663, 37.586198100509115 ], [ -120.741124499894255, 37.586198100741697 ], [ -120.741124500665777, 37.58583877377999 ], [ -120.741393994559402, 37.585838774069856 ], [ -120.741393994626804, 37.584670964748582 ], [ -120.740855006193812, 37.584670964547662 ], [ -120.740855006182912, 37.584042143527739 ], [ -120.741753320501502, 37.584042143669109 ], [ -120.741843152889899, 37.5832336597677 ], [ -120.742022815240674, 37.582964165480085 ], [ -120.742741467471973, 37.582964165762256 ], [ -120.743010962199378, 37.583772649142091 ], [ -120.744088940289672, 37.583772649110124 ], [ -120.744088940282651, 37.584042144069308 ], [ -120.744717759792508, 37.584042144336657 ], [ -120.744717761474575, 37.584670964431076 ], [ -120.745346582485325, 37.584670964094201 ], [ -120.74534658233469, 37.584940459043423 ], [ -120.745077087657222, 37.584940459109326 ], [ -120.745077087247083, 37.585389617007316 ], [ -120.745346582425299, 37.585569279498465 ], [ -120.745346582274649, 37.585838774381067 ], [ -120.745166918551405, 37.58583877447245 ], [ -120.745346581856182, 37.585928606080728 ], [ -120.745346581411184, 37.586198100074533 ], [ -120.744717761592952, 37.58619810024134 ], [ -120.744088940441188, 37.586467594986203 ], [ -120.744088940701971, 37.586826920963659 ], [ -120.743010961678252, 37.586737089268098 ] ], [ [ -120.742022815757238, 37.585569280262781 ], [ -120.742112646905454, 37.585389616878572 ], [ -120.742022815218888, 37.585389616956704 ], [ -120.742022815757238, 37.585569280262781 ], [ -120.741753321149517, 37.585569279869937 ], [ -120.741753320683557, 37.585838773950229 ], [ -120.742022815757238, 37.585569280262781 ] ], [ [ -120.743010962671804, 37.585299785336233 ], [ -120.743370288452709, 37.585389616641955 ], [ -120.743370288760971, 37.585299784526221 ], [ -120.743010962671804, 37.585299785336233 ] ], [ [ -120.743909277332108, 37.584491301349189 ], [ -120.74381944620356, 37.584401469752649 ], [ -120.74381944614494, 37.584491301028407 ], [ -120.743909277332108, 37.584491301349189 ] ], [ [ -120.742112647028506, 37.584491301250374 ], [ -120.742022815056075, 37.584401469879637 ], [ -120.742022815325214, 37.584491301558216 ], [ -120.742112647028506, 37.584491301250374 ] ] ] } },
{ "type": "Feature", "properties": { "csb_id": "061825015447708", "acres": 36.272534589538701, "geoid": "06099" }, "geometry": { "type": "Polygon", "coordinates": [ [ [ -120.755228050356351, 37.585299785161823 ], [ -120.754329735484816, 37.585299785344674 ], [ -120.754329734576388, 37.584760796005327 ], [ -120.753790746184578, 37.584401469816264 ], [ -120.75289243048195, 37.584401470142168 ], [ -120.7528924302798, 37.584670964360399 ], [ -120.751904283995657, 37.584401470346783 ], [ -120.75190428387279, 37.584042144537506 ], [ -120.752263609385921, 37.584042144037802 ], [ -120.752533103001355, 37.583503154460132 ], [ -120.752712767164354, 37.582694670871319 ], [ -120.752712768011932, 37.581437030367987 ], [ -120.751724620836882, 37.581167535628083 ], [ -120.751185631478577, 37.580538713558724 ], [ -120.750466979082134, 37.580448882368344 ], [ -120.75046697867063, 37.580179387950047 ], [ -120.750736474026496, 37.579820061913487 ], [ -120.751005968654411, 37.579820062083797 ], [ -120.751005967739516, 37.580179387622358 ], [ -120.754060240716285, 37.580179388076033 ], [ -120.754329734541997, 37.580808208309712 ], [ -120.754689061177402, 37.580808208240768 ], [ -120.754689060598409, 37.580448882134185 ], [ -120.755228050075658, 37.580448882830289 ], [ -120.755228050762014, 37.580808208534314 ], [ -120.755587376125959, 37.580898040395759 ], [ -120.755587376116907, 37.584042144051097 ], [ -120.755228050356351, 37.585299785161823 ] ] ] } },
{ "type": "Feature", "properties": { "csb_id": "061825015447767", "acres": 4.2031160080258996, "geoid": "06099" }, "geometry": { "type": "Polygon", "coordinates": [ [ [ -121.057511142750698, 37.580448882150591 ], [ -121.057600974331535, 37.579370904112082 ], [ -121.058050132300011, 37.579370904611778 ], [ -121.058050132569264, 37.578742083284567 ], [ -121.058678953117905, 37.578742083901901 ], [ -121.05867895357018, 37.579011578207371 ], [ -121.05894844742096, 37.579011578089357 ], [ -121.058948448325097, 37.579370904318402 ], [ -121.058499290295487, 37.58026921958156 ], [ -121.058319627354408, 37.580448882101628 ], [ -121.057511142750698, 37.580448882150591 ] ] ] } },
{ "type": "Feature", "properties": { "csb_id": "061825015447831", "acres": 11.153039085758699, "geoid": "06099" }, "geometry": { "type": "Polygon", "coordinates": [ [ [ -121.055624681046424, 37.579909893592379 ], [ -121.055624680864042, 37.579640398862523 ], [ -121.056253502091948, 37.579370904335129 ], [ -121.056253502312217, 37.579011577847233 ], [ -121.055624681740724, 37.57901157808972 ], [ -121.055624681558314, 37.578742083292823 ], [ -121.055984007571269, 37.578472588416318 ], [ -121.05598400705297, 37.576945453077371 ], [ -121.056882322731326, 37.576945452670124 ], [ -121.056882322793058, 37.577574273078987 ], [ -121.057331480362791, 37.577753936944205 ], [ -121.057331480638453, 37.580448882425962 ], [ -121.055984007457027, 37.580448882208337 ], [ -121.055624681046424, 37.579909893592379 ] ] ] } },
{ "type": "Feature", "properties": { "csb_id": "061825015447876", "acres": 4.87777894702932, "geoid": "06099" }, "geometry": { "type": "Polygon", "coordinates": [ [ [ -120.885483766009202, 37.576675957987916 ], [ -120.883866798378946, 37.576675958352844 ], [ -120.883687135263429, 37.576047136744506 ], [ -120.885843092461428, 37.576047137235491 ], [ -120.886471913653594, 37.576586126956208 ], [ -120.886921070796447, 37.576675958678642 ], [ -120.88692107086645, 37.576945452481333 ], [ -120.885483765865928, 37.576945452590323 ], [ -120.885483766009202, 37.576675957987916 ] ] ] } },
{ "type": "Feature", "properties": { "csb_id": "061825015447931", "acres": 2.79572391992513, "geoid": "06099" }, "geometry": { "type": "Polygon", "coordinates": [ [ [ -121.042688940662529, 37.574250506918126 ], [ -121.043048267689628, 37.574250507282713 ], [ -121.043048267484025, 37.574879327544458 ], [ -121.043677087535258, 37.574879327688251 ], [ -121.043677087725712, 37.576047137362089 ], [ -121.043048267497511, 37.576047137943377 ], [ -121.043048267405354, 37.575418317024337 ], [ -121.042688940835191, 37.575418317220603 ], [ -121.042688940662529, 37.574250506918126 ] ] ] } },
{ "type": "Feature", "properties": { "csb_id": "061825015447938", "acres": 3.23564119987092, "geoid": "06099" }, "geometry": { "type": "Polygon", "coordinates": [ [ [ -120.86778695504708, 37.574160675943865 ], [ -120.867158135201478, 37.574520001819764 ], [ -120.867158134872454, 37.574879327799259 ], [ -120.867786955768423, 37.574879328000243 ], [ -120.867786955099916, 37.575148822334278 ], [ -120.866259819526221, 37.575148822652352 ], [ -120.866259819702435, 37.574250506879672 ], [ -120.86688863992984, 37.573981012547947 ], [ -120.867786955197019, 37.573981012145467 ], [ -120.86778695504708, 37.574160675943865 ] ] ] } },
{ "type": "Feature", "properties": { "csb_id": "061825015447993", "acres": 5.2396354910891603, "geoid": "06099" }, "geometry": { "type": "Polygon", "coordinates": [ [ [ -120.79897600437053, 37.57452000181609 ], [ -120.798976004081226, 37.574250507171818 ], [ -120.798616678560066, 37.574250506730351 ], [ -120.798347183248595, 37.573981012160381 ], [ -120.79834718333187, 37.573621686446735 ], [ -120.799245498650023, 37.573621686571009 ], [ -120.799425161965502, 37.57326236058973 ], [ -120.800323477210881, 37.573082697226091 ], [ -120.800323477795388, 37.573262360058024 ], [ -120.800952297994741, 37.57326236008165 ], [ -120.799874320112906, 37.574520001326682 ], [ -120.79897600437053, 37.57452000181609 ] ] ] } },
{ "type": "Feature", "properties": { "csb_id": "061825015448021", "acres": 3.68539835931792, "geoid": "06099" }, "geometry": { "type": "Polygon", "coordinates": [ [ [ -120.546729072842993, 37.572723370653399 ], [ -120.546729072578074, 37.57245387661046 ], [ -120.547717219948225, 37.572453876336198 ], [ -120.547717219326557, 37.572094550289918 ], [ -120.548256208791457, 37.572094549998845 ], [ -120.548885029543612, 37.572723371141443 ], [ -120.548885029781317, 37.573352191267624 ], [ -120.548615534754632, 37.573352191760335 ], [ -120.548615534559389, 37.573082697259764 ], [ -120.547088399267011, 37.573082696960313 ], [ -120.547088399188951, 37.572723370570209 ], [ -120.546729072842993, 37.572723370653399 ] ] ] } },
{ "type": "Feature", "properties": { "csb_id": "061825015448031", "acres": 4.8780440644549801, "geoid": "06099" }, "geometry": { "type": "Polygon", "coordinates": [ [ [ -120.915487497317713, 37.572813202286959 ], [ -120.913780697908621, 37.572723371733204 ], [ -120.913780697487169, 37.572094550363815 ], [ -120.913151876751755, 37.572094550601882 ], [ -120.913151877036, 37.571825055812688 ], [ -120.915307834109214, 37.571825056670896 ], [ -120.915307834144357, 37.572094550262207 ], [ -120.915756991997654, 37.572094550877061 ], [ -120.916026486497586, 37.572633539464469 ], [ -120.915487497029631, 37.572633539279373 ], [ -120.915487497317713, 37.572813202286959 ] ] ] } },
{ "type": "Feature", "properties": { "csb_id": "061825015448111", "acres": 11.682153356431, "geoid": "06099" }, "geometry": { "type": "Polygon", "coordinates": [ [ [ -121.206451817743101, 37.571735223809327 ], [ -121.205373839305011, 37.570657245650075 ], [ -121.205373839043446, 37.570297920093502 ], [ -121.205822996580466, 37.57020808863377 ], [ -121.205912827804298, 37.569309773029104 ], [ -121.207350132295474, 37.569309772987275 ], [ -121.207350133032975, 37.569758930883502 ], [ -121.208068784232665, 37.570208089647643 ], [ -121.208248447650035, 37.570567414614338 ], [ -121.208248448073277, 37.571465729790624 ], [ -121.208068784968773, 37.571465729911324 ], [ -121.208068785884009, 37.571196236501557 ], [ -121.207439963993323, 37.571196235537876 ], [ -121.20717046935178, 37.571555561401304 ], [ -121.207170469381353, 37.571825056665567 ], [ -121.206451817743101, 37.571735223809327 ] ] ] } },
{ "type": "Feature", "properties": { "csb_id": "061825015448112", "acres": 4.7315649554357604, "geoid": "06099" }, "geometry": { "type": "Polygon", "coordinates": [ [ [ -121.075836775390584, 37.570028426297782 ], [ -121.074309640002269, 37.570028426041333 ], [ -121.074309638694587, 37.570297919478008 ], [ -121.07341132362167, 37.570297920212475 ], [ -121.073411323868172, 37.569399604136976 ], [ -121.074758797338049, 37.569399605707559 ], [ -121.075387617423573, 37.569130111038582 ], [ -121.075836774837285, 37.569130110599318 ], [ -121.075836775390584, 37.570028426297782 ] ] ] } },
{ "type": "Feature", "properties": { "csb_id": "061825015448164", "acres": 9.9226607475469493, "geoid": "06099" }, "geometry": { "type": "Polygon", "coordinates": [ [ [ -120.825027147645798, 37.570208088591315 ], [ -120.824128832982055, 37.569938593932399 ], [ -120.824128831965623, 37.569309773119663 ], [ -120.82484748524071, 37.568411458531067 ], [ -120.826194957274211, 37.568411457387576 ], [ -120.826284787908435, 37.568770784368425 ], [ -120.826464451735717, 37.568860615568973 ], [ -120.827093273312741, 37.568770783307343 ], [ -120.827183104625973, 37.569669099019372 ], [ -120.826194958035103, 37.569669100328255 ], [ -120.826194957360983, 37.569938593975841 ], [ -120.825925462836025, 37.570208088285781 ], [ -120.825027147645798, 37.570208088591315 ] ] ] } },
{ "type": "Feature", "properties": { "csb_id": "061825015448201", "acres": 5.8168242748530501, "geoid": "06099" }, "geometry": { "type": "Polygon", "coordinates": [ [ [ -120.662342250221442, 37.568770783329903 ], [ -120.662342250300028, 37.568411457361179 ], [ -120.66207275562391, 37.568141962685289 ], [ -120.661803260629796, 37.568141962889946 ], [ -120.661803261176004, 37.567513142249155 ], [ -120.663599891495139, 37.567513142462225 ], [ -120.663599891984248, 37.567872469666241 ], [ -120.664498207335427, 37.567962301046379 ], [ -120.66449820640706, 37.568141963477942 ], [ -120.663599891774794, 37.56877078504538 ], [ -120.662342250221442, 37.568770783329903 ] ] ] } },
{ "type": "Feature", "properties": { "csb_id": "061825015448293", "acres": 13.1687389804892, "geoid": "06099" }, "geometry": { "type": "Polygon", "coordinates": [ [ [ -120.817930457163129, 37.568231796411837 ], [ -120.817930457596731, 37.567962300637831 ], [ -120.818469446333793, 37.56796230182141 ], [ -120.818469446509766, 37.567602973630279 ], [ -120.81730163678651, 37.56760297570645 ], [ -120.817301636399279, 37.567962299067126 ], [ -120.81703214225449, 37.56796230029785 ], [ -120.817032142931751, 37.567333481175098 ], [ -120.816313489920148, 37.567333481064694 ], [ -120.816313489307007, 37.567063985743019 ], [ -120.816672815169127, 37.567063984805145 ], [ -120.817032141324418, 37.566704658723765 ], [ -120.817032141411516, 37.56607583765517 ], [ -120.817211804343657, 37.566075838067675 ], [ -120.817211804370217, 37.565806343683889 ], [ -120.819547424913225, 37.565806342959576 ], [ -120.819547424242032, 37.566075838324437 ], [ -120.819727088059508, 37.566075837610661 ], [ -120.819727087258784, 37.567333479139648 ], [ -120.819098267116914, 37.567333481276194 ], [ -120.819098267902589, 37.567962301900209 ], [ -120.818828773122306, 37.568231796216459 ], [ -120.817930457163129, 37.568231796411837 ] ] ] } },
{ "type": "Feature", "properties": { "csb_id": "061825015448319", "acres": 25.975492352115801, "geoid": "06099" }, "geometry": { "type": "Polygon", "coordinates": [ [ [ -120.645992911276224, 37.568231794855976 ], [ -120.645992911843564, 37.568411457833349 ], [ -120.646172574657939, 37.568411457952003 ], [ -120.6461725747603, 37.568231794745778 ], [ -120.645903079765148, 37.568141962773907 ], [ -120.645903079994909, 37.567333479331488 ], [ -120.646172574064991, 37.56751314205944 ], [ -120.646172574365082, 37.567243647610098 ], [ -120.646442069902164, 37.567243647986068 ], [ -120.646442069227518, 37.566614826721334 ], [ -120.64707088989492, 37.566075838359041 ], [ -120.647609879474246, 37.56607583770495 ], [ -120.647609878827581, 37.56571651162885 ], [ -120.64734038464421, 37.565716511937445 ], [ -120.647340384309572, 37.565447017528236 ], [ -120.648238699575373, 37.565447017230156 ], [ -120.648238699565809, 37.565716511463464 ], [ -120.649137014622966, 37.56571651171749 ], [ -120.649137015330069, 37.566614827165758 ], [ -120.649406510079487, 37.567243647278076 ], [ -120.650035330640293, 37.567243647935179 ], [ -120.650035330235397, 37.56751314254322 ], [ -120.649765835793247, 37.567513142307305 ], [ -120.649855667759709, 37.569040278684554 ], [ -120.648687857604429, 37.569040278223348 ], [ -120.648687857725577, 37.568860615629518 ], [ -120.646891227135953, 37.568860615731026 ], [ -120.646711563850516, 37.569040278122671 ], [ -120.646711563298808, 37.56930977289403 ], [ -120.645903080528043, 37.569309772769195 ], [ -120.645992911276224, 37.568231794855976 ] ] ] } },
{ "type": "Feature", "properties": { "csb_id": "061825015448340", "acres": 5.6801310842943904, "geoid": "06099" }, "geometry": { "type": "Polygon", "coordinates": [ [ [ -120.663240564692913, 37.5666148271739 ], [ -120.663240565648451, 37.566345332598893 ], [ -120.662342250199657, 37.566345332453274 ], [ -120.662342249588335, 37.566614827203779 ], [ -120.66207275513618, 37.566614827196126 ], [ -120.662072755002569, 37.566075838361627 ], [ -120.662342249706242, 37.566075837911328 ], [ -120.662342249784842, 37.565716511671056 ], [ -120.662072755474, 37.565447016898425 ], [ -120.661803260845076, 37.565447017210019 ], [ -120.661803260286632, 37.564818196322605 ], [ -120.662342250274619, 37.564818196774169 ], [ -120.662971069987975, 37.565447016972058 ], [ -120.662971071020451, 37.566075837855273 ], [ -120.663240565499322, 37.566075838232422 ], [ -120.663240565790005, 37.565447017524662 ], [ -120.663869385743652, 37.565447017544606 ], [ -120.663959217664143, 37.565716511505549 ], [ -120.6643185430259, 37.565806343242038 ], [ -120.663959217093478, 37.566614827481246 ], [ -120.663240564692913, 37.5666148271739 ] ] ] } },
{ "type": "Feature", "properties": { "csb_id": "061825015448356", "acres": 3.8422065857272898, "geoid": "06099" }, "geometry": { "type": "Polygon", "coordinates": [ [ [ -120.735195618953171, 37.56526735427714 ], [ -120.734656630157147, 37.565536848936105 ], [ -120.734656630628692, 37.564908028005974 ], [ -120.734027809094201, 37.564908028385098 ], [ -120.734027809629936, 37.564009713134119 ], [ -120.734926124370133, 37.564009713127788 ], [ -120.734926124784138, 37.564638533584102 ], [ -120.735824439773239, 37.564638533096577 ], [ -120.735824439775783, 37.565267354186943 ], [ -120.735195618953171, 37.56526735427714 ] ] ] } },
{ "type": "Feature", "properties": { "csb_id": "061825015448373", "acres": 13.4134710551537, "geoid": "06099" }, "geometry": { "type": "Polygon", "coordinates": [ [ [ -120.971093212480568, 37.565716512379417 ], [ -120.967769444937659, 37.565716511826828 ], [ -120.967140625639175, 37.565447017105804 ], [ -120.967140624642411, 37.564818196739282 ], [ -120.96732028801398, 37.564638533582716 ], [ -120.967499950348028, 37.564638534212854 ], [ -120.967499950987545, 37.564818197171306 ], [ -120.967769445396243, 37.56481819664176 ], [ -120.968667760343152, 37.564548702219469 ], [ -120.968757591683726, 37.563919881597897 ], [ -120.970913549164322, 37.564009713378674 ], [ -120.971093212481151, 37.564189375902849 ], [ -120.971093212431086, 37.565177522359072 ], [ -120.970913549811826, 37.565177523122244 ], [ -120.970913548335233, 37.565447017396799 ], [ -120.971093212480568, 37.565716512379417 ] ], [ [ -120.968667760148193, 37.565177522829437 ], [ -120.968398267151741, 37.56517752292924 ], [ -120.96839826736263, 37.565447017702958 ], [ -120.968667760234268, 37.56544701783497 ], [ -120.968667760148193, 37.565177522829437 ] ] ] } },
{ "type": "Feature", "properties": { "csb_id": "061825015448390", "acres": 4.9078880997982601, "geoid": "06099" }, "geometry": { "type": "Polygon", "coordinates": [ [ [ -120.65605404258875, 37.565447017641354 ], [ -120.656054043345662, 37.564818196424909 ], [ -120.655425222226654, 37.564548701984265 ], [ -120.655425222010706, 37.564189377054483 ], [ -120.654886232718752, 37.564189376319987 ], [ -120.65488623282684, 37.564548701654424 ], [ -120.654706569596712, 37.564009713409682 ], [ -120.654886232493283, 37.563740218465668 ], [ -120.656054043076821, 37.563650386833338 ], [ -120.657221852963374, 37.564189376118406 ], [ -120.657221853043325, 37.564548702879442 ], [ -120.656682863507115, 37.56454870314758 ], [ -120.656323537694774, 37.564818197347805 ], [ -120.656323537530852, 37.565447017068315 ], [ -120.65605404258875, 37.565447017641354 ] ] ] } },
{ "type": "Feature", "properties": { "csb_id": "061825015448391", "acres": 4.3994892439897901, "geoid": "06099" }, "geometry": { "type": "Polygon", "coordinates": [ [ [ -120.647609878639031, 37.563291060647387 ], [ -120.648238700170438, 37.563291060675134 ], [ -120.648508194734475, 37.563650386599697 ], [ -120.648508194749184, 37.564548702058936 ], [ -120.648867520718355, 37.564818196511098 ], [ -120.649137015313713, 37.5648181966761 ], [ -120.649137015037411, 37.565177522719836 ], [ -120.648508194763892, 37.565447017291291 ], [ -120.647609879807717, 37.565177522965968 ], [ -120.647609878952224, 37.564548702093113 ], [ -120.647969205081594, 37.564548701621796 ], [ -120.648238700236249, 37.564189375538703 ], [ -120.648238700245813, 37.563919881189769 ], [ -120.647609879201411, 37.563919880880256 ], [ -120.647609878639031, 37.563291060647387 ] ] ] } },
{ "type": "Feature", "properties": { "csb_id": "061825015448396", "acres": 6.2864036094581799, "geoid": "06099" }, "geometry": { "type": "Polygon", "coordinates": [ [ [ -120.730165053463409, 37.563111397561059 ], [ -120.73070404291623, 37.563111397537234 ], [ -120.730704043323314, 37.563380892161945 ], [ -120.731602358559314, 37.563380891913908 ], [ -120.731602357969336, 37.56400971237381 ], [ -120.733129494739686, 37.56400971300603 ], [ -120.733129494061842, 37.564638533293625 ], [ -120.732859999643779, 37.564638533601126 ], [ -120.732860000021788, 37.564279207349898 ], [ -120.731961684809619, 37.564279207225965 ], [ -120.731961684792751, 37.564638533421089 ], [ -120.732231178622641, 37.56463853337786 ], [ -120.732231178760571, 37.564908028172503 ], [ -120.731332863515547, 37.564908028295768 ], [ -120.731332863766539, 37.565267353738498 ], [ -120.730704042859713, 37.565267354651809 ], [ -120.73070404285717, 37.56490802794373 ], [ -120.731063369294972, 37.564908028074733 ], [ -120.731063368687103, 37.564638533336179 ], [ -120.730434548357636, 37.564009712906625 ], [ -120.730434548023212, 37.563380891926315 ], [ -120.730165054121585, 37.563380891726631 ], [ -120.730165053463409, 37.563111397561059 ] ] ] } },
{ "type": "Feature", "properties": { "csb_id": "061825015448415", "acres": 35.948009348389, "geoid": "06099" }, "geometry": { "type": "Polygon", "coordinates": [ [ [ -120.66297107028069, 37.569040278566483 ], [ -120.661443934389723, 37.569130110333205 ], [ -120.660725282126975, 37.568860615345734 ], [ -120.660276124992393, 37.568860615082492 ], [ -120.660276124917203, 37.568141962707145 ], [ -120.660545619031481, 37.568141963296057 ], [ -120.660545618815377, 37.568411457399449 ], [ -120.661174440354088, 37.56841145775585 ], [ -120.661174440495415, 37.568141963194535 ], [ -120.660904944998691, 37.567872469011569 ], [ -120.660276125007528, 37.567872468812396 ], [ -120.660006630524734, 37.56751314236147 ], [ -120.660006630196051, 37.567243647785695 ], [ -120.660276124158315, 37.566974153459263 ], [ -120.660545619554028, 37.566974152903384 ], [ -120.660545618910177, 37.566614826860565 ], [ -120.659647303629697, 37.566614827349859 ], [ -120.659647304606224, 37.566345332706199 ], [ -120.660006630400545, 37.566345332732105 ], [ -120.660276124413826, 37.566075837650864 ], [ -120.660276125075214, 37.565716511517458 ], [ -120.661174439557684, 37.565716511684357 ], [ -120.661443934034565, 37.565447017137487 ], [ -120.661443934594899, 37.565177522985501 ], [ -120.660904945672229, 37.565177522410508 ], [ -120.660904945790691, 37.564818196590963 ], [ -120.661174440051482, 37.564818196947797 ], [ -120.661174440311214, 37.563291060017832 ], [ -120.661803260927414, 37.563291060323728 ], [ -120.662072754660414, 37.5636503866195 ], [ -120.662971070980475, 37.563650386425756 ], [ -120.66297107071891, 37.564189376139019 ], [ -120.663240565266662, 37.564189376004698 ], [ -120.663240565408188, 37.563291060386078 ], [ -120.662342250349624, 37.563291060439433 ], [ -120.662342249856238, 37.563021565666027 ], [ -120.662701575927585, 37.562752071177798 ], [ -120.664138880700762, 37.562752071332802 ], [ -120.663959217463969, 37.564009713009064 ], [ -120.664138880030166, 37.565267354227956 ], [ -120.663959217664143, 37.565716511505549 ], [ -120.663869385743652, 37.565447017544606 ], [ -120.663240565790005, 37.565447017524662 ], [ -120.663240565499322, 37.566075838232422 ], [ -120.662971071020451, 37.566075837855273 ], [ -120.662971069987975, 37.565447016972058 ], [ -120.662342250274619, 37.564818196774169 ], [ -120.661803260286632, 37.564818196322605 ], [ -120.661803260845076, 37.565447017210019 ], [ -120.662072755474, 37.565447016898425 ], [ -120.662342249784842, 37.565716511671056 ], [ -120.662342249706242, 37.566075837911328 ], [ -120.662072755002569, 37.566075838361627 ], [ -120.66207275513618, 37.566614827196126 ], [ -120.662342249588335, 37.566614827203779 ], [ -120.662342250199657, 37.566345332453274 ], [ -120.663240565648451, 37.566345332598893 ], [ -120.663240564692913, 37.5666148271739 ], [ -120.664138880140015, 37.566704658893912 ], [ -120.664138880346727, 37.567602973987178 ], [ -120.663959217615371, 37.567602974000764 ], [ -120.663959217354247, 37.567872469801117 ], [ -120.663599891984248, 37.567872469666241 ], [ -120.663599891495139, 37.567513142462225 ], [ -120.661803261176004, 37.567513142249155 ], [ -120.661803260629796, 37.568141962889946 ], [ -120.66207275562391, 37.568141962685289 ], [ -120.662342250300028, 37.568411457361179 ], [ -120.662342250221442, 37.568770783329903 ], [ -120.662971070817207, 37.568770783541204 ], [ -120.66297107028069, 37.569040278566483 ] ] ] } },
{ "type": "Feature", "properties": { "csb_id": "061825015448418", "acres": 7.4010615505063599, "geoid": "06099" }, "geometry": { "type": "Polygon", "coordinates": [ [ [ -120.985017100440416, 37.564009713052926 ], [ -120.985017100308511, 37.563740218410416 ], [ -120.984657773955874, 37.563650386338828 ], [ -120.984657773790786, 37.562482576750597 ], [ -120.984927267790383, 37.562123250592663 ], [ -120.984927267984787, 37.561853755807043 ], [ -120.985466257872602, 37.561853756321717 ], [ -120.985645919987292, 37.562392745237268 ], [ -120.986095077739236, 37.562752071578046 ], [ -120.986723899297232, 37.562752071359057 ], [ -120.98672389907793, 37.562482577184895 ], [ -120.987083224513881, 37.562392745257824 ], [ -120.987083224479505, 37.562841902755935 ], [ -120.986813730709386, 37.563380891568499 ], [ -120.986184909637117, 37.563380891953656 ], [ -120.985915415165493, 37.563740218415724 ], [ -120.985915414952402, 37.564009712892279 ], [ -120.985017100440416, 37.564009713052926 ] ] ] } },
{ "type": "Feature", "properties": { "csb_id": "061825015448419", "acres": 4.4386631494033599, "geoid": "06099" }, "geometry": { "type": "Polygon", "coordinates": [ [ [ -120.933363970833682, 37.563830049556046 ], [ -120.931387677792941, 37.563830049966896 ], [ -120.931477509159777, 37.562841904651314 ], [ -120.932735150788119, 37.562841903200265 ], [ -120.932735150978274, 37.562482576981907 ], [ -120.933004644885258, 37.562482576905182 ], [ -120.933004645506273, 37.563380894684862 ], [ -120.933363970596389, 37.563380892127782 ], [ -120.933363970833682, 37.563830049556046 ] ] ] } },
{ "type": "Feature", "properties": { "csb_id": "061825015448428", "acres": 15.6523622861052, "geoid": "06099" }, "geometry": { "type": "Polygon", "coordinates": [ [ [ -120.645992910974911, 37.566165669138599 ], [ -120.645992911542194, 37.566345332220038 ], [ -120.646172574065247, 37.566345332285827 ], [ -120.646172574460692, 37.566165669837986 ], [ -120.64590308004918, 37.566075838324601 ], [ -120.645903080155307, 37.562123250213901 ], [ -120.64617257493849, 37.561943587680283 ], [ -120.646172574242996, 37.562392745178741 ], [ -120.646442069902719, 37.562392745572112 ], [ -120.646442069565268, 37.563291060856116 ], [ -120.647609878639031, 37.563291060647387 ], [ -120.647609879201411, 37.563919880880256 ], [ -120.648238700245813, 37.563919881189769 ], [ -120.648238700236249, 37.564189375538703 ], [ -120.647969205081594, 37.564548701621796 ], [ -120.647609878952224, 37.564548702093113 ], [ -120.647609879807717, 37.565177522965968 ], [ -120.648238699575373, 37.565447017230156 ], [ -120.647340384309572, 37.565447017528236 ], [ -120.64734038464421, 37.565716511937445 ], [ -120.647609878827581, 37.56571651162885 ], [ -120.647609879474246, 37.56607583770495 ], [ -120.64707088989492, 37.566075838359041 ], [ -120.64671156332524, 37.566345332388266 ], [ -120.646442069227518, 37.566614826721334 ], [ -120.646442069902164, 37.567243647986068 ], [ -120.645903080518934, 37.567243648133612 ], [ -120.645992910974911, 37.566165669138599 ] ] ] } },
{ "type": "Feature", "properties": { "csb_id": "061825015448455", "acres": 2.83529316789298, "geoid": "06099" }, "geometry": { "type": "Polygon", "coordinates": [ [ [ -120.646442069565268, 37.563291060856116 ], [ -120.646442069902719, 37.562392745572112 ], [ -120.646172574242996, 37.562392745178741 ], [ -120.64617257493849, 37.561943587680283 ], [ -120.646711563904731, 37.562123250531606 ], [ -120.646711564067857, 37.562752071323146 ], [ -120.647340384277427, 37.562752071626399 ], [ -120.647340384935958, 37.56239274521436 ], [ -120.647969205481886, 37.562392745261207 ], [ -120.647969205366309, 37.56275207126847 ], [ -120.647609879619182, 37.562752071616799 ], [ -120.647609878639031, 37.563291060647387 ], [ -120.646442069565268, 37.563291060856116 ] ] ] } },
{ "type": "Feature", "properties": { "csb_id": "061825015448488", "acres": 12.1526940501462, "geoid": "06099" }, "geometry": { "type": "Polygon", "coordinates": [ [ [ -121.051043272908458, 37.563919881079173 ], [ -121.050234788827368, 37.563919881741775 ], [ -121.04924664102181, 37.563021566437406 ], [ -121.048887315815648, 37.56302156586699 ], [ -121.048617822044264, 37.562123250520926 ], [ -121.048617821950543, 37.561494430146027 ], [ -121.05023478928112, 37.561584261251632 ], [ -121.050504284414671, 37.561314766593952 ], [ -121.050504284580825, 37.561045272461037 ], [ -121.051133104732841, 37.561045272214123 ], [ -121.05113310464391, 37.561314766812067 ], [ -121.051492430997428, 37.561584261921134 ], [ -121.051492430680739, 37.561943588092866 ], [ -121.051133105002705, 37.561943587957664 ], [ -121.050863610376965, 37.562213082004327 ], [ -121.051133104735868, 37.562752071485214 ], [ -121.051043272908458, 37.563919881079173 ] ] ] } },
{ "type": "Feature", "properties": { "csb_id": "061825015448516", "acres": 7.8022661940273901, "geoid": "06099" }, "geometry": { "type": "Polygon", "coordinates": [ [ [ -120.827093273315668, 37.560955441024241 ], [ -120.826194957281629, 37.56104527257083 ], [ -120.825925463204868, 37.560326620363035 ], [ -120.825296641022803, 37.560326620234179 ], [ -120.825296641681675, 37.559787631121061 ], [ -120.825566137097951, 37.559697799728539 ], [ -120.825566135767716, 37.558799484468437 ], [ -120.825925462370634, 37.558529989583946 ], [ -120.827093271921242, 37.558350327091311 ], [ -120.827362767193449, 37.558529990046125 ], [ -120.827362767606786, 37.558889316013946 ], [ -120.82718310402872, 37.558889315878304 ], [ -120.827183103336367, 37.559158810172249 ], [ -120.826464452610878, 37.559428304810048 ], [ -120.826464452586009, 37.560057125253316 ], [ -120.826823778098344, 37.560326619921788 ], [ -120.826823777500081, 37.560596114737848 ], [ -120.827093272808185, 37.560596114634748 ], [ -120.827093273315668, 37.560955441024241 ] ] ] } },
{ "type": "Feature", "properties": { "csb_id": "061825015448530", "acres": 6.4920800802252403, "geoid": "06099" }, "geometry": { "type": "Polygon", "coordinates": [ [ [ -120.827362767760548, 37.56068594662819 ], [ -120.826823777500081, 37.560596114737848 ], [ -120.826823778098344, 37.560326619921788 ], [ -120.826464452586009, 37.560057125253316 ], [ -120.826464452610878, 37.559428304810048 ], [ -120.827183103336367, 37.559158810172249 ], [ -120.828261083122712, 37.559248641982776 ], [ -120.828620408537262, 37.55942830454962 ], [ -120.828620409154084, 37.560326620128812 ], [ -120.827722093306321, 37.560596114622832 ], [ -120.827722093251694, 37.560955440841767 ], [ -120.827362767720757, 37.560955440785378 ], [ -120.827362767760548, 37.56068594662819 ] ] ] } },
{ "type": "Feature", "properties": { "csb_id": "061825015448569", "acres": 20.5711774792257, "geoid": "06099" }, "geometry": { "type": "Polygon", "coordinates": [ [ [ -120.730434548593777, 37.561943587847651 ], [ -120.730434547687551, 37.561584261262468 ], [ -120.728907412749024, 37.561584262671978 ], [ -120.728907412463542, 37.561314766471909 ], [ -120.7292667389775, 37.561045272645288 ], [ -120.729536232936795, 37.561045272134891 ], [ -120.729536233003458, 37.561314767952311 ], [ -120.729805727131279, 37.561314767937091 ], [ -120.729805727414572, 37.560685946535209 ], [ -120.729266738114603, 37.560146956687227 ], [ -120.728907412501144, 37.560057125908394 ], [ -120.729087074121992, 37.559697799655225 ], [ -120.729446402126499, 37.559697799911767 ], [ -120.729446401575785, 37.559428305063058 ], [ -120.729985390256772, 37.559158810199321 ], [ -120.729985390715427, 37.558799484423361 ], [ -120.730344716356086, 37.558799484385105 ], [ -120.730344717047771, 37.55826049464762 ], [ -120.730704043574875, 37.558350326979038 ], [ -120.730704041594734, 37.559248642984961 ], [ -120.731961684601259, 37.559248642307679 ], [ -120.731961684618128, 37.558889315566383 ], [ -120.732500673800288, 37.558889316964361 ], [ -120.7325006731798, 37.561314766294764 ], [ -120.731602358150852, 37.561943588876019 ], [ -120.730434548593777, 37.561943587847651 ] ] ] } },
{ "type": "Feature", "properties": { "csb_id": "061825015448581", "acres": 4.1162292540333398, "geoid": "06099" }, "geometry": { "type": "Polygon", "coordinates": [ [ [ -120.655425221791376, 37.560057125277403 ], [ -120.655425222647665, 37.55942830511276 ], [ -120.656323537392055, 37.559428304935778 ], [ -120.656323537703884, 37.559158810539934 ], [ -120.657221852635644, 37.559158810403687 ], [ -120.657221852848892, 37.558799483958701 ], [ -120.657581178844751, 37.55879948445201 ], [ -120.65785067359792, 37.559158809950581 ], [ -120.657850673016668, 37.559428304628575 ], [ -120.656772694697253, 37.559518136388697 ], [ -120.656682863318835, 37.560326619916552 ], [ -120.655784548744478, 37.560326620456294 ], [ -120.655784548511562, 37.560057125724278 ], [ -120.655425221791376, 37.560057125277403 ] ] ] } },
{ "type": "Feature", "properties": { "csb_id": "061825015448599", "acres": 23.220724235945401, "geoid": "06099" }, "geometry": { "type": "Polygon", "coordinates": [ [ [ -120.734926125343023, 37.558619821288445 ], [ -120.734926124447782, 37.55888931602049 ], [ -120.737082081813213, 37.558889315594826 ], [ -120.737082081358579, 37.559518136322332 ], [ -120.736093935022581, 37.559518136197141 ], [ -120.736093934761811, 37.559787630687353 ], [ -120.736453260836342, 37.559787631065085 ], [ -120.736453260928371, 37.560146956674942 ], [ -120.735824439920606, 37.560146957071488 ], [ -120.73582444021217, 37.559518135935924 ], [ -120.735554945695853, 37.559518135940202 ], [ -120.73555494561343, 37.560416451461755 ], [ -120.735195618774469, 37.56041645165142 ], [ -120.735195618858086, 37.560685946246601 ], [ -120.735554945246605, 37.561045271978529 ], [ -120.736093935139422, 37.561045272577765 ], [ -120.736093934284725, 37.56068594665615 ], [ -120.736453260808346, 37.560685945998337 ], [ -120.736453261134471, 37.561314766982804 ], [ -120.736093934878667, 37.561314766951718 ], [ -120.735824439517387, 37.561584261390571 ], [ -120.735824440489054, 37.562482576847572 ], [ -120.734926124348149, 37.562841903126461 ], [ -120.734656630132704, 37.563380892131207 ], [ -120.734297303954378, 37.56338089208689 ], [ -120.734297303730088, 37.562482576852837 ], [ -120.73375831527278, 37.561314766529094 ], [ -120.733398988350871, 37.56131476699143 ], [ -120.733398988475145, 37.56041645157611 ], [ -120.733129493859124, 37.560416452016291 ], [ -120.733129494065579, 37.560146957053909 ], [ -120.733398989371807, 37.559787630943056 ], [ -120.733758315008004, 37.559787631057134 ], [ -120.733758314754297, 37.559248642051699 ], [ -120.733129494139533, 37.559248642031029 ], [ -120.733129494610864, 37.558889315866217 ], [ -120.734656630300861, 37.558889315357277 ], [ -120.734656629966196, 37.558619821084577 ], [ -120.734926125343023, 37.558619821288445 ] ] ] } },
{ "type": "Feature", "properties": { "csb_id": "061825015448657", "acres": 4.75187358166795, "geoid": "06099" }, "geometry": { "type": "Polygon", "coordinates": [ [ [ -120.923123176732418, 37.558350326196276 ], [ -120.923123177220376, 37.556823190313978 ], [ -120.923392671727584, 37.556823190453834 ], [ -120.923392670931605, 37.557452011522919 ], [ -120.923662165515239, 37.557452011528774 ], [ -120.923662165841762, 37.557092684706667 ], [ -120.924290987054746, 37.557092684732595 ], [ -120.924919808032456, 37.557991000642161 ], [ -120.924919807685015, 37.558350326806043 ], [ -120.923123176732418, 37.558350326196276 ] ] ] } },
{ "type": "Feature", "properties": { "csb_id": "061825015448658", "acres": 5.0745250109500999, "geoid": "06099" }, "geometry": { "type": "Polygon", "coordinates": [ [ [ -120.728907412819154, 37.556823190139973 ], [ -120.729536232691515, 37.556823190309657 ], [ -120.729536232846371, 37.558619820752547 ], [ -120.728278591284081, 37.558619821369014 ], [ -120.728009096759578, 37.557991000540163 ], [ -120.728009096970084, 37.557452011536192 ], [ -120.728907412947365, 37.557452011483981 ], [ -120.728907412819154, 37.556823190139973 ] ] ] } },
{ "type": "Feature", "properties": { "csb_id": "061825015448677", "acres": 10.637994578971201, "geoid": "06099" }, "geometry": { "type": "Polygon", "coordinates": [ [ [ -120.798347183897761, 37.558260494707703 ], [ -120.798077689103579, 37.557452011653879 ], [ -120.797718363036807, 37.557092685052325 ], [ -120.797179373952602, 37.557092685181814 ], [ -120.797179373563964, 37.556823190599623 ], [ -120.7980776893437, 37.556823190091421 ], [ -120.798077689113427, 37.556463864829894 ], [ -120.798347184169586, 37.556463864338298 ], [ -120.798347183791478, 37.556823190922266 ], [ -120.799874319955507, 37.556823190624257 ], [ -120.800053983003579, 37.557092686338763 ], [ -120.801042129595047, 37.557092684966072 ], [ -120.801131960867011, 37.558350326684987 ], [ -120.798347183897761, 37.558260494707703 ] ] ] } },
{ "type": "Feature", "properties": { "csb_id": "061825015448679", "acres": 4.7225349370331999, "geoid": "06099" }, "geometry": { "type": "Polygon", "coordinates": [ [ [ -120.721092069028359, 37.557092684836235 ], [ -120.721092069303126, 37.557452010915284 ], [ -120.721451395131083, 37.557452011728678 ], [ -120.721451395309899, 37.558350326390844 ], [ -120.721092069717471, 37.558619820749904 ], [ -120.720193754587129, 37.558619820949104 ], [ -120.720193754645351, 37.557092685028813 ], [ -120.719924259350776, 37.557092684735991 ], [ -120.719924259969588, 37.556463864221904 ], [ -120.720193754084633, 37.556463864285213 ], [ -120.720193753616201, 37.556823190602096 ], [ -120.720463248835529, 37.557092684954448 ], [ -120.721092069028359, 37.557092684836235 ] ] ] } },
{ "type": "Feature", "properties": { "csb_id": "061825015448686", "acres": 3.0310544433434901, "geoid": "06099" }, "geometry": { "type": "Polygon", "coordinates": [ [ [ -120.622996039954089, 37.557362179841149 ], [ -120.622996040096098, 37.556733359025195 ], [ -120.62452317690925, 37.556733358949472 ], [ -120.624523176679503, 37.55736217969276 ], [ -120.624163850711994, 37.557631674252725 ], [ -120.623265535451935, 37.55763167432395 ], [ -120.623265535248891, 37.557362179838634 ], [ -120.622996039954089, 37.557362179841149 ] ] ] } },
{ "type": "Feature", "properties": { "csb_id": "061825015448687", "acres": 4.6247868115819797, "geoid": "06099" }, "geometry": { "type": "Polygon", "coordinates": [ [ [ -120.621199408625841, 37.557362179787745 ], [ -120.621199408754649, 37.55673335935613 ], [ -120.621468903749246, 37.556374033358239 ], [ -120.622097724614989, 37.556374032734936 ], [ -120.622367219485042, 37.557362179597973 ], [ -120.622726545406877, 37.55763167413761 ], [ -120.622726545937908, 37.558529989158401 ], [ -120.622097725229466, 37.558350326523964 ], [ -120.622097725017213, 37.557901168411398 ], [ -120.621468904239265, 37.557901169107517 ], [ -120.621468903854151, 37.557362180084567 ], [ -120.621199408625841, 37.557362179787745 ] ] ] } },
{ "type": "Feature", "properties": { "csb_id": "061825015448757", "acres": 87.252492417721498, "geoid": "06099" }, "geometry": { "type": "Polygon", "coordinates": [ [ [ -120.648238699565809, 37.565716511463464 ], [ -120.648238699575373, 37.565447017230156 ], [ -120.649137015037411, 37.565177522719836 ], [ -120.649137015313713, 37.5648181966761 ], [ -120.648867520718355, 37.564818196511098 ], [ -120.648508194749184, 37.564548702058936 ], [ -120.648508194734475, 37.563650386599697 ], [ -120.648238700170438, 37.563291060675134 ], [ -120.647609878639031, 37.563291060647387 ], [ -120.647609879619182, 37.562752071616799 ], [ -120.647969205366309, 37.56275207126847 ], [ -120.647969205481886, 37.562392745261207 ], [ -120.647340384935958, 37.56239274521436 ], [ -120.647340384277427, 37.562752071626399 ], [ -120.646711564067857, 37.562752071323146 ], [ -120.646711563904731, 37.562123250531606 ], [ -120.64617257493849, 37.561943587680283 ], [ -120.646172574829393, 37.561224935448251 ], [ -120.64644206956136, 37.561224935155131 ], [ -120.646442069472911, 37.560596114550393 ], [ -120.646172574522609, 37.560596114438653 ], [ -120.646172575129455, 37.560955440522271 ], [ -120.645903080271708, 37.560955440447515 ], [ -120.645903080687432, 37.556733358965666 ], [ -120.646172575019634, 37.55592487583101 ], [ -120.646172574610517, 37.555475717739583 ], [ -120.645903080809333, 37.555475717876192 ], [ -120.645903080639414, 37.554936729537729 ], [ -120.64707088978686, 37.554936728478935 ], [ -120.647070889834282, 37.554577402592436 ], [ -120.648867520545579, 37.554397739549557 ], [ -120.649855667014918, 37.554667233780371 ], [ -120.649855667107062, 37.560685945931198 ], [ -120.650035331008283, 37.560685946402877 ], [ -120.650035330312164, 37.561494429703494 ], [ -120.648957352603134, 37.561584261436991 ], [ -120.648957352561411, 37.561943587579059 ], [ -120.650214993886166, 37.561943587325217 ], [ -120.650214992983862, 37.562482576690471 ], [ -120.64985566730158, 37.562482576539885 ], [ -120.649855667254357, 37.562213081779547 ], [ -120.649586172404781, 37.562213082449063 ], [ -120.649586173079015, 37.562841902626886 ], [ -120.65021499321648, 37.562841903023362 ], [ -120.650214993418786, 37.563380892023304 ], [ -120.649855666993091, 37.563380892048599 ], [ -120.649855667433542, 37.564908027599905 ], [ -120.650214993229426, 37.564908028314186 ], [ -120.650214993462043, 37.56526735440189 ], [ -120.649855667370943, 37.565536848849838 ], [ -120.649855666999812, 37.567063984567262 ], [ -120.650214993520407, 37.56706398452512 ], [ -120.650214994031046, 37.567513142503998 ], [ -120.650035330235397, 37.56751314254322 ], [ -120.650035330640293, 37.567243647935179 ], [ -120.649406510079487, 37.567243647278076 ], [ -120.649137015330069, 37.566614827165758 ], [ -120.649137014622966, 37.56571651171749 ], [ -120.648238699565809, 37.565716511463464 ] ] ] } },
{ "type": "Feature", "properties": { "csb_id": "061825015448759", "acres": 12.8967872544517, "geoid": "06099" }, "geometry": { "type": "Polygon", "coordinates": [ [ [ -120.617246820019517, 37.557362180594893 ], [ -120.617246822272591, 37.55700285393759 ], [ -120.614911200532205, 37.557002854279183 ], [ -120.614551874855906, 37.556733359687378 ], [ -120.61428238217664, 37.55673335878982 ], [ -120.614282379675828, 37.556104538918603 ], [ -120.614551876268706, 37.555835043976892 ], [ -120.615180697200643, 37.555835043976735 ], [ -120.616079012795055, 37.555475717520487 ], [ -120.616348506753752, 37.55520622281356 ], [ -120.617606148884235, 37.555206222740004 ], [ -120.617606148966146, 37.556104538567084 ], [ -120.617875643912654, 37.556104538548361 ], [ -120.61796547254005, 37.55709268574261 ], [ -120.617875643045153, 37.557362179993085 ], [ -120.617246820019517, 37.557362180594893 ] ] ] } },
{ "type": "Feature", "properties": { "csb_id": "061825015448767", "acres": 19.447792303480099, "geoid": "06099" }, "geometry": { "type": "Polygon", "coordinates": [ [ [ -120.656054043093405, 37.558529989910213 ], [ -120.656054043038878, 37.557901168558232 ], [ -120.655784548339298, 37.557901168625072 ], [ -120.655784548551992, 37.558799484367491 ], [ -120.655155728043951, 37.558799483915408 ], [ -120.655155727885798, 37.558529989524871 ], [ -120.654976064357442, 37.558529989307033 ], [ -120.654976064132157, 37.554667233475662 ], [ -120.655784547789622, 37.554577402217447 ], [ -120.655784548468432, 37.554397738907255 ], [ -120.656143874134813, 37.554397739294316 ], [ -120.656143874364247, 37.555026559546206 ], [ -120.656323537209744, 37.555026560116502 ], [ -120.656323537542789, 37.555206222532128 ], [ -120.657850672768205, 37.555206222762116 ], [ -120.658120167861583, 37.555475717534939 ], [ -120.658120168496012, 37.556104538211947 ], [ -120.657850672746648, 37.556104537961112 ], [ -120.65785067362107, 37.555835043891769 ], [ -120.656952358080602, 37.555835043287182 ], [ -120.656682863241429, 37.557002853817885 ], [ -120.656952358457787, 37.557362180061439 ], [ -120.656952357690486, 37.557901169159848 ], [ -120.656323536927061, 37.557901168986092 ], [ -120.656323537074996, 37.558260495469106 ], [ -120.657221852763143, 37.558260494768504 ], [ -120.65722185240034, 37.558529989919549 ], [ -120.656054043093405, 37.558529989910213 ] ] ] } },
{ "type": "Feature", "properties": { "csb_id": "061825015448773", "acres": 243.12534085830501, "geoid": "06099" }, "geometry": { "type": "Polygon", "coordinates": [ [ [ -120.660276124661692, 37.569040277995335 ], [ -120.654976064557047, 37.569130109574772 ], [ -120.654706570222729, 37.568860615580711 ], [ -120.654706570473834, 37.568231794668193 ], [ -120.654886232714304, 37.568141963406049 ], [ -120.654976064592702, 37.567602974207681 ], [ -120.654706570164535, 37.566974153602153 ], [ -120.654706569386391, 37.56607583813512 ], [ -120.654526906725977, 37.566075837904023 ], [ -120.65452690725283, 37.564818196534894 ], [ -120.654886232650995, 37.564638533255177 ], [ -120.654886232718752, 37.564189376319987 ], [ -120.655425222010706, 37.564189377054483 ], [ -120.655425222226654, 37.564548701984265 ], [ -120.656054043345662, 37.564818196424909 ], [ -120.65605404258875, 37.565447017641354 ], [ -120.656323537530852, 37.565447017068315 ], [ -120.656323537694774, 37.564818197347805 ], [ -120.656682863507115, 37.56454870314758 ], [ -120.657221853043325, 37.564548702879442 ], [ -120.657221852963374, 37.564189376118406 ], [ -120.656054043076821, 37.563650386833338 ], [ -120.654347243736709, 37.56374021775617 ], [ -120.654347243736481, 37.563380891935374 ], [ -120.654886233372494, 37.563291060325675 ], [ -120.654976064315505, 37.562841902848213 ], [ -120.65497606487699, 37.562482577112235 ], [ -120.65470656980699, 37.56194358748315 ], [ -120.654706569423567, 37.560146957228 ], [ -120.654976064479769, 37.56014695747163 ], [ -120.654886232886426, 37.55852998996108 ], [ -120.655155727885798, 37.558529989524871 ], [ -120.655155728043951, 37.558799483915408 ], [ -120.655784548551992, 37.558799484367491 ], [ -120.655784548339298, 37.557901168625072 ], [ -120.656054043038878, 37.557901168558232 ], [ -120.656054043093405, 37.558529989910213 ], [ -120.65722185240034, 37.558529989919549 ], [ -120.657221852763143, 37.558260494768504 ], [ -120.656323537074996, 37.558260495469106 ], [ -120.656323536927061, 37.557901168986092 ], [ -120.656952357690486, 37.557901169159848 ], [ -120.656952358457787, 37.557362180061439 ], [ -120.656682863241429, 37.557002853817885 ], [ -120.656952358080602, 37.555835043287182 ], [ -120.65785067362107, 37.555835043891769 ], [ -120.657850672746648, 37.556104537961112 ], [ -120.658120168496012, 37.556104538211947 ], [ -120.658120167861583, 37.555475717534939 ], [ -120.657850672768205, 37.555206222762116 ], [ -120.656323537542789, 37.555206222532128 ], [ -120.656323537209744, 37.555026560116502 ], [ -120.656503200055283, 37.555026560421531 ], [ -120.656503200435054, 37.554667234242473 ], [ -120.656682864018066, 37.554577402604075 ], [ -120.65785067331305, 37.554577402153591 ], [ -120.657850673642628, 37.554936728624043 ], [ -120.658299830867236, 37.554936728657282 ], [ -120.658928651354231, 37.554667233453323 ], [ -120.660006629586775, 37.554577402426936 ], [ -120.66054561903384, 37.554577401988738 ], [ -120.660545619384365, 37.554936728390253 ], [ -120.661803260877448, 37.554936728693974 ], [ -120.661803260252583, 37.55457740201004 ], [ -120.663599890879553, 37.554577402776296 ], [ -120.66359989164971, 37.555206223056452 ], [ -120.663959217223237, 37.555206223357835 ], [ -120.663959217575396, 37.557452010853325 ], [ -120.664138879794052, 37.557901168772645 ], [ -120.663959216984694, 37.557991000296411 ], [ -120.663959217498544, 37.558529989428315 ], [ -120.664138879814686, 37.558619820831552 ], [ -120.663959217433813, 37.559518136473102 ], [ -120.664138880452796, 37.560416452064452 ], [ -120.663959217356918, 37.560596114418189 ], [ -120.663599890636917, 37.560596114482557 ], [ -120.663599890848005, 37.561853755832956 ], [ -120.663959216725701, 37.561943587422213 ], [ -120.663959217789809, 37.562752071049104 ], [ -120.662701575927585, 37.562752071177798 ], [ -120.662342249856238, 37.563021565666027 ], [ -120.662342250349624, 37.563291060439433 ], [ -120.663240565408188, 37.563291060386078 ], [ -120.663240565266662, 37.564189376004698 ], [ -120.66297107071891, 37.564189376139019 ], [ -120.662971070980475, 37.563650386425756 ], [ -120.662072754660414, 37.5636503866195 ], [ -120.661803260927414, 37.563291060323728 ], [ -120.661174440311214, 37.563291060017832 ], [ -120.661174440051482, 37.564818196947797 ], [ -120.660904945790691, 37.564818196590963 ], [ -120.660904945672229, 37.565177522410508 ], [ -120.661443934594899, 37.565177522985501 ], [ -120.661443934034565, 37.565447017137487 ], [ -120.661174439557684, 37.565716511684357 ], [ -120.660276125075214, 37.565716511517458 ], [ -120.660276124413826, 37.566075837650864 ], [ -120.660006630400545, 37.566345332732105 ], [ -120.659647304606224, 37.566345332706199 ], [ -120.659647303629697, 37.566614827349859 ], [ -120.660545618910177, 37.566614826860565 ], [ -120.660545619554028, 37.566974152903384 ], [ -120.660276124158315, 37.566974153459263 ], [ -120.660006630196051, 37.567243647785695 ], [ -120.660006630524734, 37.56751314236147 ], [ -120.660276125007528, 37.567872468812396 ], [ -120.660904944998691, 37.567872469011569 ], [ -120.661174440495415, 37.568141963194535 ], [ -120.661174440354088, 37.56841145775585 ], [ -120.660545618815377, 37.568411457399449 ], [ -120.660545619031481, 37.568141963296057 ], [ -120.660276124917203, 37.568141962707145 ], [ -120.660276124661692, 37.569040277995335 ] ], [ [ -120.656682863318835, 37.560326619916552 ], [ -120.656772694697253, 37.559518136388697 ], [ -120.657850673016668, 37.559428304628575 ], [ -120.65785067359792, 37.559158809950581 ], [ -120.657581178844751, 37.55879948445201 ], [ -120.657221852848892, 37.558799483958701 ], [ -120.657221852635644, 37.559158810403687 ], [ -120.656323537703884, 37.559158810539934 ], [ -120.656323537392055, 37.559428304935778 ], [ -120.655425222647665, 37.55942830511276 ], [ -120.655425221791376, 37.560057125277403 ], [ -120.655784548511562, 37.560057125724278 ], [ -120.655784548744478, 37.560326620456294 ], [ -120.656682863318835, 37.560326619916552 ] ] ] } },
{ "type": "Feature", "properties": { "csb_id": "061825015448775", "acres": 65.373430318876203, "geoid": "06099" }, "geometry": { "type": "Polygon", "coordinates": [ [ [ -120.626589301112318, 37.558350326822627 ], [ -120.625421492075432, 37.558260495280365 ], [ -120.625421491790632, 37.55852998957252 ], [ -120.62524182907093, 37.558529989608367 ], [ -120.625241828027711, 37.558350326479051 ], [ -120.623894355492354, 37.55852998946731 ], [ -120.623894355502486, 37.558350326795271 ], [ -120.623085872107211, 37.558350326446224 ], [ -120.623085871536958, 37.558529989752131 ], [ -120.622726545937908, 37.558529989158401 ], [ -120.622726545406877, 37.55763167413761 ], [ -120.622367219485042, 37.557362179597973 ], [ -120.622097724614989, 37.556374032734936 ], [ -120.621468903749246, 37.556374033358239 ], [ -120.621199408754649, 37.55673335935613 ], [ -120.621199408625841, 37.557362179787745 ], [ -120.621468903854151, 37.557362180084567 ], [ -120.621468904185008, 37.55852998978834 ], [ -120.619672273540459, 37.558529989816186 ], [ -120.619402779645299, 37.558260494678471 ], [ -120.619402778848539, 37.558529989168221 ], [ -120.618594295717457, 37.558529989910234 ], [ -120.618324801440664, 37.557092685345104 ], [ -120.61814513780125, 37.556733358851503 ], [ -120.617875640570858, 37.556733359466953 ], [ -120.617875643912654, 37.556104538548361 ], [ -120.618504463560029, 37.556104538730082 ], [ -120.618504463782187, 37.555475717242174 ], [ -120.618324801443691, 37.555475717750362 ], [ -120.618324800512426, 37.555296054215788 ], [ -120.618594295610109, 37.555296054736274 ], [ -120.618504463875553, 37.554936728512928 ], [ -120.618145137502168, 37.554577402816555 ], [ -120.618145137703564, 37.554038413544447 ], [ -120.618324801273317, 37.554038413249707 ], [ -120.618324800341057, 37.554397739170057 ], [ -120.618773958634719, 37.554577402313136 ], [ -120.619672274011336, 37.554577401869608 ], [ -120.620301093900352, 37.555475717412058 ], [ -120.620570588612267, 37.555475717463871 ], [ -120.620929914781044, 37.555206222768497 ], [ -120.620929915035489, 37.554936728835493 ], [ -120.620570588936403, 37.554936728350604 ], [ -120.620570589520668, 37.554577402153107 ], [ -120.621828230107468, 37.554577402721414 ], [ -120.621828230609225, 37.554936728108331 ], [ -120.622367219857566, 37.554936728386373 ], [ -120.62236722005963, 37.554577402313662 ], [ -120.623085872291085, 37.554577401964288 ], [ -120.624163850432367, 37.554936728742888 ], [ -120.625062165208661, 37.55547571764928 ], [ -120.625062165027558, 37.555835043557586 ], [ -120.624523175974971, 37.555835043668701 ], [ -120.624523176034344, 37.556104538322728 ], [ -120.625421491265868, 37.556104538072397 ], [ -120.625421491435432, 37.556733358574554 ], [ -120.625690986496068, 37.556733359239232 ], [ -120.626319807106441, 37.556374032600758 ], [ -120.626319806630704, 37.556104538549235 ], [ -120.62596048123801, 37.556104537890469 ], [ -120.625960481212132, 37.555475717224056 ], [ -120.626589301209108, 37.555206223425174 ], [ -120.627487616652161, 37.555206223169805 ], [ -120.627307953241512, 37.555475717487191 ], [ -120.627307953929275, 37.555924874952908 ], [ -120.627667279623282, 37.555924875083598 ], [ -120.62766728012808, 37.556463864388945 ], [ -120.627307954326085, 37.556463864663407 ], [ -120.627307953305333, 37.55799100063475 ], [ -120.626948627610346, 37.558529990001638 ], [ -120.626589301811407, 37.558529989775316 ], [ -120.626589301112318, 37.558350326822627 ] ], [ [ -120.624163850711994, 37.557631674252725 ], [ -120.624523176679503, 37.55736217969276 ], [ -120.62452317690925, 37.556733358949472 ], [ -120.622996040096098, 37.556733359025195 ], [ -120.622996039954089, 37.557362179841149 ], [ -120.623265535248891, 37.557362179838634 ], [ -120.623265535451935, 37.55763167432395 ], [ -120.624163850711994, 37.557631674252725 ] ] ] } },
{ "type": "Feature", "properties": { "csb_id": "061825015448802", "acres": 29.3622840700517, "geoid": "06099" }, "geometry": { "type": "Polygon", "coordinates": [ [ [ -120.613653561255944, 37.559158809999232 ], [ -120.613653561289382, 37.558529989292047 ], [ -120.613384066569623, 37.558529989170012 ], [ -120.613384066773662, 37.558260494710275 ], [ -120.614102719073841, 37.557452011617507 ], [ -120.614102718600819, 37.554397738929772 ], [ -120.614731540409906, 37.553768918801886 ], [ -120.615001034247385, 37.553768919007133 ], [ -120.615001034960386, 37.554128244976788 ], [ -120.616797664773443, 37.554397739472712 ], [ -120.616797665033076, 37.555026559906821 ], [ -120.618504463875553, 37.554936728512928 ], [ -120.618504463813309, 37.555296054341589 ], [ -120.618324800512426, 37.555296054215788 ], [ -120.618324801443691, 37.555475717750362 ], [ -120.618504463782187, 37.555475717242174 ], [ -120.618504463560029, 37.556104538730082 ], [ -120.617606148966146, 37.556104538567084 ], [ -120.617606148884235, 37.555206222740004 ], [ -120.616348506753752, 37.55520622281356 ], [ -120.616079012795055, 37.555475717520487 ], [ -120.615180697200643, 37.555835043976735 ], [ -120.614551876268706, 37.555835043976892 ], [ -120.614282379675828, 37.556104538918603 ], [ -120.61428238217664, 37.55673335878982 ], [ -120.614551874855906, 37.556733359687378 ], [ -120.614911200532205, 37.557002854279183 ], [ -120.617246822272591, 37.55700285393759 ], [ -120.617246820019517, 37.557362180594893 ], [ -120.617875643045153, 37.557362179993085 ], [ -120.617965474919686, 37.556733359234691 ], [ -120.61814513780125, 37.556733358851503 ], [ -120.618504463865449, 37.557721505859718 ], [ -120.618504463612169, 37.558529989692325 ], [ -120.618145137986048, 37.558529989425629 ], [ -120.61814513778252, 37.558350326909164 ], [ -120.614911202289932, 37.558350326476365 ], [ -120.614282381993149, 37.558799484546121 ], [ -120.614282382284628, 37.559428304394359 ], [ -120.614012887616269, 37.559428304978987 ], [ -120.613653561255944, 37.559158809999232 ] ] ] } },
{ "type": "Feature", "properties": { "csb_id": "061825015448845", "acres": 7.7832963184711099, "geoid": "06099" }, "geometry": { "type": "Polygon", "coordinates": [ [ [ -121.007744476207421, 37.554936728614869 ], [ -121.007564813411634, 37.553229929591879 ], [ -121.008912286247352, 37.553140097510934 ], [ -121.008912285983897, 37.552780771466743 ], [ -121.009541107549467, 37.552780771437419 ], [ -121.009810601342039, 37.553140098349914 ], [ -121.009361444749473, 37.553140098096343 ], [ -121.009271612439463, 37.554936728538827 ], [ -121.007744476207421, 37.554936728614869 ] ] ] } },
{ "type": "Feature", "properties": { "csb_id": "061825015448856", "acres": 3.9699029524704201, "geoid": "06099" }, "geometry": { "type": "Polygon", "coordinates": [ [ [ -120.65219128705975, 37.554038413074018 ], [ -120.652191286972638, 37.553679086602067 ], [ -120.653359097430268, 37.553679087303735 ], [ -120.653359096583799, 37.553409592170233 ], [ -120.653089602508558, 37.553409592290663 ], [ -120.65308960293396, 37.553140097998956 ], [ -120.654257412258502, 37.553140097789949 ], [ -120.654257411881929, 37.552780771982349 ], [ -120.654526906761845, 37.55278077140553 ], [ -120.654526907271503, 37.554038413147204 ], [ -120.65219128705975, 37.554038413074018 ] ] ] } },
{ "type": "Feature", "properties": { "csb_id": "061825015448869", "acres": 3.9600932673559699, "geoid": "06099" }, "geometry": { "type": "Polygon", "coordinates": [ [ [ -120.66359989164971, 37.555206223056452 ], [ -120.663599890879553, 37.554577402776296 ], [ -120.6629710699181, 37.554577402205311 ], [ -120.662971071041014, 37.554307907805516 ], [ -120.66270157568853, 37.554038413579583 ], [ -120.662971070595205, 37.553679086555917 ], [ -120.662971070613594, 37.553409592316243 ], [ -120.663240565098448, 37.553409592387382 ], [ -120.663240564954336, 37.553679086856022 ], [ -120.663599891157517, 37.553679087477811 ], [ -120.663599891379079, 37.552511277183243 ], [ -120.66395921693173, 37.552511277553116 ], [ -120.663959217223237, 37.555206223357835 ], [ -120.66359989164971, 37.555206223056452 ] ] ] } },
{ "type": "Feature", "properties": { "csb_id": "061825015448885", "acres": 13.6110894792011, "geoid": "06099" }, "geometry": { "type": "Polygon", "coordinates": [ [ [ -120.657581178692013, 37.554577402221739 ], [ -120.657581178498432, 37.554038412790653 ], [ -120.656952358129274, 37.553679086684468 ], [ -120.656323537957363, 37.553679087341301 ], [ -120.655784548223551, 37.553409592746483 ], [ -120.655784548536928, 37.552780771800897 ], [ -120.656054042380475, 37.552780771750129 ], [ -120.656054043139235, 37.553140097435183 ], [ -120.656323537476425, 37.55314009787903 ], [ -120.656323536828978, 37.552511277060873 ], [ -120.657581179088595, 37.552511277230906 ], [ -120.658120167854307, 37.552780771524333 ], [ -120.658479493851814, 37.55278077163306 ], [ -120.658479493546935, 37.552511277080207 ], [ -120.660006629803846, 37.552511277322878 ], [ -120.660006629839287, 37.552780772158059 ], [ -120.660276124405712, 37.552780771840553 ], [ -120.660276124555736, 37.5531400981967 ], [ -120.659647303898751, 37.553140097686331 ], [ -120.6591083145196, 37.553409592260728 ], [ -120.659108314571426, 37.554577402317769 ], [ -120.657581178692013, 37.554577402221739 ] ] ] } },
{ "type": "Feature", "properties": { "csb_id": "061825015448905", "acres": 16.759620931582301, "geoid": "06099" }, "geometry": { "type": "Polygon", "coordinates": [ [ [ -120.660545619384365, 37.554936728390253 ], [ -120.660545619543086, 37.554307907695822 ], [ -120.660006629551361, 37.554307907729509 ], [ -120.660006629530983, 37.553409592209825 ], [ -120.660904945783599, 37.553409592656827 ], [ -120.660904944987877, 37.553140098274412 ], [ -120.660545619322662, 37.553140097511374 ], [ -120.660276124496036, 37.55251127677645 ], [ -120.660276124729549, 37.551882456105922 ], [ -120.662342249820057, 37.551882456648343 ], [ -120.662701575543039, 37.55224178251617 ], [ -120.662701575943615, 37.552511277478821 ], [ -120.662342249355049, 37.552511277303566 ], [ -120.662342249994524, 37.553140097617224 ], [ -120.662971070631997, 37.553140098055906 ], [ -120.662971070595205, 37.553679086555917 ], [ -120.66270157568853, 37.554038413579583 ], [ -120.662971071041014, 37.554307907805516 ], [ -120.6629710699181, 37.554577402205311 ], [ -120.661803260252583, 37.55457740201004 ], [ -120.661803260877448, 37.554936728693974 ], [ -120.660545619384365, 37.554936728390253 ] ] ] } },
{ "type": "Feature", "properties": { "csb_id": "061825015448910", "acres": 6.9033565048083103, "geoid": "06099" }, "geometry": { "type": "Polygon", "coordinates": [ [ [ -121.040892310935618, 37.553768918454828 ], [ -121.040622816016253, 37.553768918474923 ], [ -121.040622815987376, 37.554128244457928 ], [ -121.040353321163963, 37.554128244510359 ], [ -121.039993995600057, 37.553768918133819 ], [ -121.039993995147185, 37.553499424203459 ], [ -121.04035332154568, 37.553499423503126 ], [ -121.040353321297644, 37.551702793432085 ], [ -121.039275343527962, 37.551612961717609 ], [ -121.041431299400656, 37.551612961802086 ], [ -121.041251636067997, 37.551702793344873 ], [ -121.041251637186917, 37.552331614112724 ], [ -121.041521130791494, 37.552331613726039 ], [ -121.041521131069217, 37.553229929350728 ], [ -121.041251636408802, 37.553229929272561 ], [ -121.041251636844862, 37.554667233805667 ], [ -121.040892310815991, 37.554667234040757 ], [ -121.040892310935618, 37.553768918454828 ] ] ] } },
{ "type": "Feature", "properties": { "csb_id": "061825015448946", "acres": 17.014062845840701, "geoid": "06099" }, "geometry": { "type": "Polygon", "coordinates": [ [ [ -120.979806870163614, 37.553140098320149 ], [ -120.976752598228714, 37.553140098283059 ], [ -120.975584789419017, 37.553679087273096 ], [ -120.975494958489904, 37.551612962971454 ], [ -120.979806871418731, 37.551612961903515 ], [ -120.979806870163614, 37.553140098320149 ] ] ] } },
{ "type": "Feature", "properties": { "csb_id": "061825015448981", "acres": 38.477086312826302, "geoid": "06099" }, "geometry": { "type": "Polygon", "coordinates": [ [ [ -120.66054561903384, 37.554577401988738 ], [ -120.658928651354231, 37.554667233453323 ], [ -120.658299830867236, 37.554936728657282 ], [ -120.657850673642628, 37.554936728624043 ], [ -120.65785067331305, 37.554577402153591 ], [ -120.659108314571426, 37.554577402317769 ], [ -120.6591083145196, 37.553409592260728 ], [ -120.659647303898751, 37.553140097686331 ], [ -120.660276124555736, 37.5531400981967 ], [ -120.660276124405712, 37.552780771840553 ], [ -120.660006629839287, 37.552780772158059 ], [ -120.660006629803846, 37.552511277322878 ], [ -120.658479493546935, 37.552511277080207 ], [ -120.658479493851814, 37.55278077163306 ], [ -120.658120167854307, 37.552780771524333 ], [ -120.657581179088595, 37.552511277230906 ], [ -120.656952357924695, 37.552511276931014 ], [ -120.656323536828978, 37.552511277060873 ], [ -120.656323537476425, 37.55314009787903 ], [ -120.656054043139235, 37.553140097435183 ], [ -120.656054042380475, 37.552780771750129 ], [ -120.655784548536928, 37.552780771800897 ], [ -120.655784548223551, 37.553409592746483 ], [ -120.656323537957363, 37.553679087341301 ], [ -120.656952358129274, 37.553679086684468 ], [ -120.657581178498432, 37.554038412790653 ], [ -120.657581178692013, 37.554577402221739 ], [ -120.656682864018066, 37.554577402604075 ], [ -120.656503200435054, 37.554667234242473 ], [ -120.656503200055283, 37.555026560421531 ], [ -120.656143874364247, 37.555026559546206 ], [ -120.656143874134813, 37.554397739294316 ], [ -120.655784548468432, 37.554397738907255 ], [ -120.655784547789622, 37.554577402217447 ], [ -120.655155727873066, 37.554577402595619 ], [ -120.654886233162912, 37.554128244978486 ], [ -120.654886232946737, 37.553409592155134 ], [ -120.655155727225079, 37.553140097794824 ], [ -120.655425222080453, 37.553140098274014 ], [ -120.655425221864533, 37.552780772184285 ], [ -120.654886232847915, 37.552780771949429 ], [ -120.654886232826073, 37.551433299265895 ], [ -120.65452690695561, 37.551343467296256 ], [ -120.663959217888333, 37.551433299722362 ], [ -120.66395921693173, 37.552511277553116 ], [ -120.663599891379079, 37.552511277183243 ], [ -120.663599891157517, 37.553679087477811 ], [ -120.663240564954336, 37.553679086856022 ], [ -120.663240565098448, 37.553409592387382 ], [ -120.662971070613594, 37.553409592316243 ], [ -120.662971070631997, 37.553140098055906 ], [ -120.662342249994524, 37.553140097617224 ], [ -120.662342249355049, 37.552511277303566 ], [ -120.662701575943615, 37.552511277478821 ], [ -120.662701575543039, 37.55224178251617 ], [ -120.662342249820057, 37.551882456648343 ], [ -120.660276124729549, 37.551882456105922 ], [ -120.660276124496036, 37.55251127677645 ], [ -120.660545619322662, 37.553140097511374 ], [ -120.660904944987877, 37.553140098274412 ], [ -120.660904945783599, 37.553409592656827 ], [ -120.660006629530983, 37.553409592209825 ], [ -120.660006629551361, 37.554307907729509 ], [ -120.660545619543086, 37.554307907695822 ], [ -120.66054561903384, 37.554577401988738 ] ] ] } },
{ "type": "Feature", "properties": { "csb_id": "061825015448982", "acres": 4.7717626026089999, "geoid": "06099" }, "geometry": { "type": "Polygon", "coordinates": [ [ [ -120.651562466846869, 37.553409592696767 ], [ -120.651562465742813, 37.551343466979446 ], [ -120.652281118097548, 37.551253635568486 ], [ -120.65246078188197, 37.551343467354478 ], [ -120.652460781174895, 37.551882456140007 ], [ -120.652191287416429, 37.551882456278243 ], [ -120.652191287503555, 37.552241782933962 ], [ -120.65273027619314, 37.552511277283919 ], [ -120.65273027576221, 37.553140097554198 ], [ -120.652191287053881, 37.553409592155148 ], [ -120.651562466846869, 37.553409592696767 ] ] ] } },
{ "type": "Feature", "properties": { "csb_id": "061825015448983", "acres": 58.160380254102499, "geoid": "06099" }, "geometry": { "type": "Polygon", "coordinates": [ [ [ -120.654886233162912, 37.554128244978486 ], [ -120.65111330849065, 37.554128244788103 ], [ -120.650304825295962, 37.554307907763196 ], [ -120.650035330709784, 37.554577402521097 ], [ -120.650035330883782, 37.554936728566432 ], [ -120.649855666769056, 37.554936728253715 ], [ -120.649855667014918, 37.554667233780371 ], [ -120.648508193889498, 37.55439773911867 ], [ -120.647969205132583, 37.554577401939639 ], [ -120.647070889834282, 37.554577402592436 ], [ -120.64707088978686, 37.554936728478935 ], [ -120.646172574399102, 37.55493672808101 ], [ -120.646172575775992, 37.554577403743423 ], [ -120.645903079939998, 37.55457740220799 ], [ -120.645992911374407, 37.551433299135212 ], [ -120.646891227321774, 37.551253635857599 ], [ -120.651562465742813, 37.551343466979446 ], [ -120.651562466846869, 37.553409592696767 ], [ -120.652191287053881, 37.553409592155148 ], [ -120.65273027576221, 37.553140097554198 ], [ -120.65273027619314, 37.552511277283919 ], [ -120.652191287503555, 37.552241782933962 ], [ -120.652191287416429, 37.551882456278243 ], [ -120.652460781174895, 37.551882456140007 ], [ -120.65246078188197, 37.551343467354478 ], [ -120.654886232826073, 37.551433299265895 ], [ -120.654886232847915, 37.552780771949429 ], [ -120.655425221864533, 37.552780772184285 ], [ -120.655425222080453, 37.553140098274014 ], [ -120.655155727225079, 37.553140097794824 ], [ -120.654886232946737, 37.553409592155134 ], [ -120.654886233162912, 37.554128244978486 ] ], [ [ -120.654526907271503, 37.554038413147204 ], [ -120.654526906761845, 37.55278077140553 ], [ -120.654257411881929, 37.552780771982349 ], [ -120.654257412258502, 37.553140097789949 ], [ -120.65308960293396, 37.553140097998956 ], [ -120.653089602508558, 37.553409592290663 ], [ -120.653359096583799, 37.553409592170233 ], [ -120.653359097430268, 37.553679087303735 ], [ -120.652191286972638, 37.553679086602067 ], [ -120.65219128705975, 37.554038413074018 ], [ -120.654526907271503, 37.554038413147204 ] ] ] } },
{ "type": "Feature", "properties": { "csb_id": "061825015448989", "acres": 84.384932561289403, "geoid": "06099" }, "geometry": { "type": "Polygon", "coordinates": [ [ [ -120.625421491435432, 37.556733358574554 ], [ -120.625421491265868, 37.556104538072397 ], [ -120.624523176034344, 37.556104538322728 ], [ -120.624523175974971, 37.555835043668701 ], [ -120.625062165027558, 37.555835043557586 ], [ -120.625062165208661, 37.55547571764928 ], [ -120.624792670949276, 37.555206223301091 ], [ -120.623085872291085, 37.554577401964288 ], [ -120.62236722005963, 37.554577402313662 ], [ -120.622367219857566, 37.554936728386373 ], [ -120.621828230609225, 37.554936728108331 ], [ -120.621828230107468, 37.554577402721414 ], [ -120.620570589520668, 37.554577402153107 ], [ -120.620570588936403, 37.554936728350604 ], [ -120.620929915035489, 37.554936728835493 ], [ -120.620929914781044, 37.555206222768497 ], [ -120.620570588612267, 37.555475717463871 ], [ -120.620301093900352, 37.555475717412058 ], [ -120.619672274011336, 37.554577401869608 ], [ -120.618773958634719, 37.554577402313136 ], [ -120.618324800341057, 37.554397739170057 ], [ -120.618324801273317, 37.554038413249707 ], [ -120.618145137703564, 37.554038413544447 ], [ -120.61814513810846, 37.553679086953409 ], [ -120.61796547453558, 37.553499424447814 ], [ -120.617965475168859, 37.552780772438481 ], [ -120.618145137743937, 37.552511278165106 ], [ -120.61832480093004, 37.552511277184728 ], [ -120.618324800758174, 37.551882456373988 ], [ -120.618504463459857, 37.55161296167806 ], [ -120.618145138350201, 37.551612961773735 ], [ -120.617875643900462, 37.551343468262687 ], [ -120.627218122061777, 37.551253635843359 ], [ -120.627307953911242, 37.551702793392124 ], [ -120.62766727895621, 37.551972288617762 ], [ -120.627667279231289, 37.553140098156319 ], [ -120.627307953409471, 37.55322992947535 ], [ -120.627307953387486, 37.554128244288911 ], [ -120.627667279803944, 37.554128244315351 ], [ -120.627667279650467, 37.554397739661361 ], [ -120.627307952679672, 37.55466723450305 ], [ -120.62730795424217, 37.554936728259349 ], [ -120.62766727971362, 37.555026559814102 ], [ -120.627667279267271, 37.55529605422884 ], [ -120.626589301209108, 37.555206223425174 ], [ -120.625960481212132, 37.555475717224056 ], [ -120.62596048123801, 37.556104537890469 ], [ -120.626319806630704, 37.556104538549235 ], [ -120.626319807106441, 37.556374032600758 ], [ -120.625690986496068, 37.556733359239232 ], [ -120.625421491435432, 37.556733358574554 ] ] ] } },
{ "type": "Feature", "properties": { "csb_id": "061825015449029", "acres": 5.7888150267688898, "geoid": "06099" }, "geometry": { "type": "Polygon", "coordinates": [ [ [ -120.986993393292479, 37.551253636040379 ], [ -120.986095078749727, 37.550984141340635 ], [ -120.985466257179979, 37.550984140790433 ], [ -120.985466258152073, 37.550445152246425 ], [ -120.985825583296872, 37.550085825690672 ], [ -120.986095078642691, 37.550085825817604 ], [ -120.9860950784648, 37.550445152100835 ], [ -120.987891708910226, 37.550445152321103 ], [ -120.987891708706471, 37.550085826137725 ], [ -120.988520529028861, 37.550085825754948 ], [ -120.988520529773623, 37.550445151540529 ], [ -120.988251034948149, 37.550445151780529 ], [ -120.98825103531091, 37.551253635939318 ], [ -120.986993393292479, 37.551253636040379 ] ] ] } },
{ "type": "Feature", "properties": { "csb_id": "061825015449038", "acres": 8.8690534081319097, "geoid": "06099" }, "geometry": { "type": "Polygon", "coordinates": [ [ [ -120.865002177824934, 37.550984141967156 ], [ -120.863025884905255, 37.550984141441646 ], [ -120.863025884144747, 37.550804478146723 ], [ -120.862397064057745, 37.550804478288754 ], [ -120.862127568772792, 37.550534984491691 ], [ -120.862127569221911, 37.549636669194754 ], [ -120.86446318930679, 37.549636669286762 ], [ -120.865092009216582, 37.550175657478654 ], [ -120.865092010216699, 37.550534984477032 ], [ -120.865271672766852, 37.550534984681427 ], [ -120.865002177824934, 37.550984141967156 ] ] ] } },
{ "type": "Feature", "properties": { "csb_id": "061825015449083", "acres": 62.448818621645998, "geoid": "06099" }, "geometry": { "type": "Polygon", "coordinates": [ [ [ -121.167375102899186, 37.554128244889611 ], [ -121.165279501572428, 37.552720416445645 ], [ -121.165219145418092, 37.551882456564208 ], [ -121.165847966548895, 37.551882456203103 ], [ -121.165847967253484, 37.551612962410793 ], [ -121.16521914560245, 37.551612961516632 ], [ -121.165219146085875, 37.551343467309508 ], [ -121.166836113602159, 37.551343467073224 ], [ -121.167015775623085, 37.550714647064424 ], [ -121.168273417496025, 37.550714646305465 ], [ -121.168273417411399, 37.550445151649761 ], [ -121.167914092082398, 37.550445152085473 ], [ -121.167914090301181, 37.550085826259235 ], [ -121.16917173364682, 37.549546836669933 ], [ -121.16944122767454, 37.549007847856693 ], [ -121.170698868658064, 37.548109532302391 ], [ -121.170788701206902, 37.549007847843619 ], [ -121.17168701617905, 37.549007847710712 ], [ -121.171687015438124, 37.549636668036896 ], [ -121.173214151542979, 37.550175657240189 ], [ -121.173393814832693, 37.550445151853417 ], [ -121.17348364649753, 37.550714646641154 ], [ -121.17324362737746, 37.550923785248685 ], [ -121.168542911998486, 37.554577402220382 ], [ -121.167914091997844, 37.554757065523638 ], [ -121.167375102899186, 37.554128244889611 ] ], [ [ -121.16881240646444, 37.553409592226906 ], [ -121.168812407413412, 37.552780771220618 ], [ -121.168273418344327, 37.552780771885338 ], [ -121.168273417538629, 37.553409592818547 ], [ -121.16881240646444, 37.553409592226906 ] ] ] } },
{ "type": "Feature", "properties": { "csb_id": "061825015449113", "acres": 34.068538409991099, "geoid": "06099" }, "geometry": { "type": "Polygon", "coordinates": [ [ [ -120.979447545374001, 37.550984141279166 ], [ -120.978908556047031, 37.550984140747964 ], [ -120.978908556444949, 37.551253636267028 ], [ -120.978279734835269, 37.5512536359997 ], [ -120.978279735617591, 37.55098414071248 ], [ -120.976483104536129, 37.550984141062642 ], [ -120.976483104146752, 37.551253635820494 ], [ -120.975584789309522, 37.551253635842791 ], [ -120.975584789417468, 37.548019701018951 ], [ -120.975854283671865, 37.548019701222948 ], [ -120.975854284292652, 37.547390880379851 ], [ -120.976213610527566, 37.54739087988979 ], [ -120.976213610262974, 37.547660374692541 ], [ -120.978369567224775, 37.547750205821934 ], [ -120.978369566220834, 37.548109532050034 ], [ -120.977471251422344, 37.548109531808294 ], [ -120.977471251014322, 37.548379026621198 ], [ -120.97962720856107, 37.548379026705241 ], [ -120.979896702460948, 37.548648521331636 ], [ -120.979896702543314, 37.548918016002659 ], [ -120.980435692480128, 37.548918016268523 ], [ -120.980435692016044, 37.549187510520838 ], [ -120.979806871110043, 37.549187510586421 ], [ -120.979806871251611, 37.549546836964431 ], [ -120.980705186640421, 37.549546836434331 ], [ -120.980076366069127, 37.550085825749932 ], [ -120.980076366112783, 37.551253635405644 ], [ -120.97944754492859, 37.551253635538593 ], [ -120.979447545374001, 37.550984141279166 ] ] ] } },
{ "type": "Feature", "properties": { "csb_id": "061825015449119", "acres": 74.288253316899699, "geoid": "06099" }, "geometry": { "type": "Polygon", "coordinates": [ [ [ -120.992742611287142, 37.551073973023556 ], [ -120.989868002994569, 37.551253635986015 ], [ -120.988251034553386, 37.550984141682306 ], [ -120.988251034948149, 37.550445151780529 ], [ -120.988520529773623, 37.550445151540529 ], [ -120.988520529028861, 37.550085825754948 ], [ -120.987891708706471, 37.550085826137725 ], [ -120.987891708910226, 37.550445152321103 ], [ -120.9860950784648, 37.550445152100835 ], [ -120.986095078642691, 37.550085825817604 ], [ -120.985825583296872, 37.550085825690672 ], [ -120.985466258152073, 37.550445152246425 ], [ -120.985466257839619, 37.551253636638705 ], [ -120.984927267874809, 37.551253635688077 ], [ -120.984927268745679, 37.546492564586835 ], [ -120.985825584077475, 37.546492564705183 ], [ -120.986095078144615, 37.546762059171186 ], [ -120.986723899203568, 37.546762059224804 ], [ -120.98672389928133, 37.546492564687767 ], [ -120.986993393196045, 37.546223070256687 ], [ -120.987442551458201, 37.546223069981274 ], [ -120.98744255178346, 37.54649256500295 ], [ -120.987891708663554, 37.546492564627229 ], [ -120.98789170887585, 37.547390880077806 ], [ -120.988251035311137, 37.547660374734356 ], [ -120.993461263738411, 37.547660374570327 ], [ -120.9936409273039, 37.551253636391422 ], [ -120.9927426112082, 37.551253635803789 ], [ -120.992742611287142, 37.551073973023556 ] ], [ [ -120.986364573089375, 37.547390880080364 ], [ -120.985825583935451, 37.547390879593721 ], [ -120.985825583099214, 37.547660374459227 ], [ -120.986364572810089, 37.547660374316138 ], [ -120.986364573089375, 37.547390880080364 ] ] ] } },
{ "type": "Feature", "properties": { "csb_id": "061825015449122", "acres": 8.0674097435025693, "geoid": "06099" }, "geometry": { "type": "Polygon", "coordinates": [ [ [ -120.933363970875504, 37.550085825575529 ], [ -120.933363971231046, 37.549636668120478 ], [ -120.932914813288733, 37.549546836678203 ], [ -120.932555487505923, 37.549277341809059 ], [ -120.932555487177325, 37.547660374848178 ], [ -120.934262286137624, 37.547750206506336 ], [ -120.934262286583163, 37.548648521109328 ], [ -120.934082623338455, 37.548648521310142 ], [ -120.934082623580665, 37.549816330997523 ], [ -120.933813128372549, 37.550085825948095 ], [ -120.933363970875504, 37.550085825575529 ] ] ] } },
{ "type": "Feature", "properties": { "csb_id": "061825015449123", "acres": 13.5532303535387, "geoid": "06099" }, "geometry": { "type": "Polygon", "coordinates": [ [ [ -120.932735150084966, 37.550534984029532 ], [ -120.932735149793885, 37.549636668211697 ], [ -120.930309698422676, 37.549546836384287 ], [ -120.930219867235522, 37.549187510610707 ], [ -120.929860540885372, 37.549187510245986 ], [ -120.929680877920845, 37.547660374364931 ], [ -120.932555487177325, 37.547660374848178 ], [ -120.932555487505923, 37.549277341809059 ], [ -120.932914813288733, 37.549546836678203 ], [ -120.933363971231046, 37.549636668120478 ], [ -120.933004644948454, 37.550445151969363 ], [ -120.932735150084966, 37.550534984029532 ] ] ] } },
{ "type": "Feature", "properties": { "csb_id": "061825015449132", "acres": 43.495450991080801, "geoid": "06099" }, "geometry": { "type": "Polygon", "coordinates": [ [ [ -120.676535631516046, 37.550984141387779 ], [ -120.676535631884732, 37.55071464680789 ], [ -120.676805125450784, 37.55071464639353 ], [ -120.67680512593023, 37.547480711892391 ], [ -120.677433946286726, 37.547480711730103 ], [ -120.677703440894248, 37.54766037473965 ], [ -120.67770344061924, 37.54748071134734 ], [ -120.677972936032475, 37.547390879732674 ], [ -120.678422093049207, 37.547390880088663 ], [ -120.678422093422711, 37.547660374345291 ], [ -120.679230576894227, 37.547660374382311 ], [ -120.679589902984333, 37.547480711846951 ], [ -120.680218724407325, 37.547750205680579 ], [ -120.680847544998471, 37.548289196247339 ], [ -120.68156619675014, 37.548289195329744 ], [ -120.681566196589102, 37.548019700555109 ], [ -120.682195018098099, 37.548019700505201 ], [ -120.682554344132598, 37.548289195078716 ], [ -120.682644175415902, 37.547750206060023 ], [ -120.682644175240824, 37.548918016390594 ], [ -120.682195017622945, 37.549546836874789 ], [ -120.682374680532419, 37.549906162676351 ], [ -120.682374680911437, 37.55044515219776 ], [ -120.682195017592591, 37.550714646955619 ], [ -120.681925523231712, 37.550714646544492 ], [ -120.681925523593321, 37.550984141340813 ], [ -120.676535631516046, 37.550984141387779 ] ] ] } },
{ "type": "Feature", "properties": { "csb_id": "061825015449134", "acres": 5.8085409164072201, "geoid": "06099" }, "geometry": { "type": "Polygon", "coordinates": [ [ [ -120.638626726166137, 37.5480197006815 ], [ -120.638896220592827, 37.548019700763803 ], [ -120.63889622143104, 37.547660374819216 ], [ -120.639794536712756, 37.547660374697031 ], [ -120.639794536617799, 37.548019700465488 ], [ -120.639525041605225, 37.548019700647501 ], [ -120.639525041530192, 37.548289195209271 ], [ -120.64042335675984, 37.548289195725474 ], [ -120.64042335744513, 37.548558689861515 ], [ -120.639794536216101, 37.548558690025757 ], [ -120.639794535920288, 37.549187510423188 ], [ -120.639525041375208, 37.549546836797795 ], [ -120.63862672629341, 37.549546836621587 ], [ -120.638626725934643, 37.549187510428894 ], [ -120.638357231875986, 37.548918016119792 ], [ -120.6383572313228, 37.548289195602848 ], [ -120.638626726166137, 37.5480197006815 ] ] ] } },
{ "type": "Feature", "properties": { "csb_id": "061825015449162", "acres": 3.1683663435357201, "geoid": "06099" }, "geometry": { "type": "Polygon", "coordinates": [ [ [ -121.139706991805042, 37.547390880234431 ], [ -121.138359518280211, 37.54748071143765 ], [ -121.138359518795824, 37.547121385524889 ], [ -121.138539181870115, 37.547121385216123 ], [ -121.138539182236613, 37.546223070469694 ], [ -121.138898507941875, 37.546223070079151 ], [ -121.1397069924394, 37.546762059568181 ], [ -121.139527328235843, 37.546762059250511 ], [ -121.139706992063182, 37.546851890763094 ], [ -121.139706991805042, 37.547390880234431 ] ] ] } },
{ "type": "Feature", "properties": { "csb_id": "061825015449172", "acres": 12.898130091286401, "geoid": "06099" }, "geometry": { "type": "Polygon", "coordinates": [ [ [ -120.644375943848331, 37.550085826177416 ], [ -120.644016617912868, 37.549816330876567 ], [ -120.644016617910452, 37.549187510628258 ], [ -120.64374712373089, 37.548918015916712 ], [ -120.643747123582372, 37.547660375036898 ], [ -120.64284880776124, 37.547660374905789 ], [ -120.642848808429363, 37.547121385172503 ], [ -120.643118303159056, 37.546762058915924 ], [ -120.643747123341086, 37.546762058950456 ], [ -120.643747123541303, 37.547121385022038 ], [ -120.644196281272514, 37.547390880091797 ], [ -120.64554375402129, 37.54739087961228 ], [ -120.645813248142687, 37.547660374370501 ], [ -120.645633585145276, 37.547660374936314 ], [ -120.645633586019784, 37.54981633152439 ], [ -120.644645438572866, 37.549816331532 ], [ -120.644645438249256, 37.550085826166146 ], [ -120.644375943848331, 37.550085826177416 ] ] ] } },
{ "type": "Feature", "properties": { "csb_id": "061825015449173", "acres": 23.321933742733101, "geoid": "06099" }, "geometry": { "type": "Polygon", "coordinates": [ [ [ -120.631979192950652, 37.550984141185644 ], [ -120.627846942849359, 37.550984141477514 ], [ -120.627487617225711, 37.5507146467585 ], [ -120.627487616475889, 37.550085826291003 ], [ -120.628385932415156, 37.550085825856286 ], [ -120.628385929485376, 37.549546836840129 ], [ -120.629014753303352, 37.549546836817562 ], [ -120.629014752746755, 37.549816330842596 ], [ -120.629284246668504, 37.549816331510023 ], [ -120.629284245509837, 37.548918016422661 ], [ -120.629643573406724, 37.548918016162276 ], [ -120.629643571645161, 37.548558689971301 ], [ -120.629014750611006, 37.548558690707608 ], [ -120.629014750874788, 37.548289195723228 ], [ -120.629643571022683, 37.548289195620704 ], [ -120.629913066407525, 37.548019701511151 ], [ -120.629913068659818, 37.547390880298451 ], [ -120.630811383230181, 37.547660374917932 ], [ -120.631440202441254, 37.547390880724031 ], [ -120.632338517059836, 37.547390880634893 ], [ -120.632338518281287, 37.547121385632373 ], [ -120.63260801418086, 37.547121385735068 ], [ -120.632608012297922, 37.547660375085492 ], [ -120.632338517327995, 37.548019700965497 ], [ -120.631979191145149, 37.548019701420507 ], [ -120.631709698192864, 37.548289195616448 ], [ -120.631709698001316, 37.548558689842807 ], [ -120.631979192719413, 37.548558689893966 ], [ -120.631979192762032, 37.548918016012983 ], [ -120.631709699049367, 37.54918751054484 ], [ -120.631440203445038, 37.549187510530679 ], [ -120.631080878274858, 37.548918016056852 ], [ -120.631080875635305, 37.54828919581599 ], [ -120.630182562492834, 37.548289195142353 ], [ -120.630182562863695, 37.548558689950198 ], [ -120.630541886585632, 37.548558690311012 ], [ -120.630541888838636, 37.549816331164386 ], [ -120.631080875418547, 37.549816331862679 ], [ -120.63108087760088, 37.549546836870761 ], [ -120.631979193591775, 37.549546836245334 ], [ -120.631979191040841, 37.55008582626089 ], [ -120.631440203541118, 37.550085825633602 ], [ -120.631440202371266, 37.550445152229656 ], [ -120.63170969672737, 37.550445152524787 ], [ -120.631979193268052, 37.550714646917307 ], [ -120.631979192950652, 37.550984141185644 ] ] ] } },
{ "type": "Feature", "properties": { "csb_id": "061825015449193", "acres": 4.5374015610854102, "geoid": "06099" }, "geometry": { "type": "Polygon", "coordinates": [ [ [ -120.616707832945607, 37.547121385792408 ], [ -120.617875642900344, 37.547121385382766 ], [ -120.617875642936099, 37.546223070247301 ], [ -120.618504463940553, 37.546223070359829 ], [ -120.618504464304081, 37.547121385141701 ], [ -120.619133284669601, 37.547121385558633 ], [ -120.619133284139849, 37.547660374678202 ], [ -120.616707833643119, 37.547660374705025 ], [ -120.616707832945607, 37.547121385792408 ] ] ] } },
{ "type": "Feature", "properties": { "csb_id": "061825015449283", "acres": 15.010944596930401, "geoid": "06099" }, "geometry": { "type": "Polygon", "coordinates": [ [ [ -120.986095078144615, 37.546762059171186 ], [ -120.985825584077475, 37.546492564705183 ], [ -120.984927268745679, 37.546492564586835 ], [ -120.985017099664077, 37.544426439714407 ], [ -120.985466257704516, 37.544426439874115 ], [ -120.985825584124143, 37.544156945349705 ], [ -120.98834086629364, 37.544156944932375 ], [ -120.988340866273973, 37.544426439947905 ], [ -120.987262887515286, 37.545324754565293 ], [ -120.987442551458201, 37.546223069981274 ], [ -120.986993393196045, 37.546223070256687 ], [ -120.98672389928133, 37.546492564687767 ], [ -120.986723899203568, 37.546762059224804 ], [ -120.986095078144615, 37.546762059171186 ] ] ] } },
{ "type": "Feature", "properties": { "csb_id": "061825015449319", "acres": 21.729173219328199, "geoid": "06099" }, "geometry": { "type": "Polygon", "coordinates": [ [ [ -120.641950492470798, 37.5473908799231 ], [ -120.641950492925574, 37.546492564435795 ], [ -120.641591166679675, 37.546492564351951 ], [ -120.641591167281561, 37.545863743945205 ], [ -120.641321672184134, 37.545594249044491 ], [ -120.640153861944668, 37.54559424962121 ], [ -120.640153862755739, 37.545863743736447 ], [ -120.639525041394165, 37.545863744496131 ], [ -120.639255546947524, 37.545594249208811 ], [ -120.639255547392551, 37.544965429079312 ], [ -120.639525041839647, 37.544965429160186 ], [ -120.639525041989742, 37.544426439502445 ], [ -120.639255547291086, 37.544426439879111 ], [ -120.639255547493917, 37.544067113335522 ], [ -120.639794535971859, 37.544067113481574 ], [ -120.639794536465658, 37.543797619227291 ], [ -120.640692850834199, 37.543797618671682 ], [ -120.640692851393666, 37.544067113383505 ], [ -120.641321671798735, 37.54406711378892 ], [ -120.64132167188545, 37.544426439575211 ], [ -120.641052177930874, 37.544426439160759 ], [ -120.641052176948847, 37.544965428518807 ], [ -120.642579314085495, 37.544965428602872 ], [ -120.642579313342011, 37.545324754806778 ], [ -120.643477628569372, 37.545324754885932 ], [ -120.643477628569926, 37.544426439746836 ], [ -120.642848808524064, 37.544426439621937 ], [ -120.642848807962707, 37.54406711332534 ], [ -120.643118302888709, 37.544067112982184 ], [ -120.643118303235809, 37.543797619027487 ], [ -120.644375944143533, 37.54379761917464 ], [ -120.64437594439579, 37.544426439126539 ], [ -120.64374712288496, 37.544426439331197 ], [ -120.643747123737455, 37.544965428671226 ], [ -120.644375944000174, 37.544965428748171 ], [ -120.644375943638792, 37.545324754828783 ], [ -120.643477628568803, 37.546223069793477 ], [ -120.643477628861447, 37.546762059489417 ], [ -120.643118303159056, 37.546762058915924 ], [ -120.642579313918731, 37.547660374494022 ], [ -120.642219987247586, 37.547660374260417 ], [ -120.641950492470798, 37.5473908799231 ] ] ] } },
{ "type": "Feature", "properties": { "csb_id": "061825015449320", "acres": 27.859985788278099, "geoid": "06099" }, "geometry": { "type": "Polygon", "coordinates": [ [ [ -120.627487616475889, 37.550085826291003 ], [ -120.627487616705267, 37.547121385566292 ], [ -120.627667279478203, 37.546851890766945 ], [ -120.627487617059984, 37.546492564224017 ], [ -120.627487617074848, 37.544067113385822 ], [ -120.628385932510056, 37.544067113665349 ], [ -120.628385932261779, 37.544695934229573 ], [ -120.629014753324114, 37.545324755154986 ], [ -120.629014753136715, 37.546223069846491 ], [ -120.629284247459637, 37.546492564867357 ], [ -120.630182562274271, 37.546492564553461 ], [ -120.630182562645089, 37.546762059499976 ], [ -120.631080878353856, 37.546762059507387 ], [ -120.631080877360304, 37.547121385125031 ], [ -120.631709698339577, 37.547121385049635 ], [ -120.631709697336404, 37.547390880457215 ], [ -120.630811383230181, 37.547660374917932 ], [ -120.629913068659818, 37.547390880298451 ], [ -120.629913066407525, 37.548019701511151 ], [ -120.629643571022683, 37.548289195620704 ], [ -120.629014750874788, 37.548289195723228 ], [ -120.629014750611006, 37.548558690707608 ], [ -120.629643571645161, 37.548558689971301 ], [ -120.629643573406724, 37.548918016162276 ], [ -120.629284245509837, 37.548918016422661 ], [ -120.629284246668504, 37.549816331510023 ], [ -120.629014752746755, 37.549816330842596 ], [ -120.629014753303352, 37.549546836817562 ], [ -120.628385929485376, 37.549546836840129 ], [ -120.628385932415156, 37.550085825856286 ], [ -120.627487616475889, 37.550085826291003 ] ] ] } },
{ "type": "Feature", "properties": { "csb_id": "061825015449321", "acres": 118.812018452237, "geoid": "06099" }, "geometry": { "type": "Polygon", "coordinates": [ [ [ -120.617606149017917, 37.55098414098763 ], [ -120.610060300004974, 37.550984141623452 ], [ -120.608982322017084, 37.550714646687169 ], [ -120.609161983876007, 37.550534983534284 ], [ -120.608982321876539, 37.549816331707476 ], [ -120.609161985266823, 37.549546837101765 ], [ -120.609161985460048, 37.548379026531109 ], [ -120.608982321595448, 37.548019701056539 ], [ -120.608982322242198, 37.547211216802467 ], [ -120.609251816433542, 37.547211217353897 ], [ -120.609251816388991, 37.546762059100224 ], [ -120.609790805408366, 37.546762059452277 ], [ -120.609790805926025, 37.54649256487788 ], [ -120.612216256543348, 37.546223070167095 ], [ -120.613384066371438, 37.545324755081097 ], [ -120.614282381557274, 37.545324754669231 ], [ -120.614911202259464, 37.544785765733643 ], [ -120.616707832771695, 37.544426439294867 ], [ -120.617875643620735, 37.54379761856535 ], [ -120.61850446431373, 37.543797619104744 ], [ -120.618504463275741, 37.544067113157773 ], [ -120.618773958888369, 37.544067113042992 ], [ -120.618773958967196, 37.544695934220108 ], [ -120.618504463639269, 37.544965428495154 ], [ -120.618145137696516, 37.545055260123981 ], [ -120.617965474329097, 37.545324755178704 ], [ -120.617875642900344, 37.547121385382766 ], [ -120.616707832945607, 37.547121385792408 ], [ -120.616707833643119, 37.547660374705025 ], [ -120.617875642658021, 37.547660374398809 ], [ -120.617875643699023, 37.549187510520021 ], [ -120.618145137780104, 37.549546836468323 ], [ -120.618145137985721, 37.550445152298032 ], [ -120.617875643058085, 37.550445151623968 ], [ -120.617875643635543, 37.550714646203339 ], [ -120.61760614901479, 37.550804478314504 ], [ -120.617606149017917, 37.55098414098763 ] ] ] } },
{ "type": "Feature", "properties": { "csb_id": "061825015449344", "acres": 14.267619433394101, "geoid": "06099" }, "geometry": { "type": "Polygon", "coordinates": [ [ [ -120.644196281272514, 37.547390880091797 ], [ -120.643747123541303, 37.547121385022038 ], [ -120.643747123341086, 37.546762058950456 ], [ -120.643477628861447, 37.546762059489417 ], [ -120.643477628568803, 37.546223069793477 ], [ -120.644375943638792, 37.545324754828783 ], [ -120.644375944000174, 37.544965428748171 ], [ -120.643747123737455, 37.544965428671226 ], [ -120.64374712288496, 37.544426439331197 ], [ -120.64437594439579, 37.544426439126539 ], [ -120.644375944143533, 37.54379761917464 ], [ -120.644645439262888, 37.543797618899397 ], [ -120.644645438646322, 37.54406711313564 ], [ -120.644914933679374, 37.544426439123292 ], [ -120.645633585881313, 37.544695934245702 ], [ -120.6459929110448, 37.546851890809421 ], [ -120.645633585065283, 37.546851891167755 ], [ -120.64554375402129, 37.54739087961228 ], [ -120.644196281272514, 37.547390880091797 ] ] ] } },
{ "type": "Feature", "properties": { "csb_id": "061825015449345", "acres": 3.0217857034734399, "geoid": "06099" }, "geometry": { "type": "Polygon", "coordinates": [ [ [ -120.629913067724786, 37.543797619152002 ], [ -120.631080877833924, 37.543797618707053 ], [ -120.631080877971584, 37.544426439352321 ], [ -120.631979193806458, 37.544426439772337 ], [ -120.631979192878873, 37.54496542839572 ], [ -120.630182562719341, 37.544965428987481 ], [ -120.630182562348509, 37.544695933902133 ], [ -120.630541888712202, 37.544695934459114 ], [ -120.630811383608517, 37.544426439422288 ], [ -120.630811383405103, 37.54406711312172 ], [ -120.629913067928598, 37.544067113215739 ], [ -120.629913067724786, 37.543797619152002 ] ] ] } },
{ "type": "Feature", "properties": { "csb_id": "061825015449346", "acres": 11.910904081707301, "geoid": "06099" }, "geometry": { "type": "Polygon", "coordinates": [ [ [ -120.628385932261779, 37.544695934229573 ], [ -120.628385932510056, 37.544067113665349 ], [ -120.628116437895414, 37.544067113628294 ], [ -120.628385930639467, 37.543797619248629 ], [ -120.629014751745089, 37.543797618933105 ], [ -120.629014751188521, 37.544067113401923 ], [ -120.629284246410435, 37.544426439828158 ], [ -120.629643573904133, 37.544426439764109 ], [ -120.62991306788534, 37.544695934570285 ], [ -120.629913067549239, 37.545324754948837 ], [ -120.630541888993591, 37.545324754889904 ], [ -120.63081138316511, 37.54559424987189 ], [ -120.630811382213167, 37.545863744711312 ], [ -120.631709699038225, 37.545863744056227 ], [ -120.63170969849736, 37.546762058974522 ], [ -120.631979192799164, 37.546762059607225 ], [ -120.631979192841783, 37.547121385910991 ], [ -120.631080877360304, 37.547121385125031 ], [ -120.631080878353856, 37.546762059507387 ], [ -120.630182562645089, 37.546762059499976 ], [ -120.630182562274271, 37.546492564553461 ], [ -120.629284247459637, 37.546492564867357 ], [ -120.629014753136715, 37.546223069846491 ], [ -120.629014753324114, 37.545324755154986 ], [ -120.628385932261779, 37.544695934229573 ] ] ] } },
{ "type": "Feature", "properties": { "csb_id": "061825015449385", "acres": 6.8943579629022302, "geoid": "06099" }, "geometry": { "type": "Polygon", "coordinates": [ [ [ -120.642579314085495, 37.544965428602872 ], [ -120.641052176948847, 37.544965428518807 ], [ -120.641052177930874, 37.544426439160759 ], [ -120.64132167188545, 37.544426439575211 ], [ -120.641321671798735, 37.54406711378892 ], [ -120.641950493082661, 37.544067113532449 ], [ -120.642579313746168, 37.543528124102906 ], [ -120.642579313385241, 37.543168797942343 ], [ -120.643118302821108, 37.543168798433797 ], [ -120.643118302888709, 37.544067112982184 ], [ -120.642848807962707, 37.54406711332534 ], [ -120.642848808524064, 37.544426439621937 ], [ -120.643477628569926, 37.544426439746836 ], [ -120.643477628569372, 37.545324754885932 ], [ -120.642579313342011, 37.545324754806778 ], [ -120.642579314085495, 37.544965428602872 ] ] ] } },
{ "type": "Feature", "properties": { "csb_id": "061825015449411", "acres": 173.89835071086699, "geoid": "06099" }, "geometry": { "type": "Polygon", "coordinates": [ [ [ -120.626948627733427, 37.550984141050961 ], [ -120.617875643108405, 37.550984140990515 ], [ -120.617875643058085, 37.550445151623968 ], [ -120.618145137985721, 37.550445152298032 ], [ -120.618145137780104, 37.549546836468323 ], [ -120.617875643699023, 37.549187510520021 ], [ -120.617875642658021, 37.547660374398809 ], [ -120.619133284139849, 37.547660374678202 ], [ -120.619133284669601, 37.547121385558633 ], [ -120.618504464304081, 37.547121385141701 ], [ -120.618504463940553, 37.546223070359829 ], [ -120.617875642936099, 37.546223070247301 ], [ -120.617965474329097, 37.545324755178704 ], [ -120.618145137696516, 37.545055260123981 ], [ -120.618504463639269, 37.544965428495154 ], [ -120.618773958967196, 37.544695934220108 ], [ -120.618773958888369, 37.544067113042992 ], [ -120.618504463275741, 37.544067113157773 ], [ -120.61850446431373, 37.543797619104744 ], [ -120.618773958714328, 37.543528124053637 ], [ -120.62146890478023, 37.543797618354247 ], [ -120.622097725015578, 37.543168798160146 ], [ -120.62209772463541, 37.542899303476652 ], [ -120.622816377734978, 37.542989134748368 ], [ -120.622816377411425, 37.543258630110678 ], [ -120.622996040779213, 37.543258629560789 ], [ -120.623265534849409, 37.542989135578068 ], [ -120.623265534600932, 37.54262980931717 ], [ -120.625062165963428, 37.54262980934876 ], [ -120.626319806417371, 37.542000988360257 ], [ -120.627218122178988, 37.542000988322734 ], [ -120.627218122478709, 37.550445151887587 ], [ -120.626948627733427, 37.550984141050961 ] ] ] } },
{ "type": "Feature", "properties": { "csb_id": "061825015449424", "acres": 2.6306547923217201, "geoid": "06099" }, "geometry": { "type": "Polygon", "coordinates": [ [ [ -120.636560601128735, 37.542899303404361 ], [ -120.636560601695052, 37.543528124506899 ], [ -120.636201275496234, 37.544067113777295 ], [ -120.635302959282498, 37.5440671131934 ], [ -120.635302959453128, 37.54379761869172 ], [ -120.635662285341581, 37.543797619020523 ], [ -120.635931780220034, 37.54352812466896 ], [ -120.635931780175198, 37.543168798647635 ], [ -120.635662285437505, 37.542899303676641 ], [ -120.635662285563228, 37.542270482970352 ], [ -120.635931780615181, 37.542270483317544 ], [ -120.635931780660087, 37.542629809431745 ], [ -120.636201275397767, 37.542899303826779 ], [ -120.636560601128735, 37.542899303404361 ] ] ] } },
{ "type": "Feature", "properties": { "csb_id": "061825015449429", "acres": 15.167791990204901, "geoid": "06099" }, "geometry": { "type": "Polygon", "coordinates": [ [ [ -120.679320408910542, 37.543887450414424 ], [ -120.678152598230199, 37.543887450170807 ], [ -120.678152598541971, 37.543617954760201 ], [ -120.677793272602472, 37.543617955454167 ], [ -120.677793273303337, 37.542989136462943 ], [ -120.678152598406825, 37.542989135310698 ], [ -120.678691588420079, 37.542719642668082 ], [ -120.679050914341573, 37.542360314267981 ], [ -120.679589902831111, 37.542360313760078 ], [ -120.679589902704009, 37.542989134981255 ], [ -120.680218724362248, 37.542989135344399 ], [ -120.680847544932178, 37.542719640777484 ], [ -120.680847545221965, 37.542090820032506 ], [ -120.681476364928912, 37.542090820108484 ], [ -120.681745860070151, 37.542360314872305 ], [ -120.681745860179291, 37.542989135218683 ], [ -120.68201535464452, 37.543168798801233 ], [ -120.682823838104497, 37.543168797129574 ], [ -120.682823838513187, 37.543797619162973 ], [ -120.682195017232928, 37.543797618759051 ], [ -120.682195017290439, 37.54352812404138 ], [ -120.681027208172608, 37.543528125458373 ], [ -120.681027207031306, 37.544785766140087 ], [ -120.679949229796321, 37.544785765627509 ], [ -120.679949229380796, 37.544156945135164 ], [ -120.679320408910542, 37.543887450414424 ] ] ] } },
{ "type": "Feature", "properties": { "csb_id": "061825015449449", "acres": 11.109536690271099, "geoid": "06099" }, "geometry": { "type": "Polygon", "coordinates": [ [ [ -120.622816377411425, 37.543258630110678 ], [ -120.622816377734978, 37.542989134748368 ], [ -120.62209772463541, 37.542899303476652 ], [ -120.622097724950393, 37.542270482526227 ], [ -120.622367220192601, 37.541821327393762 ], [ -120.624792671174717, 37.541731493452012 ], [ -120.624792670744498, 37.541372167414323 ], [ -120.625960480901426, 37.541372168501915 ], [ -120.625960480878121, 37.541731493957762 ], [ -120.626589300910553, 37.541731495388262 ], [ -120.62658930061707, 37.54137216752143 ], [ -120.627218121796616, 37.541372167604173 ], [ -120.627218122178988, 37.542000988322734 ], [ -120.626319806417371, 37.542000988360257 ], [ -120.625062165963428, 37.54262980934876 ], [ -120.623265534600932, 37.54262980931717 ], [ -120.623265534849409, 37.542989135578068 ], [ -120.622816377411425, 37.543258630110678 ] ] ] } },
{ "type": "Feature", "properties": { "csb_id": "061825015449459", "acres": 5.8285597092587098, "geoid": "06099" }, "geometry": { "type": "Polygon", "coordinates": [ [ [ -120.966601635948422, 37.543797618723005 ], [ -120.966601635995517, 37.543168797998895 ], [ -120.96624231033482, 37.543168798305537 ], [ -120.966242310420412, 37.542629809429535 ], [ -120.966601637078355, 37.542629809289352 ], [ -120.966601636069157, 37.541372167536565 ], [ -120.967140625281317, 37.541372167277331 ], [ -120.967499952135725, 37.541731493568115 ], [ -120.967499952448435, 37.542629809184746 ], [ -120.967769446952886, 37.542629809268625 ], [ -120.967769446034154, 37.543168797877023 ], [ -120.967499952076011, 37.543168798191289 ], [ -120.967499951360992, 37.543528123939332 ], [ -120.967140625334579, 37.54379761935477 ], [ -120.966601635948422, 37.543797618723005 ] ] ] } },
{ "type": "Feature", "properties": { "csb_id": "061825015449472", "acres": 17.847555321981599, "geoid": "06099" }, "geometry": { "type": "Polygon", "coordinates": [ [ [ -120.988251034424223, 37.543887450097053 ], [ -120.986993393702491, 37.543797619260054 ], [ -120.986993393637349, 37.543168798294111 ], [ -120.986364573065273, 37.543168798537742 ], [ -120.986364572494963, 37.543528124041671 ], [ -120.986095078514168, 37.543528124609601 ], [ -120.986095078372571, 37.542270482896527 ], [ -120.986364572793761, 37.542270483124213 ], [ -120.986364572223451, 37.542629808720946 ], [ -120.986723899419573, 37.542629809112363 ], [ -120.986723899431198, 37.542000988399067 ], [ -120.986993393402557, 37.541372167666395 ], [ -120.987622214493086, 37.541102672633258 ], [ -120.989149350692159, 37.541102672993006 ], [ -120.989149350001398, 37.541372168079526 ], [ -120.989688339278061, 37.541372167732156 ], [ -120.989688339586948, 37.542629808674072 ], [ -120.989149350597103, 37.542629808889181 ], [ -120.989149349100856, 37.543528124274594 ], [ -120.988251034424223, 37.543887450097053 ] ] ] } },
{ "type": "Feature", "properties": { "csb_id": "061825015449486", "acres": 27.9791312552275, "geoid": "06099" }, "geometry": { "type": "Polygon", "coordinates": [ [ [ -120.971093213255273, 37.544426439581876 ], [ -120.96983557181359, 37.544426439951721 ], [ -120.969835571687341, 37.54415694522654 ], [ -120.969296582750786, 37.544156944800442 ], [ -120.969116919779651, 37.543887450209851 ], [ -120.967769446461347, 37.543797618731695 ], [ -120.967769446920713, 37.543528124486627 ], [ -120.967499951360992, 37.543528123939332 ], [ -120.967499952076011, 37.543168798191289 ], [ -120.967769446034154, 37.543168797877023 ], [ -120.967769446952886, 37.542629809268625 ], [ -120.967499952448435, 37.542629809184746 ], [ -120.967499952135725, 37.541731493568115 ], [ -120.967140625281317, 37.541372167277331 ], [ -120.966601636069157, 37.541372167536565 ], [ -120.966601636058854, 37.541102673168709 ], [ -120.96624231068445, 37.541102672744138 ], [ -120.966242310875586, 37.540833178587086 ], [ -120.966691468020983, 37.540833178057717 ], [ -120.966601636834682, 37.540294188846154 ], [ -120.966871130581538, 37.540294189297299 ], [ -120.966960962551127, 37.540743346996827 ], [ -120.970464392813341, 37.540743346962458 ], [ -120.970913549324109, 37.542719640282797 ], [ -120.970913550389909, 37.544067113656403 ], [ -120.971093212910333, 37.544067113267062 ], [ -120.971093213255273, 37.544426439581876 ] ] ] } },
{ "type": "Feature", "properties": { "csb_id": "061825015449494", "acres": 7.7844875698031002, "geoid": "06099" }, "geometry": { "type": "Polygon", "coordinates": [ [ [ -120.627487617074848, 37.544067113385822 ], [ -120.627487616687944, 37.540473852699421 ], [ -120.627846943234104, 37.540473852328162 ], [ -120.627846943320776, 37.540204357632689 ], [ -120.628116437747479, 37.540204357247667 ], [ -120.628116437212185, 37.54110267292873 ], [ -120.628385931880445, 37.541102673495374 ], [ -120.628385932105473, 37.54200098853881 ], [ -120.62874525860731, 37.542000987978035 ], [ -120.628745257797519, 37.542629808739242 ], [ -120.628385931857181, 37.542629809476509 ], [ -120.628116437245978, 37.542899303364955 ], [ -120.628116437033512, 37.543168798079897 ], [ -120.628385931992213, 37.543168798293479 ], [ -120.628385930639467, 37.543797619248629 ], [ -120.628116437895414, 37.544067113628294 ], [ -120.627487617074848, 37.544067113385822 ] ] ] } },
{ "type": "Feature", "properties": { "csb_id": "061825015449509", "acres": 20.2827800829747, "geoid": "06099" }, "geometry": { "type": "Polygon", "coordinates": [ [ [ -120.986993393069255, 37.543887450424386 ], [ -120.984747604793085, 37.543887450393207 ], [ -120.984478110681749, 37.543528124630406 ], [ -120.9844781113095, 37.540473852614717 ], [ -120.988251035351169, 37.54056368374146 ], [ -120.988251035465765, 37.541102673215427 ], [ -120.987622214493086, 37.541102672633258 ], [ -120.986993393402557, 37.541372167666395 ], [ -120.986723899431198, 37.542000988399067 ], [ -120.986723899419573, 37.542629809112363 ], [ -120.986364572223451, 37.542629808720946 ], [ -120.986364572793761, 37.542270483124213 ], [ -120.986095078372571, 37.542270482896527 ], [ -120.986095078514168, 37.543528124609601 ], [ -120.986364572494963, 37.543528124041671 ], [ -120.986364573065273, 37.543168798537742 ], [ -120.986993393637349, 37.543168798294111 ], [ -120.986993393069255, 37.543887450424386 ] ] ] } },
{ "type": "Feature", "properties": { "csb_id": "061825015449544", "acres": 15.921056858263, "geoid": "06099" }, "geometry": { "type": "Polygon", "coordinates": [ [ [ -120.628385930639467, 37.543797619248629 ], [ -120.628385931992213, 37.543168798293479 ], [ -120.628116437033512, 37.543168798079897 ], [ -120.628116437245978, 37.542899303364955 ], [ -120.628385931857181, 37.542629809476509 ], [ -120.628745257797519, 37.542629808739242 ], [ -120.62874525860731, 37.542000987978035 ], [ -120.628385932105473, 37.54200098853881 ], [ -120.628385931880445, 37.541102673495374 ], [ -120.628116437212185, 37.54110267292873 ], [ -120.628116437747479, 37.540204357247667 ], [ -120.629284245072213, 37.540204358298162 ], [ -120.629284244519113, 37.540743347138672 ], [ -120.63054188897199, 37.540743346794926 ], [ -120.630541886766181, 37.541102673667808 ], [ -120.630182562563931, 37.541102673496219 ], [ -120.629913068032636, 37.541372167502502 ], [ -120.629643573928007, 37.542270482632077 ], [ -120.630811380764996, 37.542270483244572 ], [ -120.63108087683122, 37.542629808922428 ], [ -120.631080875753497, 37.542899304219993 ], [ -120.630811383189496, 37.543168798070461 ], [ -120.630811381183989, 37.54352812492121 ], [ -120.630182560245231, 37.543528124804382 ], [ -120.630182563086422, 37.543168798411052 ], [ -120.629913068060887, 37.543168798497618 ], [ -120.629913067724786, 37.543797619152002 ], [ -120.628385930639467, 37.543797619248629 ] ] ] } },
{ "type": "Feature", "properties": { "csb_id": "061825015449593", "acres": 44.487160970957099, "geoid": "06099" }, "geometry": { "type": "Polygon", "coordinates": [ [ [ -120.643118302821108, 37.543168798433797 ], [ -120.642579313385241, 37.543168797942343 ], [ -120.642579313746168, 37.543528124102906 ], [ -120.641950493082661, 37.544067113532449 ], [ -120.640692851393666, 37.544067113383505 ], [ -120.640692850834199, 37.543797618671682 ], [ -120.639794536465658, 37.543797619227291 ], [ -120.6397945366665, 37.543528124089676 ], [ -120.640153862037721, 37.543528123916943 ], [ -120.640423357511438, 37.543168798487976 ], [ -120.640423357245311, 37.542629809133075 ], [ -120.641052177913423, 37.54262980927701 ], [ -120.641321671835399, 37.542000988763192 ], [ -120.641321672511907, 37.541372168002489 ], [ -120.64105217725853, 37.541102673001312 ], [ -120.640692851933338, 37.541102672710714 ], [ -120.640692851578009, 37.540743347267082 ], [ -120.641321672419423, 37.539845031754524 ], [ -120.641950492866641, 37.539306042191527 ], [ -120.642848808112888, 37.539575536922669 ], [ -120.642848808452925, 37.540204357709506 ], [ -120.642579313422061, 37.540204357613966 ], [ -120.642579313619507, 37.540473852252319 ], [ -120.64311830232532, 37.540473852532941 ], [ -120.64311830237942, 37.540204357437034 ], [ -120.64437594392578, 37.540204357760864 ], [ -120.644375944287162, 37.539845031150861 ], [ -120.644914933564721, 37.539845031640574 ], [ -120.644914933673263, 37.540473852360769 ], [ -120.645274258951162, 37.540473852487423 ], [ -120.645274259602459, 37.54110267268873 ], [ -120.64563358600914, 37.541102673074448 ], [ -120.645633585670282, 37.542360314737103 ], [ -120.645992911163205, 37.54379761856854 ], [ -120.643118303235809, 37.543797619027487 ], [ -120.643118302821108, 37.543168798433797 ] ] ] } },
{ "type": "Feature", "properties": { "csb_id": "061825015449639", "acres": 26.277750399820199, "geoid": "06099" }, "geometry": { "type": "Polygon", "coordinates": [ [ [ -120.632877508696524, 37.544067113650776 ], [ -120.632877508253515, 37.543797619253823 ], [ -120.633775824183033, 37.543797618662637 ], [ -120.633775824084125, 37.543528124421194 ], [ -120.633506329604373, 37.543168798329049 ], [ -120.632877508129056, 37.543168798109456 ], [ -120.632877508790486, 37.542899303414188 ], [ -120.63323683426259, 37.542629808778919 ], [ -120.633506328862069, 37.542629809322705 ], [ -120.633506329086799, 37.542899303405079 ], [ -120.634135149450131, 37.542899303825301 ], [ -120.634135149488074, 37.542270483047481 ], [ -120.63323683423863, 37.542270482593253 ], [ -120.633236834992545, 37.542000988462178 ], [ -120.633775824042374, 37.542000988038012 ], [ -120.634135149993881, 37.541731493620759 ], [ -120.63413515033109, 37.541372167289801 ], [ -120.63350632906841, 37.541372167889136 ], [ -120.633236835079103, 37.541102673196875 ], [ -120.633236835055172, 37.540743346853148 ], [ -120.632877508852701, 37.54074334710559 ], [ -120.632608013958034, 37.541102673290254 ], [ -120.632608013422427, 37.541372167896206 ], [ -120.633236834325217, 37.541372167397689 ], [ -120.633236834349162, 37.54173149367633 ], [ -120.632877508072923, 37.541731493876412 ], [ -120.632608014283861, 37.542000987817076 ], [ -120.632608013605221, 37.543797619218836 ], [ -120.632338518839958, 37.544067113617743 ], [ -120.631440204267108, 37.544067113720146 ], [ -120.631440204529582, 37.542899303516307 ], [ -120.631979192757257, 37.542899303339759 ], [ -120.632338519508409, 37.542629808998292 ], [ -120.632338519123294, 37.542270482864936 ], [ -120.631979192830613, 37.542000988692436 ], [ -120.631979193147956, 37.541731493730246 ], [ -120.631709698721977, 37.541372167537851 ], [ -120.63108087795311, 37.541372167502217 ], [ -120.630811382898486, 37.541102673175374 ], [ -120.630811382987943, 37.540743347393651 ], [ -120.631440203658087, 37.540743346815965 ], [ -120.631709698451246, 37.54047385231906 ], [ -120.631709699093363, 37.539845031539905 ], [ -120.631979193544865, 37.539575537415217 ], [ -120.631979193008036, 37.538946716244382 ], [ -120.631709698822661, 37.538946715925405 ], [ -120.631709698202627, 37.538677222045713 ], [ -120.632338518769501, 37.538407727028563 ], [ -120.632608013792137, 37.53840772722242 ], [ -120.632608013582356, 37.53957553719313 ], [ -120.632877508135138, 37.539575536842456 ], [ -120.632877508409706, 37.540473852450809 ], [ -120.633775823189097, 37.540473852074641 ], [ -120.633775824194558, 37.54020435734656 ], [ -120.634404644757709, 37.540204358066013 ], [ -120.635033464757413, 37.540473852041487 ], [ -120.635033464712606, 37.540743346572256 ], [ -120.634763970475433, 37.541102673095189 ], [ -120.634763970762094, 37.541731493274334 ], [ -120.635033465435072, 37.542000987861726 ], [ -120.635033464984787, 37.542629809426892 ], [ -120.634404644043201, 37.542629808702372 ], [ -120.634404644216701, 37.542899303470904 ], [ -120.634763970773108, 37.543168797697511 ], [ -120.635033464895201, 37.543168798132932 ], [ -120.635033465504506, 37.544067113531121 ], [ -120.632877508696524, 37.544067113650776 ] ] ] } },
{ "type": "Feature", "properties": { "csb_id": "061825015449647", "acres": 14.914229325588501, "geoid": "06099" }, "geometry": { "type": "Polygon", "coordinates": [ [ [ -120.970554223657302, 37.54074334729885 ], [ -120.966960962551127, 37.540743346996827 ], [ -120.966871130619708, 37.540204357738574 ], [ -120.967140625391721, 37.539845031732654 ], [ -120.967499951380859, 37.539845031792666 ], [ -120.967499951364942, 37.538946716316609 ], [ -120.967769445981844, 37.538677221814645 ], [ -120.968038940560945, 37.538677221967539 ], [ -120.968038940471274, 37.539306042376118 ], [ -120.968398266565089, 37.539575536941243 ], [ -120.968937256220528, 37.539575536978653 ], [ -120.968937256544763, 37.538677221403169 ], [ -120.969296582267177, 37.538677221494318 ], [ -120.969296582521537, 37.538048401470753 ], [ -120.969566077107601, 37.538048401456336 ], [ -120.969835571763113, 37.538407727485911 ], [ -120.96983557159264, 37.538677221795751 ], [ -120.969566076929908, 37.538677221943409 ], [ -120.96956607675223, 37.539306042316277 ], [ -120.969835571491629, 37.539306042632099 ], [ -120.969835571422166, 37.538946716084602 ], [ -120.970464391967653, 37.53894671612467 ], [ -120.970733887177161, 37.539845031311501 ], [ -120.970733886667148, 37.540473852696564 ], [ -120.970554223657302, 37.54074334729885 ] ] ] } },
{ "type": "Feature", "properties": { "csb_id": "061825015449709", "acres": 24.6554529798922, "geoid": "06099" }, "geometry": { "type": "Polygon", "coordinates": [ [ [ -120.966871130581538, 37.540294189297299 ], [ -120.966242310657094, 37.540204358021477 ], [ -120.966242310524152, 37.539036547907656 ], [ -120.966062647025112, 37.539036547594463 ], [ -120.966062647781996, 37.53867722191012 ], [ -120.966421972804056, 37.538497558437555 ], [ -120.966421972924635, 37.538138232465542 ], [ -120.965972814670565, 37.538048401508092 ], [ -120.965972815609902, 37.537509412067863 ], [ -120.966242310278304, 37.537509411594378 ], [ -120.96624231066059, 37.536970422700044 ], [ -120.970554223500997, 37.536970422935255 ], [ -120.970733886433393, 37.537150086460372 ], [ -120.970733884741918, 37.537509412629987 ], [ -120.970464389634984, 37.538048401681486 ], [ -120.970464391967653, 37.53894671612467 ], [ -120.969835571422166, 37.538946716084602 ], [ -120.969835571491629, 37.539306042632099 ], [ -120.96956607675223, 37.539306042316277 ], [ -120.969566076929908, 37.538677221943409 ], [ -120.96983557159264, 37.538677221795751 ], [ -120.969835571763113, 37.538407727485911 ], [ -120.969566077107601, 37.538048401456336 ], [ -120.969296582521537, 37.538048401470753 ], [ -120.969296582267177, 37.538677221494318 ], [ -120.968937256544763, 37.538677221403169 ], [ -120.968937256220528, 37.539575536978653 ], [ -120.968398266565089, 37.539575536941243 ], [ -120.968038940471274, 37.539306042376118 ], [ -120.968038940560945, 37.538677221967539 ], [ -120.967769445981844, 37.538677221814645 ], [ -120.967499951364942, 37.538946716316609 ], [ -120.967499951380859, 37.539845031792666 ], [ -120.967140625391721, 37.539845031732654 ], [ -120.966871130581538, 37.540294189297299 ] ] ] } },
{ "type": "Feature", "properties": { "csb_id": "061825015449714", "acres": 4.9291673953593902, "geoid": "06099" }, "geometry": { "type": "Polygon", "coordinates": [ [ [ -120.868864933479003, 37.538407727182864 ], [ -120.86886493378762, 37.537778906227544 ], [ -120.868236113109006, 37.537778906169237 ], [ -120.868236112931612, 37.537150085391886 ], [ -120.868595439111502, 37.537150085565891 ], [ -120.868595439294623, 37.536970422234845 ], [ -120.869763248862895, 37.536970423071786 ], [ -120.869853079826441, 37.538677221496933 ], [ -120.868864933479003, 37.538407727182864 ] ] ] } },
{ "type": "Feature", "properties": { "csb_id": "061825015449715", "acres": 8.3033209182506802, "geoid": "06099" }, "geometry": { "type": "Polygon", "coordinates": [ [ [ -120.867517461107497, 37.537868738185452 ], [ -120.866169987928018, 37.537778906475161 ], [ -120.866169987714741, 37.538048401397873 ], [ -120.865541166979014, 37.538048400803326 ], [ -120.865361504061596, 37.537150085401805 ], [ -120.865541166662652, 37.53688059134064 ], [ -120.868595439294623, 37.536970422234845 ], [ -120.868595439111502, 37.537150085565891 ], [ -120.868236112931612, 37.537150085391886 ], [ -120.868236113109006, 37.537778906169237 ], [ -120.86886493378762, 37.537778906227544 ], [ -120.868864933161817, 37.538497558927695 ], [ -120.868056449250872, 37.538407727293951 ], [ -120.867517461107497, 37.537868738185452 ] ] ] } },
{ "type": "Feature", "properties": { "csb_id": "061825015449745", "acres": 174.89348384083701, "geoid": "06099" }, "geometry": { "type": "Polygon", "coordinates": [ [ [ -120.645813248221231, 37.550984141652847 ], [ -120.643477628261309, 37.550984141010474 ], [ -120.64257931388741, 37.550714646543483 ], [ -120.641591164373281, 37.550714647397413 ], [ -120.641591166797681, 37.550984140941807 ], [ -120.637279253496146, 37.550984141256102 ], [ -120.636830093792256, 37.55071464696654 ], [ -120.636830095947658, 37.549546836723835 ], [ -120.637099589744594, 37.54954683652474 ], [ -120.637099590276733, 37.548019700494898 ], [ -120.637997905513984, 37.54801970069736 ], [ -120.637997905280869, 37.544426439301979 ], [ -120.637728410741133, 37.54406711221695 ], [ -120.63683009601607, 37.54406711336636 ], [ -120.636830095351741, 37.543797618812214 ], [ -120.637728409902309, 37.543797619792741 ], [ -120.637728411205117, 37.543528123211544 ], [ -120.636830095791836, 37.543528124008446 ], [ -120.636830093944596, 37.542989136749426 ], [ -120.636560601128735, 37.542899303404361 ], [ -120.636560599852174, 37.539845032696661 ], [ -120.637458915287993, 37.539845032959185 ], [ -120.637458916604714, 37.539306043527105 ], [ -120.637997904967321, 37.539306041723201 ], [ -120.637997906030137, 37.538946716656014 ], [ -120.637458915639272, 37.538677222012097 ], [ -120.637099590629418, 37.53867722270958 ], [ -120.637099590173378, 37.539306042042213 ], [ -120.636830095439151, 37.539575537792679 ], [ -120.636560599873548, 37.539575536952349 ], [ -120.636560601645414, 37.537778906399723 ], [ -120.636201272149961, 37.537778906274433 ], [ -120.636201273250379, 37.537509413185482 ], [ -120.636830095342461, 37.537150086309914 ], [ -120.637458916642686, 37.537150086965909 ], [ -120.637458916729443, 37.537778906171077 ], [ -120.637728411360271, 37.537778907556849 ], [ -120.638357232273506, 37.537150086724004 ], [ -120.638626725773207, 37.536611096392036 ], [ -120.64141150374914, 37.536700928544398 ], [ -120.641591166571274, 37.536880591252221 ], [ -120.641591165598896, 37.537778906585061 ], [ -120.642219986297718, 37.537778906943942 ], [ -120.642219987404999, 37.537509412095922 ], [ -120.641950493032141, 37.537509411575549 ], [ -120.641950492695585, 37.53715008634012 ], [ -120.643747123907445, 37.537150085845511 ], [ -120.644016617856892, 37.537778907398327 ], [ -120.644016617979489, 37.538677222814108 ], [ -120.64437594420508, 37.53867722267163 ], [ -120.644375944695824, 37.538407728245652 ], [ -120.645813248999275, 37.538407727185771 ], [ -120.645633585914211, 37.538497558630844 ], [ -120.645543751809811, 37.538946716607661 ], [ -120.645543752099059, 37.539306042501188 ], [ -120.645813248420509, 37.539306042473477 ], [ -120.64563358600914, 37.541102673074448 ], [ -120.645274259602459, 37.54110267268873 ], [ -120.645274258951162, 37.540473852487423 ], [ -120.644914933673263, 37.540473852360769 ], [ -120.644914933564721, 37.539845031640574 ], [ -120.644375944287162, 37.539845031150861 ], [ -120.64437594392578, 37.540204357760864 ], [ -120.64311830237942, 37.540204357437034 ], [ -120.64311830232532, 37.540473852532941 ], [ -120.642579313619507, 37.540473852252319 ], [ -120.642579313422061, 37.540204357613966 ], [ -120.642848808452925, 37.540204357709506 ], [ -120.642848808112888, 37.539575536922669 ], [ -120.641950492866641, 37.539306042191527 ], [ -120.641321672419423, 37.539845031754524 ], [ -120.640692851578009, 37.540743347267082 ], [ -120.640692851933338, 37.541102672710714 ], [ -120.64105217725853, 37.541102673001312 ], [ -120.641321672511907, 37.541372168002489 ], [ -120.641321671835399, 37.542000988763192 ], [ -120.641052177913423, 37.54262980927701 ], [ -120.640423357245311, 37.542629809133075 ], [ -120.640423357511438, 37.543168798487976 ], [ -120.640153862037721, 37.543528123916943 ], [ -120.6397945366665, 37.543528124089676 ], [ -120.639794535971859, 37.544067113481574 ], [ -120.639255547493917, 37.544067113335522 ], [ -120.639255547291086, 37.544426439879111 ], [ -120.639525041989742, 37.544426439502445 ], [ -120.639525041839647, 37.544965429160186 ], [ -120.639255547392551, 37.544965429079312 ], [ -120.639255546947524, 37.545594249208811 ], [ -120.639525041394165, 37.545863744496131 ], [ -120.640153862755739, 37.545863743736447 ], [ -120.640153861944668, 37.54559424962121 ], [ -120.641321672184134, 37.545594249044491 ], [ -120.641591167281561, 37.545863743945205 ], [ -120.641591166679675, 37.546492564351951 ], [ -120.641950492925574, 37.546492564435795 ], [ -120.641950492470798, 37.5473908799231 ], [ -120.642219987247586, 37.547660374260417 ], [ -120.642579313918731, 37.547660374494022 ], [ -120.642669145119186, 37.547390879600734 ], [ -120.642848808501043, 37.547390879503929 ], [ -120.64284880776124, 37.547660374905789 ], [ -120.643747123582372, 37.547660375036898 ], [ -120.64374712373089, 37.548918015916712 ], [ -120.644016617910452, 37.549187510628258 ], [ -120.644016617912868, 37.549816330876567 ], [ -120.644375943848331, 37.550085826177416 ], [ -120.644645438249256, 37.550085826166146 ], [ -120.644645438572866, 37.549816331532 ], [ -120.645633586019784, 37.54981633152439 ], [ -120.645813246673583, 37.550534983616352 ], [ -120.645633585249598, 37.550714646227853 ], [ -120.645813247617212, 37.550714646401339 ], [ -120.645813248221231, 37.550984141652847 ] ], [ [ -120.639525041375208, 37.549546836797795 ], [ -120.639794535920288, 37.549187510423188 ], [ -120.639794536216101, 37.548558690025757 ], [ -120.64042335744513, 37.548558689861515 ], [ -120.64042335675984, 37.548289195725474 ], [ -120.639525041530192, 37.548289195209271 ], [ -120.639525041605225, 37.548019700647501 ], [ -120.639794536617799, 37.548019700465488 ], [ -120.639794536712756, 37.547660374697031 ], [ -120.63889622143104, 37.547660374819216 ], [ -120.638896220592827, 37.548019700763803 ], [ -120.638626726166137, 37.5480197006815 ], [ -120.6383572313228, 37.548289195602848 ], [ -120.638357231875986, 37.548918016119792 ], [ -120.638626725934643, 37.549187510428894 ], [ -120.63862672629341, 37.549546836621587 ], [ -120.639525041375208, 37.549546836797795 ] ] ] } },
{ "type": "Feature", "properties": { "csb_id": "061825015449751", "acres": 10.0833379895533, "geoid": "06099" }, "geometry": { "type": "Polygon", "coordinates": [ [ [ -120.644016617979489, 37.538677222814108 ], [ -120.644016617856892, 37.537778907398327 ], [ -120.643747123907445, 37.537150085845511 ], [ -120.641950492695585, 37.53715008634012 ], [ -120.641950493032141, 37.537509411575549 ], [ -120.642219987404999, 37.537509412095922 ], [ -120.642219986297718, 37.537778906943942 ], [ -120.641591165598896, 37.537778906585061 ], [ -120.641591166571274, 37.536880591252221 ], [ -120.64141150374914, 37.536700928544398 ], [ -120.642848808174662, 37.536700927932102 ], [ -120.643118302987872, 37.53661109643469 ], [ -120.643118302523618, 37.536341602991676 ], [ -120.643297966315501, 37.536341602144184 ], [ -120.643297965516496, 37.536611096907265 ], [ -120.643836954494972, 37.53670092779997 ], [ -120.645543754345937, 37.536700927797035 ], [ -120.645274259860145, 37.538407728193214 ], [ -120.644375944695824, 37.538407728245652 ], [ -120.64437594420508, 37.53867722267163 ], [ -120.644016617979489, 37.538677222814108 ] ] ] } },
{ "type": "Feature", "properties": { "csb_id": "061825015449756", "acres": 228.25229112798701, "geoid": "06099" }, "geometry": { "type": "Polygon", "coordinates": [ [ [ -120.629913067724786, 37.543797619152002 ], [ -120.629913067928598, 37.544067113215739 ], [ -120.630811383405103, 37.54406711312172 ], [ -120.630811383608517, 37.544426439422288 ], [ -120.630541888712202, 37.544695934459114 ], [ -120.630182562348509, 37.544695933902133 ], [ -120.630182562719341, 37.544965428987481 ], [ -120.631979192878873, 37.54496542839572 ], [ -120.631979193806458, 37.544426439772337 ], [ -120.631080877971584, 37.544426439352321 ], [ -120.631080877833924, 37.543797618707053 ], [ -120.629913067724786, 37.543797619152002 ], [ -120.629913068060887, 37.543168798497618 ], [ -120.630182563086422, 37.543168798411052 ], [ -120.630182560245231, 37.543528124804382 ], [ -120.630811381183989, 37.54352812492121 ], [ -120.630811383189496, 37.543168798070461 ], [ -120.631080875753497, 37.542899304219993 ], [ -120.63108087683122, 37.542629808922428 ], [ -120.630811380764996, 37.542270483244572 ], [ -120.629643573928007, 37.542270482632077 ], [ -120.629913068032636, 37.541372167502502 ], [ -120.630182562563931, 37.541102673496219 ], [ -120.630541886766181, 37.541102673667808 ], [ -120.63054188897199, 37.540743346794926 ], [ -120.629284244519113, 37.540743347138672 ], [ -120.629284245072213, 37.540204358298162 ], [ -120.627487616682188, 37.540204357370143 ], [ -120.62748761664092, 37.538677221392184 ], [ -120.627667280459619, 37.53849755889896 ], [ -120.627487617179398, 37.536880590877423 ], [ -120.628745258093687, 37.536611096957003 ], [ -120.628745258524361, 37.536341602137185 ], [ -120.629643573427543, 37.536251770076504 ], [ -120.629643573791668, 37.536611096906086 ], [ -120.630541889330544, 37.536611096718048 ], [ -120.630541887437658, 37.535353455627366 ], [ -120.631440202019235, 37.535353456008032 ], [ -120.631979193685666, 37.535083960358094 ], [ -120.632338519060269, 37.535083960948128 ], [ -120.632338519754839, 37.535353455565435 ], [ -120.632697844518319, 37.53535345641432 ], [ -120.632697845889922, 37.535802612930503 ], [ -120.634135149702161, 37.535712781276892 ], [ -120.634404644307494, 37.535982275509774 ], [ -120.63413514970857, 37.535982275492387 ], [ -120.633775823329856, 37.536251770671292 ], [ -120.632608014537936, 37.536251771444824 ], [ -120.632608014537709, 37.536611096706238 ], [ -120.63593178069101, 37.536611097024185 ], [ -120.635931780646146, 37.536251770285794 ], [ -120.63566228555753, 37.535982276358865 ], [ -120.635662284716275, 37.535712782090961 ], [ -120.635931779215227, 37.535712781313599 ], [ -120.635931780567546, 37.535353455115427 ], [ -120.636201275744725, 37.535353456099806 ], [ -120.636201274592779, 37.535712782526737 ], [ -120.636830096381814, 37.535712781962481 ], [ -120.636830096619533, 37.535083961571146 ], [ -120.637099590818195, 37.535083960565942 ], [ -120.637099591193518, 37.535982276826331 ], [ -120.636560601501429, 37.535982276233682 ], [ -120.636560601481989, 37.536611096866395 ], [ -120.637099590737506, 37.536611096649047 ], [ -120.637099590041927, 37.536251770720632 ], [ -120.637548747503331, 37.536251770317612 ], [ -120.637728410943055, 37.536251770336413 ], [ -120.637728411369963, 37.536611096951042 ], [ -120.638626725773207, 37.536611096392036 ], [ -120.638357232273506, 37.537150086724004 ], [ -120.637728411360271, 37.537778907556849 ], [ -120.637458916729443, 37.537778906171077 ], [ -120.637458916642686, 37.537150086965909 ], [ -120.636830095342461, 37.537150086309914 ], [ -120.636201273250379, 37.537509413185482 ], [ -120.636201272149961, 37.537778906274433 ], [ -120.636560601645414, 37.537778906399723 ], [ -120.636560599873548, 37.539575536952349 ], [ -120.636830095439151, 37.539575537792679 ], [ -120.637099590173378, 37.539306042042213 ], [ -120.637099590629418, 37.53867722270958 ], [ -120.637458915639272, 37.538677222012097 ], [ -120.637997906030137, 37.538946716656014 ], [ -120.637997904967321, 37.539306041723201 ], [ -120.637458916604714, 37.539306043527105 ], [ -120.637458915287993, 37.539845032959185 ], [ -120.636560599852174, 37.539845032696661 ], [ -120.636560601128735, 37.542899303404361 ], [ -120.636201275397767, 37.542899303826779 ], [ -120.635931780660087, 37.542629809431745 ], [ -120.635931780615181, 37.542270483317544 ], [ -120.635662285563228, 37.542270482970352 ], [ -120.635662285437505, 37.542899303676641 ], [ -120.635931780175198, 37.543168798647635 ], [ -120.635931780220034, 37.54352812466896 ], [ -120.635662285341581, 37.543797619020523 ], [ -120.635302959453128, 37.54379761869172 ], [ -120.635302959282498, 37.5440671131934 ], [ -120.636201275496234, 37.544067113777295 ], [ -120.636560601695052, 37.543528124506899 ], [ -120.636560601128735, 37.542899303404361 ], [ -120.636830093944596, 37.542989136749426 ], [ -120.636830095791836, 37.543528124008446 ], [ -120.637728411205117, 37.543528123211544 ], [ -120.637728409902309, 37.543797619792741 ], [ -120.636830095351741, 37.543797618812214 ], [ -120.63683009601607, 37.54406711336636 ], [ -120.637728410741133, 37.54406711221695 ], [ -120.637997905280869, 37.544426439301979 ], [ -120.637997905513984, 37.54801970069736 ], [ -120.637099590276733, 37.548019700494898 ], [ -120.637099589744594, 37.54954683652474 ], [ -120.636830095947658, 37.549546836723835 ], [ -120.636830093792256, 37.55071464696654 ], [ -120.637279253496146, 37.550984141256102 ], [ -120.631979192950652, 37.550984141185644 ], [ -120.631979193268052, 37.550714646917307 ], [ -120.63170969672737, 37.550445152524787 ], [ -120.631440202371266, 37.550445152229656 ], [ -120.631440203541118, 37.550085825633602 ], [ -120.631979191040841, 37.55008582626089 ], [ -120.631979193591775, 37.549546836245334 ], [ -120.63108087760088, 37.549546836870761 ], [ -120.631080875418547, 37.549816331862679 ], [ -120.630541888838636, 37.549816331164386 ], [ -120.630541886585632, 37.548558690311012 ], [ -120.630182562863695, 37.548558689950198 ], [ -120.630182562492834, 37.548289195142353 ], [ -120.631080875635305, 37.54828919581599 ], [ -120.631080878274858, 37.548918016056852 ], [ -120.631440203445038, 37.549187510530679 ], [ -120.631709699049367, 37.54918751054484 ], [ -120.631979192762032, 37.548918016012983 ], [ -120.631979192719413, 37.548558689893966 ], [ -120.631709698001316, 37.548558689842807 ], [ -120.631709698192864, 37.548289195616448 ], [ -120.631979191145149, 37.548019701420507 ], [ -120.632338517327995, 37.548019700965497 ], [ -120.632608012297922, 37.547660375085492 ], [ -120.63260801418086, 37.547121385735068 ], [ -120.632338518281287, 37.547121385632373 ], [ -120.632338517059836, 37.547390880634893 ], [ -120.631709697336404, 37.547390880457215 ], [ -120.631709698339577, 37.547121385049635 ], [ -120.631979192841783, 37.547121385910991 ], [ -120.631979192799164, 37.546762059607225 ], [ -120.63170969849736, 37.546762058974522 ], [ -120.631709699038225, 37.545863744056227 ], [ -120.630811382213167, 37.545863744711312 ], [ -120.63081138316511, 37.54559424987189 ], [ -120.630541888993591, 37.545324754889904 ], [ -120.629913067549239, 37.545324754948837 ], [ -120.62991306788534, 37.544695934570285 ], [ -120.629643573904133, 37.544426439764109 ], [ -120.629284246410435, 37.544426439828158 ], [ -120.629014751188521, 37.544067113401923 ], [ -120.629014751745089, 37.543797618933105 ], [ -120.629913067724786, 37.543797619152002 ] ], [ [ -120.633236834588587, 37.545324754419589 ], [ -120.633506329553114, 37.545324755068044 ], [ -120.633506329328782, 37.544965428931945 ], [ -120.633775824092879, 37.5449654287549 ], [ -120.633775824026955, 37.544785765989843 ], [ -120.63323683469909, 37.544785765975838 ], [ -120.633236834588587, 37.545324754419589 ] ], [ [ -120.63413515022782, 37.545324755064001 ], [ -120.634135149422676, 37.545594249623846 ], [ -120.633236833023048, 37.545594249384472 ], [ -120.633236835087757, 37.546223070319769 ], [ -120.633506328828432, 37.546492564824874 ], [ -120.634404644764444, 37.546492564499566 ], [ -120.634404644590944, 37.546223070009113 ], [ -120.634135149384761, 37.546223069801322 ], [ -120.634135149721956, 37.545863743934135 ], [ -120.634763970320066, 37.545863744411875 ], [ -120.634404644380794, 37.545324754814366 ], [ -120.63413515022782, 37.545324755064001 ] ], [ [ -120.635033465504506, 37.544067113531121 ], [ -120.635033464895201, 37.543168798132932 ], [ -120.634763970773108, 37.543168797697511 ], [ -120.634404644216701, 37.542899303470904 ], [ -120.634404644043201, 37.542629808702372 ], [ -120.635033464984787, 37.542629809426892 ], [ -120.635033465435072, 37.542000987861726 ], [ -120.634763970762094, 37.541731493274334 ], [ -120.634763970475433, 37.541102673095189 ], [ -120.635033464712606, 37.540743346572256 ], [ -120.635033464757413, 37.540473852041487 ], [ -120.634404644757709, 37.540204358066013 ], [ -120.633775824194558, 37.54020435734656 ], [ -120.633775823189097, 37.540473852074641 ], [ -120.632877508409706, 37.540473852450809 ], [ -120.632877508135138, 37.539575536842456 ], [ -120.632608013582356, 37.53957553719313 ], [ -120.632608013792137, 37.53840772722242 ], [ -120.631709698202627, 37.538677222045713 ], [ -120.631709698822661, 37.538946715925405 ], [ -120.631979193008036, 37.538946716244382 ], [ -120.631979193544865, 37.539575537415217 ], [ -120.631709699093363, 37.539845031539905 ], [ -120.631709698451246, 37.54047385231906 ], [ -120.631440203658087, 37.540743346815965 ], [ -120.630811382987943, 37.540743347393651 ], [ -120.630811382898486, 37.541102673175374 ], [ -120.63108087795311, 37.541372167502217 ], [ -120.631709698721977, 37.541372167537851 ], [ -120.631979193147956, 37.541731493730246 ], [ -120.631979192830613, 37.542000988692436 ], [ -120.632338519123294, 37.542270482864936 ], [ -120.632338519508409, 37.542629808998292 ], [ -120.631979192757257, 37.542899303339759 ], [ -120.631440204529582, 37.542899303516307 ], [ -120.631440204267108, 37.544067113720146 ], [ -120.632338518839958, 37.544067113617743 ], [ -120.632608013605221, 37.543797619218836 ], [ -120.632608014283861, 37.542000987817076 ], [ -120.632877508072923, 37.541731493876412 ], [ -120.633236834349162, 37.54173149367633 ], [ -120.633236834325217, 37.541372167397689 ], [ -120.632608013422427, 37.541372167896206 ], [ -120.632608013958034, 37.541102673290254 ], [ -120.632877508852701, 37.54074334710559 ], [ -120.633236835055172, 37.540743346853148 ], [ -120.633236835079103, 37.541102673196875 ], [ -120.63350632906841, 37.541372167889136 ], [ -120.63413515033109, 37.541372167289801 ], [ -120.634135149993881, 37.541731493620759 ], [ -120.633775824042374, 37.542000988038012 ], [ -120.633236834992545, 37.542000988462178 ], [ -120.63323683423863, 37.542270482593253 ], [ -120.634135149488074, 37.542270483047481 ], [ -120.634135149450131, 37.542899303825301 ], [ -120.633506329086799, 37.542899303405079 ], [ -120.633506328862069, 37.542629809322705 ], [ -120.63323683426259, 37.542629808778919 ], [ -120.632877508790486, 37.542899303414188 ], [ -120.632877508129056, 37.543168798109456 ], [ -120.633506329604373, 37.543168798329049 ], [ -120.633775824084125, 37.543528124421194 ], [ -120.633775824183033, 37.543797618662637 ], [ -120.632877508253515, 37.543797619253823 ], [ -120.632877508696524, 37.544067113650776 ], [ -120.635033465504506, 37.544067113531121 ] ], [ [ -120.632158856626205, 37.536700928174 ], [ -120.631979193563481, 37.536611096784782 ], [ -120.631979193630613, 37.53670092792273 ], [ -120.632158856626205, 37.536700928174 ] ], [ [ -120.631440203606061, 37.536611096621698 ], [ -120.631440203445507, 37.536251771641339 ], [ -120.631080876901464, 37.536251771162348 ], [ -120.631080876719594, 37.536611096776518 ], [ -120.631440203606061, 37.536611096621698 ] ] ] } },
{ "type": "Feature", "properties": { "csb_id": "061825015449912", "acres": 22.495151244560901, "geoid": "06099" }, "geometry": { "type": "Polygon", "coordinates": [ [ [ -120.899677147548502, 37.536611096675784 ], [ -120.899227990596785, 37.536341602055579 ], [ -120.898329675100868, 37.536251770162245 ], [ -120.898150011885065, 37.535712781010041 ], [ -120.898150012192076, 37.533377161314647 ], [ -120.89949748557504, 37.533287330857426 ], [ -120.899497485324389, 37.533017835274528 ], [ -120.899856811196202, 37.532928004647019 ], [ -120.901114452505567, 37.533017836514794 ], [ -120.901294115276414, 37.533556824946949 ], [ -120.901473778614189, 37.533556824828906 ], [ -120.901473778603147, 37.533916150900744 ], [ -120.901743273544497, 37.534455139957267 ], [ -120.901922935257701, 37.534544971814093 ], [ -120.901114453184505, 37.535083961529402 ], [ -120.90012630496237, 37.535083960467006 ], [ -120.900216137431102, 37.53661109627555 ], [ -120.899677147548502, 37.536611096675784 ] ] ] } },
{ "type": "Feature", "properties": { "csb_id": "061825015449988", "acres": 8.8809062493675697, "geoid": "06099" }, "geometry": { "type": "Polygon", "coordinates": [ [ [ -120.976213609660192, 37.533916151194809 ], [ -120.976213609772117, 37.533556824953294 ], [ -120.975584789669369, 37.533287329952906 ], [ -120.975584788753878, 37.532658509088627 ], [ -120.973788158196541, 37.532658509155567 ], [ -120.973788158372898, 37.532029688373115 ], [ -120.974955968493461, 37.532029688705968 ], [ -120.97495596920929, 37.532389014577738 ], [ -120.975584789391917, 37.532389014444838 ], [ -120.9755847894113, 37.531490699563861 ], [ -120.975854283774538, 37.531490699146843 ], [ -120.975854284114931, 37.531760193861103 ], [ -120.976213610628662, 37.531760194044537 ], [ -120.976303441866008, 37.53265850902384 ], [ -120.977381420195883, 37.532658509103463 ], [ -120.977650915136905, 37.533377161911091 ], [ -120.977471251483749, 37.533646655972667 ], [ -120.977111925369798, 37.533916150304478 ], [ -120.976213609660192, 37.533916151194809 ] ] ] } },
{ "type": "Feature", "properties": { "csb_id": "061825015450098", "acres": 90.5107047180433, "geoid": "06099" }, "geometry": { "type": "Polygon", "coordinates": [ [ [ -120.976213610072193, 37.53661109701153 ], [ -120.970913549520191, 37.536700928616199 ], [ -120.970913550311025, 37.535083960328784 ], [ -120.971093213022797, 37.535083961799273 ], [ -120.971183045024517, 37.53481446625522 ], [ -120.971183045309019, 37.534544972440287 ], [ -120.970913550333691, 37.534544972321839 ], [ -120.970913549915053, 37.533916151581366 ], [ -120.971183044416577, 37.532658510207192 ], [ -120.971183044899533, 37.530233057561894 ], [ -120.971452539178514, 37.529155080230751 ], [ -120.971811864964479, 37.529155079828698 ], [ -120.971811864924874, 37.529334743252242 ], [ -120.971991528146262, 37.529334744061643 ], [ -120.972081359976869, 37.528795753173505 ], [ -120.973159338180494, 37.528795753950369 ], [ -120.973788157990185, 37.529155081033778 ], [ -120.975315294958364, 37.529065248156108 ], [ -120.975315294833891, 37.528885584819143 ], [ -120.97540512588165, 37.529065248393259 ], [ -120.976213609442539, 37.529334742613614 ], [ -120.976213610628662, 37.531760194044537 ], [ -120.975854284114931, 37.531760193861103 ], [ -120.975854283774538, 37.531490699146843 ], [ -120.9755847894113, 37.531490699563861 ], [ -120.975584789391917, 37.532389014444838 ], [ -120.97495596920929, 37.532389014577738 ], [ -120.974955968493461, 37.532029688705968 ], [ -120.973788158372898, 37.532029688373115 ], [ -120.973788158196541, 37.532658509155567 ], [ -120.975584788753878, 37.532658509088627 ], [ -120.975584789669369, 37.533287329952906 ], [ -120.976213609772117, 37.533556824953294 ], [ -120.976213610335137, 37.534814465972048 ], [ -120.976483104006476, 37.534904297282289 ], [ -120.976483104961048, 37.535712781089309 ], [ -120.977111925706069, 37.535982276125857 ], [ -120.976483104274934, 37.535982276168561 ], [ -120.976213610072193, 37.53661109701153 ] ] ] } },
{ "type": "Feature", "properties": { "csb_id": "061825015450170", "acres": 9.0671998886680001, "geoid": "06099" }, "geometry": { "type": "Polygon", "coordinates": [ [ [ -120.93947251383068, 37.530233057923219 ], [ -120.938574198522275, 37.530233058148717 ], [ -120.938574199475781, 37.529334743233839 ], [ -120.938125042004415, 37.529155079495617 ], [ -120.9381250424656, 37.528436427593121 ], [ -120.938933526383423, 37.527897438662905 ], [ -120.938933526010118, 37.527538111904121 ], [ -120.939472514836439, 37.527538112485992 ], [ -120.939472515085981, 37.527987270272511 ], [ -120.939652178354493, 37.52816693293618 ], [ -120.939831840979849, 37.52816693272004 ], [ -120.939921672765934, 37.527627943914048 ], [ -120.940101335486332, 37.527627943930156 ], [ -120.939831840152905, 37.529963563543014 ], [ -120.93947251383068, 37.530233057923219 ] ] ] } },
{ "type": "Feature", "properties": { "csb_id": "061825015450273", "acres": 10.5053539274475, "geoid": "06099" }, "geometry": { "type": "Polygon", "coordinates": [ [ [ -120.939472515085981, 37.527987270272511 ], [ -120.939472514836439, 37.527538112485992 ], [ -120.938125041642465, 37.527538111872609 ], [ -120.938035210764767, 37.527358449231421 ], [ -120.938035210992368, 37.52663979718325 ], [ -120.938304705165606, 37.526190639361609 ], [ -120.938125041461589, 37.526100807469248 ], [ -120.938125042334306, 37.525831313098081 ], [ -120.938574200111304, 37.525561818540723 ], [ -120.939831841362874, 37.525561818278682 ], [ -120.940280999315775, 37.526100807894196 ], [ -120.940191166758467, 37.527538112287012 ], [ -120.939921672765934, 37.527627943914048 ], [ -120.939831840979849, 37.52816693272004 ], [ -120.939472515085981, 37.527987270272511 ] ] ] } },
{ "type": "Feature", "properties": { "csb_id": "061825015450384", "acres": 13.733609484321301, "geoid": "06099" }, "geometry": { "type": "Polygon", "coordinates": [ [ [ -120.891861804925782, 37.525561819425782 ], [ -120.890065174956376, 37.525561819251791 ], [ -120.890065174638778, 37.525741482998221 ], [ -120.889436354067286, 37.525741481725859 ], [ -120.889346521784319, 37.52520249291679 ], [ -120.888987196155497, 37.525471986838177 ], [ -120.888717701041656, 37.525471987137443 ], [ -120.888717701874938, 37.525112661854891 ], [ -120.88826854430495, 37.524663503642877 ], [ -120.88826854434113, 37.52403468277857 ], [ -120.888448206379863, 37.524034682559382 ], [ -120.888448206015113, 37.523675356725668 ], [ -120.888717701925515, 37.523405861752366 ], [ -120.889616017241195, 37.523675357527644 ], [ -120.890065174169635, 37.524034682374641 ], [ -120.89123298445152, 37.524034682893678 ], [ -120.891232984581634, 37.524663503438532 ], [ -120.892131299337024, 37.524663503381213 ], [ -120.892131299770142, 37.525202492966073 ], [ -120.891861805179374, 37.525202492010962 ], [ -120.891861804925782, 37.525561819425782 ] ] ] } },
{ "type": "Feature", "properties": { "csb_id": "061825015450412", "acres": 3.0714985773732302, "geoid": "06099" }, "geometry": { "type": "Polygon", "coordinates": [ [ [ -120.71686998727148, 37.524932998158647 ], [ -120.71722931399465, 37.52466350301831 ], [ -120.717229314009458, 37.523405861707097 ], [ -120.718127629577339, 37.523405862116434 ], [ -120.718127629274008, 37.524304177332311 ], [ -120.717498808382913, 37.524304177544124 ], [ -120.717498807822565, 37.524663503576733 ], [ -120.717768302754379, 37.524663503308759 ], [ -120.717768302411159, 37.52493299776495 ], [ -120.717229313293927, 37.525202492945532 ], [ -120.716869987272474, 37.525202492767406 ], [ -120.71686998727148, 37.524932998158647 ] ] ] } },
{ "type": "Feature", "properties": { "csb_id": "061825015450541", "acres": 5.5854923728225199, "geoid": "06099" }, "geometry": { "type": "Polygon", "coordinates": [ [ [ -120.714534367436926, 37.524034682787807 ], [ -120.714803862738918, 37.524034682994966 ], [ -120.714803862853984, 37.522507546573948 ], [ -120.715073357321259, 37.522507546128615 ], [ -120.715073356529956, 37.521968557492535 ], [ -120.71570217817424, 37.521968557237983 ], [ -120.715971671911234, 37.522238052406621 ], [ -120.715971672376455, 37.523136366964039 ], [ -120.71543268300681, 37.523405862198651 ], [ -120.715073356921934, 37.523405862228444 ], [ -120.715073357332727, 37.524304176999784 ], [ -120.715432683056591, 37.524304177025542 ], [ -120.715432682803851, 37.524932998154341 ], [ -120.714534367432265, 37.524932997970872 ], [ -120.714534367436926, 37.524034682787807 ] ] ] } },
{ "type": "Feature", "properties": { "csb_id": "061825015450655", "acres": 24.299146335949398, "geoid": "06099" }, "geometry": { "type": "Polygon", "coordinates": [ [ [ -121.157134308781593, 37.522777041450574 ], [ -121.156685150264579, 37.522507546538606 ], [ -121.156056330008909, 37.521519400068712 ], [ -121.155966498436356, 37.52098041054623 ], [ -121.155427508923083, 37.520980410701959 ], [ -121.154529193844184, 37.520621085009417 ], [ -121.15452919373098, 37.520261758350934 ], [ -121.156774982424324, 37.519183779735897 ], [ -121.157763129617223, 37.519183780313654 ], [ -121.157763129512858, 37.518914285732073 ], [ -121.158302118503286, 37.519722769170713 ], [ -121.158751276064251, 37.519722769232324 ], [ -121.158481781584385, 37.521609231248874 ], [ -121.158930938505648, 37.522148220980242 ], [ -121.158930939323255, 37.522777041471464 ], [ -121.157134308781593, 37.522777041450574 ] ] ] } },
{ "type": "Feature", "properties": { "csb_id": "061825015450717", "acres": 20.357282628564501, "geoid": "06099" }, "geometry": { "type": "Polygon", "coordinates": [ [ [ -120.91081625706795, 37.521519400043204 ], [ -120.910636594706304, 37.521339736286301 ], [ -120.910636594738563, 37.520980410681993 ], [ -120.909738279412508, 37.520351590040406 ], [ -120.909738278696608, 37.52017192733792 ], [ -120.908929795719132, 37.520171927208281 ], [ -120.908660301127767, 37.520621084236971 ], [ -120.90821114359531, 37.520621084760343 ], [ -120.908570469284413, 37.5200820955613 ], [ -120.909109458064194, 37.520082095517509 ], [ -120.909109458572757, 37.519722770305705 ], [ -120.908570469603362, 37.519722769088283 ], [ -120.90857046926466, 37.518285465001917 ], [ -120.909468784993408, 37.518285464667507 ], [ -120.909468784865979, 37.517926139034287 ], [ -120.910097604735242, 37.517656643771012 ], [ -120.910636594902456, 37.517656644065873 ], [ -120.911265414732171, 37.517746475392677 ], [ -120.911265414434439, 37.518015970160974 ], [ -120.910816257487511, 37.518015970549527 ], [ -120.91081625722164, 37.518375296698778 ], [ -120.911894235425493, 37.518375296709138 ], [ -120.911894236132667, 37.51882445387448 ], [ -120.911355246476404, 37.519273611990478 ], [ -120.911355246265458, 37.520082095005463 ], [ -120.911984067078166, 37.520082095759918 ], [ -120.912253561277439, 37.520171926587267 ], [ -120.912253562268475, 37.520351589584067 ], [ -120.911714572277575, 37.520710916301411 ], [ -120.911265415272709, 37.521519400138224 ], [ -120.91081625706795, 37.521519400043204 ] ] ] } },
{ "type": "Feature", "properties": { "csb_id": "061825015450737", "acres": 43.179543347830098, "geoid": "06099" }, "geometry": { "type": "Polygon", "coordinates": [ [ [ -120.926626606607499, 37.521249904981353 ], [ -120.926087616751772, 37.520980410681631 ], [ -120.925997785593708, 37.521519399449119 ], [ -120.921775703580224, 37.52151940003067 ], [ -120.921506209270987, 37.521249905214816 ], [ -120.921506209269182, 37.520351589883489 ], [ -120.921775704265926, 37.519722769608727 ], [ -120.92204519891429, 37.519543105819871 ], [ -120.921775704191759, 37.519183780170771 ], [ -120.921506209253465, 37.519183780247261 ], [ -120.92150620956167, 37.518554959370007 ], [ -120.921775703320463, 37.518554959062165 ], [ -120.921775703848439, 37.517926138467431 ], [ -120.923302839650489, 37.51801597026784 ], [ -120.924021492014418, 37.517746475220513 ], [ -120.925099470598354, 37.517746475400635 ], [ -120.92572829141946, 37.518285465027553 ], [ -120.926267280186082, 37.518285464761668 ], [ -120.926267280422593, 37.519722769562279 ], [ -120.926626605847318, 37.520171926643556 ], [ -120.927524921850733, 37.520351589686051 ], [ -120.927524921568406, 37.520621084609367 ], [ -120.927165595692671, 37.52062108486242 ], [ -120.927165595316907, 37.52098041072076 ], [ -120.927614752802981, 37.52107024221781 ], [ -120.927794416507027, 37.521249904817871 ], [ -120.927794416099815, 37.521519399901351 ], [ -120.926626605566653, 37.521519400232506 ], [ -120.926626606607499, 37.521249904981353 ] ] ] } },
{ "type": "Feature", "properties": { "csb_id": "061825015450798", "acres": 23.840357751024701, "geoid": "06099" }, "geometry": { "type": "Polygon", "coordinates": [ [ [ -120.921146883089136, 37.518824453620766 ], [ -120.917104464184177, 37.518914285142642 ], [ -120.917104463959248, 37.518375296251506 ], [ -120.916026485643116, 37.518285465016248 ], [ -120.916026485634163, 37.517926139172111 ], [ -120.916206149263346, 37.517746475382182 ], [ -120.916745138738662, 37.517746475685804 ], [ -120.917373957785145, 37.516758328669454 ], [ -120.919979072147498, 37.516758328696717 ], [ -120.920428230015347, 37.516488834331419 ], [ -120.920428231412089, 37.516219339629089 ], [ -120.921146882889474, 37.516129507762969 ], [ -120.921326546769492, 37.517297318274622 ], [ -120.921326545569542, 37.518644791501316 ], [ -120.921146883089136, 37.518824453620766 ] ] ] } },
{ "type": "Feature", "properties": { "csb_id": "061825015450813", "acres": 4.7446477199874799, "geoid": "06099" }, "geometry": { "type": "Polygon", "coordinates": [ [ [ -120.911265414732171, 37.517746475392677 ], [ -120.910097604735242, 37.517656643771012 ], [ -120.910097605260816, 37.516399003065921 ], [ -120.912163730648913, 37.516399002350447 ], [ -120.912163730450558, 37.517027823644405 ], [ -120.91063659390953, 37.517027823078074 ], [ -120.910636594934715, 37.517297318071705 ], [ -120.911355246465732, 37.517297317833005 ], [ -120.911265414732171, 37.517746475392677 ] ] ] } },
{ "type": "Feature", "properties": { "csb_id": "061825015450819", "acres": 2.8859378361375598, "geoid": "06099" }, "geometry": { "type": "Polygon", "coordinates": [ [ [ -121.003342731407258, 37.516848160670037 ], [ -121.001995258760246, 37.516758328754307 ], [ -121.002174922247093, 37.515860013856987 ], [ -121.003522394394338, 37.515860013797891 ], [ -121.003342731770331, 37.516129508440898 ], [ -121.003342731407258, 37.516848160670037 ] ] ] } },
{ "type": "Feature", "properties": { "csb_id": "061825015450836", "acres": 24.6428131711052, "geoid": "06099" }, "geometry": { "type": "Polygon", "coordinates": [ [ [ -121.008373297456245, 37.518554958944627 ], [ -121.007115656228748, 37.518554959033047 ], [ -121.006935993249186, 37.517746475275722 ], [ -121.005678351810786, 37.51792613821484 ], [ -121.005049530075922, 37.51828546465682 ], [ -121.004780036436898, 37.518285464824267 ], [ -121.004780036564298, 37.517656644418594 ], [ -121.003522394780262, 37.51765664394626 ], [ -121.003342731770331, 37.516129508440898 ], [ -121.003522394394338, 37.515860013797891 ], [ -121.003791889154954, 37.515860014327956 ], [ -121.003791889919796, 37.51550068754738 ], [ -121.004151215364701, 37.514961698601496 ], [ -121.005049530361632, 37.514961698383843 ], [ -121.005049530800406, 37.515231192646269 ], [ -121.004420710026309, 37.515231192795731 ], [ -121.004780036085918, 37.515500687652235 ], [ -121.004780036200927, 37.515860013405906 ], [ -121.005049529963486, 37.516219340146229 ], [ -121.005498686811052, 37.516488834347463 ], [ -121.005498688062033, 37.517117655036664 ], [ -121.005768181661793, 37.517117655165663 ], [ -121.006037675944441, 37.516848160518755 ], [ -121.006037677725445, 37.515949844998168 ], [ -121.008013971557844, 37.515860013835656 ], [ -121.008373297035135, 37.516129508004688 ], [ -121.00837329600418, 37.516488834820301 ], [ -121.008013970106134, 37.517297318033194 ], [ -121.008013971324232, 37.517926138442036 ], [ -121.008373296872264, 37.518285465210674 ], [ -121.008373297456245, 37.518554958944627 ] ] ] } },
{ "type": "Feature", "properties": { "csb_id": "061825015450839", "acres": 15.3687544485344, "geoid": "06099" }, "geometry": { "type": "Polygon", "coordinates": [ [ [ -120.907043333060997, 37.518285464646382 ], [ -120.90704333345559, 37.518015970319766 ], [ -120.907312827327885, 37.518015970206477 ], [ -120.907312827921942, 37.517656643808863 ], [ -120.90641451298508, 37.516758328551568 ], [ -120.90641451205677, 37.516488833935199 ], [ -120.907133165206346, 37.516488834487205 ], [ -120.907043333506095, 37.515500687509821 ], [ -120.907672153802892, 37.51550068774668 ], [ -120.90794164792058, 37.515051529685216 ], [ -120.908660300637081, 37.51505152947643 ], [ -120.908660300392683, 37.516129508543465 ], [ -120.908839963388047, 37.516399003019139 ], [ -120.909468784835653, 37.516399002712951 ], [ -120.909468783859907, 37.516758328739407 ], [ -120.909109458173887, 37.516758328504594 ], [ -120.909468783403085, 37.517746475572729 ], [ -120.909468784993408, 37.518285464667507 ], [ -120.907043333060997, 37.518285464646382 ] ] ] } },
{ "type": "Feature", "properties": { "csb_id": "061825015450904", "acres": 22.637772583350099, "geoid": "06099" }, "geometry": { "type": "Polygon", "coordinates": [ [ [ -120.919979072147498, 37.516758328696717 ], [ -120.917373957785145, 37.516758328669454 ], [ -120.917373959209215, 37.516219339603232 ], [ -120.916924801090445, 37.516129508616423 ], [ -120.916745138856371, 37.515590518990265 ], [ -120.916026485683489, 37.515590518847603 ], [ -120.916026485674536, 37.515231192717437 ], [ -120.916385811618866, 37.514961697960899 ], [ -120.916655306512794, 37.514961698632746 ], [ -120.916655306786325, 37.515500687373439 ], [ -120.916924801134414, 37.51550068704902 ], [ -120.917284127196524, 37.514961698032735 ], [ -120.917284127208504, 37.514602372402848 ], [ -120.916385812373122, 37.514602372163104 ], [ -120.916385812198698, 37.514422709365526 ], [ -120.917553621699128, 37.514422709316733 ], [ -120.91755362249333, 37.514602372576881 ], [ -120.918451937786926, 37.514602372411403 ], [ -120.91845193732118, 37.514422709550523 ], [ -120.919979073117773, 37.514602371827522 ], [ -120.920877388293732, 37.514422708987382 ], [ -120.92132654606749, 37.514961698744592 ], [ -120.921326545763151, 37.515949844974429 ], [ -120.921146882889474, 37.516129507762969 ], [ -120.920428231412089, 37.516219339629089 ], [ -120.920428230015347, 37.516488834331419 ], [ -120.919979072147498, 37.516758328696717 ] ] ] } },
{ "type": "Feature", "properties": { "csb_id": "061825015450916", "acres": 13.813386517959801, "geoid": "06099" }, "geometry": { "type": "Polygon", "coordinates": [ [ [ -120.901473778934587, 37.518015970138016 ], [ -120.901473778465473, 37.516848160247662 ], [ -120.901743272671766, 37.516488834137107 ], [ -120.901473778343217, 37.516219339485446 ], [ -120.901473778894996, 37.515321024547845 ], [ -120.902372093758174, 37.514961697848356 ], [ -120.90237209367362, 37.514692204139187 ], [ -120.90345007189282, 37.514692204021635 ], [ -120.903450071761441, 37.517117655121048 ], [ -120.90300091449015, 37.517117654651926 ], [ -120.903000914524299, 37.517746475204397 ], [ -120.902372093585129, 37.518015970016108 ], [ -120.901473778934587, 37.518015970138016 ] ] ] } },
{ "type": "Feature", "properties": { "csb_id": "061825015450941", "acres": 17.932006480123199, "geoid": "06099" }, "geometry": { "type": "Polygon", "coordinates": [ [ [ -120.913062045244672, 37.518285464994094 ], [ -120.91081625722164, 37.518375296698778 ], [ -120.910816257487511, 37.518015970549527 ], [ -120.911265414434439, 37.518015970160974 ], [ -120.911355246465732, 37.517297317833005 ], [ -120.910636594934715, 37.517297318071705 ], [ -120.91063659390953, 37.517027823078074 ], [ -120.912163730450558, 37.517027823644405 ], [ -120.912163730648913, 37.516399002350447 ], [ -120.911265415413624, 37.516399002322579 ], [ -120.911265415201896, 37.515860013600161 ], [ -120.911534909212392, 37.515860013550409 ], [ -120.911534909605535, 37.515500687302399 ], [ -120.908839963171246, 37.515500687165826 ], [ -120.908839963860657, 37.515860013224682 ], [ -120.908660300729593, 37.515860013751123 ], [ -120.908660300637081, 37.51505152947643 ], [ -120.908929795748804, 37.515051529732901 ], [ -120.90892979572773, 37.514692203356894 ], [ -120.909468785005771, 37.51460237207106 ], [ -120.90955861645935, 37.514961697976354 ], [ -120.911085751748246, 37.51496169788674 ], [ -120.911085751890965, 37.514692203968217 ], [ -120.912163730715932, 37.514602371918386 ], [ -120.912163730255159, 37.514332877277518 ], [ -120.912792550938946, 37.514332877530578 ], [ -120.912792551180033, 37.514602371772114 ], [ -120.913062045414819, 37.514602371954496 ], [ -120.913062045201968, 37.514961697961844 ], [ -120.912792551510094, 37.515051529732425 ], [ -120.912792550737024, 37.515500687864346 ], [ -120.913062045730328, 37.515500687647425 ], [ -120.91306204530467, 37.516219339432958 ], [ -120.912882382552041, 37.516399002275591 ], [ -120.912792550658111, 37.517297318239983 ], [ -120.912433224919397, 37.517297318048698 ], [ -120.912433224501342, 37.517926138776502 ], [ -120.913062042955147, 37.517926138940361 ], [ -120.913062045244672, 37.518285464994094 ] ] ] } },
{ "type": "Feature", "properties": { "csb_id": "061825015450960", "acres": 5.8796496327369798, "geoid": "06099" }, "geometry": { "type": "Polygon", "coordinates": [ [ [ -120.911085751748246, 37.51496169788674 ], [ -120.90955861645935, 37.514961697976354 ], [ -120.90946878604521, 37.514422708832456 ], [ -120.909917941638085, 37.514332877518576 ], [ -120.910097604291948, 37.51406338312092 ], [ -120.91063659339278, 37.513793888248465 ], [ -120.911894234212909, 37.513793888407271 ], [ -120.911894234798609, 37.514063382859945 ], [ -120.912433225086119, 37.514063382635094 ], [ -120.912433225422006, 37.514332877528766 ], [ -120.912163730255159, 37.514332877277518 ], [ -120.912163730715932, 37.514602371918386 ], [ -120.911085751890965, 37.514692203968217 ], [ -120.911085751748246, 37.51496169788674 ] ] ] } },
{ "type": "Feature", "properties": { "csb_id": "061825015451047", "acres": 18.862306293056101, "geoid": "06099" }, "geometry": { "type": "Polygon", "coordinates": [ [ [ -120.911894234798609, 37.514063382859945 ], [ -120.911894234212909, 37.513793888407271 ], [ -120.911355245370686, 37.513793888198734 ], [ -120.91063659339278, 37.513793888248465 ], [ -120.910097603981498, 37.514153214866603 ], [ -120.909738279137713, 37.51406338274667 ], [ -120.909738279134459, 37.513434562477961 ], [ -120.910187436535367, 37.513434562012698 ], [ -120.910097605032504, 37.510470122093864 ], [ -120.910636594821256, 37.510470121694965 ], [ -120.910636594447311, 37.510739616581517 ], [ -120.911085751739037, 37.510829447891567 ], [ -120.911984067710875, 37.510829447900122 ], [ -120.912433224606332, 37.511368437454493 ], [ -120.91243322394547, 37.51235658401513 ], [ -120.91279255041772, 37.512356583659418 ], [ -120.912792550333776, 37.513165067886 ], [ -120.912612887455523, 37.513793888053243 ], [ -120.912433225046215, 37.51379388858183 ], [ -120.912433225086119, 37.514063382635094 ], [ -120.911894234798609, 37.514063382859945 ] ] ] } },
{ "type": "Feature", "properties": { "csb_id": "061825015451091", "acres": 33.224196001082099, "geoid": "06099" }, "geometry": { "type": "Polygon", "coordinates": [ [ [ -120.908929795748804, 37.515051529732901 ], [ -120.907761985938734, 37.515051529977868 ], [ -120.907672153590482, 37.514602371843644 ], [ -120.906414513137292, 37.513704057357927 ], [ -120.906414512854724, 37.512895573113106 ], [ -120.906863668902886, 37.512626078897775 ], [ -120.906773839007172, 37.511009110941103 ], [ -120.907941648488389, 37.511009111544695 ], [ -120.908570469746635, 37.510739616834783 ], [ -120.908839963017073, 37.510470121878335 ], [ -120.908839962623631, 37.510110796107057 ], [ -120.910097605467072, 37.510110795797054 ], [ -120.910187436535367, 37.513434562012698 ], [ -120.909738279134459, 37.513434562477961 ], [ -120.909738279137713, 37.51406338274667 ], [ -120.910097603981498, 37.514153214866603 ], [ -120.90946878604521, 37.514422708832456 ], [ -120.909468785005771, 37.51460237207106 ], [ -120.90892979572773, 37.514692203356894 ], [ -120.908929795748804, 37.515051529732901 ] ] ] } },
{ "type": "Feature", "properties": { "csb_id": "061825015451605", "acres": 25.136709929733499, "geoid": "06099" }, "geometry": { "type": "Polygon", "coordinates": [ [ [ -120.796820047318192, 37.503822588854966 ], [ -120.796730216417828, 37.503642925869329 ], [ -120.796550552792027, 37.503822588772415 ], [ -120.794304764677577, 37.503912420252675 ], [ -120.794484428055625, 37.502654780062223 ], [ -120.795023417085346, 37.501127642711907 ], [ -120.79583190192001, 37.501127644012314 ], [ -120.795831901304766, 37.500768318029039 ], [ -120.796101396068437, 37.500498822759454 ], [ -120.796730216508564, 37.50049882219249 ], [ -120.796730216000384, 37.500768316433415 ], [ -120.796460721667771, 37.500858149421688 ], [ -120.796730215913982, 37.501217474525873 ], [ -120.797628531780191, 37.501217474573096 ], [ -120.797628531021729, 37.501666632031835 ], [ -120.798257352006686, 37.502025958600093 ], [ -120.79825735233301, 37.502295452776252 ], [ -120.798976004559449, 37.503193768125755 ], [ -120.798976004058886, 37.503553094484253 ], [ -120.798526847460721, 37.503822589056185 ], [ -120.796820047318192, 37.503822588854966 ] ] ] } },
{ "type": "Feature", "properties": { "csb_id": "061825015451661", "acres": 48.639129717105902, "geoid": "06099" }, "geometry": { "type": "Polygon", "coordinates": [ [ [ -120.93354363415601, 37.506248040690544 ], [ -120.933543634712763, 37.505888714140916 ], [ -120.932914813509939, 37.505439556328369 ], [ -120.932106329391672, 37.50534972554312 ], [ -120.932016497866414, 37.505619219294537 ], [ -120.931118182383841, 37.505619219595566 ], [ -120.931118182616302, 37.501397137261641 ], [ -120.931657171771249, 37.501397137203391 ], [ -120.931657170965238, 37.501127643365962 ], [ -120.931118183039629, 37.500768316284216 ], [ -120.93111818254178, 37.500229327225071 ], [ -120.931657171532734, 37.500229327270503 ], [ -120.931657171532024, 37.500498822273798 ], [ -120.932285992237453, 37.500498821897118 ], [ -120.932285992457949, 37.500229327292836 ], [ -120.935609759615744, 37.500319158904809 ], [ -120.935609759686429, 37.501127642679677 ], [ -120.935879254338147, 37.501127642938819 ], [ -120.935879252835292, 37.501666632132938 ], [ -120.934711441334599, 37.502924273746871 ], [ -120.934262285377599, 37.502924273404382 ], [ -120.934262285596901, 37.502385284374064 ], [ -120.933004642871353, 37.502385284796773 ], [ -120.933004644118029, 37.502744610797201 ], [ -120.932735148479949, 37.503014105232133 ], [ -120.932375823249288, 37.503014105356364 ], [ -120.932375823354775, 37.503283599735703 ], [ -120.933004644329344, 37.503642925776731 ], [ -120.93390295866665, 37.503642926168411 ], [ -120.933902959986582, 37.503283599737884 ], [ -120.934531778775266, 37.503283599568043 ], [ -120.93453178160118, 37.503642925767153 ], [ -120.934262284816242, 37.503642925673894 ], [ -120.934262283790218, 37.504181915594408 ], [ -120.934531779250278, 37.504541241223968 ], [ -120.93498093697157, 37.504541241329527 ], [ -120.934980939841751, 37.504092082705569 ], [ -120.935609759237721, 37.504092082891361 ], [ -120.935609759138984, 37.505349724499276 ], [ -120.935340264225729, 37.505619219724835 ], [ -120.934980938949309, 37.505619219366181 ], [ -120.93444194915692, 37.505888714382706 ], [ -120.933813128241184, 37.505888713600697 ], [ -120.933813129284815, 37.506248041012093 ], [ -120.93354363415601, 37.506248040690544 ] ], [ [ -120.932106330228692, 37.50112764296366 ], [ -120.932016498000507, 37.50139713735102 ], [ -120.932555487533392, 37.501397137852052 ], [ -120.93255548787873, 37.501127643088935 ], [ -120.932106330228692, 37.50112764296366 ] ] ] } },
{ "type": "Feature", "properties": { "csb_id": "061825015452833", "acres": 7.0371102406052701, "geoid": "06099" }, "geometry": { "type": "Polygon", "coordinates": [ [ [ -120.983669626764311, 37.481903695633306 ], [ -120.981872996774214, 37.482173191224703 ], [ -120.980974680793565, 37.481993527550827 ], [ -120.980974681462612, 37.481274875378205 ], [ -120.981423837023428, 37.481364706624468 ], [ -120.981423838698134, 37.480735886333797 ], [ -120.981154344303917, 37.480735886078307 ], [ -120.981154343940034, 37.480466391536119 ], [ -120.98259164901485, 37.480466391023079 ], [ -120.982591649212992, 37.481095212127059 ], [ -120.983220469622751, 37.481544369198737 ], [ -120.983669627226746, 37.481544370022036 ], [ -120.983669626764311, 37.481903695633306 ] ] ] } },
{ "type": "Feature", "properties": { "csb_id": "061825015452931", "acres": 10.306416035421901, "geoid": "06099" }, "geometry": { "type": "Polygon", "coordinates": [ [ [ -120.789813188901306, 37.479747738707175 ], [ -120.789813188118956, 37.479208750227301 ], [ -120.790082681656514, 37.479208750506302 ], [ -120.790082682592384, 37.478579929331048 ], [ -120.789813188027281, 37.478579929742374 ], [ -120.789813188878256, 37.478220603376172 ], [ -120.791160660794233, 37.478130772210633 ], [ -120.79160981793072, 37.478220603833933 ], [ -120.791609818269649, 37.478579928994627 ], [ -120.791969144113423, 37.478579929211485 ], [ -120.792238639270337, 37.478220603573114 ], [ -120.793136953801351, 37.478220603052499 ], [ -120.793136953806879, 37.478579929824313 ], [ -120.79385560793078, 37.478669760765158 ], [ -120.793855607722833, 37.478849423614321 ], [ -120.792687796723001, 37.47893925531752 ], [ -120.792687797864687, 37.479298581319689 ], [ -120.792508134149372, 37.479478244299919 ], [ -120.7916098188973, 37.479478244539713 ], [ -120.791609819451637, 37.479208749654894 ], [ -120.79134032503076, 37.479208750174379 ], [ -120.79098099860461, 37.479478244649762 ], [ -120.790980998066715, 37.480107065308466 ], [ -120.790442009399314, 37.480107065260334 ], [ -120.790442009708769, 37.479747739464159 ], [ -120.789813188901306, 37.479747738707175 ] ] ] } },
{ "type": "Feature", "properties": { "csb_id": "061825015453063", "acres": 4.5612432258269298, "geoid": "06099" }, "geometry": { "type": "Polygon", "coordinates": [ [ [ -120.828261082892467, 37.47642397270414 ], [ -120.827991588422222, 37.476154478581918 ], [ -120.827991586846906, 37.475884983087909 ], [ -120.827362767080388, 37.475884983649159 ], [ -120.827362767410364, 37.475525657956268 ], [ -120.827991588368832, 37.475256161558605 ], [ -120.828889903831382, 37.475256163502252 ], [ -120.829159397788544, 37.475525657662246 ], [ -120.829608556163151, 37.475615488949195 ], [ -120.829518724741661, 37.476154478279724 ], [ -120.828889903181832, 37.476423972959303 ], [ -120.828261082892467, 37.47642397270414 ] ] ] } },
{ "type": "Feature", "properties": { "csb_id": "061825015453112", "acres": 3.5629103657364598, "geoid": "06099" }, "geometry": { "type": "Polygon", "coordinates": [ [ [ -120.821344054743918, 37.475256162945797 ], [ -120.821074560287627, 37.475256163105435 ], [ -120.82107456056967, 37.474357847540894 ], [ -120.821344055370233, 37.474357847552049 ], [ -120.82134405467589, 37.474088353069838 ], [ -120.822601696908862, 37.474088352310339 ], [ -120.822422031829035, 37.474627342236474 ], [ -120.822062707551055, 37.474717173191692 ], [ -120.821972875962857, 37.47552565754885 ], [ -120.821523717688791, 37.475525657487474 ], [ -120.821344054743918, 37.475256162945797 ] ] ] } },
{ "type": "Feature", "properties": { "csb_id": "061825015453164", "acres": 5.8826692653280803, "geoid": "06099" }, "geometry": { "type": "Polygon", "coordinates": [ [ [ -120.799604824931791, 37.476244309747308 ], [ -120.799604825012253, 37.475974815105268 ], [ -120.799155667380987, 37.475974814831069 ], [ -120.799155666976276, 37.476154477774827 ], [ -120.798886173040387, 37.476154477836559 ], [ -120.798886173134903, 37.475525657318677 ], [ -120.799155667289824, 37.475525657658537 ], [ -120.799155667602349, 37.475256162325024 ], [ -120.799155666003585, 37.474986668291706 ], [ -120.798886172701188, 37.474986668182019 ], [ -120.7988861716928, 37.474357847668422 ], [ -120.800503141016449, 37.474447679269545 ], [ -120.800503140591786, 37.474717173866843 ], [ -120.800143814083171, 37.474717173356204 ], [ -120.800143814119551, 37.475345994378273 ], [ -120.800503141169571, 37.47534599448732 ], [ -120.80050314064448, 37.475974815216262 ], [ -120.800143814633486, 37.476244309288901 ], [ -120.799604824931791, 37.476244309747308 ] ] ] } },
{ "type": "Feature", "properties": { "csb_id": "061825015453685", "acres": 28.545516327349599, "geoid": "06099" }, "geometry": { "type": "Polygon", "coordinates": [ [ [ -120.867337797878704, 37.468967955748731 ], [ -120.867337797822742, 37.468339134665548 ], [ -120.867697123663902, 37.468339135317564 ], [ -120.867697124169553, 37.467710314281376 ], [ -120.867697123410238, 37.46744082011427 ], [ -120.867337797208393, 37.467440819523617 ], [ -120.867337798216909, 37.465374695642254 ], [ -120.86823611251198, 37.46474587369061 ], [ -120.8685954395566, 37.464206884651531 ], [ -120.868864933527021, 37.46420688448034 ], [ -120.86886493381698, 37.464476378979441 ], [ -120.869493754312145, 37.464476378939665 ], [ -120.869493754678018, 37.464745873877938 ], [ -120.869763248934674, 37.465015368185284 ], [ -120.870661564097233, 37.465644189324998 ], [ -120.871020890665847, 37.465644189279892 ], [ -120.87102089046796, 37.465913683550816 ], [ -120.871559879411379, 37.465913683477176 ], [ -120.871559879469061, 37.466542504201421 ], [ -120.871290384370141, 37.466542504190656 ], [ -120.871290384324382, 37.467440819566484 ], [ -120.871020889667307, 37.467710314110192 ], [ -120.86994291189707, 37.467710314537719 ], [ -120.869942912107021, 37.467440819385807 ], [ -120.869134428670122, 37.467440820074813 ], [ -120.869134428123189, 37.468069640024325 ], [ -120.868864933444755, 37.468339135015462 ], [ -120.868236113272189, 37.468339135050755 ], [ -120.86796661855108, 37.468608629921214 ], [ -120.86796661829429, 37.468967955881006 ], [ -120.867337797878704, 37.468967955748731 ] ] ] } },
{ "type": "Feature", "properties": { "csb_id": "061825015454094", "acres": 2.4867183174446601, "geoid": "06099" }, "geometry": { "type": "Polygon", "coordinates": [ [ [ -120.947916678856686, 37.459445813225472 ], [ -120.947916679188637, 37.458457668145428 ], [ -120.948814993932885, 37.45845766713115 ], [ -120.948814993856018, 37.459625476644455 ], [ -120.948186173341256, 37.45962547804848 ], [ -120.947916678856686, 37.459445813225472 ] ] ] } },
{ "type": "Feature", "properties": { "csb_id": "061825015454683", "acres": 3.0744748744800798, "geoid": "06099" }, "geometry": { "type": "Polygon", "coordinates": [ [ [ -120.88880753270854, 37.451181313009734 ], [ -120.887639722651727, 37.450732155879045 ], [ -120.887549891787245, 37.450013502821434 ], [ -120.888987195815659, 37.450013503438285 ], [ -120.888807532294351, 37.450642323738705 ], [ -120.888987195735893, 37.450642324036927 ], [ -120.888987196446834, 37.450911818252948 ], [ -120.888807532649153, 37.450911818816593 ], [ -120.88880753270854, 37.451181313009734 ] ] ] } },
{ "type": "Feature", "properties": { "csb_id": "061825015456480", "acres": 5.5735048818094199, "geoid": "06099" }, "geometry": { "type": "Polygon", "coordinates": [ [ [ -121.053109398648743, 37.42027926697024 ], [ -121.051312768368931, 37.420548762225955 ], [ -121.051043273132763, 37.420279267657506 ], [ -121.051043273767704, 37.419919941238582 ], [ -121.049785632253531, 37.419919941828311 ], [ -121.049785631388943, 37.419650446152644 ], [ -121.050414452768308, 37.419650447334725 ], [ -121.050414452123974, 37.419380952032036 ], [ -121.052211083648174, 37.419380952020383 ], [ -121.052211083603311, 37.419650446995078 ], [ -121.052570408759181, 37.419919941017454 ], [ -121.053109398999084, 37.419919941275715 ], [ -121.053109398648743, 37.42027926697024 ] ] ] } },
{ "type": "Feature", "properties": { "csb_id": "061825015456481", "acres": 10.8432906927787, "geoid": "06099" }, "geometry": { "type": "Polygon", "coordinates": [ [ [ -121.05050428379765, 37.421806403182416 ], [ -121.050414451894241, 37.421536908461626 ], [ -121.048887316410131, 37.420818256330051 ], [ -121.048617821368069, 37.420548761710698 ], [ -121.04861782254622, 37.419650446853723 ], [ -121.048887316658593, 37.419021625581642 ], [ -121.04951613673947, 37.419021625943508 ], [ -121.049516136729451, 37.419380951701072 ], [ -121.050414452123974, 37.419380952032036 ], [ -121.050414452768308, 37.419650447334725 ], [ -121.049785631388943, 37.419650446152644 ], [ -121.049785632253531, 37.419919941828311 ], [ -121.051043273767704, 37.419919941238582 ], [ -121.051043273132763, 37.420279267657506 ], [ -121.051312768368931, 37.420548762225955 ], [ -121.051672093514711, 37.420548761834695 ], [ -121.051672093718551, 37.420818256242399 ], [ -121.050683947025632, 37.420818257776368 ], [ -121.050683947957808, 37.421177583393238 ], [ -121.051312767937802, 37.42117758294809 ], [ -121.051312767940345, 37.4214470770684 ], [ -121.05104327389698, 37.421716572217491 ], [ -121.05050428379765, 37.421806403182416 ] ] ] } },
{ "type": "Feature", "properties": { "csb_id": "061825015456574", "acres": 14.213160263368501, "geoid": "06099" }, "geometry": { "type": "Polygon", "coordinates": [ [ [ -121.052211083603311, 37.419650446995078 ], [ -121.052211083648174, 37.419380952020383 ], [ -121.049516136729451, 37.419380951701072 ], [ -121.04951613673947, 37.419021625943508 ], [ -121.049246642848644, 37.419021625964248 ], [ -121.049516137149084, 37.418752131050873 ], [ -121.050414452901478, 37.418482636957677 ], [ -121.050414452627578, 37.417853815590775 ], [ -121.050683946852146, 37.417584321758646 ], [ -121.052211083003385, 37.417584321225554 ], [ -121.052211082616424, 37.418123310604081 ], [ -121.053289061360204, 37.418123310480773 ], [ -121.053289061395631, 37.417853816397972 ], [ -121.053468722245626, 37.417853817022404 ], [ -121.053468721845235, 37.419111457797527 ], [ -121.053289059354398, 37.419111457802082 ], [ -121.053289061818788, 37.419380952171373 ], [ -121.052929735653805, 37.419470783199245 ], [ -121.05292973589232, 37.41965044682312 ], [ -121.053109398287233, 37.419650446720993 ], [ -121.053109398999084, 37.419919941275715 ], [ -121.052570408759181, 37.419919941017454 ], [ -121.052211083603311, 37.419650446995078 ] ] ] } },
{ "type": "Feature", "properties": { "csb_id": "061825015456578", "acres": 8.4730079393536304, "geoid": "06099" }, "geometry": { "type": "Polygon", "coordinates": [ [ [ -121.047809337358657, 37.420279267788544 ], [ -121.047719506150543, 37.419650446625184 ], [ -121.047090686519596, 37.419650446836833 ], [ -121.047090686145822, 37.419021626118656 ], [ -121.047450011652757, 37.418841962726326 ], [ -121.048348327536004, 37.417853816010279 ], [ -121.048887316591504, 37.417674152811053 ], [ -121.049516137855846, 37.41848263699616 ], [ -121.049516137149084, 37.418752131050873 ], [ -121.049246642848644, 37.419021625964248 ], [ -121.048887316658593, 37.419021625581642 ], [ -121.04861782254622, 37.419650446853723 ], [ -121.048617821730247, 37.420279267648894 ], [ -121.047809337358657, 37.420279267788544 ] ] ] } },
{ "type": "Feature", "properties": { "csb_id": "061825015456649", "acres": 13.2730655227091, "geoid": "06099" }, "geometry": { "type": "Polygon", "coordinates": [ [ [ -121.054906029363806, 37.418123310869319 ], [ -121.054007713489554, 37.418213143168096 ], [ -121.053289061395631, 37.417853816397972 ], [ -121.053289061360204, 37.418123310480773 ], [ -121.052211082616424, 37.418123310604081 ], [ -121.052211083003385, 37.417584321225554 ], [ -121.051312768253538, 37.417584321066343 ], [ -121.051312767883118, 37.417224995194843 ], [ -121.052839904308144, 37.416326680050418 ], [ -121.052839903472034, 37.416057185413862 ], [ -121.053289061007803, 37.416057185627274 ], [ -121.053468724906068, 37.41578769122178 ], [ -121.054007713488232, 37.41578769076127 ], [ -121.054367040024147, 37.416775838086103 ], [ -121.054906028968432, 37.41695550084026 ], [ -121.054906029363806, 37.418123310869319 ] ] ] } },
{ "type": "Feature", "properties": { "csb_id": "061825015456663", "acres": 13.184901358244501, "geoid": "06099" }, "geometry": { "type": "Polygon", "coordinates": [ [ [ -121.049605968318517, 37.418752131485427 ], [ -121.048887316591504, 37.417674152811053 ], [ -121.048617822078938, 37.417674152599304 ], [ -121.048348327624794, 37.417224996279309 ], [ -121.048348327268272, 37.416955500436408 ], [ -121.048617822037613, 37.416686007266591 ], [ -121.049246643077339, 37.416686007423216 ], [ -121.04924664219773, 37.416955500541164 ], [ -121.049516136902113, 37.416955500615984 ], [ -121.051043273469816, 37.416057185483965 ], [ -121.052839903472034, 37.416057185413862 ], [ -121.052839904308144, 37.416326680050418 ], [ -121.051312767883118, 37.417224995194843 ], [ -121.051312768253538, 37.417584321066343 ], [ -121.050683946852146, 37.417584321758646 ], [ -121.050414452627578, 37.417853815590775 ], [ -121.050414452901478, 37.418482636957677 ], [ -121.049605968318517, 37.418752131485427 ] ] ] } },
{ "type": "Feature", "properties": { "csb_id": "061825015456838", "acres": 7.92514083690999, "geoid": "06099" }, "geometry": { "type": "Polygon", "coordinates": [ [ [ -121.038736354834001, 37.413631735355814 ], [ -121.036939721599964, 37.412463924429069 ], [ -121.036760059163569, 37.411655440885752 ], [ -121.038107532609914, 37.411565608787186 ], [ -121.038107532063037, 37.411835103928361 ], [ -121.038736353678232, 37.411835104422686 ], [ -121.038826185390349, 37.412733418581233 ], [ -121.039634669403796, 37.412823250809204 ], [ -121.039634669383105, 37.413362239259691 ], [ -121.038736353905676, 37.413362239278698 ], [ -121.038736354834001, 37.413631735355814 ] ] ] } },
{ "type": "Feature", "properties": { "csb_id": "061825015456875", "acres": 14.6451195716231, "geoid": "06099" }, "geometry": { "type": "Polygon", "coordinates": [ [ [ -121.035682081318086, 37.415158870157434 ], [ -121.033885451930175, 37.415158870462911 ], [ -121.033885452141931, 37.414260555761132 ], [ -121.03325663052965, 37.414260555401228 ], [ -121.033256630953375, 37.413991060512608 ], [ -121.033705787655592, 37.413452071001778 ], [ -121.034154945362715, 37.41336223928635 ], [ -121.034154945150775, 37.412733419081491 ], [ -121.034334607332482, 37.412733419233298 ], [ -121.034514272580708, 37.412463924425531 ], [ -121.03505326155134, 37.412104597739578 ], [ -121.035861744956279, 37.412104598317825 ], [ -121.036400734602509, 37.41255375567723 ], [ -121.036310902623072, 37.413002913939785 ], [ -121.035861744519124, 37.413092745486857 ], [ -121.036131239731603, 37.413092745390635 ], [ -121.036400734184454, 37.413631733853521 ], [ -121.035861745060956, 37.413721565821767 ], [ -121.035861744344402, 37.413452070982423 ], [ -121.035502418623338, 37.41345207078718 ], [ -121.035682081318086, 37.415158870157434 ] ] ] } },
{ "type": "Feature", "properties": { "csb_id": "061825015457309", "acres": 23.2383148592255, "geoid": "06099" }, "geometry": { "type": "Polygon", "coordinates": [ [ [ -121.018254764884546, 37.409409652534379 ], [ -121.018254764364258, 37.409140157797083 ], [ -121.017356449633724, 37.408870663071063 ], [ -121.017086954360352, 37.408241841422686 ], [ -121.018254763660948, 37.408241842541294 ], [ -121.01915307949487, 37.406984201273197 ], [ -121.019153081013911, 37.406714707977706 ], [ -121.018524258491738, 37.406535042476541 ], [ -121.018524259654271, 37.405816392647907 ], [ -121.019602237666646, 37.405906223556528 ], [ -121.020500552633834, 37.405277403623991 ], [ -121.020500554181325, 37.405007907293268 ], [ -121.019871733635085, 37.40500790845082 ], [ -121.01987173415813, 37.404738412792909 ], [ -121.020500551163181, 37.404648582351314 ], [ -121.020949708646981, 37.404289256173847 ], [ -121.021309037760858, 37.404289256091253 ], [ -121.021398869123956, 37.405187570510812 ], [ -121.021668363672447, 37.405277402401154 ], [ -121.021668362052807, 37.405816391844397 ], [ -121.02139886739063, 37.405816391177595 ], [ -121.021398868142867, 37.406175717375156 ], [ -121.021668363662826, 37.406535043800126 ], [ -121.022207352224342, 37.406714706304136 ], [ -121.022207352965879, 37.406984201457533 ], [ -121.020949711716398, 37.40707403245144 ], [ -121.020051395444526, 37.407613021561339 ], [ -121.020051395827764, 37.408331673753295 ], [ -121.019871733184345, 37.40851133740582 ], [ -121.018973417744746, 37.409409652018788 ], [ -121.018254764884546, 37.409409652534379 ] ] ] } }
]
}
