{
"type": "FeatureCollection",
"name": "06095",
"crs": { "type": "name", "properties": { "name": "urn:ogc:def:crs:OGC:1.3:CRS84" } },
"features": [
{ "type": "Feature", "properties": { "csb_id": "061825005882649", "acres": 5.9903510794735499, "geoid": "06095" }, "geometry": { "type": "Polygon", "coordinates": [ [ [ -122.280296913527167, 38.088010205338968 ], [ -122.280207081487006, 38.088369531186757 ], [ -122.279668092734752, 38.08863902556444 ], [ -122.279308766936452, 38.088639025956113 ], [ -122.278679945914263, 38.088549194418796 ], [ -122.278051125622227, 38.088010204756898 ], [ -122.278051125110125, 38.087740711070396 ], [ -122.279308767080721, 38.087740710540224 ], [ -122.279578261253903, 38.087471216478555 ], [ -122.279578261451476, 38.0871118903232 ], [ -122.27894944038735, 38.087111890144101 ], [ -122.278949441018, 38.086842395453267 ], [ -122.279578260888883, 38.086842395388828 ], [ -122.280692031649792, 38.088069156864435 ], [ -122.280925733941586, 38.088549194490007 ], [ -122.280566408117508, 38.088549194032453 ], [ -122.280296913082779, 38.088279700106803 ], [ -122.280296913527167, 38.088010205338968 ] ] ] } },
{ "type": "Feature", "properties": { "csb_id": "061825005882650", "acres": 3.01524684519678, "geoid": "06095" }, "geometry": { "type": "Polygon", "coordinates": [ [ [ -122.272122244660551, 38.087740710825493 ], [ -122.272122244022455, 38.087471216364008 ], [ -122.271463244892416, 38.087365067801265 ], [ -122.271852749253242, 38.086842395465183 ], [ -122.273020558503802, 38.086842395651296 ], [ -122.273290054265431, 38.087111890100381 ], [ -122.273290054432536, 38.087381384689678 ], [ -122.272751065168109, 38.087740710226818 ], [ -122.272122244660551, 38.087740710825493 ] ] ] } },
{ "type": "Feature", "properties": { "csb_id": "061825012486587", "acres": 21.466331312239699, "geoid": "06095" }, "geometry": { "type": "Polygon", "coordinates": [ [ [ -121.943529547046836, 38.529136166039052 ], [ -121.942520609329691, 38.529265430782715 ], [ -121.942131367701862, 38.529115024669238 ], [ -121.941442630563571, 38.527738294879619 ], [ -121.94261044069215, 38.527738294333361 ], [ -121.942610440523907, 38.526839978993578 ], [ -121.943508755889738, 38.526300990621188 ], [ -121.943508756248889, 38.525941664558509 ], [ -121.944407070357954, 38.525941663929395 ], [ -121.944946059520632, 38.525672169356945 ], [ -121.944946060298193, 38.525402675876855 ], [ -121.945125721503089, 38.525402675356119 ], [ -121.946113782505066, 38.527127414756485 ], [ -121.944317239031292, 38.528367115284361 ], [ -121.943529547046836, 38.529136166039052 ] ] ] } },
{ "type": "Feature", "properties": { "csb_id": "061825012486600", "acres": 16.744833717346101, "geoid": "06095" }, "geometry": { "type": "Polygon", "coordinates": [ [ [ -121.861492570356077, 38.526750147818348 ], [ -121.860953580627253, 38.526750148226839 ], [ -121.860953580814964, 38.527378968366456 ], [ -121.860055266335422, 38.527378968882907 ], [ -121.860055265426084, 38.527109474499611 ], [ -121.860324760121642, 38.527109474094388 ], [ -121.860324760561724, 38.526480654056414 ], [ -121.860055265239907, 38.526300991734225 ], [ -121.859695939500838, 38.525582338187505 ], [ -121.859695939555309, 38.524684023263262 ], [ -121.862121390495005, 38.52504334888085 ], [ -121.862121390579105, 38.525312843218217 ], [ -121.863019705829259, 38.5253128433421 ], [ -121.863019706096068, 38.525043349144639 ], [ -121.863918021334044, 38.525043348501477 ], [ -121.863918021193413, 38.525402674691108 ], [ -121.863289200880274, 38.525402675366692 ], [ -121.863019705831476, 38.527109474048807 ], [ -121.862121391286635, 38.527109473665213 ], [ -121.861492570356077, 38.526750147818348 ] ] ] } },
{ "type": "Feature", "properties": { "csb_id": "061825012486606", "acres": 25.990777201072401, "geoid": "06095" }, "geometry": { "type": "Polygon", "coordinates": [ [ [ -121.779566216172853, 38.527648463591376 ], [ -121.779566216676002, 38.526570484826962 ], [ -121.777500091307971, 38.526570484963102 ], [ -121.776871270751201, 38.525582337796052 ], [ -121.776601775340637, 38.525582337817838 ], [ -121.776871270062074, 38.524953517170466 ], [ -121.77723059691678, 38.524773854535759 ], [ -121.776871270343307, 38.524773854032851 ], [ -121.776871270526868, 38.523785707999885 ], [ -121.777140765523299, 38.523785707913191 ], [ -121.777140765225326, 38.524055201877047 ], [ -121.778398405777565, 38.524055202061724 ], [ -121.778398405968701, 38.523875539068115 ], [ -121.780195036958233, 38.524414528652144 ], [ -121.780195037250465, 38.525402674940686 ], [ -121.781093351950801, 38.525672169909392 ], [ -121.781093352880845, 38.526570485095689 ], [ -121.781362846719659, 38.526839979170035 ], [ -121.78163234093698, 38.526839979253545 ], [ -121.781632341736966, 38.527109473754933 ], [ -121.78109335245324, 38.52719930540669 ], [ -121.78109335262711, 38.527738294793707 ], [ -121.779566216172853, 38.527648463591376 ] ] ] } },
{ "type": "Feature", "properties": { "csb_id": "061825012486649", "acres": 17.8725900994861, "geoid": "06095" }, "geometry": { "type": "Polygon", "coordinates": [ [ [ -121.781362846719659, 38.526839979170035 ], [ -121.781093352880845, 38.526570485095689 ], [ -121.781093351950801, 38.525672169909392 ], [ -121.780195037250465, 38.525402674940686 ], [ -121.780195036958233, 38.524414528652144 ], [ -121.778398405968701, 38.523875539068115 ], [ -121.778398406542067, 38.523336550089226 ], [ -121.778667900911529, 38.522887391954818 ], [ -121.779386552778902, 38.522887392568613 ], [ -121.780734025666447, 38.523695876429422 ], [ -121.782148521139533, 38.524078054528019 ], [ -121.782417841108213, 38.524345531248251 ], [ -121.782620488070989, 38.524953517131927 ], [ -121.782530656406777, 38.526211158596702 ], [ -121.781722172638041, 38.526570485270398 ], [ -121.78163234093698, 38.526839979253545 ], [ -121.781362846719659, 38.526839979170035 ] ] ] } },
{ "type": "Feature", "properties": { "csb_id": "061825012486676", "acres": 6.7453770388264704, "geoid": "06095" }, "geometry": { "type": "Polygon", "coordinates": [ [ [ -121.8953590563479, 38.524504359437017 ], [ -121.895359056220855, 38.523875538719906 ], [ -121.895898045882745, 38.523875539042429 ], [ -121.895898045386176, 38.523606044912604 ], [ -121.895628551173189, 38.523336550177461 ], [ -121.895628550962158, 38.522707728987193 ], [ -121.896616697758034, 38.522707729526402 ], [ -121.897588790625036, 38.524563004463005 ], [ -121.8953590563479, 38.524504359437017 ] ] ] } },
{ "type": "Feature", "properties": { "csb_id": "061825012486745", "acres": 37.492305505503197, "geoid": "06095" }, "geometry": { "type": "Polygon", "coordinates": [ [ [ -121.956085169762659, 38.523785707672566 ], [ -121.955725843231221, 38.523156887377695 ], [ -121.954558033476133, 38.521809413772274 ], [ -121.955097022310824, 38.521809413544133 ], [ -121.955097022537032, 38.521090762031413 ], [ -121.956624158318931, 38.521090761564857 ], [ -121.956624159133796, 38.520282277753601 ], [ -121.957881800387156, 38.520282277882004 ], [ -121.958151294580702, 38.51974328893062 ], [ -121.959498766237601, 38.519653457828042 ], [ -121.96030725155947, 38.520461940687149 ], [ -121.96030725187687, 38.520641604158001 ], [ -121.958241126690638, 38.521719582226446 ], [ -121.958330957128041, 38.521989076699441 ], [ -121.960486913935071, 38.520821267206145 ], [ -121.96138522957574, 38.52189924526445 ], [ -121.961355051632424, 38.522138562514392 ], [ -121.959858005996708, 38.522819974910284 ], [ -121.95662415878418, 38.523785707576216 ], [ -121.956085169762659, 38.523785707672566 ] ] ] } },
{ "type": "Feature", "properties": { "csb_id": "061825012487276", "acres": 3.04126580425091, "geoid": "06095" }, "geometry": { "type": "Polygon", "coordinates": [ [ [ -121.873440163278033, 38.498992206137352 ], [ -121.872272353805997, 38.498992205180919 ], [ -121.87227235353258, 38.498093890635978 ], [ -121.873170669239286, 38.49809389032476 ], [ -121.873170668951758, 38.497914227547717 ], [ -121.87379948911159, 38.498183721930076 ], [ -121.873799489939856, 38.498632880142395 ], [ -121.873440162184593, 38.498632879483424 ], [ -121.873440163278033, 38.498992206137352 ] ] ] } },
{ "type": "Feature", "properties": { "csb_id": "061825012488988", "acres": 3.2574845249520101, "geoid": "06095" }, "geometry": { "type": "Polygon", "coordinates": [ [ [ -122.037652197187967, 38.413203096387917 ], [ -122.037742028591737, 38.412304781045123 ], [ -122.038909838320734, 38.412214949044611 ], [ -122.039179333983711, 38.412574275554086 ], [ -122.039179332733482, 38.413203096015714 ], [ -122.037652197187967, 38.413203096387917 ] ] ] } },
{ "type": "Feature", "properties": { "csb_id": "061825012489983", "acres": 3.9270099231177298, "geoid": "06095" }, "geometry": { "type": "Polygon", "coordinates": [ [ [ -121.923116998593258, 38.364694071126074 ], [ -121.923116998760889, 38.364424575939623 ], [ -121.923745819827658, 38.364065249796951 ], [ -121.924733965897019, 38.364065250206501 ], [ -121.924733965709763, 38.365322891305759 ], [ -121.923745819527895, 38.365322890967775 ], [ -121.923745819121422, 38.36505339726601 ], [ -121.923116998593258, 38.364694071126074 ] ] ] } },
{ "type": "Feature", "properties": { "csb_id": "061825012490002", "acres": 4.1495415750241103, "geoid": "06095" }, "geometry": { "type": "Polygon", "coordinates": [ [ [ -121.923116998657605, 38.364065250325694 ], [ -121.923116998889569, 38.363166934309874 ], [ -121.924015313830921, 38.363166935046955 ], [ -121.924284808642199, 38.362897440141495 ], [ -121.924284808481644, 38.362627945933106 ], [ -121.924733966524443, 38.362627945265366 ], [ -121.924733965897019, 38.364065250206501 ], [ -121.923116998657605, 38.364065250325694 ] ] ] } },
{ "type": "Feature", "properties": { "csb_id": "061825012490016", "acres": 2.9084647035061399, "geoid": "06095" }, "geometry": { "type": "Polygon", "coordinates": [ [ [ -121.922847504035815, 38.362987271596104 ], [ -121.923206830488326, 38.362897439881493 ], [ -121.923116998320168, 38.362268619361487 ], [ -121.923386492508897, 38.361999124695039 ], [ -121.924015313419204, 38.361999124579292 ], [ -121.924015314013971, 38.362268619413257 ], [ -121.924284808223433, 38.362268619091694 ], [ -121.924284808642199, 38.362897440141495 ], [ -121.924015313830921, 38.363166935046955 ], [ -121.923116998889569, 38.363166934309874 ], [ -121.922847504035815, 38.362987271596104 ] ] ] } },
{ "type": "Feature", "properties": { "csb_id": "061825012490052", "acres": 5.2813877458049303, "geoid": "06095" }, "geometry": { "type": "Polygon", "coordinates": [ [ [ -121.923116998320168, 38.362268619361487 ], [ -121.923116998747403, 38.361819462184528 ], [ -121.922578009309319, 38.361819461761449 ], [ -121.922578009308026, 38.361100809696808 ], [ -121.923116999509844, 38.360831314552151 ], [ -121.924733966429542, 38.360831314857393 ], [ -121.924733965520034, 38.361729630747583 ], [ -121.924015314248322, 38.361729630361218 ], [ -121.924015313419204, 38.361999124579292 ], [ -121.923386492508897, 38.361999124695039 ], [ -121.923116998320168, 38.362268619361487 ] ] ] } },
{ "type": "Feature", "properties": { "csb_id": "061825012490255", "acres": 5.4468291117238099, "geoid": "06095" }, "geometry": { "type": "Polygon", "coordinates": [ [ [ -121.854665372910858, 38.348254901678338 ], [ -121.858528129234017, 38.348254900752451 ], [ -121.858528129911221, 38.348883721903654 ], [ -121.854934868434555, 38.348883722194813 ], [ -121.854934867245561, 38.348344732367998 ], [ -121.854665372910858, 38.348254901678338 ] ] ] } },
{ "type": "Feature", "properties": { "csb_id": "061825012490258", "acres": 24.621374162477998, "geoid": "06095" }, "geometry": { "type": "Polygon", "coordinates": [ [ [ -121.871374038627337, 38.350949846775201 ], [ -121.871643532824521, 38.350590521989446 ], [ -121.872272353340392, 38.350590521637905 ], [ -121.87227235337815, 38.349692205152699 ], [ -121.871733364422781, 38.349512542298605 ], [ -121.871104543264863, 38.348165069539284 ], [ -121.874787636425651, 38.34825490068657 ], [ -121.874787635596164, 38.351488836144732 ], [ -121.871374038042049, 38.351488836080946 ], [ -121.871374038627337, 38.350949846775201 ] ] ] } },
{ "type": "Feature", "properties": { "csb_id": "061825012490260", "acres": 6.6851408401128101, "geoid": "06095" }, "geometry": { "type": "Polygon", "coordinates": [ [ [ -121.85107211207432, 38.348883721752024 ], [ -121.8510721129323, 38.347985406295841 ], [ -121.854036552920917, 38.347895575373371 ], [ -121.854036552222695, 38.348614227701653 ], [ -121.853767057196237, 38.348883721942038 ], [ -121.85107211207432, 38.348883721752024 ] ] ] } },
{ "type": "Feature", "properties": { "csb_id": "061825012490293", "acres": 14.618780561243, "geoid": "06095" }, "geometry": { "type": "Polygon", "coordinates": [ [ [ -121.869218082158369, 38.347895575052085 ], [ -121.869307912847574, 38.34645827027645 ], [ -121.870206228715574, 38.346458270256846 ], [ -121.87020622849515, 38.346727765414251 ], [ -121.870745218007968, 38.346727764720583 ], [ -121.871643532817316, 38.346458270940566 ], [ -121.871643532733458, 38.34609894478465 ], [ -121.872002858766024, 38.346098944730201 ], [ -121.872002859185784, 38.346458270266666 ], [ -121.872272353794088, 38.346458270266652 ], [ -121.872272353791445, 38.346278608238514 ], [ -121.872901174782086, 38.346278608647452 ], [ -121.872901174465866, 38.346817597645696 ], [ -121.872631679831571, 38.34681759596527 ], [ -121.872631680107162, 38.347087091078912 ], [ -121.873799489354681, 38.347626080286226 ], [ -121.874068983619694, 38.347626080128613 ], [ -121.874068984350998, 38.346997259577982 ], [ -121.874428310280081, 38.346997259894835 ], [ -121.874428310515952, 38.347356585237961 ], [ -121.874697804412733, 38.34735658542165 ], [ -121.874697804430014, 38.34789557531429 ], [ -121.869218082158369, 38.347895575052085 ] ] ] } },
{ "type": "Feature", "properties": { "csb_id": "061825012490799", "acres": 4.1135487322516697, "geoid": "06095" }, "geometry": { "type": "Polygon", "coordinates": [ [ [ -122.129190524662917, 38.315107067481016 ], [ -122.129819345104565, 38.314747740909013 ], [ -122.130987155803027, 38.314568077761557 ], [ -122.130987155545228, 38.315735887321509 ], [ -122.12919052482556, 38.31564605648969 ], [ -122.129190524662917, 38.315107067481016 ] ] ] } },
{ "type": "Feature", "properties": { "csb_id": "061825012490821", "acres": 4.4716942418074597, "geoid": "06095" }, "geometry": { "type": "Polygon", "coordinates": [ [ [ -122.168357071532284, 38.313939257431606 ], [ -122.168716396923344, 38.313939257392668 ], [ -122.168985891756151, 38.314478246725471 ], [ -122.168716396995578, 38.314837572914627 ], [ -122.168626565774701, 38.315466393437333 ], [ -122.167818081436963, 38.315376561596139 ], [ -122.167818082332886, 38.315107067007979 ], [ -122.166560441094916, 38.315107067130903 ], [ -122.166560440673933, 38.314747740540142 ], [ -122.166919767006249, 38.31420875162366 ], [ -122.167189261773174, 38.314208751655507 ], [ -122.167818082117705, 38.31483757265844 ], [ -122.168087576172951, 38.314837572308114 ], [ -122.168357071160415, 38.314478246264905 ], [ -122.168357071532284, 38.313939257431606 ] ] ] } },
{ "type": "Feature", "properties": { "csb_id": "061825012490822", "acres": 4.4426407131985304, "geoid": "06095" }, "geometry": { "type": "Polygon", "coordinates": [ [ [ -122.164853642026429, 38.316005382275158 ], [ -122.164853641748849, 38.315735887546147 ], [ -122.163326505175007, 38.315466393221548 ], [ -122.163326505752238, 38.31501723559127 ], [ -122.163865494459102, 38.315017235600195 ], [ -122.163955325845507, 38.314208751884628 ], [ -122.164224821209473, 38.314118920046361 ], [ -122.165123136537972, 38.314837572592985 ], [ -122.165123135634033, 38.316005382037183 ], [ -122.164853642026429, 38.316005382275158 ] ] ] } },
{ "type": "Feature", "properties": { "csb_id": "061825012490874", "acres": 15.3905374193666, "geoid": "06095" }, "geometry": { "type": "Polygon", "coordinates": [ [ [ -122.125327769178227, 38.312591785283452 ], [ -122.125327769952293, 38.312322290394796 ], [ -122.125597263725496, 38.312322289423861 ], [ -122.125597263823934, 38.312052795389775 ], [ -122.125597263420872, 38.311154479910257 ], [ -122.125327769488493, 38.311154481850032 ], [ -122.125327769219396, 38.310256164233863 ], [ -122.125956590129277, 38.309986671982429 ], [ -122.126765073533761, 38.310076501124534 ], [ -122.127124400138371, 38.310345995749678 ], [ -122.12766338951495, 38.310884987065066 ], [ -122.128292208967409, 38.312142626289599 ], [ -122.1285617038928, 38.312322289790053 ], [ -122.128075877959688, 38.312734779749405 ], [ -122.12586675870746, 38.31277144710873 ], [ -122.125327769178227, 38.312591785283452 ] ] ] } },
{ "type": "Feature", "properties": { "csb_id": "061825012490877", "acres": 13.202865783643, "geoid": "06095" }, "geometry": { "type": "Polygon", "coordinates": [ [ [ -122.091820608710648, 38.312052795564192 ], [ -122.091820607990826, 38.311513806062791 ], [ -122.090652799716835, 38.310615490931959 ], [ -122.090652799534723, 38.309717174813279 ], [ -122.092988417663562, 38.309717175857614 ], [ -122.093886733864679, 38.312052795014559 ], [ -122.091820608710648, 38.312052795564192 ] ] ] } },
{ "type": "Feature", "properties": { "csb_id": "061825012490883", "acres": 7.8916109538171604, "geoid": "06095" }, "geometry": { "type": "Polygon", "coordinates": [ [ [ -122.124698948068627, 38.309627343698402 ], [ -122.125058274815657, 38.309717175467213 ], [ -122.125058274292172, 38.309627344065824 ], [ -122.124698948068627, 38.309627343698402 ], [ -122.124698948759928, 38.309178186442708 ], [ -122.124968442733802, 38.309178186145175 ], [ -122.124968442758316, 38.308459534173309 ], [ -122.12559726363628, 38.308459533817206 ], [ -122.125597263851219, 38.308729028764212 ], [ -122.126226084643463, 38.308729028495314 ], [ -122.12622608376293, 38.309447680544316 ], [ -122.125956590082225, 38.309447680537417 ], [ -122.125866757967458, 38.309627343442777 ], [ -122.125956590129277, 38.309986671982429 ], [ -122.125327769219396, 38.310256164233863 ], [ -122.125327769488493, 38.311154481850032 ], [ -122.125597263420872, 38.311154479910257 ], [ -122.125597263725496, 38.312322289423861 ], [ -122.125148105803277, 38.312322289525085 ], [ -122.124878610901561, 38.311423974265921 ], [ -122.125058274035567, 38.310345996232591 ], [ -122.124339622118626, 38.31007650161704 ], [ -122.124159959399606, 38.309447680334124 ], [ -122.124698948068627, 38.309627343698402 ] ] ] } },
{ "type": "Feature", "properties": { "csb_id": "061825012490899", "acres": 5.8015326157332199, "geoid": "06095" }, "geometry": { "type": "Polygon", "coordinates": [ [ [ -122.087688359211796, 38.30899852309458 ], [ -122.089538151497521, 38.309214855309008 ], [ -122.089754483450349, 38.309357848940216 ], [ -122.089754484068621, 38.309986670313542 ], [ -122.086700211487823, 38.309986670333309 ], [ -122.086790043556391, 38.309717175445392 ], [ -122.087329032922142, 38.309447680984754 ], [ -122.087688359211796, 38.30899852309458 ] ] ] } },
{ "type": "Feature", "properties": { "csb_id": "061825012490930", "acres": 12.0409243523995, "geoid": "06095" }, "geometry": { "type": "Polygon", "coordinates": [ [ [ -122.084903581845083, 38.308190039520923 ], [ -122.084903581168007, 38.308459533659807 ], [ -122.08526290682444, 38.308729028519842 ], [ -122.08553240256451, 38.3087290286228 ], [ -122.08553240263744, 38.30819003962376 ], [ -122.085262907920821, 38.307920544518979 ], [ -122.084993412925044, 38.307920544309098 ], [ -122.084903581845083, 38.308190039520923 ], [ -122.084903581798372, 38.307830713584764 ], [ -122.085801895922003, 38.307291723822992 ], [ -122.085801896949349, 38.307022229799507 ], [ -122.086430717711906, 38.307022229627449 ], [ -122.086790043880725, 38.307561218844164 ], [ -122.087329032758888, 38.307830712893463 ], [ -122.087329032934278, 38.308190039530395 ], [ -122.088496843032857, 38.308190039672539 ], [ -122.088496841901645, 38.30783071292695 ], [ -122.089754484112035, 38.307920544792012 ], [ -122.089754483942144, 38.308459534075958 ], [ -122.090023978489, 38.308459533649142 ], [ -122.090023978993869, 38.30872902883528 ], [ -122.089484989179027, 38.308818860136796 ], [ -122.089125662534514, 38.308459533875819 ], [ -122.088227347659569, 38.308459533793645 ], [ -122.087904691399615, 38.308782190812238 ], [ -122.087059538115085, 38.308729028528873 ], [ -122.087059537607388, 38.308190039070844 ], [ -122.086430717701646, 38.308279870597417 ], [ -122.085532401449058, 38.309357849016266 ], [ -122.085262907272011, 38.309986669551016 ], [ -122.084993413412093, 38.309986670224689 ], [ -122.084634086640335, 38.309088354324125 ], [ -122.084634086173281, 38.308190039382374 ], [ -122.084903581845083, 38.308190039520923 ] ], [ [ -122.086161222437227, 38.308459533576674 ], [ -122.086161223257307, 38.308190039329283 ], [ -122.085801896399587, 38.308190039136136 ], [ -122.085801896796454, 38.308459533758658 ], [ -122.086161222437227, 38.308459533576674 ] ] ] } },
{ "type": "Feature", "properties": { "csb_id": "061825012490933", "acres": 13.2611902264391, "geoid": "06095" }, "geometry": { "type": "Polygon", "coordinates": [ [ [ -122.09029347249259, 38.309447680466199 ], [ -122.090293473348851, 38.308459533490513 ], [ -122.090652799239038, 38.308459534033432 ], [ -122.090652799093036, 38.307291723835206 ], [ -122.090922293785667, 38.307022229074235 ], [ -122.092963504389274, 38.307263476690949 ], [ -122.092718923779842, 38.307830713414276 ], [ -122.092718924818655, 38.308729028454934 ], [ -122.092898587851693, 38.308729028682627 ], [ -122.09298841833197, 38.309447680843995 ], [ -122.09029347249259, 38.309447680466199 ] ] ] } },
{ "type": "Feature", "properties": { "csb_id": "061825012490939", "acres": 4.2816169812513696, "geoid": "06095" }, "geometry": { "type": "Polygon", "coordinates": [ [ [ -122.120207372172089, 38.306932397917123 ], [ -122.120327381568231, 38.306154091629082 ], [ -122.123441307508045, 38.306034082713182 ], [ -122.123441306761904, 38.306393409137755 ], [ -122.12173450815412, 38.306393408921181 ], [ -122.121734507462463, 38.307022229144962 ], [ -122.120207372172089, 38.306932397917123 ] ] ] } },
{ "type": "Feature", "properties": { "csb_id": "061825012490950", "acres": 33.3014995124203, "geoid": "06095" }, "geometry": { "type": "Polygon", "coordinates": [ [ [ -122.088496841901645, 38.30783071292695 ], [ -122.088496842555699, 38.307561218694495 ], [ -122.088227347736378, 38.307381555510716 ], [ -122.086700212499593, 38.306932398216297 ], [ -122.086700212140116, 38.306662902844828 ], [ -122.086161222851217, 38.30702222988414 ], [ -122.085801896949349, 38.307022229799507 ], [ -122.085801895922003, 38.307291723822992 ], [ -122.084903581798372, 38.307830713584764 ], [ -122.084903581845083, 38.308190039520923 ], [ -122.083466276368114, 38.308190039569496 ], [ -122.082567961838734, 38.307651049744521 ], [ -122.08166964652554, 38.307561218332239 ], [ -122.081669645907013, 38.307291724263159 ], [ -122.081939140537159, 38.307291723919498 ], [ -122.081939141022971, 38.306662902869185 ], [ -122.082567962043427, 38.305764587956816 ], [ -122.082567961194087, 38.30522559916708 ], [ -122.090023978748945, 38.306662903432745 ], [ -122.090652798666468, 38.306932398329543 ], [ -122.090652799093036, 38.307291723835206 ], [ -122.090023978826238, 38.307291723668378 ], [ -122.089754484120931, 38.307561218307271 ], [ -122.089754484112035, 38.307920544792012 ], [ -122.088496841901645, 38.30783071292695 ] ] ] } },
{ "type": "Feature", "properties": { "csb_id": "061825012490953", "acres": 5.0918067525027402, "geoid": "06095" }, "geometry": { "type": "Polygon", "coordinates": [ [ [ -122.123351475680963, 38.305764587926141 ], [ -122.120476866903701, 38.305854419524138 ], [ -122.12020737183704, 38.305495093757969 ], [ -122.120207372368952, 38.305225599201208 ], [ -122.123171812455226, 38.305135767444902 ], [ -122.123351475680963, 38.305764587926141 ] ] ] } },
{ "type": "Feature", "properties": { "csb_id": "061825012490955", "acres": 19.679642071870099, "geoid": "06095" }, "geometry": { "type": "Polygon", "coordinates": [ [ [ -122.103768202780316, 38.309088354503565 ], [ -122.103768202472224, 38.306932397904042 ], [ -122.10403769681615, 38.306932398032409 ], [ -122.104037695551753, 38.306393409364283 ], [ -122.103768201761341, 38.306393408619115 ], [ -122.103768202465716, 38.305764587586175 ], [ -122.104037697282237, 38.305764587605282 ], [ -122.104037697205641, 38.30549509313424 ], [ -122.104397023697118, 38.304866273561821 ], [ -122.105564832503958, 38.304866272796318 ], [ -122.105564833382957, 38.304057789133587 ], [ -122.107002137621265, 38.303967957381282 ], [ -122.107002137948967, 38.30423745233675 ], [ -122.106732642584348, 38.304237451811851 ], [ -122.106732643386593, 38.30576458913152 ], [ -122.106463147945917, 38.305854419880049 ], [ -122.105564833233075, 38.306932398026049 ], [ -122.104936012034997, 38.307381555760543 ], [ -122.104936012143298, 38.309088354744432 ], [ -122.103768202780316, 38.309088354503565 ] ], [ [ -122.106193653710577, 38.306034082626773 ], [ -122.106193653432769, 38.305495093977676 ], [ -122.10556483259586, 38.305495093330897 ], [ -122.10556483332978, 38.306034082729369 ], [ -122.106193653710577, 38.306034082626773 ] ], [ [ -122.106463148567045, 38.30522559938187 ], [ -122.106193653409179, 38.305135767549153 ], [ -122.106193653849445, 38.305225599525848 ], [ -122.106463148567045, 38.30522559938187 ] ], [ [ -122.106193653952957, 38.304956104211136 ], [ -122.105834327812218, 38.30486627268769 ], [ -122.105834327812957, 38.304956104665756 ], [ -122.106193653952957, 38.304956104211136 ] ] ] } },
{ "type": "Feature", "properties": { "csb_id": "061825012490959", "acres": 26.726632192158899, "geoid": "06095" }, "geometry": { "type": "Polygon", "coordinates": [ [ [ -122.123800633284745, 38.308729028044951 ], [ -122.123800633510484, 38.307291724343429 ], [ -122.125058275126108, 38.307291724322589 ], [ -122.125058274666756, 38.307022229837983 ], [ -122.123800633609676, 38.306932397695142 ], [ -122.123800633522009, 38.30549509298762 ], [ -122.124070127940939, 38.305495093469922 ], [ -122.124070128146073, 38.305135767401154 ], [ -122.123800633332294, 38.304866272753117 ], [ -122.12353113820086, 38.304866273265318 ], [ -122.123531138274132, 38.304596777994604 ], [ -122.124968443548894, 38.304596778250087 ], [ -122.124968442567479, 38.304866273014404 ], [ -122.127393894391147, 38.304866272580867 ], [ -122.127663388883278, 38.304686609469144 ], [ -122.127753220005033, 38.305135767099507 ], [ -122.126765073936056, 38.305135767108666 ], [ -122.126765073753973, 38.30549509326552 ], [ -122.127393894403795, 38.306034082311989 ], [ -122.127393894809728, 38.306483240220459 ], [ -122.12685490495916, 38.306483240749628 ], [ -122.125956590205945, 38.307381555561818 ], [ -122.125956590355273, 38.308549365675312 ], [ -122.126226084643463, 38.308729028495314 ], [ -122.125597263851219, 38.308729028764212 ], [ -122.12559726363628, 38.308459533817206 ], [ -122.124968442758316, 38.308459534173309 ], [ -122.124968442733802, 38.309178186145175 ], [ -122.124429453920584, 38.309088354987757 ], [ -122.124429454294727, 38.309357848956402 ], [ -122.124070127794226, 38.309357848953304 ], [ -122.123800633284745, 38.308729028044951 ] ], [ [ -122.124698948969879, 38.308549365503779 ], [ -122.124429453656731, 38.308549365078633 ], [ -122.124429453478768, 38.30872902875042 ], [ -122.124698948026676, 38.308729028559114 ], [ -122.124698948969879, 38.308549365503779 ] ] ] } },
{ "type": "Feature", "properties": { "csb_id": "061825012490960", "acres": 3.0410092111459002, "geoid": "06095" }, "geometry": { "type": "Polygon", "coordinates": [ [ [ -122.118680236371276, 38.304866272819289 ], [ -122.118680236324707, 38.304596777746006 ], [ -122.119039561699267, 38.304327284022307 ], [ -122.119309056164013, 38.304327283798145 ], [ -122.119309057093574, 38.304596778259032 ], [ -122.121734508386524, 38.304417115078202 ], [ -122.121734507798891, 38.30486627311673 ], [ -122.118680236371276, 38.304866272819289 ] ] ] } },
{ "type": "Feature", "properties": { "csb_id": "061825012490961", "acres": 5.0337333200231402, "geoid": "06095" }, "geometry": { "type": "Polygon", "coordinates": [ [ [ -122.100174941556276, 38.305495093461893 ], [ -122.100174941768159, 38.304596778519247 ], [ -122.102241066767036, 38.304596778280526 ], [ -122.102241066279674, 38.305764588130721 ], [ -122.101342750732613, 38.305764588292647 ], [ -122.101342750716242, 38.305495093181285 ], [ -122.100174941556276, 38.305495093461893 ] ] ] } },
{ "type": "Feature", "properties": { "csb_id": "061825012490968", "acres": 13.6103751791295, "geoid": "06095" }, "geometry": { "type": "Polygon", "coordinates": [ [ [ -122.100444436017014, 38.306662903753654 ], [ -122.100174941168561, 38.306123914224301 ], [ -122.100174940620974, 38.305764587847385 ], [ -122.099905446101971, 38.305495093673919 ], [ -122.099546120253791, 38.305495093654699 ], [ -122.099276626022856, 38.305854419620779 ], [ -122.099276625964023, 38.306393408400226 ], [ -122.098647804717586, 38.30639340880083 ], [ -122.097749489668161, 38.305495093859228 ], [ -122.097749490367207, 38.304866272893548 ], [ -122.098378309023971, 38.304866272949553 ], [ -122.098378310369867, 38.304596778042416 ], [ -122.09864780486609, 38.304237452059574 ], [ -122.100444436019785, 38.304237452299624 ], [ -122.100444435350425, 38.304596778333405 ], [ -122.100174941768159, 38.304596778519247 ], [ -122.100174941556276, 38.305495093461893 ], [ -122.101342750716242, 38.305495093181285 ], [ -122.101342750732613, 38.305764588292647 ], [ -122.101971571638316, 38.305854419715317 ], [ -122.101971571392824, 38.306034082583565 ], [ -122.101432582633805, 38.306393408450539 ], [ -122.101702076678436, 38.306662903158525 ], [ -122.101702076589049, 38.306932397635109 ], [ -122.100803761485707, 38.306932398067914 ], [ -122.100444436017014, 38.306662903753654 ] ] ] } },
{ "type": "Feature", "properties": { "csb_id": "061825012490976", "acres": 4.2594199422131904, "geoid": "06095" }, "geometry": { "type": "Polygon", "coordinates": [ [ [ -122.122004002960125, 38.304147620517384 ], [ -122.122004002212975, 38.303698463318739 ], [ -122.122273496563608, 38.303698462608615 ], [ -122.12227349771149, 38.303069643012996 ], [ -122.122004002314753, 38.302440821880559 ], [ -122.122902318170787, 38.302530653198232 ], [ -122.123261644528469, 38.303069642284363 ], [ -122.123261644097497, 38.304147620751557 ], [ -122.122004002960125, 38.304147620517384 ] ] ] } },
{ "type": "Feature", "properties": { "csb_id": "061825012490978", "acres": 35.341283234120603, "geoid": "06095" }, "geometry": { "type": "Polygon", "coordinates": [ [ [ -122.090922293470641, 38.306573071546076 ], [ -122.083455487066956, 38.305030408613298 ], [ -122.08193914063537, 38.304956104191788 ], [ -122.08193914081896, 38.304596778514416 ], [ -122.082567961896771, 38.304327283710421 ], [ -122.082837456336804, 38.303967957100021 ], [ -122.083735771134414, 38.303608631092956 ], [ -122.089791854765835, 38.304710208495869 ], [ -122.090932075078854, 38.305035759834141 ], [ -122.09117937489215, 38.305344643175289 ], [ -122.093257913375737, 38.305584924908757 ], [ -122.093257913696277, 38.305854419981607 ], [ -122.092718923813962, 38.305854419287542 ], [ -122.091820609142999, 38.306393408807736 ], [ -122.090922293470641, 38.306573071546076 ] ] ] } },
{ "type": "Feature", "properties": { "csb_id": "061825012490980", "acres": 17.850610592871401, "geoid": "06095" }, "geometry": { "type": "Polygon", "coordinates": [ [ [ -122.111853039918415, 38.30558492516608 ], [ -122.111853039885261, 38.305135767472059 ], [ -122.111224219082985, 38.305135767692583 ], [ -122.111224219616915, 38.305495093809526 ], [ -122.110325903922828, 38.305135767402497 ], [ -122.108529273826107, 38.305135767479364 ], [ -122.107361463026834, 38.304866272789944 ], [ -122.107091968334032, 38.303339136910203 ], [ -122.11190374514112, 38.303917252149368 ], [ -122.112212366188032, 38.305135767198152 ], [ -122.112122534470316, 38.305584924992843 ], [ -122.111853039918415, 38.30558492516608 ] ] ] } },
{ "type": "Feature", "properties": { "csb_id": "061825012490982", "acres": 5.5046811535917097, "geoid": "06095" }, "geometry": { "type": "Polygon", "coordinates": [ [ [ -122.113110680922077, 38.305584925227372 ], [ -122.113110680922375, 38.304956104506459 ], [ -122.112365315953753, 38.304862763864811 ], [ -122.112169116529401, 38.304175693182579 ], [ -122.112122534639525, 38.303698462692843 ], [ -122.112481860405481, 38.303698462997296 ], [ -122.112481861011702, 38.303339137107983 ], [ -122.113380176045041, 38.303428968497229 ], [ -122.113649669933096, 38.303967957603483 ], [ -122.113649670757781, 38.305225599071356 ], [ -122.113380176271477, 38.30522559915655 ], [ -122.113380175302524, 38.3055849251162 ], [ -122.113110680922077, 38.305584925227372 ] ] ] } },
{ "type": "Feature", "properties": { "csb_id": "061825012490984", "acres": 11.200318413522799, "geoid": "06095" }, "geometry": { "type": "Polygon", "coordinates": [ [ [ -122.122004002960125, 38.304147620517384 ], [ -122.119578551245866, 38.304057788892749 ], [ -122.119578550748656, 38.303698463101618 ], [ -122.118410741618746, 38.303698462953307 ], [ -122.118410741449978, 38.303428968103951 ], [ -122.11930905734846, 38.303428968582764 ], [ -122.119309056745351, 38.303069642161951 ], [ -122.119578551666336, 38.303069642096062 ], [ -122.119578551472912, 38.302440821309574 ], [ -122.122004002749037, 38.302530653451065 ], [ -122.12227349771149, 38.303069643012996 ], [ -122.122273496563608, 38.303698462608615 ], [ -122.122004002212975, 38.303698463318739 ], [ -122.122004002960125, 38.304147620517384 ] ] ] } },
{ "type": "Feature", "properties": { "csb_id": "061825012490986", "acres": 9.90272695991926, "geoid": "06095" }, "geometry": { "type": "Polygon", "coordinates": [ [ [ -122.117392417272697, 38.304925926453912 ], [ -122.116344616092462, 38.305135767007258 ], [ -122.116344616585238, 38.304237452470097 ], [ -122.116614110168285, 38.303339136588924 ], [ -122.117242931304375, 38.302889979372367 ], [ -122.118141246525397, 38.302800148117171 ], [ -122.11814124734552, 38.302530653253662 ], [ -122.118410740774038, 38.302440821226142 ], [ -122.119578551472912, 38.302440821309574 ], [ -122.119578551666336, 38.303069642096062 ], [ -122.119309056745351, 38.303069642161951 ], [ -122.11930905734846, 38.303428968582764 ], [ -122.118141247261505, 38.303428967944441 ], [ -122.117602258137651, 38.303698463036852 ], [ -122.117602257561998, 38.303967957397745 ], [ -122.118410741787528, 38.303967957798463 ], [ -122.118410740846002, 38.304147620328933 ], [ -122.117512425655335, 38.304237451873547 ], [ -122.117392417272697, 38.304925926453912 ] ] ] } },
{ "type": "Feature", "properties": { "csb_id": "061825012490987", "acres": 14.985392765224701, "geoid": "06095" }, "geometry": { "type": "Polygon", "coordinates": [ [ [ -122.105564832697411, 38.303069641942564 ], [ -122.105295338565497, 38.303159473557315 ], [ -122.105564832368543, 38.303159473929952 ], [ -122.105564832697411, 38.303069641942564 ], [ -122.106463148351708, 38.303428968502892 ], [ -122.106463148384989, 38.303967957700323 ], [ -122.105564833382957, 38.304057789133587 ], [ -122.105564832503958, 38.304866272796318 ], [ -122.104037697026897, 38.304866272685544 ], [ -122.103768203085494, 38.30459677890736 ], [ -122.10376820267868, 38.303967958051288 ], [ -122.103139381913664, 38.303339137307837 ], [ -122.102600392302065, 38.30333913661336 ], [ -122.102600392978431, 38.303698463742947 ], [ -122.10224106692047, 38.303698463362295 ], [ -122.102241066426842, 38.303069642559031 ], [ -122.103498707629882, 38.303069642514082 ], [ -122.103498706995069, 38.3024408212274 ], [ -122.104666517550072, 38.302440821139839 ], [ -122.105295338485547, 38.302171327899302 ], [ -122.10556483315564, 38.301722169537534 ], [ -122.106193653882073, 38.301722169661019 ], [ -122.106373316871668, 38.302440822109993 ], [ -122.10583432741889, 38.30253065322497 ], [ -122.105564832697411, 38.303069641942564 ] ], [ [ -122.104666517099275, 38.303967957876736 ], [ -122.105295338366446, 38.303967957394867 ], [ -122.105295338046517, 38.303339136430019 ], [ -122.104666517092383, 38.303339136162414 ], [ -122.104666517099275, 38.303967957876736 ] ], [ [ -122.104936012708421, 38.304596778367966 ], [ -122.105295338686389, 38.304596778336773 ], [ -122.10529533875274, 38.304327283738289 ], [ -122.10493601187099, 38.304327284253496 ], [ -122.104936012708421, 38.304596778367966 ] ] ] } },
{ "type": "Feature", "properties": { "csb_id": "061825012490989", "acres": 21.0358440927704, "geoid": "06095" }, "geometry": { "type": "Polygon", "coordinates": [ [ [ -122.124968442567479, 38.304866273014404 ], [ -122.124968443548894, 38.304596778250087 ], [ -122.123531138274132, 38.304596777994604 ], [ -122.123324587053986, 38.302388712436269 ], [ -122.12577692715935, 38.302440821118459 ], [ -122.126765073452844, 38.302800147270325 ], [ -122.127124400014452, 38.303159473772588 ], [ -122.127663388883278, 38.304686609469144 ], [ -122.127393894391147, 38.304866272580867 ], [ -122.124968442567479, 38.304866273014404 ] ] ] } },
{ "type": "Feature", "properties": { "csb_id": "061825012490994", "acres": 43.4366227765574, "geoid": "06095" }, "geometry": { "type": "Polygon", "coordinates": [ [ [ -122.093257913368149, 38.305315430690484 ], [ -122.09130482351307, 38.305073744920968 ], [ -122.090986071505228, 38.30474196592553 ], [ -122.089890108564077, 38.30446115374685 ], [ -122.084051059366686, 38.303383174916817 ], [ -122.084005266783223, 38.302889980297159 ], [ -122.08490358083607, 38.30217132684475 ], [ -122.08490358076601, 38.301632337750441 ], [ -122.085262906794341, 38.301632337474295 ], [ -122.085262907748685, 38.301901832573883 ], [ -122.086161223079017, 38.301901832121395 ], [ -122.08616122257196, 38.302171327325226 ], [ -122.087059537832928, 38.302171327530786 ], [ -122.087059538086791, 38.302440822355244 ], [ -122.088496842165029, 38.302440821934304 ], [ -122.088496842983162, 38.302800147932707 ], [ -122.089754483417224, 38.302800147657322 ], [ -122.089754483731411, 38.303069641830476 ], [ -122.09182060894328, 38.303069642289238 ], [ -122.091820608867835, 38.302440821332226 ], [ -122.092718924527347, 38.302440821607171 ], [ -122.092718923962181, 38.302171326964718 ], [ -122.093257912826203, 38.302171326630926 ], [ -122.093257913156805, 38.302800147440465 ], [ -122.093886734531182, 38.302800147483921 ], [ -122.093886734561934, 38.30396795807988 ], [ -122.094156228909469, 38.30405778875577 ], [ -122.093257913368149, 38.305315430690484 ] ], [ [ -122.092988417467268, 38.304686609600481 ], [ -122.093257913035004, 38.304596778562491 ], [ -122.092988418905591, 38.304596777948333 ], [ -122.092988417467268, 38.304686609600481 ] ] ] } },
{ "type": "Feature", "properties": { "csb_id": "061825012490998", "acres": 6.1471965806512801, "geoid": "06095" }, "geometry": { "type": "Polygon", "coordinates": [ [ [ -122.102869887356718, 38.303069641755563 ], [ -122.102869885438906, 38.302440821920811 ], [ -122.102600392146755, 38.302171327348468 ], [ -122.102600392713001, 38.301632337649387 ], [ -122.105564832373403, 38.301632337784589 ], [ -122.105564833295887, 38.301901832425365 ], [ -122.105295338485547, 38.302171327899302 ], [ -122.104666517550072, 38.302440821139839 ], [ -122.103498706995069, 38.3024408212274 ], [ -122.103498707629882, 38.303069642514082 ], [ -122.102869887356718, 38.303069641755563 ] ] ] } },
{ "type": "Feature", "properties": { "csb_id": "061825012490999", "acres": 38.302161202599997, "geoid": "06095" }, "geometry": { "type": "Polygon", "coordinates": [ [ [ -122.104037697205641, 38.30549509313424 ], [ -122.102241066279674, 38.305764588130721 ], [ -122.102241066767036, 38.304596778280526 ], [ -122.100444435350425, 38.304596778333405 ], [ -122.100444436019785, 38.304237452299624 ], [ -122.09864780486609, 38.304237452059574 ], [ -122.098378310369867, 38.304596778042416 ], [ -122.098378309023971, 38.304866272949553 ], [ -122.097210500850082, 38.304866272993856 ], [ -122.097210500294992, 38.304237452356205 ], [ -122.096581680343292, 38.303967957374866 ], [ -122.096671511240402, 38.303159474224181 ], [ -122.096851174234232, 38.30288997878705 ], [ -122.09747999556231, 38.30280014755332 ], [ -122.099905446484755, 38.302800147206533 ], [ -122.099905446957536, 38.302171326806899 ], [ -122.100174941155373, 38.30217132699341 ], [ -122.100174940979528, 38.301901832793725 ], [ -122.100803761315618, 38.301901832165605 ], [ -122.10080376216581, 38.301632337235766 ], [ -122.102600392713001, 38.301632337649387 ], [ -122.102600392146755, 38.302171327348468 ], [ -122.102869885438906, 38.302440821920811 ], [ -122.102869887356718, 38.303069641755563 ], [ -122.102241066426842, 38.303069642559031 ], [ -122.10224106692047, 38.303698463362295 ], [ -122.102600392978431, 38.303698463742947 ], [ -122.102600392302065, 38.30333913661336 ], [ -122.103139381913664, 38.303339137307837 ], [ -122.10376820267868, 38.303967958051288 ], [ -122.103768203085494, 38.30459677890736 ], [ -122.104037697026897, 38.304866272685544 ], [ -122.104397021939818, 38.304956105539887 ], [ -122.104037697205641, 38.30549509313424 ] ] ] } },
{ "type": "Feature", "properties": { "csb_id": "061825012491000", "acres": 7.1697183246746103, "geoid": "06095" }, "geometry": { "type": "Polygon", "coordinates": [ [ [ -122.099905446484755, 38.302800147206533 ], [ -122.096851174234232, 38.30288997878705 ], [ -122.096851173782355, 38.302171327271104 ], [ -122.097210499423753, 38.301991663935297 ], [ -122.098108814473122, 38.301991664555096 ], [ -122.09815868750924, 38.301502941779269 ], [ -122.099143017448327, 38.301681376826139 ], [ -122.099546120465106, 38.30154250618439 ], [ -122.099546119451205, 38.302171326982041 ], [ -122.099905446957536, 38.302171326806899 ], [ -122.099905446484755, 38.302800147206533 ] ] ] } },
{ "type": "Feature", "properties": { "csb_id": "061825012491012", "acres": 9.6226654636928206, "geoid": "06095" }, "geometry": { "type": "Polygon", "coordinates": [ [ [ -122.085532400007651, 38.301273012196191 ], [ -122.086790042670444, 38.299835706939042 ], [ -122.087059536999746, 38.299835707095887 ], [ -122.087059539475874, 38.300105201473762 ], [ -122.087329032571716, 38.300105201523586 ], [ -122.087329030299472, 38.300644191342457 ], [ -122.087957852845562, 38.301901832114467 ], [ -122.088496842506075, 38.302171326759314 ], [ -122.088496842165029, 38.302440821934304 ], [ -122.087059538086791, 38.302440822355244 ], [ -122.087059537832928, 38.302171327530786 ], [ -122.08616122257196, 38.302171327325226 ], [ -122.086161223079017, 38.301901832121395 ], [ -122.085532402225851, 38.301901832134206 ], [ -122.085532400007651, 38.301273012196191 ] ] ] } },
{ "type": "Feature", "properties": { "csb_id": "061825012491016", "acres": 7.5947355521675597, "geoid": "06095" }, "geometry": { "type": "Polygon", "coordinates": [ [ [ -122.112481860405481, 38.303698462997296 ], [ -122.110325903823039, 38.303428969481374 ], [ -122.11068522965941, 38.303339136819822 ], [ -122.110685230347727, 38.302171327178485 ], [ -122.110954724596198, 38.302171326901934 ], [ -122.110954725135826, 38.301542506252403 ], [ -122.11068522954821, 38.301542506396409 ], [ -122.110685230355713, 38.300734022364594 ], [ -122.110954724401097, 38.300734022837204 ], [ -122.111583545681157, 38.301632337998875 ], [ -122.112122533812453, 38.302800147569528 ], [ -122.112481861052231, 38.302800147522284 ], [ -122.112751355385058, 38.303069642506266 ], [ -122.112751354929344, 38.303339136680343 ], [ -122.112481861011702, 38.303339137107983 ], [ -122.112481860405481, 38.303698462997296 ] ] ] } },
{ "type": "Feature", "properties": { "csb_id": "061825012491017", "acres": 20.924120310309501, "geoid": "06095" }, "geometry": { "type": "Polygon", "coordinates": [ [ [ -122.110325903823039, 38.303428969481374 ], [ -122.107091969101006, 38.303069642557368 ], [ -122.106732642083685, 38.302800147447108 ], [ -122.106732643058024, 38.302530653327857 ], [ -122.106822474571672, 38.302261158263512 ], [ -122.107361463515019, 38.30217132686743 ], [ -122.10763095793132, 38.301542506528769 ], [ -122.108259778341989, 38.301542506016375 ], [ -122.108259779093231, 38.300644190531749 ], [ -122.108619104875373, 38.300644190522576 ], [ -122.108978430997567, 38.300374696433941 ], [ -122.109427588905589, 38.300374695906896 ], [ -122.110056409539908, 38.300644190774165 ], [ -122.110685229492589, 38.300644191113705 ], [ -122.11068522954821, 38.301542506396409 ], [ -122.110954725135826, 38.301542506252403 ], [ -122.110954724596198, 38.302171326901934 ], [ -122.110685230347727, 38.302171327178485 ], [ -122.11068522965941, 38.303339136819822 ], [ -122.110325903823039, 38.303428969481374 ] ] ] } },
{ "type": "Feature", "properties": { "csb_id": "061825012491019", "acres": 20.881892974126401, "geoid": "06095" }, "geometry": { "type": "Polygon", "coordinates": [ [ [ -122.096312185428872, 38.30369846247175 ], [ -122.095054543931468, 38.303518799880749 ], [ -122.09415622891936, 38.303967957100269 ], [ -122.094156228150922, 38.303698463231783 ], [ -122.093886734156385, 38.303698462493827 ], [ -122.093886734531182, 38.302800147483921 ], [ -122.093257913156805, 38.302800147440465 ], [ -122.093257912826203, 38.302171326630926 ], [ -122.093796902068064, 38.301901832855954 ], [ -122.094156228176999, 38.301901832814025 ], [ -122.094319442676564, 38.30116668736293 ], [ -122.094695217319341, 38.300464527824978 ], [ -122.096581679811436, 38.300464528043378 ], [ -122.096851175148032, 38.300644191265832 ], [ -122.096402016839036, 38.303428967940931 ], [ -122.096312185428872, 38.30369846247175 ] ] ] } },
{ "type": "Feature", "properties": { "csb_id": "061825012491020", "acres": 6.7378128753370898, "geoid": "06095" }, "geometry": { "type": "Polygon", "coordinates": [ [ [ -122.106732643382799, 38.302440821953823 ], [ -122.106463147597452, 38.301901832186211 ], [ -122.106373316735841, 38.300464528038056 ], [ -122.106732642620202, 38.300374697379006 ], [ -122.108259779287621, 38.300554360623167 ], [ -122.108259778341989, 38.301542506016375 ], [ -122.10763095793132, 38.301542506528769 ], [ -122.107361463515019, 38.30217132686743 ], [ -122.106822474571672, 38.302261158263512 ], [ -122.106732643382799, 38.302440821953823 ] ] ] } },
{ "type": "Feature", "properties": { "csb_id": "061825012491021", "acres": 27.512647761819, "geoid": "06095" }, "geometry": { "type": "Polygon", "coordinates": [ [ [ -122.089754483731411, 38.303069641830476 ], [ -122.089754483417224, 38.302800147657322 ], [ -122.088496842983162, 38.302800147932707 ], [ -122.088496842506075, 38.302171326759314 ], [ -122.087957852845562, 38.301901832114467 ], [ -122.087329030299472, 38.300644191342457 ], [ -122.087329032753104, 38.299835707279001 ], [ -122.087957853631792, 38.299835707199122 ], [ -122.087957853535357, 38.300105201927465 ], [ -122.088856167563037, 38.300105202313482 ], [ -122.088856168320419, 38.299745875532544 ], [ -122.089395157539712, 38.299745876129016 ], [ -122.089395157682191, 38.300105201434313 ], [ -122.089754483781277, 38.30010520214811 ], [ -122.090293471957878, 38.300644190886686 ], [ -122.090652799097469, 38.30064419117668 ], [ -122.090652798412876, 38.301003517055335 ], [ -122.090922292863738, 38.301003517067464 ], [ -122.090922292229862, 38.300644191188852 ], [ -122.091461281655896, 38.300644191533799 ], [ -122.092090103653163, 38.301273011664705 ], [ -122.092718924599737, 38.301542505998967 ], [ -122.092718924527347, 38.302440821607171 ], [ -122.091820608867835, 38.302440821332226 ], [ -122.09182060894328, 38.303069642289238 ], [ -122.089754483731411, 38.303069641830476 ] ] ] } },
{ "type": "Feature", "properties": { "csb_id": "061825012491022", "acres": 6.8454309884245799, "geoid": "06095" }, "geometry": { "type": "Polygon", "coordinates": [ [ [ -122.11912939324867, 38.30127301186225 ], [ -122.116614110671804, 38.301273011538029 ], [ -122.116614110645472, 38.300105201764069 ], [ -122.116883605183602, 38.29974587571926 ], [ -122.117781920961733, 38.299745875710222 ], [ -122.118231077805945, 38.300374696057808 ], [ -122.11912939352456, 38.300913685396083 ], [ -122.11912939324867, 38.30127301186225 ] ] ] } },
{ "type": "Feature", "properties": { "csb_id": "061825012491024", "acres": 10.000344787864799, "geoid": "06095" }, "geometry": { "type": "Polygon", "coordinates": [ [ [ -122.126854904953461, 38.299566212546132 ], [ -122.126765073854003, 38.300195033644933 ], [ -122.12685490496952, 38.300195033151525 ], [ -122.126854904712104, 38.299835706883478 ], [ -122.127393894606882, 38.300105201545399 ], [ -122.128022714966093, 38.300734022031271 ], [ -122.128022715064901, 38.301632338091146 ], [ -122.126226083932622, 38.301542506600512 ], [ -122.125866758077137, 38.301003517344078 ], [ -122.125866758157244, 38.299745876126067 ], [ -122.126226084865948, 38.29974587541497 ], [ -122.126226084608916, 38.299566212640386 ], [ -122.125866758686414, 38.299296718019121 ], [ -122.125956590107421, 38.298847560679533 ], [ -122.126854904751994, 38.298847560834133 ], [ -122.127124399518465, 38.299296718179889 ], [ -122.127124399154923, 38.299566212763779 ], [ -122.126854904953461, 38.299566212546132 ] ] ] } },
{ "type": "Feature", "properties": { "csb_id": "061825012491025", "acres": 19.08604934533, "geoid": "06095" }, "geometry": { "type": "Polygon", "coordinates": [ [ [ -122.10556483351715, 38.301273012618019 ], [ -122.100803761390239, 38.301273011998617 ], [ -122.10080376226297, 38.300644190707644 ], [ -122.100444435366455, 38.300374696816768 ], [ -122.100444436110905, 38.30010520124587 ], [ -122.10080376207668, 38.299745875776061 ], [ -122.102869887433357, 38.299835707175923 ], [ -122.102869887446161, 38.299296718019363 ], [ -122.103498707452616, 38.299476381059627 ], [ -122.106193653695939, 38.299656044468051 ], [ -122.10493601248865, 38.300195033686911 ], [ -122.104666518138686, 38.300195033497374 ], [ -122.104486854258994, 38.299835707294243 ], [ -122.104337369129368, 38.299955716782073 ], [ -122.104307191289948, 38.300105202193826 ], [ -122.104936012241225, 38.300644191626326 ], [ -122.105564832470122, 38.300734022211493 ], [ -122.10556483351715, 38.301273012618019 ] ] ] } },
{ "type": "Feature", "properties": { "csb_id": "061825012491026", "acres": 13.9083107914176, "geoid": "06095" }, "geometry": { "type": "Polygon", "coordinates": [ [ [ -122.097749489592218, 38.300374696875799 ], [ -122.097749490383634, 38.30064419088162 ], [ -122.0981088158332, 38.300644191069978 ], [ -122.098108815945622, 38.300374696580221 ], [ -122.097749489592218, 38.300374696875799 ], [ -122.097749489598925, 38.300105201765007 ], [ -122.098378310624554, 38.300105201698585 ], [ -122.098378310775772, 38.299745876030421 ], [ -122.098647805448024, 38.299745875668911 ], [ -122.098737636598614, 38.300105202141637 ], [ -122.099007131088371, 38.299745875941241 ], [ -122.099905447153461, 38.299745875771542 ], [ -122.09990544638255, 38.300105202274629 ], [ -122.100174940855723, 38.299745875981841 ], [ -122.100444435669104, 38.299745875359591 ], [ -122.100444435366455, 38.300374696816768 ], [ -122.10080376226297, 38.300644190707644 ], [ -122.100803761390239, 38.301273011998617 ], [ -122.10170207754409, 38.30136284291698 ], [ -122.100803762217978, 38.301362843402288 ], [ -122.100444435968967, 38.301542506057444 ], [ -122.100444435299664, 38.301901832147671 ], [ -122.100174940979528, 38.301901832793725 ], [ -122.100174941155373, 38.30217132699341 ], [ -122.099546119451205, 38.302171326982041 ], [ -122.099546120465106, 38.30154250618439 ], [ -122.098737636699084, 38.301273012089077 ], [ -122.098018984889706, 38.301273012269071 ], [ -122.097839321328479, 38.301632337514242 ], [ -122.097210499106552, 38.30163233779934 ], [ -122.096941005384224, 38.301362843487752 ], [ -122.096971184047291, 38.301123526967437 ], [ -122.097479995461015, 38.300374696502075 ], [ -122.097749489592218, 38.300374696875799 ] ] ] } },
{ "type": "Feature", "properties": { "csb_id": "061825012491031", "acres": 7.0043015708959402, "geoid": "06095" }, "geometry": { "type": "Polygon", "coordinates": [ [ [ -122.11903956228241, 38.299566212143759 ], [ -122.117961583944279, 38.299476380739804 ], [ -122.117618881912833, 38.298609910750812 ], [ -122.118770066928747, 38.298578065620667 ], [ -122.1187700678515, 38.298218739339234 ], [ -122.119578551055724, 38.297949245759604 ], [ -122.120207372456917, 38.297949244896188 ], [ -122.120207370449677, 38.299206886866735 ], [ -122.11903956228241, 38.299566212143759 ] ] ] } },
{ "type": "Feature", "properties": { "csb_id": "061825012491036", "acres": 16.8321480466103, "geoid": "06095" }, "geometry": { "type": "Polygon", "coordinates": [ [ [ -122.093617239916028, 38.299745875186417 ], [ -122.092090103478114, 38.299745876147654 ], [ -122.092090103316025, 38.299206886639809 ], [ -122.091820608649812, 38.2992068869615 ], [ -122.091820608438795, 38.298398402842636 ], [ -122.094156229330295, 38.298398402852364 ], [ -122.094515554855278, 38.298578065419903 ], [ -122.094515555032856, 38.298847560712133 ], [ -122.09469521815916, 38.298937392271277 ], [ -122.097120669111831, 38.298937392192663 ], [ -122.096931005739648, 38.300153978044712 ], [ -122.093707071526367, 38.300105201729536 ], [ -122.093617239916028, 38.299745875186417 ] ] ] } },
{ "type": "Feature", "properties": { "csb_id": "061825012491037", "acres": 14.1882033069217, "geoid": "06095" }, "geometry": { "type": "Polygon", "coordinates": [ [ [ -122.092718923962181, 38.302171326964718 ], [ -122.092718924599737, 38.301542505998967 ], [ -122.092090103653163, 38.301273011664705 ], [ -122.091461281655896, 38.300644191533799 ], [ -122.090922292229862, 38.300644191188852 ], [ -122.090922292863738, 38.301003517067464 ], [ -122.090652798412876, 38.301003517055335 ], [ -122.090652798856738, 38.300105202156928 ], [ -122.091461283240619, 38.299476381338614 ], [ -122.09146128333856, 38.298667897099612 ], [ -122.091820608438795, 38.298398402842636 ], [ -122.091820608649812, 38.2992068869615 ], [ -122.092090103316025, 38.299206886639809 ], [ -122.092090103478114, 38.299745876147654 ], [ -122.093617239916028, 38.299745875186417 ], [ -122.093707071526367, 38.300105201729536 ], [ -122.093437576403218, 38.300734022562189 ], [ -122.093527407698048, 38.301003516927707 ], [ -122.093796903040953, 38.300374695908125 ], [ -122.094558013973014, 38.300430753824649 ], [ -122.093796902068064, 38.301901832855954 ], [ -122.093257912826203, 38.302171326630926 ], [ -122.092718923962181, 38.302171326964718 ] ] ] } },
{ "type": "Feature", "properties": { "csb_id": "061825012491041", "acres": 5.84732754927066, "geoid": "06095" }, "geometry": { "type": "Polygon", "coordinates": [ [ [ -122.089754483781277, 38.30010520214811 ], [ -122.089395157682191, 38.300105201434313 ], [ -122.089395157539712, 38.299745876129016 ], [ -122.089754483790216, 38.299745875500371 ], [ -122.090293473080592, 38.299476381126503 ], [ -122.090293473115352, 38.298398403103789 ], [ -122.091191787910333, 38.298398403033822 ], [ -122.091191788729972, 38.298578065568641 ], [ -122.09146128333856, 38.298667897099612 ], [ -122.091461283240619, 38.299476381338614 ], [ -122.090652798856738, 38.300105202156928 ], [ -122.090652799097469, 38.30064419117668 ], [ -122.090293471957878, 38.300644190886686 ], [ -122.089754483781277, 38.30010520214811 ] ] ] } },
{ "type": "Feature", "properties": { "csb_id": "061825012491055", "acres": 2.5558798330891599, "geoid": "06095" }, "geometry": { "type": "Polygon", "coordinates": [ [ [ -122.102869886433197, 38.296152615114956 ], [ -122.103768201073393, 38.29615261454073 ], [ -122.103768201480122, 38.296781435687322 ], [ -122.104037696638002, 38.296781434941643 ], [ -122.104037695654625, 38.297230592863258 ], [ -122.103139380365221, 38.297230593603281 ], [ -122.102869886677894, 38.297050930168382 ], [ -122.102869886433197, 38.296152615114956 ] ] ] } },
{ "type": "Feature", "properties": { "csb_id": "061825012491056", "acres": 31.495190109083101, "geoid": "06095" }, "geometry": { "type": "Polygon", "coordinates": [ [ [ -122.123531139138279, 38.30208149566505 ], [ -122.123531137038242, 38.301003517684244 ], [ -122.122722653455298, 38.299206887163088 ], [ -122.122632822226805, 38.297949245464594 ], [ -122.122273496815197, 38.29794924472413 ], [ -122.122273496191553, 38.297410256138427 ], [ -122.123531137711154, 38.297410255270194 ], [ -122.123531137533391, 38.29705093061564 ], [ -122.126169149354297, 38.297188396400706 ], [ -122.126405746578513, 38.297500087841676 ], [ -122.126495578962519, 38.298847560432598 ], [ -122.125956590107421, 38.298847560679533 ], [ -122.125956589303115, 38.299206886242132 ], [ -122.125597263080877, 38.299296718347712 ], [ -122.125327770034488, 38.299566212449335 ], [ -122.125327767915294, 38.300195033450933 ], [ -122.12469894718744, 38.301003517114992 ], [ -122.124698946893503, 38.301542506884402 ], [ -122.125058273571298, 38.301632338430977 ], [ -122.125327767942167, 38.301901832597274 ], [ -122.125327768279277, 38.302171327403805 ], [ -122.123531139138279, 38.30208149566505 ] ] ] } },
{ "type": "Feature", "properties": { "csb_id": "061825012491057", "acres": 12.0110135565397, "geoid": "06095" }, "geometry": { "type": "Polygon", "coordinates": [ [ [ -122.121734508221792, 38.299386549420049 ], [ -122.120476866929252, 38.298578066171117 ], [ -122.120476865943445, 38.296781435150578 ], [ -122.123531137533391, 38.29705093061564 ], [ -122.123531137711154, 38.297410255270194 ], [ -122.122273496191553, 38.297410256138427 ], [ -122.122273496815197, 38.29794924472413 ], [ -122.122632822226805, 38.297949245464594 ], [ -122.122542991927645, 38.298937391574114 ], [ -122.122273497751195, 38.299476381609168 ], [ -122.121734508221792, 38.299386549420049 ] ] ] } },
{ "type": "Feature", "properties": { "csb_id": "061825012491060", "acres": 4.5017614753219997, "geoid": "06095" }, "geometry": { "type": "Polygon", "coordinates": [ [ [ -122.154343352931065, 38.296871267005571 ], [ -122.154612847141891, 38.296871266927262 ], [ -122.154612848000923, 38.298039076865038 ], [ -122.15497217300495, 38.298398402688058 ], [ -122.155511162948642, 38.298398402225004 ], [ -122.155511162416929, 38.297769581917585 ], [ -122.156139983877623, 38.297769582345673 ], [ -122.156409478256123, 38.298039076585724 ], [ -122.156409478014425, 38.298398403021245 ], [ -122.156139983310013, 38.298667897707169 ], [ -122.154073858579139, 38.298667897142039 ], [ -122.154073858370936, 38.298398402421604 ], [ -122.154343353427677, 38.298398403045191 ], [ -122.154343352837998, 38.298039076216 ], [ -122.15344503718805, 38.298039076244599 ], [ -122.153445037065268, 38.297769581999006 ], [ -122.154073858094279, 38.297769581962996 ], [ -122.154343352979467, 38.297500087124362 ], [ -122.154343352931065, 38.296871267005571 ] ] ] } },
{ "type": "Feature", "properties": { "csb_id": "061825012491061", "acres": 5.6539217172499496, "geoid": "06095" }, "geometry": { "type": "Polygon", "coordinates": [ [ [ -122.10637331639397, 38.297320424057709 ], [ -122.104037696714627, 38.297050929550906 ], [ -122.104037696638002, 38.296781434941643 ], [ -122.103768201480122, 38.296781435687322 ], [ -122.103768201073393, 38.29615261454073 ], [ -122.104037696459287, 38.296152614169834 ], [ -122.104037696695798, 38.295883120404731 ], [ -122.105295338694603, 38.296152614220638 ], [ -122.106193653081363, 38.296601772334974 ], [ -122.106373316568792, 38.296871266911367 ], [ -122.10637331639397, 38.297320424057709 ] ] ] } },
{ "type": "Feature", "properties": { "csb_id": "061825012491062", "acres": 5.4745377305535197, "geoid": "06095" }, "geometry": { "type": "Polygon", "coordinates": [ [ [ -122.118410741691775, 38.298039076848717 ], [ -122.118141246358377, 38.297949245027326 ], [ -122.118410741015893, 38.297050929655882 ], [ -122.119039562480026, 38.296511940226793 ], [ -122.11993787716186, 38.296511941113906 ], [ -122.120207372482483, 38.297050929981637 ], [ -122.12020737187774, 38.297679750462137 ], [ -122.119522976652092, 38.297713963401279 ], [ -122.118410741691775, 38.298039076848717 ] ] ] } },
{ "type": "Feature", "properties": { "csb_id": "061825012491064", "acres": 8.0354896519473904, "geoid": "06095" }, "geometry": { "type": "Polygon", "coordinates": [ [ [ -122.11005640976947, 38.297949244944718 ], [ -122.109427588420445, 38.297679750581608 ], [ -122.108888599239094, 38.29767975025284 ], [ -122.108529273624825, 38.29741025596676 ], [ -122.108619105120965, 38.296781434932079 ], [ -122.108888599592206, 38.296781434826961 ], [ -122.109158094057435, 38.296511941898451 ], [ -122.109158094701698, 38.295972952642003 ], [ -122.110325904497458, 38.296152615313765 ], [ -122.110954724074034, 38.297050929648364 ], [ -122.110954724400585, 38.297410255694167 ], [ -122.110685229325824, 38.297949244978838 ], [ -122.11005640976947, 38.297949244944718 ] ] ] } },
{ "type": "Feature", "properties": { "csb_id": "061825012491070", "acres": 19.1074199836427, "geoid": "06095" }, "geometry": { "type": "Polygon", "coordinates": [ [ [ -122.09837831101045, 38.299476381284379 ], [ -122.097479995686811, 38.298578065598356 ], [ -122.097569826705495, 38.297679750885344 ], [ -122.097749490066988, 38.297230592455954 ], [ -122.098827468936307, 38.297320425249168 ], [ -122.098827468321005, 38.297050929363436 ], [ -122.097659658693203, 38.296961097836515 ], [ -122.097749489921725, 38.296152614602455 ], [ -122.09810881618607, 38.295883119925598 ], [ -122.099546119993676, 38.296152614800057 ], [ -122.09954612009092, 38.296781435557335 ], [ -122.099905446440047, 38.296781435453532 ], [ -122.099905446939928, 38.296511940308704 ], [ -122.102241066410457, 38.296511940834399 ], [ -122.102241066540614, 38.297050929971512 ], [ -122.101073256584101, 38.297050930192142 ], [ -122.100803761443302, 38.29767975101813 ], [ -122.099905446876605, 38.297949244967576 ], [ -122.099905446403852, 38.298578065524119 ], [ -122.098737636525527, 38.298667897112615 ], [ -122.09864780536391, 38.299206886789371 ], [ -122.09837831101045, 38.299476381284379 ] ] ] } },
{ "type": "Feature", "properties": { "csb_id": "061825012491076", "acres": 9.0612288602462492, "geoid": "06095" }, "geometry": { "type": "Polygon", "coordinates": [ [ [ -122.10825977857408, 38.29776958185262 ], [ -122.107361463116732, 38.297500087887933 ], [ -122.106732642729995, 38.29750008763223 ], [ -122.106732642604811, 38.297140761409466 ], [ -122.106552980263615, 38.297140761462828 ], [ -122.106552979967645, 38.295883119797537 ], [ -122.106732642428966, 38.295613625029993 ], [ -122.108529272906722, 38.295793289044902 ], [ -122.108619104799558, 38.297500087822961 ], [ -122.10825977857408, 38.29776958185262 ] ] ] } },
{ "type": "Feature", "properties": { "csb_id": "061825012491084", "acres": 8.9630834810862705, "geoid": "06095" }, "geometry": { "type": "Polygon", "coordinates": [ [ [ -122.089125662422816, 38.297050930243252 ], [ -122.089125663266827, 38.296601771811027 ], [ -122.088856168882486, 38.296152614387211 ], [ -122.090094554026777, 38.295204646178647 ], [ -122.092090104065775, 38.295074636442649 ], [ -122.092449429637085, 38.295433962923802 ], [ -122.091820608627486, 38.295703456847662 ], [ -122.091191788495294, 38.295703457340821 ], [ -122.090922293673174, 38.296511940668829 ], [ -122.089754484315179, 38.296871266577192 ], [ -122.089754484145345, 38.297410256208984 ], [ -122.089395158069223, 38.297410255579372 ], [ -122.089395157962358, 38.297140761557841 ], [ -122.089125662422816, 38.297050930243252 ] ] ] } },
{ "type": "Feature", "properties": { "csb_id": "061825012491085", "acres": 3.6819071870885098, "geoid": "06095" }, "geometry": { "type": "Polygon", "coordinates": [ [ [ -122.127663388744907, 38.295344130449983 ], [ -122.127663388910221, 38.294445815879641 ], [ -122.12739389463907, 38.294176321516254 ], [ -122.127843052552464, 38.294176321467511 ], [ -122.128921030748458, 38.293188174442562 ], [ -122.128921030174652, 38.29354750045848 ], [ -122.129190525424363, 38.293547500374359 ], [ -122.129190525348946, 38.293816994787548 ], [ -122.128921030581566, 38.294086489654582 ], [ -122.128292209706714, 38.293906827198242 ], [ -122.128292209943169, 38.294445815413638 ], [ -122.12856170452919, 38.294445815717197 ], [ -122.128561704521303, 38.294984804399348 ], [ -122.128292209378301, 38.295344130820787 ], [ -122.127663388744907, 38.295344130449983 ] ] ] } },
{ "type": "Feature", "properties": { "csb_id": "061825012491087", "acres": 11.453373945519401, "geoid": "06095" }, "geometry": { "type": "Polygon", "coordinates": [ [ [ -122.12622608454042, 38.296511940532348 ], [ -122.125866757158619, 38.296511942058174 ], [ -122.125866758846556, 38.29678143523364 ], [ -122.126226083416199, 38.296781435535337 ], [ -122.12622608454042, 38.296511940532348 ], [ -122.126495578958711, 38.296511940564834 ], [ -122.126495577263512, 38.297050929949911 ], [ -122.125597262955239, 38.296781435782464 ], [ -122.125058273120345, 38.296871267193048 ], [ -122.12451928456116, 38.296601772699169 ], [ -122.12442945213877, 38.295613625267478 ], [ -122.124968441829154, 38.29498480446366 ], [ -122.124698947979397, 38.294535647472117 ], [ -122.127094220437399, 38.294505469454378 ], [ -122.127214229696236, 38.294176321463851 ], [ -122.12739389463907, 38.294176321516254 ], [ -122.127663388910221, 38.294445815879641 ], [ -122.127663388744907, 38.295344130449983 ], [ -122.126765073049953, 38.295344130940414 ], [ -122.12676507212106, 38.294984804809978 ], [ -122.126495578235264, 38.294984804619624 ], [ -122.126226084662846, 38.294984804697293 ], [ -122.125956589488581, 38.295344130931085 ], [ -122.12622608378247, 38.295703457324535 ], [ -122.12622608454042, 38.296511940532348 ] ] ] } },
{ "type": "Feature", "properties": { "csb_id": "061825012491088", "acres": 9.2555467041073598, "geoid": "06095" }, "geometry": { "type": "Polygon", "coordinates": [ [ [ -122.123710801971058, 38.296781434754337 ], [ -122.123710801166837, 38.295883119887989 ], [ -122.123531138686417, 38.295883119495628 ], [ -122.123531138950952, 38.296691603751704 ], [ -122.122902318090922, 38.296691603448721 ], [ -122.122902318448794, 38.294984804849747 ], [ -122.12173450799213, 38.294984804646262 ], [ -122.121105687708138, 38.294625478835613 ], [ -122.124698947979397, 38.294535647472117 ], [ -122.124968441829154, 38.29498480446366 ], [ -122.12442945213877, 38.295613625267478 ], [ -122.124070128182964, 38.295613625461854 ], [ -122.123800633674705, 38.295883120172789 ], [ -122.123800633165914, 38.296152614965891 ], [ -122.124339622584714, 38.296152614173849 ], [ -122.12433962258703, 38.296511940675217 ], [ -122.124070127993562, 38.296781435477904 ], [ -122.123710801971058, 38.296781434754337 ] ] ] } },
{ "type": "Feature", "properties": { "csb_id": "061825012491089", "acres": 9.7880107371795102, "geoid": "06095" }, "geometry": { "type": "Polygon", "coordinates": [ [ [ -122.09954612009092, 38.296781435557335 ], [ -122.099546119993676, 38.296152614800057 ], [ -122.099007131352124, 38.296152614263008 ], [ -122.098647804931076, 38.295883120239672 ], [ -122.098378310957571, 38.2958831198276 ], [ -122.098468141962215, 38.295433962667339 ], [ -122.098108816477733, 38.295433962598644 ], [ -122.097929152959551, 38.294625478182027 ], [ -122.100174941250259, 38.294715309788351 ], [ -122.100174940862559, 38.295344130951385 ], [ -122.101073256691507, 38.295433962657199 ], [ -122.101073256619912, 38.296511941031362 ], [ -122.099905446939928, 38.296511940308704 ], [ -122.099905446440047, 38.296781435453532 ], [ -122.09954612009092, 38.296781435557335 ] ], [ [ -122.099546120199804, 38.294984804409843 ], [ -122.099276625563022, 38.294984804975101 ], [ -122.099276626160147, 38.295344130612982 ], [ -122.099546119893219, 38.295344130531568 ], [ -122.099546120199804, 38.294984804409843 ] ] ] } },
{ "type": "Feature", "properties": { "csb_id": "061825012491094", "acres": 14.531966448701899, "geoid": "06095" }, "geometry": { "type": "Polygon", "coordinates": [ [ [ -122.103498708057245, 38.295344131162189 ], [ -122.103139381023354, 38.295344130470696 ], [ -122.103139381450248, 38.295613625236086 ], [ -122.10349870726732, 38.295613625552832 ], [ -122.103498708057245, 38.295344131162189 ], [ -122.103768202698916, 38.295344130898073 ], [ -122.103768201786735, 38.295613625530656 ], [ -122.104037696619201, 38.295613625776539 ], [ -122.104037696695798, 38.295883120404731 ], [ -122.103768201985559, 38.295883119916901 ], [ -122.103768201073393, 38.29615261454073 ], [ -122.102869886433197, 38.296152615114956 ], [ -122.102869887205586, 38.297230592512754 ], [ -122.101971571367031, 38.297140761265716 ], [ -122.102241066540614, 38.297050929971512 ], [ -122.102241066410457, 38.296511940834399 ], [ -122.101702076930692, 38.296511940596304 ], [ -122.101702077315849, 38.296152614039677 ], [ -122.101342751132648, 38.296511940556179 ], [ -122.101073256619912, 38.296511941031362 ], [ -122.101073256691507, 38.295433962657199 ], [ -122.100174940862559, 38.295344130951385 ], [ -122.100174941308893, 38.294805141227329 ], [ -122.100534267332549, 38.294805141885803 ], [ -122.100534266949367, 38.294535647325496 ], [ -122.101342751409632, 38.294535647368306 ], [ -122.101342750737132, 38.294715310114803 ], [ -122.101971571988884, 38.294715310308284 ], [ -122.101971571089507, 38.29444581563736 ], [ -122.101702077349898, 38.294445815265732 ], [ -122.101702076328252, 38.294176320832428 ], [ -122.101971570681016, 38.29381699497128 ], [ -122.102869886754561, 38.29381699442667 ], [ -122.102869887303669, 38.294086488975076 ], [ -122.102600390923214, 38.294086489580899 ], [ -122.102600391776178, 38.294535647115353 ], [ -122.102869886437347, 38.294984804382878 ], [ -122.103498708056691, 38.29498480460385 ], [ -122.103498708057245, 38.295344131162189 ] ] ] } },
{ "type": "Feature", "properties": { "csb_id": "061825012491095", "acres": 6.5796823796925299, "geoid": "06095" }, "geometry": { "type": "Polygon", "coordinates": [ [ [ -122.097614391591748, 38.295309040758447 ], [ -122.094515554626554, 38.295254299559289 ], [ -122.094208732682461, 38.295204733610966 ], [ -122.094874881128604, 38.294445815258911 ], [ -122.096312185670925, 38.294355984027497 ], [ -122.097712820069532, 38.294572316327603 ], [ -122.097614391591748, 38.295309040758447 ] ] ] } },
{ "type": "Feature", "properties": { "csb_id": "061825012491111", "acres": 17.4851943645325, "geoid": "06095" }, "geometry": { "type": "Polygon", "coordinates": [ [ [ -122.104037696619201, 38.295613625776539 ], [ -122.104037696542591, 38.295344131143956 ], [ -122.103768202698916, 38.295344130898073 ], [ -122.103498708056691, 38.29498480460385 ], [ -122.102869886437347, 38.294984804382878 ], [ -122.102600391776178, 38.294535647115353 ], [ -122.102600390923214, 38.294086489580899 ], [ -122.102869887303669, 38.294086488975076 ], [ -122.10286988762951, 38.293547500490519 ], [ -122.103498707569685, 38.293547500251087 ], [ -122.103498707882196, 38.293188174512018 ], [ -122.103229213101898, 38.29291867911477 ], [ -122.103768202619349, 38.292649185405971 ], [ -122.104666517510339, 38.292649184638989 ], [ -122.104666517042489, 38.293008510741174 ], [ -122.106193653172923, 38.29291867916578 ], [ -122.106373316054999, 38.29318817382579 ], [ -122.10646314772977, 38.2944458157912 ], [ -122.104397022342752, 38.294984804743969 ], [ -122.104397023243564, 38.295433961855608 ], [ -122.104037696619201, 38.295613625776539 ] ] ] } },
{ "type": "Feature", "properties": { "csb_id": "061825012491116", "acres": 6.11840125163818, "geoid": "06095" }, "geometry": { "type": "Polygon", "coordinates": [ [ [ -122.126226084432275, 38.294266152280777 ], [ -122.126226084175215, 38.294086489447004 ], [ -122.125866758517631, 38.294086489475632 ], [ -122.125866757887991, 38.292918679708777 ], [ -122.126226084811734, 38.292918679085602 ], [ -122.12622608402738, 38.292649185362279 ], [ -122.127393894267584, 38.292649184913337 ], [ -122.127663389117131, 38.29291867980821 ], [ -122.127629132071647, 38.293872612761866 ], [ -122.127000310875644, 38.294231939404156 ], [ -122.126226084432275, 38.294266152280777 ] ] ] } },
{ "type": "Feature", "properties": { "csb_id": "061825012491117", "acres": 5.7897157593676196, "geoid": "06095" }, "geometry": { "type": "Polygon", "coordinates": [ [ [ -122.124429453700387, 38.293188174511933 ], [ -122.12469894862862, 38.293188173858709 ], [ -122.124698948376761, 38.29291867939137 ], [ -122.124429454123941, 38.292918679185867 ], [ -122.124429453749912, 38.292649184956119 ], [ -122.12622608402738, 38.292649185362279 ], [ -122.126226084811734, 38.292918679085602 ], [ -122.125866757887991, 38.292918679708777 ], [ -122.125866758517631, 38.294086489475632 ], [ -122.126226084175215, 38.294086489447004 ], [ -122.126226084432275, 38.294266152280777 ], [ -122.124429454398964, 38.294266152469184 ], [ -122.124429453700387, 38.293188174511933 ] ] ] } },
{ "type": "Feature", "properties": { "csb_id": "061825012491118", "acres": 12.9690579388222, "geoid": "06095" }, "geometry": { "type": "Polygon", "coordinates": [ [ [ -122.121105686719417, 38.29426615224876 ], [ -122.121734507363399, 38.294176320988612 ], [ -122.121734506944009, 38.293547500529272 ], [ -122.121375181330606, 38.293547500047154 ], [ -122.121375181452095, 38.292918679189221 ], [ -122.120836192718031, 38.292918679425192 ], [ -122.120836193360944, 38.292559353659442 ], [ -122.122728313150148, 38.292515929179203 ], [ -122.12281248588485, 38.29202036440693 ], [ -122.123531138850424, 38.291750869799991 ], [ -122.123531138568325, 38.292649184650585 ], [ -122.124070127489304, 38.292649185106335 ], [ -122.124070127655941, 38.292918679093866 ], [ -122.123800632918829, 38.292918679469572 ], [ -122.123800633521029, 38.293188174069101 ], [ -122.124429453700387, 38.293188174511933 ], [ -122.124429454398964, 38.294266152469184 ], [ -122.121105686719417, 38.29426615224876 ] ] ] } },
{ "type": "Feature", "properties": { "csb_id": "061825012491119", "acres": 5.6541652185452298, "geoid": "06095" }, "geometry": { "type": "Polygon", "coordinates": [ [ [ -122.121734507363399, 38.294176320988612 ], [ -122.121105686719417, 38.29426615224876 ], [ -122.11993787800003, 38.294086489606102 ], [ -122.11993787694098, 38.292559353564783 ], [ -122.120836193360944, 38.292559353659442 ], [ -122.120836192718031, 38.292918679425192 ], [ -122.121375181452095, 38.292918679189221 ], [ -122.121375181330606, 38.293547500047154 ], [ -122.121734506944009, 38.293547500529272 ], [ -122.121734508368945, 38.293816995140702 ], [ -122.121734507363399, 38.294176320988612 ] ] ] } },
{ "type": "Feature", "properties": { "csb_id": "061825012491139", "acres": 2.4495810907327602, "geoid": "06095" }, "geometry": { "type": "Polygon", "coordinates": [ [ [ -122.111853039177774, 38.290852554112597 ], [ -122.111853039527077, 38.290493228672034 ], [ -122.113020849712711, 38.290493228437363 ], [ -122.113020850290596, 38.290223733812724 ], [ -122.113380175770089, 38.290223733876651 ], [ -122.113380175598422, 38.291391543384727 ], [ -122.112751355639901, 38.291391543498364 ], [ -122.112751354984653, 38.291122049372909 ], [ -122.112481860248366, 38.290852554564864 ], [ -122.111853039177774, 38.290852554112597 ] ] ] } },
{ "type": "Feature", "properties": { "csb_id": "061825012491140", "acres": 11.153654000598999, "geoid": "06095" }, "geometry": { "type": "Polygon", "coordinates": [ [ [ -122.104666517042489, 38.293008510741174 ], [ -122.104666517510339, 38.292649184638989 ], [ -122.103768202619349, 38.292649185405971 ], [ -122.103768202411473, 38.292289858546383 ], [ -122.102869886814304, 38.292289858495444 ], [ -122.102869886591051, 38.29148137536437 ], [ -122.103139381665073, 38.291122048890593 ], [ -122.10619365332353, 38.291211880468872 ], [ -122.10619365390265, 38.292649185370962 ], [ -122.104936011920074, 38.292649185273525 ], [ -122.105025843730459, 38.293008511044803 ], [ -122.104666517042489, 38.293008510741174 ] ] ] } },
{ "type": "Feature", "properties": { "csb_id": "061825012491143", "acres": 5.6156703869841698, "geoid": "06095" }, "geometry": { "type": "Polygon", "coordinates": [ [ [ -122.113380175598422, 38.291391543384727 ], [ -122.113380175770089, 38.290223733876651 ], [ -122.113649670616411, 38.290044070124274 ], [ -122.113649670856887, 38.289325420103445 ], [ -122.114278490873815, 38.289325418017057 ], [ -122.114278491577096, 38.289594913383013 ], [ -122.114817480308645, 38.289594913406603 ], [ -122.114817480362149, 38.290852554922701 ], [ -122.114278490992717, 38.290942385476875 ], [ -122.114278491585821, 38.29139154388065 ], [ -122.113380175598422, 38.291391543384727 ] ] ] } },
{ "type": "Feature", "properties": { "csb_id": "061825012491144", "acres": 8.1911505352801992, "geoid": "06095" }, "geometry": { "type": "Polygon", "coordinates": [ [ [ -122.110685229509073, 38.29139154382009 ], [ -122.11068522945348, 38.290493227986168 ], [ -122.11122421913916, 38.290493228305891 ], [ -122.111224219207031, 38.289954239380855 ], [ -122.110954724917519, 38.289954238899696 ], [ -122.110954724591011, 38.289594912689864 ], [ -122.111583545065486, 38.289594912739958 ], [ -122.112122534710082, 38.289325418533288 ], [ -122.113380175770729, 38.289415249491476 ], [ -122.113380175542417, 38.290044070424074 ], [ -122.113020849830818, 38.290044070602242 ], [ -122.113020849712711, 38.290493228437363 ], [ -122.111853039527077, 38.290493228672034 ], [ -122.111853039177774, 38.290852554112597 ], [ -122.112122534854294, 38.290852553967468 ], [ -122.112122534626693, 38.291122048714065 ], [ -122.111853040391125, 38.291391543733802 ], [ -122.110685229509073, 38.29139154382009 ] ] ] } },
{ "type": "Feature", "properties": { "csb_id": "061825012491147", "acres": 17.641645163124199, "geoid": "06095" }, "geometry": { "type": "Polygon", "coordinates": [ [ [ -122.119668383270579, 38.292020363914162 ], [ -122.119578551912539, 38.290852554589371 ], [ -122.119309056152815, 38.290852554410804 ], [ -122.11885989862094, 38.290133901814379 ], [ -122.123531138481454, 38.29031356500181 ], [ -122.123351475165279, 38.291247410006108 ], [ -122.123261643621603, 38.291122049322134 ], [ -122.122632822834234, 38.291391543502407 ], [ -122.122571897199947, 38.292237925253993 ], [ -122.119937877350608, 38.292289859042477 ], [ -122.119668383270579, 38.292020363914162 ] ] ] } },
{ "type": "Feature", "properties": { "csb_id": "061825012491150", "acres": 35.1982596102415, "geoid": "06095" }, "geometry": { "type": "Polygon", "coordinates": [ [ [ -122.127663388762187, 38.293547500401466 ], [ -122.127663389117131, 38.29291867980821 ], [ -122.127393894267584, 38.292649184913337 ], [ -122.12622608402738, 38.292649185362279 ], [ -122.126226084310886, 38.292289858556231 ], [ -122.125597263904552, 38.292649184905024 ], [ -122.124968442813227, 38.292649185150758 ], [ -122.124968443380936, 38.292289858696961 ], [ -122.124698948124887, 38.292649184919433 ], [ -122.123531138568325, 38.292649184650585 ], [ -122.123531138850424, 38.291750869799991 ], [ -122.123171811742907, 38.291750869394299 ], [ -122.123171812336878, 38.291481375013106 ], [ -122.123620970188227, 38.291122049839601 ], [ -122.123830811348853, 38.290253911240598 ], [ -122.124070127329745, 38.290133902734354 ], [ -122.128202378092183, 38.290044070509808 ], [ -122.129280356204248, 38.2913915432813 ], [ -122.129460019517353, 38.292379690531682 ], [ -122.128073420660499, 38.293508374617311 ], [ -122.127663388762187, 38.293547500401466 ] ] ] } },
{ "type": "Feature", "properties": { "csb_id": "061825012491152", "acres": 10.075544947463699, "geoid": "06095" }, "geometry": { "type": "Polygon", "coordinates": [ [ [ -122.132514291572747, 38.292379690726456 ], [ -122.132783785358512, 38.292379690494258 ], [ -122.132783785410851, 38.292110195968618 ], [ -122.132514291189523, 38.292110195584449 ], [ -122.132514291572747, 38.292379690726456 ], [ -122.132154965148331, 38.29237969072647 ], [ -122.13188547120636, 38.292289858967777 ], [ -122.131885468045368, 38.292110196508276 ], [ -122.130717659906011, 38.292110195607393 ], [ -122.130358332210463, 38.292020364388357 ], [ -122.130088839939631, 38.291481375455596 ], [ -122.129549850038771, 38.29139154377453 ], [ -122.129370186423955, 38.291122048852522 ], [ -122.129549848581306, 38.290044071352241 ], [ -122.130358332973771, 38.289954239806256 ], [ -122.130358334099768, 38.290493228483648 ], [ -122.130717658929584, 38.290493228361925 ], [ -122.130717660622736, 38.291122048741691 ], [ -122.131885468434092, 38.291122049069394 ], [ -122.132154965421861, 38.291750870064639 ], [ -122.13305327915873, 38.292020364905717 ], [ -122.133412606987406, 38.292020364371815 ], [ -122.133412605843631, 38.291750869597969 ], [ -122.133682101595284, 38.291750869245874 ], [ -122.133682101637618, 38.292110195602838 ], [ -122.133143111453904, 38.292649185379418 ], [ -122.132514290531631, 38.292649185247576 ], [ -122.132514291572747, 38.292379690726456 ] ] ] } },
{ "type": "Feature", "properties": { "csb_id": "061825012491153", "acres": 20.205296962453399, "geoid": "06095" }, "geometry": { "type": "Polygon", "coordinates": [ [ [ -122.100174940934593, 38.293008511254186 ], [ -122.099546120527677, 38.292739016548026 ], [ -122.098647805224289, 38.292649184847356 ], [ -122.098647805168213, 38.292289858775476 ], [ -122.100803761839842, 38.290852554152018 ], [ -122.100843940155826, 38.289755276224298 ], [ -122.101163088047684, 38.289594912704146 ], [ -122.101492235979535, 38.289834229645507 ], [ -122.101971571535287, 38.289594913664494 ], [ -122.101971571958501, 38.289055923664002 ], [ -122.102510561105831, 38.289055923853908 ], [ -122.102869887504326, 38.2895949130194 ], [ -122.102869885492865, 38.290942386176681 ], [ -122.103139381589216, 38.290942386237234 ], [ -122.103139381665073, 38.291122048890593 ], [ -122.102869886591051, 38.29148137536437 ], [ -122.101971571302911, 38.291391543522195 ], [ -122.101971571840593, 38.292739016092817 ], [ -122.101702077294547, 38.293008511013277 ], [ -122.100174940934593, 38.293008511254186 ] ], [ [ -122.099905446873962, 38.292020363774846 ], [ -122.099546120029828, 38.292020364424069 ], [ -122.099546120433629, 38.2922898591587 ], [ -122.099905446687117, 38.292289859852168 ], [ -122.099905446873962, 38.292020363774846 ] ] ] } },
{ "type": "Feature", "properties": { "csb_id": "061825012491160", "acres": 7.0676512879054298, "geoid": "06095" }, "geometry": { "type": "Polygon", "coordinates": [ [ [ -122.128471872695698, 38.289325418352234 ], [ -122.128112545843663, 38.287798282466127 ], [ -122.128651535232393, 38.287798282784649 ], [ -122.128561702896675, 38.288247439865422 ], [ -122.129190524806035, 38.28842710333894 ], [ -122.129819345322147, 38.288157608417919 ], [ -122.129819345147666, 38.287798282413817 ], [ -122.130717660739208, 38.287798282150611 ], [ -122.130717660792897, 38.28905592382376 ], [ -122.130358335154057, 38.289325418279908 ], [ -122.128471872695698, 38.289325418352234 ] ], [ [ -122.128921030471972, 38.288696597878172 ], [ -122.128561704262054, 38.288696597747212 ], [ -122.128561704152332, 38.289055923378612 ], [ -122.128921029898194, 38.289055923994013 ], [ -122.128921030471972, 38.288696597878172 ] ] ] } },
{ "type": "Feature", "properties": { "csb_id": "061825012491163", "acres": 12.0059833761874, "geoid": "06095" }, "geometry": { "type": "Polygon", "coordinates": [ [ [ -122.105834327192142, 38.29112204868477 ], [ -122.103139381665073, 38.291122048890593 ], [ -122.103139381238236, 38.290852554050993 ], [ -122.10286988689549, 38.290852554607262 ], [ -122.102869886638047, 38.290493228675714 ], [ -122.103498707862826, 38.290493228022903 ], [ -122.103768202738635, 38.290223733947201 ], [ -122.103768202331906, 38.28959491254777 ], [ -122.10349870800998, 38.289325418383697 ], [ -122.102869886955233, 38.289325418396274 ], [ -122.103139381981805, 38.288427103000465 ], [ -122.103498707367251, 38.288427103169404 ], [ -122.103768202647515, 38.288516934316839 ], [ -122.103768202039447, 38.288696597481362 ], [ -122.104037696703628, 38.288696597797731 ], [ -122.104037696627046, 38.288427103050154 ], [ -122.104397022951673, 38.288427103169738 ], [ -122.104397023387449, 38.288786428882084 ], [ -122.104666517583325, 38.288786428920794 ], [ -122.104666517745002, 38.28905592414629 ], [ -122.104936011818623, 38.289055923836216 ], [ -122.105025844103452, 38.289954238770051 ], [ -122.105295338526133, 38.29031356504445 ], [ -122.105834327328296, 38.290493227984037 ], [ -122.105834327192142, 38.29112204868477 ] ] ] } },
{ "type": "Feature", "properties": { "csb_id": "061825012491165", "acres": 5.4607834726477904, "geoid": "06095" }, "geometry": { "type": "Polygon", "coordinates": [ [ [ -122.131346481098547, 38.290942385945648 ], [ -122.131346481830363, 38.291122048660327 ], [ -122.130717660622736, 38.291122048741691 ], [ -122.130717658929584, 38.290493228361925 ], [ -122.130358334099768, 38.290493228483648 ], [ -122.130358334319126, 38.289684744117672 ], [ -122.131615976084234, 38.289594913235391 ], [ -122.131885470777476, 38.289325418704308 ], [ -122.131885470822837, 38.288696597549006 ], [ -122.132244796833959, 38.288696597278921 ], [ -122.132244796723938, 38.289594913248578 ], [ -122.131885470716625, 38.290223733669706 ], [ -122.131885470671264, 38.290852554765102 ], [ -122.131346481098547, 38.290942385945648 ] ], [ [ -122.131346481856696, 38.290583060025696 ], [ -122.131346481001046, 38.29031356496408 ], [ -122.13098715531244, 38.290313565448557 ], [ -122.13098715564729, 38.290583059409322 ], [ -122.131346481856696, 38.290583060025696 ] ] ] } },
{ "type": "Feature", "properties": { "csb_id": "061825012491166", "acres": 7.5522558543806904, "geoid": "06095" }, "geometry": { "type": "Polygon", "coordinates": [ [ [ -122.105025844103452, 38.289954238770051 ], [ -122.104936012079122, 38.288696597403963 ], [ -122.104397023387449, 38.288786428882084 ], [ -122.104397022951673, 38.288427103169738 ], [ -122.104037696627046, 38.288427103050154 ], [ -122.10403769649939, 38.287977945127373 ], [ -122.104846179701255, 38.287528788429675 ], [ -122.105295338565298, 38.287528787532061 ], [ -122.10556483334166, 38.287798282323877 ], [ -122.105564833120454, 38.288427102646324 ], [ -122.105295338505755, 38.288427103101391 ], [ -122.105295338439404, 38.288696597958264 ], [ -122.105924158604921, 38.288786429627869 ], [ -122.106013990688197, 38.28959491249698 ], [ -122.105834326977387, 38.289594913038336 ], [ -122.105834327952181, 38.290223733532109 ], [ -122.106103822492585, 38.29022373334773 ], [ -122.106193653613047, 38.290852554592249 ], [ -122.105834327816055, 38.290852554243386 ], [ -122.105834327328296, 38.290493227984037 ], [ -122.105295338526133, 38.29031356504445 ], [ -122.105025844103452, 38.289954238770051 ] ] ] } },
{ "type": "Feature", "properties": { "csb_id": "061825012491170", "acres": 7.6587432860882503, "geoid": "06095" }, "geometry": { "type": "Polygon", "coordinates": [ [ [ -122.125866758802715, 38.28986440755429 ], [ -122.125866758393755, 38.288427102829793 ], [ -122.128022715176883, 38.288427102910475 ], [ -122.128022714645581, 38.289864407767602 ], [ -122.125866758802715, 38.28986440755429 ] ] ] } },
{ "type": "Feature", "properties": { "csb_id": "061825012491172", "acres": 14.988369931028, "geoid": "06095" }, "geometry": { "type": "Polygon", "coordinates": [ [ [ -122.122273496657044, 38.289954239251337 ], [ -122.122363328407829, 38.289415250041912 ], [ -122.12227349714432, 38.289415250159884 ], [ -122.122273497247789, 38.289594912825429 ], [ -122.121734507551025, 38.289594913255797 ], [ -122.120476866299214, 38.289055923900222 ], [ -122.119578551648814, 38.289055923644241 ], [ -122.119578551031836, 38.289325417978439 ], [ -122.119309056431163, 38.289325418768478 ], [ -122.119309056322948, 38.288696597943442 ], [ -122.119039561866742, 38.288427103907694 ], [ -122.119039561985389, 38.287888114455519 ], [ -122.121734508409958, 38.28761861913344 ], [ -122.121734507718486, 38.288247440066158 ], [ -122.122004002536556, 38.288427103023359 ], [ -122.123531138732332, 38.288516934131515 ], [ -122.123531139101303, 38.28995423909047 ], [ -122.122273496657044, 38.289954239251337 ] ], [ [ -122.11966838239529, 38.288247439889311 ], [ -122.119309056359612, 38.288247440038894 ], [ -122.119309056817713, 38.288427103840725 ], [ -122.119668382621356, 38.288427103933358 ], [ -122.11966838239529, 38.288247439889311 ] ] ] } },
{ "type": "Feature", "properties": { "csb_id": "061825012491178", "acres": 8.6790099408667007, "geoid": "06095" }, "geometry": { "type": "Polygon", "coordinates": [ [ [ -122.125327768754175, 38.288157608151202 ], [ -122.124968442505477, 38.288516934720597 ], [ -122.124698948706722, 38.288516934819533 ], [ -122.124429453423105, 38.28824744026651 ], [ -122.123800633524098, 38.288247439713132 ], [ -122.123800632919085, 38.28842710336049 ], [ -122.123531138732332, 38.288516934131515 ], [ -122.123531138008033, 38.288247439696001 ], [ -122.122632823098584, 38.28815760888358 ], [ -122.122632823134836, 38.28788811406767 ], [ -122.122902317816965, 38.287888114094386 ], [ -122.122902317866803, 38.287528787996308 ], [ -122.123800633238133, 38.287528787547259 ], [ -122.124070128021827, 38.287798282522161 ], [ -122.124070127541899, 38.287528787590091 ], [ -122.124429453963799, 38.287528787506226 ], [ -122.124429453226981, 38.287798282063967 ], [ -122.125597263312301, 38.287798282827858 ], [ -122.12559726316907, 38.287618619305498 ], [ -122.127393894892123, 38.287798282659061 ], [ -122.127393894000619, 38.287618619268827 ], [ -122.127932883352727, 38.287618619677509 ], [ -122.128022715176883, 38.288427102910475 ], [ -122.125597264297923, 38.288427103180531 ], [ -122.125327768754175, 38.288157608151202 ] ] ] } },
{ "type": "Feature", "properties": { "csb_id": "061825012491179", "acres": 8.3367924702549807, "geoid": "06095" }, "geometry": { "type": "Polygon", "coordinates": [ [ [ -122.118770067649791, 38.287259293401931 ], [ -122.118680236508197, 38.285732157438524 ], [ -122.119039562377594, 38.28537283075589 ], [ -122.119937877634342, 38.28546266269764 ], [ -122.120207371318045, 38.28573215703873 ], [ -122.120207372377706, 38.287528787829835 ], [ -122.12047686639697, 38.287528788395555 ], [ -122.120476866540614, 38.287798282381246 ], [ -122.119039562641319, 38.287798282430721 ], [ -122.118770067649791, 38.287259293401931 ] ] ] } },
{ "type": "Feature", "properties": { "csb_id": "061825012491196", "acres": 12.577641802635201, "geoid": "06095" }, "geometry": { "type": "Polygon", "coordinates": [ [ [ -121.903443893936981, 38.289145754958454 ], [ -121.901916758084496, 38.287349124779752 ], [ -121.901916757828701, 38.286989798885074 ], [ -121.902815073474329, 38.286989798330907 ], [ -121.903084567312689, 38.287259292967917 ], [ -121.903084567474139, 38.286720304466542 ], [ -121.905150693135155, 38.286720304422666 ], [ -121.906408333996254, 38.286899967491031 ], [ -121.906408333837604, 38.287349124645218 ], [ -121.904881198355895, 38.287349124441754 ], [ -121.904342208903785, 38.287888113757489 ], [ -121.904342209062506, 38.288516934643724 ], [ -121.90398288352668, 38.288516934270199 ], [ -121.903982883143414, 38.289145755510503 ], [ -121.903443893936981, 38.289145754958454 ] ] ] } },
{ "type": "Feature", "properties": { "csb_id": "061825012491202", "acres": 20.014119594704599, "geoid": "06095" }, "geometry": { "type": "Polygon", "coordinates": [ [ [ -122.125866757856869, 38.287528788183621 ], [ -122.12083619239209, 38.28752878778333 ], [ -122.121734508305281, 38.287528787481499 ], [ -122.121734507193722, 38.287259293623535 ], [ -122.121105687606672, 38.287259293112676 ], [ -122.121105686931287, 38.286899967220236 ], [ -122.121105687149054, 38.286720304149902 ], [ -122.121465013775108, 38.286720304407986 ], [ -122.121734507571205, 38.286360977677511 ], [ -122.121734508261952, 38.285462662538976 ], [ -122.122632823198018, 38.285372831429598 ], [ -122.123531136890364, 38.286001651792191 ], [ -122.124070127138836, 38.286001651522135 ], [ -122.124968442716451, 38.285462662606072 ], [ -122.125597263643229, 38.285462662888939 ], [ -122.125597263544819, 38.285732157349784 ], [ -122.125866758470863, 38.286001652093795 ], [ -122.125866757856869, 38.287528788183621 ] ] ] } },
{ "type": "Feature", "properties": { "csb_id": "061825012491203", "acres": 6.6423737488255696, "geoid": "06095" }, "geometry": { "type": "Polygon", "coordinates": [ [ [ -122.116614109433613, 38.286899967765379 ], [ -122.116434448179888, 38.286720303772512 ], [ -122.116434447897518, 38.28537283216091 ], [ -122.11823107878233, 38.285372830757126 ], [ -122.118320910395624, 38.286001652502918 ], [ -122.118141247159443, 38.286001651521083 ], [ -122.118141247120008, 38.286360979063879 ], [ -122.118320910295324, 38.286360977469649 ], [ -122.118320909710633, 38.286720304387707 ], [ -122.118141247388678, 38.286899967973973 ], [ -122.116614109433613, 38.286899967765379 ] ] ] } },
{ "type": "Feature", "properties": { "csb_id": "061825012491208", "acres": 6.8621117336580104, "geoid": "06095" }, "geometry": { "type": "Polygon", "coordinates": [ [ [ -122.10834960989088, 38.285103336264875 ], [ -122.108529273398872, 38.284564347694342 ], [ -122.110056408759448, 38.284564347476454 ], [ -122.110056409214749, 38.285462662809799 ], [ -122.110685230061023, 38.2857321570132 ], [ -122.110505567484211, 38.286360978151215 ], [ -122.109158093385687, 38.286360977827393 ], [ -122.10834960989088, 38.285103336264875 ] ] ] } },
{ "type": "Feature", "properties": { "csb_id": "061825012491210", "acres": 5.8872247132767601, "geoid": "06095" }, "geometry": { "type": "Polygon", "coordinates": [ [ [ -122.127843050522912, 38.285103336494885 ], [ -122.124429453616884, 38.285103336874407 ], [ -122.12442945415755, 38.28438468397087 ], [ -122.127843053016093, 38.284384685154308 ], [ -122.127843050522912, 38.285103336494885 ] ] ] } },
{ "type": "Feature", "properties": { "csb_id": "061825012491211", "acres": 10.0185125859437, "geoid": "06095" }, "geometry": { "type": "Polygon", "coordinates": [ [ [ -122.124159959495302, 38.285103336738416 ], [ -122.118680235915178, 38.28510333682275 ], [ -122.118410741567175, 38.284833841918989 ], [ -122.118410740914854, 38.284474516058552 ], [ -122.12442945415755, 38.28438468397087 ], [ -122.124429454108068, 38.284923673805736 ], [ -122.124159959495302, 38.285103336738416 ] ] ] } },
{ "type": "Feature", "properties": { "csb_id": "061825012491222", "acres": 11.7346072689636, "geoid": "06095" }, "geometry": { "type": "Polygon", "coordinates": [ [ [ -122.127663388532312, 38.28411519012964 ], [ -122.124429453783577, 38.284115189596875 ], [ -122.12442945377235, 38.283306706204804 ], [ -122.124698948090796, 38.282767716739983 ], [ -122.127393893827701, 38.282767716578256 ], [ -122.127393894892961, 38.282408390913318 ], [ -122.127663388926123, 38.282408391093497 ], [ -122.128202378143143, 38.283755863920682 ], [ -122.127663388532312, 38.28411519012964 ] ] ] } },
{ "type": "Feature", "properties": { "csb_id": "061825012491226", "acres": 9.3248419377250293, "geoid": "06095" }, "geometry": { "type": "Polygon", "coordinates": [ [ [ -122.10861910448547, 38.284564347095383 ], [ -122.108529272835128, 38.284833841602456 ], [ -122.108259778273592, 38.28483384214676 ], [ -122.108259779080996, 38.284474515665075 ], [ -122.108888600018602, 38.284474516140556 ], [ -122.108888597840235, 38.28420502160963 ], [ -122.107990283622073, 38.284205021813733 ], [ -122.107990284426023, 38.283935526419391 ], [ -122.108529273389337, 38.283666031646476 ], [ -122.108888599350763, 38.283666032182218 ], [ -122.108888599660531, 38.283037211013003 ], [ -122.108529273442258, 38.283037211203421 ], [ -122.10852927374583, 38.282138895925982 ], [ -122.110325903742449, 38.282138895680731 ], [ -122.110325903687766, 38.282767716730696 ], [ -122.110056408959693, 38.282767716412764 ], [ -122.109786914151186, 38.283037211270099 ], [ -122.109786914868494, 38.283306705930691 ], [ -122.110056409039004, 38.283306706464849 ], [ -122.110056408759448, 38.284564347476454 ], [ -122.10861910448547, 38.284564347095383 ] ] ] } },
{ "type": "Feature", "properties": { "csb_id": "061825012491227", "acres": 13.3506627422236, "geoid": "06095" }, "geometry": { "type": "Polygon", "coordinates": [ [ [ -122.107990283705888, 38.285103336378434 ], [ -122.107361463354238, 38.285193168062136 ], [ -122.107091967605911, 38.283935526905879 ], [ -122.105924156298514, 38.283935527150454 ], [ -122.105834325632259, 38.283306706753592 ], [ -122.105295338691292, 38.283037211736179 ], [ -122.105295338757628, 38.282767716782331 ], [ -122.108529273396414, 38.282228727896388 ], [ -122.108529273442258, 38.283037211203421 ], [ -122.108888599660531, 38.283037211013003 ], [ -122.108888599350763, 38.283666032182218 ], [ -122.108529273389337, 38.283666031646476 ], [ -122.107990284426023, 38.283935526419391 ], [ -122.107990283622073, 38.284205021813733 ], [ -122.108169946027388, 38.284205021095843 ], [ -122.107990283705888, 38.285103336378434 ] ] ] } },
{ "type": "Feature", "properties": { "csb_id": "061825012491229", "acres": 4.4994354631283997, "geoid": "06095" }, "geometry": { "type": "Polygon", "coordinates": [ [ [ -122.11175325100497, 38.282328472584254 ], [ -122.111224218898769, 38.281959233428118 ], [ -122.111224218911815, 38.280611759920227 ], [ -122.111583545893879, 38.280342265778089 ], [ -122.111853039955108, 38.280342265589368 ], [ -122.1118530393951, 38.28124058061406 ], [ -122.112122534302372, 38.281510075229633 ], [ -122.112481860454182, 38.281510074973369 ], [ -122.112751355381292, 38.281869401013871 ], [ -122.1127513552388, 38.282138896398003 ], [ -122.112481860605271, 38.282408390523607 ], [ -122.11175325100497, 38.282328472584254 ] ] ] } },
{ "type": "Feature", "properties": { "csb_id": "061825012491231", "acres": 70.682125228031595, "geoid": "06095" }, "geometry": { "type": "Polygon", "coordinates": [ [ [ -122.11544630101362, 38.286810135991161 ], [ -122.115446300489438, 38.286630472390492 ], [ -122.112751355354007, 38.286630472544473 ], [ -122.11068523029931, 38.286450809115252 ], [ -122.110685230061023, 38.2857321570132 ], [ -122.110056409214749, 38.285462662809799 ], [ -122.110056409039004, 38.283306706464849 ], [ -122.109786914868494, 38.283306705930691 ], [ -122.109786914151186, 38.283037211270099 ], [ -122.110056408959693, 38.282767716412764 ], [ -122.110325903687766, 38.282767716730696 ], [ -122.110325904479097, 38.282228727893177 ], [ -122.112481859999235, 38.282767716874304 ], [ -122.113380175319264, 38.282677885526965 ], [ -122.115446301194012, 38.281869401580813 ], [ -122.116524278907278, 38.28186940134227 ], [ -122.118051415604654, 38.284564347107121 ], [ -122.11814124644583, 38.28510333697642 ], [ -122.116254784255332, 38.285103336309582 ], [ -122.116254784752186, 38.286720304327297 ], [ -122.11544630101362, 38.286810135991161 ] ] ] } },
{ "type": "Feature", "properties": { "csb_id": "061825012491234", "acres": 7.5045621800442497, "geoid": "06095" }, "geometry": { "type": "Polygon", "coordinates": [ [ [ -122.125597264000959, 38.282767716307568 ], [ -122.12559726323029, 38.282408391105108 ], [ -122.125327769652912, 38.282408390931053 ], [ -122.125327769526308, 38.281510075433424 ], [ -122.126226083985571, 38.281510075712148 ], [ -122.126495579183171, 38.281060918140916 ], [ -122.126226084852547, 38.281060917470313 ], [ -122.126226084922024, 38.280611760316191 ], [ -122.126765073620291, 38.280611760340037 ], [ -122.12685490512618, 38.280342265494717 ], [ -122.126854905030356, 38.28168973850466 ], [ -122.12739389417537, 38.281689738325483 ], [ -122.127663389344249, 38.281869401479554 ], [ -122.127663388926123, 38.282408391093497 ], [ -122.127393894892961, 38.282408390913318 ], [ -122.127393893827701, 38.282767716578256 ], [ -122.125597264000959, 38.282767716307568 ] ] ] } },
{ "type": "Feature", "properties": { "csb_id": "061825012491235", "acres": 5.4677925725171601, "geoid": "06095" }, "geometry": { "type": "Polygon", "coordinates": [ [ [ -122.10942758881292, 38.281510075047755 ], [ -122.109517420704719, 38.280611760431853 ], [ -122.110056409097069, 38.280611760552183 ], [ -122.11005640961281, 38.280342265360375 ], [ -122.110685229697694, 38.280342265809473 ], [ -122.111224218911815, 38.280611759920227 ], [ -122.111224218898769, 38.281959233428118 ], [ -122.110176417453246, 38.281839223628275 ], [ -122.110056409239249, 38.281510075255525 ], [ -122.10942758881292, 38.281510075047755 ] ] ] } },
{ "type": "Feature", "properties": { "csb_id": "061825012491239", "acres": 5.0935005475081496, "geoid": "06095" }, "geometry": { "type": "Polygon", "coordinates": [ [ [ -122.128561703483712, 38.281240580675536 ], [ -122.127034567556507, 38.281420243780339 ], [ -122.12712439943634, 38.280162602543612 ], [ -122.128561703448611, 38.280072770686807 ], [ -122.128921029894798, 38.280611760581763 ], [ -122.128921030431826, 38.280971086641017 ], [ -122.128561703483712, 38.281240580675536 ] ] ] } },
{ "type": "Feature", "properties": { "csb_id": "061825012491245", "acres": 29.806321323158201, "geoid": "06095" }, "geometry": { "type": "Polygon", "coordinates": [ [ [ -122.122273496600343, 38.284115189404623 ], [ -122.122273496988171, 38.281869401546402 ], [ -122.122004002027055, 38.28186940130756 ], [ -122.122004002946539, 38.281240580492899 ], [ -122.122273496711742, 38.281240580489616 ], [ -122.122273496748534, 38.280611760265771 ], [ -122.122004002321603, 38.280162602903324 ], [ -122.126765074191113, 38.280342265680162 ], [ -122.126765073620291, 38.280611760340037 ], [ -122.126226084922024, 38.280611760316191 ], [ -122.126226083985571, 38.281510075712148 ], [ -122.125327769526308, 38.281510075433424 ], [ -122.125327769652912, 38.282408390931053 ], [ -122.12559726323029, 38.282408391105108 ], [ -122.125597264000959, 38.282767716307568 ], [ -122.124698948090796, 38.282767716739983 ], [ -122.12442945377235, 38.283306706204804 ], [ -122.124429453783577, 38.284115189596875 ], [ -122.122273496600343, 38.284115189404623 ] ] ] } },
{ "type": "Feature", "properties": { "csb_id": "061825012491248", "acres": 42.908421501400497, "geoid": "06095" }, "geometry": { "type": "Polygon", "coordinates": [ [ [ -122.117781921417375, 38.283306706301524 ], [ -122.11688360568705, 38.281959232784409 ], [ -122.116883605172845, 38.281510075258318 ], [ -122.119937877068608, 38.280162602117045 ], [ -122.122004002321603, 38.280162602903324 ], [ -122.122273496748534, 38.280611760265771 ], [ -122.122273496711742, 38.281240580489616 ], [ -122.122004002946539, 38.281240580492899 ], [ -122.122004002027055, 38.28186940130756 ], [ -122.122273496988171, 38.281869401546402 ], [ -122.122273496600343, 38.284115189404623 ], [ -122.118141246529817, 38.284205021279455 ], [ -122.117781921417375, 38.283306706301524 ] ] ] } },
{ "type": "Feature", "properties": { "csb_id": "061825012491252", "acres": 4.0536552863583699, "geoid": "06095" }, "geometry": { "type": "Polygon", "coordinates": [ [ [ -122.108619104548652, 38.28034226646546 ], [ -122.108439442031141, 38.280072771496172 ], [ -122.107990284094754, 38.278545635025431 ], [ -122.108529272738494, 38.278545634776208 ], [ -122.108529273598634, 38.278815129406134 ], [ -122.108888599615597, 38.278815129394701 ], [ -122.108888598992763, 38.279443949877688 ], [ -122.109786915200843, 38.279443950382969 ], [ -122.109786914975999, 38.280072770574883 ], [ -122.109158094320108, 38.280072770792366 ], [ -122.109158093841515, 38.280342265262703 ], [ -122.108619104548652, 38.28034226646546 ] ] ] } },
{ "type": "Feature", "properties": { "csb_id": "061825012491253", "acres": 35.7408816068574, "geoid": "06095" }, "geometry": { "type": "Polygon", "coordinates": [ [ [ -122.092988418251537, 38.283935526671776 ], [ -122.09119178847385, 38.284025358134812 ], [ -122.091191787071551, 38.284205021313205 ], [ -122.090652798070607, 38.284294852685001 ], [ -122.089754483389896, 38.284294852972963 ], [ -122.089754483703999, 38.284564347451067 ], [ -122.089395158312811, 38.284564347375792 ], [ -122.089395157643779, 38.283666032377937 ], [ -122.090023978839042, 38.282857547966117 ], [ -122.090023978461929, 38.282408390986916 ], [ -122.090922291304864, 38.281240581290596 ], [ -122.091191786978683, 38.280162602941395 ], [ -122.091191786720515, 38.279443950377754 ], [ -122.091461281291558, 38.279264287427743 ], [ -122.092449428265539, 38.279443950171412 ], [ -122.094066396159704, 38.281510075332619 ], [ -122.094246058320266, 38.282138896713661 ], [ -122.094156227080035, 38.282767717308857 ], [ -122.09361723683368, 38.283127043234884 ], [ -122.092988418251537, 38.283935526671776 ] ] ] } },
{ "type": "Feature", "properties": { "csb_id": "061825012491254", "acres": 5.09362236661421, "geoid": "06095" }, "geometry": { "type": "Polygon", "coordinates": [ [ [ -122.109786914494251, 38.279713444489808 ], [ -122.109786915200843, 38.279443950382969 ], [ -122.108888598992763, 38.279443949877688 ], [ -122.108888599615597, 38.278815129394701 ], [ -122.109786915101978, 38.278276140439559 ], [ -122.10978691462023, 38.277916814312086 ], [ -122.110325904003076, 38.27791681428824 ], [ -122.110325904108137, 38.278815129876172 ], [ -122.110954724593, 38.278815129718964 ], [ -122.11095472460633, 38.279174455318007 ], [ -122.110685229955223, 38.279443950202086 ], [ -122.109786914494251, 38.279713444489808 ] ] ] } },
{ "type": "Feature", "properties": { "csb_id": "061825012491257", "acres": 43.902780258937398, "geoid": "06095" }, "geometry": { "type": "Polygon", "coordinates": [ [ [ -122.114278491278228, 38.282049064983184 ], [ -122.112392029096057, 38.282498221971998 ], [ -122.1127513552388, 38.282138896398003 ], [ -122.112751355381292, 38.281869401013871 ], [ -122.112481860454182, 38.281510074973369 ], [ -122.112122534302372, 38.281510075229633 ], [ -122.1118530393951, 38.28124058061406 ], [ -122.111853039955108, 38.280342265589368 ], [ -122.111583545893879, 38.280342265778089 ], [ -122.111583545563917, 38.28007277047211 ], [ -122.110685230441419, 38.280072770987552 ], [ -122.110685229697694, 38.280342265809473 ], [ -122.11005640961281, 38.280342265360375 ], [ -122.109786914975999, 38.280072770574883 ], [ -122.109786914494251, 38.279713444489808 ], [ -122.110685229955223, 38.279443950202086 ], [ -122.11095472460633, 38.279174455318007 ], [ -122.110954724593, 38.278815129718964 ], [ -122.110325904108137, 38.278815129876172 ], [ -122.110325903843332, 38.277647319907501 ], [ -122.111224218330747, 38.277647319401275 ], [ -122.111224218300592, 38.277018499264642 ], [ -122.112122535207973, 38.27701850018704 ], [ -122.112122534324826, 38.276749005438695 ], [ -122.112481861284536, 38.276749005493286 ], [ -122.112481860951192, 38.27701849986704 ], [ -122.113649670820465, 38.277108330392672 ], [ -122.11508697466877, 38.279443949836264 ], [ -122.115266638498284, 38.280342265512523 ], [ -122.115480558738341, 38.280583863998793 ], [ -122.114718393577377, 38.280840287681713 ], [ -122.114637817789088, 38.281060917947933 ], [ -122.114770196233366, 38.281112938962615 ], [ -122.114278491278228, 38.282049064983184 ] ] ] } },
{ "type": "Feature", "properties": { "csb_id": "061825012491259", "acres": 22.094552265257601, "geoid": "06095" }, "geometry": { "type": "Polygon", "coordinates": [ [ [ -122.106732641145769, 38.281510075584521 ], [ -122.107361463540613, 38.281510075244668 ], [ -122.107990283554628, 38.280971086304874 ], [ -122.107990284569297, 38.28061175997567 ], [ -122.107720789005043, 38.280611760150663 ], [ -122.107361463855355, 38.280162602238519 ], [ -122.106732642382198, 38.280072770682075 ], [ -122.105295338005803, 38.280611760042646 ], [ -122.104936012027622, 38.280611760604735 ], [ -122.104666517846809, 38.280072771307836 ], [ -122.104666517355199, 38.279443950624952 ], [ -122.104037696891737, 38.279443949880715 ], [ -122.103768202371981, 38.279264287299924 ], [ -122.103804872242151, 38.279031461832645 ], [ -122.105295338158996, 38.278635466764662 ], [ -122.105564832997047, 38.278635466777963 ], [ -122.105564833137251, 38.278815129923821 ], [ -122.106463147956831, 38.278815129245238 ], [ -122.106463147697852, 38.278545635208701 ], [ -122.106313662773104, 38.278485980801698 ], [ -122.107583629517393, 38.278155341478119 ], [ -122.108439442320091, 38.280701591817959 ], [ -122.108619105425262, 38.28061176020497 ], [ -122.108619104548652, 38.28034226646546 ], [ -122.109158093841515, 38.280342265262703 ], [ -122.109158094320108, 38.280072770792366 ], [ -122.109786914975999, 38.280072770574883 ], [ -122.11005640961281, 38.280342265360375 ], [ -122.110056409097069, 38.280611760552183 ], [ -122.109517420704719, 38.280611760431853 ], [ -122.10942758881292, 38.281510075047755 ], [ -122.109158092659627, 38.2815100759302 ], [ -122.10915809282514, 38.281240580621592 ], [ -122.108529273699929, 38.281330412572011 ], [ -122.108446108910812, 38.281965899854271 ], [ -122.107091968415347, 38.281959233577972 ], [ -122.106732641145769, 38.281510075584521 ] ] ] } },
{ "type": "Feature", "properties": { "csb_id": "061825012491262", "acres": 15.253396304852, "geoid": "06095" }, "geometry": { "type": "Polygon", "coordinates": [ [ [ -122.131526145168195, 38.278904961267521 ], [ -122.131256649491348, 38.278365971759747 ], [ -122.130567824991644, 38.277964274944388 ], [ -122.129412559914797, 38.278049017226699 ], [ -122.129025994551583, 38.278319039159271 ], [ -122.127614700671174, 38.278429573664404 ], [ -122.126988072757641, 38.278915137433451 ], [ -122.12505827504387, 38.278994793289947 ], [ -122.124429453943691, 38.278545634576197 ], [ -122.125327768996243, 38.277647318561549 ], [ -122.132783785336272, 38.277737151062418 ], [ -122.13278378656409, 38.277916815514317 ], [ -122.132114523327019, 38.278109197473441 ], [ -122.131758969799534, 38.278778460429081 ], [ -122.131526145168195, 38.278904961267521 ] ] ] } },
{ "type": "Feature", "properties": { "csb_id": "061825012491263", "acres": 9.5638577057115501, "geoid": "06095" }, "geometry": { "type": "Polygon", "coordinates": [ [ [ -122.119788391900499, 38.279683266764458 ], [ -122.118226648309076, 38.277235708811368 ], [ -122.118058784234478, 38.276808833649561 ], [ -122.119039562651494, 38.276749004296065 ], [ -122.119039562592164, 38.277018499218357 ], [ -122.119578551087528, 38.277377825589099 ], [ -122.120207372003676, 38.277647319358415 ], [ -122.12110568679455, 38.277647319803073 ], [ -122.121105687023331, 38.277916814444893 ], [ -122.120297203757318, 38.279174455927212 ], [ -122.119937877219485, 38.279713444957856 ], [ -122.119788391900499, 38.279683266764458 ] ] ] } },
{ "type": "Feature", "properties": { "csb_id": "061825012491266", "acres": 28.3271717967346, "geoid": "06095" }, "geometry": { "type": "Polygon", "coordinates": [ [ [ -122.116238335596989, 38.28089774686989 ], [ -122.114907311900609, 38.278545634570818 ], [ -122.114817480498004, 38.278096477182864 ], [ -122.117781920609715, 38.276893138722698 ], [ -122.119488719780406, 38.279713444570191 ], [ -122.119309056990275, 38.280162602057324 ], [ -122.117512426109641, 38.280881254629541 ], [ -122.116238335596989, 38.28089774686989 ] ] ] } },
{ "type": "Feature", "properties": { "csb_id": "061825012491267", "acres": 3.9325589222891302, "geoid": "06095" }, "geometry": { "type": "Polygon", "coordinates": [ [ [ -122.108888598949477, 38.276928667414893 ], [ -122.107465857148512, 38.277155791141503 ], [ -122.107361463780023, 38.275850688795735 ], [ -122.107630957472551, 38.275581194639457 ], [ -122.10825977887464, 38.275581194621466 ], [ -122.108259778746273, 38.275850689304271 ], [ -122.108529272851442, 38.27585068909476 ], [ -122.108529273711582, 38.276120183772747 ], [ -122.10825977861785, 38.276120183982265 ], [ -122.108259778608229, 38.276479509558975 ], [ -122.108529273658633, 38.276749004500225 ], [ -122.108888599082732, 38.276749004269973 ], [ -122.108888598949477, 38.276928667414893 ] ] ] } },
{ "type": "Feature", "properties": { "csb_id": "061825012491269", "acres": 5.91374655896918, "geoid": "06095" }, "geometry": { "type": "Polygon", "coordinates": [ [ [ -122.111224218300592, 38.277018499264642 ], [ -122.111224219601766, 38.276749004758372 ], [ -122.110595398223481, 38.27647951012915 ], [ -122.11005640924671, 38.276479509836214 ], [ -122.110056409668402, 38.276120183181909 ], [ -122.110954724507749, 38.27612018420713 ], [ -122.110954724262925, 38.275850689310197 ], [ -122.111853039422755, 38.275850690398066 ], [ -122.111853039320366, 38.275311699995996 ], [ -122.112192364044432, 38.27518923421097 ], [ -122.112435936401482, 38.27528441724521 ], [ -122.112751355037361, 38.275850689456639 ], [ -122.112751355692524, 38.276120183846508 ], [ -122.112481859689382, 38.276120184241329 ], [ -122.112481861284536, 38.276749005493286 ], [ -122.112122534324826, 38.276749005438695 ], [ -122.112122535207973, 38.27701850018704 ], [ -122.111224218300592, 38.277018499264642 ] ] ] } },
{ "type": "Feature", "properties": { "csb_id": "061825012491271", "acres": 3.2431389987103998, "geoid": "06095" }, "geometry": { "type": "Polygon", "coordinates": [ [ [ -122.108888598949477, 38.276928667414893 ], [ -122.108888599082732, 38.276749004269973 ], [ -122.108529273658633, 38.276749004500225 ], [ -122.108259778608229, 38.276479509558975 ], [ -122.10825977861785, 38.276120183982265 ], [ -122.108529273711582, 38.276120183772747 ], [ -122.108529272851442, 38.27585068909476 ], [ -122.109427588413823, 38.275850689281455 ], [ -122.109427588923751, 38.276120183826841 ], [ -122.110056409668402, 38.276120183181909 ], [ -122.11005640924671, 38.276479509836214 ], [ -122.109786915540994, 38.276479510950274 ], [ -122.109786914521351, 38.276749004251059 ], [ -122.108888598949477, 38.276928667414893 ] ] ] } },
{ "type": "Feature", "properties": { "csb_id": "061825012491272", "acres": 24.099672182238798, "geoid": "06095" }, "geometry": { "type": "Polygon", "coordinates": [ [ [ -122.108529273598634, 38.278815129406134 ], [ -122.108529272738494, 38.278545634776208 ], [ -122.107990284094754, 38.278545635025431 ], [ -122.107849747021845, 38.27823701446362 ], [ -122.107359884144003, 38.277940851531767 ], [ -122.106463148093084, 38.278186309657926 ], [ -122.106193653685764, 38.277647319462282 ], [ -122.105564833752439, 38.277377826172909 ], [ -122.105564833471988, 38.277018499845013 ], [ -122.105025844047674, 38.277108331821388 ], [ -122.104936012281783, 38.278276140013865 ], [ -122.10412752827466, 38.27863546613294 ], [ -122.103498707738453, 38.278815129938316 ], [ -122.102600392030098, 38.278815129539417 ], [ -122.102600392469654, 38.278545634729987 ], [ -122.103887509625864, 38.278125953118042 ], [ -122.103947865865152, 38.277916814630423 ], [ -122.10381526757557, 38.277861109331056 ], [ -122.102869886772552, 38.278276140200973 ], [ -122.102420729322958, 38.27840150140949 ], [ -122.102330898248013, 38.278276140140548 ], [ -122.103229213468907, 38.276479509649164 ], [ -122.105295338830985, 38.276479510058415 ], [ -122.105295338757884, 38.276120183951114 ], [ -122.10619365404591, 38.276210015756469 ], [ -122.10646314824497, 38.276120183402654 ], [ -122.106463148755608, 38.275940521458146 ], [ -122.106822474115788, 38.275850689381691 ], [ -122.10736957812, 38.277484675903082 ], [ -122.1076309576912, 38.277557488019468 ], [ -122.109158093511041, 38.277198161937704 ], [ -122.109158093558278, 38.277647319595417 ], [ -122.109427588412217, 38.277916814240648 ], [ -122.10978691462023, 38.277916814312086 ], [ -122.109786915101978, 38.278276140439559 ], [ -122.109427588757228, 38.278545634628202 ], [ -122.108888599615597, 38.278815129394701 ], [ -122.108529273598634, 38.278815129406134 ] ] ] } },
{ "type": "Feature", "properties": { "csb_id": "061825012491273", "acres": 3.5056495833952002, "geoid": "06095" }, "geometry": { "type": "Polygon", "coordinates": [ [ [ -122.127124399477196, 38.276120183280455 ], [ -122.125597263998486, 38.276120183539433 ], [ -122.125776926415043, 38.275221868126209 ], [ -122.127393894086808, 38.275311700015706 ], [ -122.127393894445575, 38.275671026464515 ], [ -122.127124399477196, 38.276120183280455 ] ] ] } },
{ "type": "Feature", "properties": { "csb_id": "061825012491274", "acres": 33.095532677876903, "geoid": "06095" }, "geometry": { "type": "Polygon", "coordinates": [ [ [ -122.120207372338498, 38.279893108738719 ], [ -122.12155484496094, 38.277467657270094 ], [ -122.122812485859328, 38.275581194772684 ], [ -122.124429454340472, 38.275671026553347 ], [ -122.124698948495691, 38.275581194355318 ], [ -122.124698948473224, 38.275221868851126 ], [ -122.125327769611701, 38.275042206337453 ], [ -122.125207760581603, 38.276090007118007 ], [ -122.124878611755463, 38.276479510628334 ], [ -122.124429453792857, 38.276569341074378 ], [ -122.124429453675688, 38.27701849874417 ], [ -122.124698948414732, 38.277018499104251 ], [ -122.124668770296168, 38.277257815778107 ], [ -122.123800633092074, 38.278276140668453 ], [ -122.123800633380895, 38.278545634660269 ], [ -122.124897867402112, 38.279304465577397 ], [ -122.125058275207422, 38.279893108208277 ], [ -122.120207372338498, 38.279893108738719 ] ] ] } },
{ "type": "Feature", "properties": { "csb_id": "061825012491275", "acres": 6.7896945571814697, "geoid": "06095" }, "geometry": { "type": "Polygon", "coordinates": [ [ [ -122.110954724507749, 38.27612018420713 ], [ -122.109427588923751, 38.276120183826841 ], [ -122.109427588413823, 38.275850689281455 ], [ -122.108259778746273, 38.275850689304271 ], [ -122.10825977887464, 38.275581194621466 ], [ -122.108080115787047, 38.275491363766072 ], [ -122.111044555888483, 38.274862542532354 ], [ -122.111510162740203, 38.275115544130905 ], [ -122.111583545501986, 38.275581194054205 ], [ -122.11185304063882, 38.275581195386756 ], [ -122.111853039422755, 38.275850690398066 ], [ -122.110954724262925, 38.275850689310197 ], [ -122.110954724507749, 38.27612018420713 ] ] ] } },
{ "type": "Feature", "properties": { "csb_id": "061825012491277", "acres": 11.110033790845799, "geoid": "06095" }, "geometry": { "type": "Polygon", "coordinates": [ [ [ -122.114488331388785, 38.277886637001998 ], [ -122.114278489529312, 38.277377825633074 ], [ -122.11368984850165, 38.276768304682918 ], [ -122.113649669055334, 38.276479509795251 ], [ -122.115176804893551, 38.276479510276481 ], [ -122.115446301532486, 38.275850689031415 ], [ -122.116883604748608, 38.275850689461954 ], [ -122.116883605425528, 38.275581194254052 ], [ -122.117637742601303, 38.276659172946196 ], [ -122.11607512001936, 38.277377825259521 ], [ -122.114488331388785, 38.277886637001998 ] ] ] } },
{ "type": "Feature", "properties": { "csb_id": "061825012491278", "acres": 11.938971406830101, "geoid": "06095" }, "geometry": { "type": "Polygon", "coordinates": [ [ [ -122.120207372003676, 38.277647319358415 ], [ -122.119039562592164, 38.277018499218357 ], [ -122.119039562651494, 38.276749004296065 ], [ -122.118410741174188, 38.276749004461244 ], [ -122.119758214715475, 38.276210014977174 ], [ -122.119848045637653, 38.275940520462072 ], [ -122.120207371810906, 38.276210016274575 ], [ -122.119937877583297, 38.275850688965974 ], [ -122.119937876882148, 38.275581194397141 ], [ -122.121105686834753, 38.275581194592192 ], [ -122.121105687270187, 38.275221868185035 ], [ -122.122632823500524, 38.275221868509007 ], [ -122.122632823243336, 38.275581194651814 ], [ -122.122004002962285, 38.275581195650631 ], [ -122.1220040024062, 38.276120183880053 ], [ -122.121734507394351, 38.276749004274095 ], [ -122.121465012940561, 38.277018499051991 ], [ -122.121105687447695, 38.277108330263076 ], [ -122.12083619256812, 38.277647319293351 ], [ -122.120207372003676, 38.277647319358415 ] ] ] } },
{ "type": "Feature", "properties": { "csb_id": "061825012491279", "acres": 9.1610611707304397, "geoid": "06095" }, "geometry": { "type": "Polygon", "coordinates": [ [ [ -122.099276625960442, 38.277916814670334 ], [ -122.097479995181487, 38.277377825506321 ], [ -122.097479995460688, 38.276569341437416 ], [ -122.097839321582114, 38.27656934164758 ], [ -122.097839321532703, 38.275221868324373 ], [ -122.098378310412173, 38.27522186829048 ], [ -122.098378310261012, 38.27558119451384 ], [ -122.09927662556882, 38.275581194995048 ], [ -122.099276626307812, 38.276120183685272 ], [ -122.099635952110233, 38.276120183795904 ], [ -122.099635951329702, 38.276569341033237 ], [ -122.099276625493275, 38.27710833019416 ], [ -122.099276625960442, 38.277916814670334 ] ] ] } },
{ "type": "Feature", "properties": { "csb_id": "061825012491283", "acres": 6.89907669047399, "geoid": "06095" }, "geometry": { "type": "Polygon", "coordinates": [ [ [ -122.117781920893876, 38.27656934163339 ], [ -122.117242931684032, 38.27558119413024 ], [ -122.118410742066004, 38.275581194806961 ], [ -122.118410741558236, 38.274952374259016 ], [ -122.118680236020268, 38.274682879512888 ], [ -122.119578551076259, 38.274682879450459 ], [ -122.119578550953236, 38.275221868373421 ], [ -122.119937877162343, 38.275221868341916 ], [ -122.119937877712601, 38.275940520201594 ], [ -122.117781920893876, 38.27656934163339 ] ] ] } },
{ "type": "Feature", "properties": { "csb_id": "061825012491284", "acres": 4.7156229245170298, "geoid": "06095" }, "geometry": { "type": "Polygon", "coordinates": [ [ [ -122.110056409150303, 38.274862542576074 ], [ -122.107630957686013, 38.275311700435836 ], [ -122.107361462983476, 38.274952373664675 ], [ -122.107361463074696, 38.274682879691767 ], [ -122.108259778827971, 38.274682878771401 ], [ -122.108619104367079, 38.274054058912469 ], [ -122.110056409384057, 38.274323553083555 ], [ -122.110056408649271, 38.274682878922292 ], [ -122.110325902570835, 38.274682879441954 ], [ -122.110056409150303, 38.274862542576074 ] ] ] } },
{ "type": "Feature", "properties": { "csb_id": "061825012491287", "acres": 5.4060431368643904, "geoid": "06095" }, "geometry": { "type": "Polygon", "coordinates": [ [ [ -122.112481860982342, 38.274952373671816 ], [ -122.112481860810988, 38.274323552961157 ], [ -122.112032703226518, 38.274323552936494 ], [ -122.111816062785721, 38.273979754311661 ], [ -122.111942871227086, 38.273784563699785 ], [ -122.112751355292886, 38.273604900822257 ], [ -122.112751355093565, 38.273784564224002 ], [ -122.11364967093327, 38.273784564139987 ], [ -122.113649670127543, 38.274054058676704 ], [ -122.114817480646749, 38.274054058508113 ], [ -122.114817480479303, 38.274323552907518 ], [ -122.114278491231431, 38.274323553314133 ], [ -122.113919165047804, 38.274772711120775 ], [ -122.113380176206491, 38.274952374168748 ], [ -122.112481860982342, 38.274952373671816 ] ], [ [ -122.112212365742451, 38.274054058936663 ], [ -122.112122534833958, 38.273874395414609 ], [ -122.112122534207671, 38.274054058570997 ], [ -122.112212365742451, 38.274054058936663 ] ] ] } },
{ "type": "Feature", "properties": { "csb_id": "061825012491288", "acres": 4.4063616356399304, "geoid": "06095" }, "geometry": { "type": "Polygon", "coordinates": [ [ [ -122.106463148171173, 38.274323552939713 ], [ -122.106463147796788, 38.273874395135984 ], [ -122.108259779094368, 38.273784563726004 ], [ -122.10861910460666, 38.273964226893661 ], [ -122.108259778827971, 38.274682878771401 ], [ -122.107091969123218, 38.274682879167734 ], [ -122.107091968356528, 38.274952373999412 ], [ -122.106732642661854, 38.274952373732219 ], [ -122.106463148171173, 38.274323552939713 ] ] ] } },
{ "type": "Feature", "properties": { "csb_id": "061825012491289", "acres": 6.42434020346625, "geoid": "06095" }, "geometry": { "type": "Polygon", "coordinates": [ [ [ -122.093297039251482, 38.276350552630497 ], [ -122.092988418413981, 38.275221868641189 ], [ -122.092988419462259, 38.274323553348403 ], [ -122.093617239808907, 38.274323552896156 ], [ -122.093617239354828, 38.274682879697075 ], [ -122.094156229099809, 38.274952374040197 ], [ -122.094785049728173, 38.274952373358964 ], [ -122.094785049620072, 38.275671027381534 ], [ -122.094246060230816, 38.275671025883398 ], [ -122.094246060217699, 38.275940520464673 ], [ -122.094785049941606, 38.276120183494506 ], [ -122.09478504933216, 38.276479510603103 ], [ -122.093617239477865, 38.276479510270271 ], [ -122.093297039251482, 38.276350552630497 ] ], [ [ -122.094156229172839, 38.275850689379908 ], [ -122.09388673428856, 38.275850688835668 ], [ -122.093886734381073, 38.276120184030596 ], [ -122.094156228830229, 38.276120183957957 ], [ -122.094156229172839, 38.275850689379908 ] ] ] } },
{ "type": "Feature", "properties": { "csb_id": "061825012491291", "acres": 6.7111585343824602, "geoid": "06095" }, "geometry": { "type": "Polygon", "coordinates": [ [ [ -121.962014050367799, 38.275850689221677 ], [ -121.961475060767626, 38.27585068913455 ], [ -121.961115735171575, 38.275671026050489 ], [ -121.961115734635953, 38.275042205204493 ], [ -121.96057674634487, 38.275042204959135 ], [ -121.960576745977434, 38.274413385049492 ], [ -121.960846240743777, 38.27414388993305 ], [ -121.961475061196495, 38.27414389048262 ], [ -121.962283545250756, 38.274413385018825 ], [ -121.962912365966062, 38.275042205757295 ], [ -121.962912365794054, 38.275311699540907 ], [ -121.962642871268002, 38.275671026369835 ], [ -121.962014050145385, 38.275671026328666 ], [ -121.962014050367799, 38.275850689221677 ] ] ] } },
{ "type": "Feature", "properties": { "csb_id": "061825012491292", "acres": 6.4400165498912703, "geoid": "06095" }, "geometry": { "type": "Polygon", "coordinates": [ [ [ -122.119937876882148, 38.275581194397141 ], [ -122.119937877162343, 38.275221868341916 ], [ -122.119578550953236, 38.275221868373421 ], [ -122.119578551689926, 38.274323552757082 ], [ -122.121105687561268, 38.274323553229962 ], [ -122.121105687332502, 38.274054058523731 ], [ -122.121734507558131, 38.274054058355865 ], [ -122.122004002579274, 38.274682879396494 ], [ -122.122004002457828, 38.274952373959167 ], [ -122.121734507978161, 38.27495237392133 ], [ -122.1217345079789, 38.275221868237026 ], [ -122.121105687270187, 38.275221868185035 ], [ -122.121105686834753, 38.275581194592192 ], [ -122.119937876882148, 38.275581194397141 ] ] ] } },
{ "type": "Feature", "properties": { "csb_id": "061825012491293", "acres": 2.7697231428682199, "geoid": "06095" }, "geometry": { "type": "Polygon", "coordinates": [ [ [ -122.109068262894695, 38.27414388995475 ], [ -122.109158094285291, 38.273784565092896 ], [ -122.108529273887001, 38.273694733478699 ], [ -122.108529272713838, 38.273425237898174 ], [ -122.110325903729802, 38.273515069768926 ], [ -122.110325904049262, 38.274054058673954 ], [ -122.110685230218081, 38.274054058499651 ], [ -122.110685229474427, 38.274323553428957 ], [ -122.109068262894695, 38.27414388995475 ] ], [ [ -122.110056409930863, 38.273784564430343 ], [ -122.109786914861516, 38.273784564287993 ], [ -122.109786913044275, 38.274054058738066 ], [ -122.110056409102128, 38.274054058880452 ], [ -122.110056409930863, 38.273784564430343 ] ] ] } },
{ "type": "Feature", "properties": { "csb_id": "061825012491295", "acres": 37.668786077351498, "geoid": "06095" }, "geometry": { "type": "Polygon", "coordinates": [ [ [ -122.101073256395409, 38.278545634621686 ], [ -122.099276626102466, 38.278096477255154 ], [ -122.099276625493275, 38.27710833019416 ], [ -122.099635951329702, 38.276569341033237 ], [ -122.099635952110233, 38.276120183795904 ], [ -122.099276626307812, 38.276120183685272 ], [ -122.09927662556882, 38.275581194995048 ], [ -122.099905446699054, 38.275581194208833 ], [ -122.099905446373924, 38.27495237383787 ], [ -122.100174941449183, 38.274323554286958 ], [ -122.100174940550261, 38.273425237837415 ], [ -122.100444435471076, 38.272976080168192 ], [ -122.10134275160955, 38.272886248787678 ], [ -122.101342751312941, 38.273155743589541 ], [ -122.102241066679426, 38.274054058490165 ], [ -122.103768201848922, 38.274772711034593 ], [ -122.101971572030237, 38.27854563528259 ], [ -122.101073256395409, 38.278545634621686 ] ], [ [ -122.10170207678587, 38.274682879132378 ], [ -122.101971572221757, 38.274682879099984 ], [ -122.10197157160178, 38.274323552902509 ], [ -122.101702077483878, 38.274323552934952 ], [ -122.10170207678587, 38.274682879132378 ], [ -122.101073256569094, 38.274682880389392 ], [ -122.101073256081762, 38.274952374058024 ], [ -122.101702076696512, 38.274952374143652 ], [ -122.10170207678587, 38.274682879132378 ] ], [ [ -122.100803761394062, 38.274952373596371 ], [ -122.100803761446201, 38.27468287931098 ], [ -122.100174941370582, 38.274682879649397 ], [ -122.100174941233419, 38.274952373450844 ], [ -122.100803761394062, 38.274952373596371 ] ] ] } },
{ "type": "Feature", "properties": { "csb_id": "061825012491300", "acres": 6.47882312280821, "geoid": "06095" }, "geometry": { "type": "Polygon", "coordinates": [ [ [ -122.097749489527715, 38.274323553603026 ], [ -122.097210500886675, 38.274323553189951 ], [ -122.096851174610578, 38.274054058732681 ], [ -122.096851174909517, 38.273425237366972 ], [ -122.09747999507762, 38.273425237763753 ], [ -122.097479995289007, 38.273784563921417 ], [ -122.09864780541001, 38.273784563586446 ], [ -122.099546119949409, 38.272886248965804 ], [ -122.099905446737978, 38.272886248336228 ], [ -122.099905446223346, 38.273425237474846 ], [ -122.099546120935116, 38.273784563754255 ], [ -122.09954612022814, 38.274054059047437 ], [ -122.098737636999516, 38.274143890127633 ], [ -122.098737636659251, 38.274413384688486 ], [ -122.099007131137327, 38.274413384660427 ], [ -122.099007131712696, 38.27531169986446 ], [ -122.098737636474056, 38.275311700267373 ], [ -122.098737636814349, 38.27504220572272 ], [ -122.098378310479958, 38.274772710988991 ], [ -122.098108816420492, 38.274772711113975 ], [ -122.097749489527715, 38.274323553603026 ] ] ] } },
{ "type": "Feature", "properties": { "csb_id": "061825012491304", "acres": 4.1241231278540402, "geoid": "06095" }, "geometry": { "type": "Polygon", "coordinates": [ [ [ -122.110954724422541, 38.273425238211978 ], [ -122.108888600108529, 38.273425238330873 ], [ -122.108888598063686, 38.272976080413947 ], [ -122.108619104917153, 38.272886248746062 ], [ -122.109786914998153, 38.272526922493817 ], [ -122.110415735887855, 38.272526922546554 ], [ -122.110954724177745, 38.273155743266386 ], [ -122.110954724422541, 38.273425238211978 ] ] ] } },
{ "type": "Feature", "properties": { "csb_id": "061825012491312", "acres": 25.771772273588599, "geoid": "06095" }, "geometry": { "type": "Polygon", "coordinates": [ [ [ -122.117123272696745, 38.275520663307532 ], [ -122.116733769414637, 38.275282399614596 ], [ -122.116883604748608, 38.275850689461954 ], [ -122.114547985412429, 38.275940521066154 ], [ -122.114008996861088, 38.276210014944141 ], [ -122.114008995151934, 38.276479509921316 ], [ -122.113649669055334, 38.276479509795251 ], [ -122.113649670935473, 38.275850689304036 ], [ -122.114110715287055, 38.275103788772491 ], [ -122.114601410538143, 38.274923599501037 ], [ -122.115176805844868, 38.27540153159466 ], [ -122.11517680650752, 38.27558119422568 ], [ -122.115715795924586, 38.275581194634995 ], [ -122.116075122189145, 38.275221868632038 ], [ -122.116075121386004, 38.274682879024823 ], [ -122.115715796017568, 38.274682879279403 ], [ -122.115715795147636, 38.274503216395487 ], [ -122.117695423101466, 38.273668239216022 ], [ -122.118770067291493, 38.273515069079664 ], [ -122.118770067541789, 38.273245575195084 ], [ -122.118410741145638, 38.273065912213994 ], [ -122.118680236511835, 38.27225742818073 ], [ -122.119668383089007, 38.272257428144499 ], [ -122.119668382601489, 38.272616754029208 ], [ -122.11993787716105, 38.272886248706108 ], [ -122.120566698356356, 38.272886248414181 ], [ -122.121105687623555, 38.273155743498272 ], [ -122.121105687103736, 38.27378456381259 ], [ -122.120836192778143, 38.273784563632617 ], [ -122.120836192018416, 38.274054058343708 ], [ -122.121105687332502, 38.274054058523731 ], [ -122.121105687561268, 38.274323553229962 ], [ -122.119578551689926, 38.274323552757082 ], [ -122.119578551076259, 38.274682879450459 ], [ -122.118680236020268, 38.274682879512888 ], [ -122.118410741558236, 38.274952374259016 ], [ -122.118410742066004, 38.275581194806961 ], [ -122.117123272696745, 38.275520663307532 ] ] ] } },
{ "type": "Feature", "properties": { "csb_id": "061825012491313", "acres": 39.467595132961002, "geoid": "06095" }, "geometry": { "type": "Polygon", "coordinates": [ [ [ -122.097210500664474, 38.276749005410636 ], [ -122.096581680055621, 38.27656934097336 ], [ -122.096581679481645, 38.276210014991648 ], [ -122.096042691241607, 38.275671026383435 ], [ -122.094785049620072, 38.275671027381534 ], [ -122.094785049728173, 38.274952373358964 ], [ -122.094156229099809, 38.274952374040197 ], [ -122.093617239354828, 38.274682879697075 ], [ -122.093617239808907, 38.274323552896156 ], [ -122.092988419462259, 38.274323553348403 ], [ -122.092718922911118, 38.272886248758937 ], [ -122.094296765017447, 38.27275729172483 ], [ -122.095683363690412, 38.272257428077708 ], [ -122.095683363187504, 38.271987933320723 ], [ -122.095952859422582, 38.271987933034197 ], [ -122.096581679302929, 38.272077765109124 ], [ -122.096581680566416, 38.2723472594895 ], [ -122.098108815038401, 38.272347259877357 ], [ -122.09810881485916, 38.272526922903893 ], [ -122.098647804728941, 38.272526922727721 ], [ -122.098647803361359, 38.272886248641271 ], [ -122.099546119949409, 38.272886248965804 ], [ -122.09864780541001, 38.273784563586446 ], [ -122.097479995289007, 38.273784563921417 ], [ -122.09747999507762, 38.273425237763753 ], [ -122.096851174909517, 38.273425237366972 ], [ -122.096851174610578, 38.274054058732681 ], [ -122.097210500886675, 38.274323553189951 ], [ -122.097749489527715, 38.274323553603026 ], [ -122.098108816353616, 38.27468287918515 ], [ -122.097839321532703, 38.275221868324373 ], [ -122.097839321582114, 38.27656934164758 ], [ -122.097210500664474, 38.276749005410636 ] ] ] } },
{ "type": "Feature", "properties": { "csb_id": "061825012491315", "acres": 13.985820548983201, "geoid": "06095" }, "geometry": { "type": "Polygon", "coordinates": [ [ [ -122.115446300935702, 38.274323552917316 ], [ -122.115446300991607, 38.27342523821229 ], [ -122.115715795794486, 38.273425238694628 ], [ -122.115715795426567, 38.271808269970812 ], [ -122.116614111271744, 38.271359114107504 ], [ -122.117781921157203, 38.271359112726621 ], [ -122.11778192103904, 38.271987933316936 ], [ -122.118141246019817, 38.272257426853656 ], [ -122.118680236511835, 38.27225742818073 ], [ -122.118346920250843, 38.273148637493058 ], [ -122.115446300935702, 38.274323552917316 ] ] ] } },
{ "type": "Feature", "properties": { "csb_id": "061825012491316", "acres": 11.5658434783331, "geoid": "06095" }, "geometry": { "type": "Polygon", "coordinates": [ [ [ -122.114817480479303, 38.274323552907518 ], [ -122.114817480646749, 38.274054058508113 ], [ -122.113649670127543, 38.274054058676704 ], [ -122.113649670583811, 38.273425237466839 ], [ -122.112725168709545, 38.273274963191753 ], [ -122.112122535288989, 38.273515070196019 ], [ -122.111853039260339, 38.273425237541858 ], [ -122.111853039434948, 38.273245574619956 ], [ -122.115176806750725, 38.271898101744398 ], [ -122.115715795426567, 38.271808269970812 ], [ -122.115715795794486, 38.273425238694628 ], [ -122.115446300991607, 38.27342523821229 ], [ -122.115446300935702, 38.274323552917316 ], [ -122.114817480479303, 38.274323552907518 ] ] ] } },
{ "type": "Feature", "properties": { "csb_id": "061825012491317", "acres": 5.0473711213492098, "geoid": "06095" }, "geometry": { "type": "Polygon", "coordinates": [ [ [ -122.112481859166039, 38.272706586221986 ], [ -122.112481858913696, 38.272526923049291 ], [ -122.112122534376624, 38.272526922332233 ], [ -122.112122534176066, 38.271628607162079 ], [ -122.114817480584463, 38.271359112769524 ], [ -122.115086975293963, 38.27162860762644 ], [ -122.112481859166039, 38.272706586221986 ] ] ] } },
{ "type": "Feature", "properties": { "csb_id": "061825012491323", "acres": 12.8559728833831, "geoid": "06095" }, "geometry": { "type": "Polygon", "coordinates": [ [ [ -122.089395157682404, 38.274054058620635 ], [ -122.086520548484771, 38.273515069292905 ], [ -122.087329032241144, 38.272886248377823 ], [ -122.087059538483132, 38.272886248891055 ], [ -122.087059538542221, 38.272616754423147 ], [ -122.087598526867865, 38.272526923041113 ], [ -122.087598527171494, 38.272257428082959 ], [ -122.087957853449709, 38.272347259562601 ], [ -122.087957853551899, 38.271448943791761 ], [ -122.089754484472351, 38.271808271516136 ], [ -122.089754483985701, 38.273784563695116 ], [ -122.089395157682404, 38.274054058620635 ] ] ] } },
{ "type": "Feature", "properties": { "csb_id": "061825012491330", "acres": 11.960721663087201, "geoid": "06095" }, "geometry": { "type": "Polygon", "coordinates": [ [ [ -122.10583432698148, 38.27315574290445 ], [ -122.10556483229719, 38.272886248789732 ], [ -122.105564832831377, 38.27225742868832 ], [ -122.104127528109402, 38.272347259127557 ], [ -122.104037697258718, 38.272526922085625 ], [ -122.103768202299236, 38.272526922705524 ], [ -122.103498708129436, 38.27225742794478 ], [ -122.103498707166409, 38.271448944272059 ], [ -122.104127528399488, 38.27117944960785 ], [ -122.105834327529706, 38.271089617865577 ], [ -122.105834326905935, 38.271359112653258 ], [ -122.107091968838517, 38.27135911315191 ], [ -122.107091968869483, 38.271628606943239 ], [ -122.107630957808965, 38.271718438644378 ], [ -122.107630957695093, 38.272257428035758 ], [ -122.106732642565163, 38.27234725938014 ], [ -122.106463148097362, 38.272526922260141 ], [ -122.106193653885938, 38.273155743619533 ], [ -122.10583432698148, 38.27315574290445 ] ] ] } },
{ "type": "Feature", "properties": { "csb_id": "061825012491334", "acres": 5.4427842851013004, "geoid": "06095" }, "geometry": { "type": "Polygon", "coordinates": [ [ [ -122.11724293007731, 38.270820123723603 ], [ -122.116883605191958, 38.270730291654331 ], [ -122.11868023592136, 38.270820123760721 ], [ -122.118770066366807, 38.271179450053758 ], [ -122.119309057170369, 38.271448943911111 ], [ -122.119309057110243, 38.272257427717776 ], [ -122.118141246019817, 38.272257426853656 ], [ -122.11778192103904, 38.271987933316936 ], [ -122.117781921157203, 38.271359112726621 ], [ -122.117242932156913, 38.27135911320655 ], [ -122.11724293007731, 38.270820123723603 ] ] ] } },
{ "type": "Feature", "properties": { "csb_id": "061825012491335", "acres": 3.8852310799095102, "geoid": "06095" }, "geometry": { "type": "Polygon", "coordinates": [ [ [ -122.113020849266647, 38.270730292137166 ], [ -122.113020849844361, 38.270460797165249 ], [ -122.112751355263043, 38.270460797730607 ], [ -122.112481860701962, 38.270191302353709 ], [ -122.112481859924713, 38.269921808098033 ], [ -122.114278491389143, 38.270281134515542 ], [ -122.114547985721117, 38.270550629363534 ], [ -122.114547985630594, 38.271089617800968 ], [ -122.113380175297181, 38.271089618222973 ], [ -122.113020849266647, 38.270730292137166 ] ] ] } },
{ "type": "Feature", "properties": { "csb_id": "061825012491336", "acres": 18.555781016514199, "geoid": "06095" }, "geometry": { "type": "Polygon", "coordinates": [ [ [ -122.102600392646949, 38.272976080522454 ], [ -122.099546119949409, 38.272886248965804 ], [ -122.099546120505792, 38.270730292058083 ], [ -122.099905446575207, 38.270730292069032 ], [ -122.099905447089853, 38.270191302831861 ], [ -122.100444435799261, 38.270191302420677 ], [ -122.100534267498801, 38.269921807768334 ], [ -122.10080376164747, 38.269921808626286 ], [ -122.100803761491008, 38.270730291728036 ], [ -122.101702076689108, 38.270730292175401 ], [ -122.101702076778437, 38.270460797087239 ], [ -122.102600392967261, 38.270730292310496 ], [ -122.10260039239634, 38.271179449905325 ], [ -122.10286988654326, 38.271179450019218 ], [ -122.102869887002413, 38.272257428282948 ], [ -122.102600392546691, 38.272257428301842 ], [ -122.102600392646949, 38.272976080522454 ] ] ] } },
{ "type": "Feature", "properties": { "csb_id": "061825012491337", "acres": 19.9408997857558, "geoid": "06095" }, "geometry": { "type": "Polygon", "coordinates": [ [ [ -122.085262907624468, 38.273245574854478 ], [ -122.083406623018931, 38.271867924097904 ], [ -122.083286614170689, 38.271089617771175 ], [ -122.08346627733107, 38.270730292027352 ], [ -122.087957853551899, 38.271448943791761 ], [ -122.087957853449709, 38.272347259562601 ], [ -122.08732903287283, 38.272257427953249 ], [ -122.087329032691486, 38.27252692266952 ], [ -122.086790043238381, 38.272616753970411 ], [ -122.087059538483132, 38.272886248891055 ], [ -122.087059538424086, 38.273155743354039 ], [ -122.08652054831866, 38.273425237682922 ], [ -122.085262907624468, 38.273245574854478 ] ] ] } },
{ "type": "Feature", "properties": { "csb_id": "061825012491341", "acres": 15.319102481056699, "geoid": "06095" }, "geometry": { "type": "Polygon", "coordinates": [ [ [ -122.121734508247314, 38.272616753783041 ], [ -122.121465013136145, 38.272616754232985 ], [ -122.121375181735957, 38.272976080229959 ], [ -122.121105687601442, 38.272257427559666 ], [ -122.120926024330416, 38.270730292297749 ], [ -122.123531138631051, 38.270370965814685 ], [ -122.123941168171825, 38.272667460425197 ], [ -122.121734508561246, 38.272886248999662 ], [ -122.121734508247314, 38.272616753783041 ] ] ] } },
{ "type": "Feature", "properties": { "csb_id": "061825012491342", "acres": 12.7189844890695, "geoid": "06095" }, "geometry": { "type": "Polygon", "coordinates": [ [ [ -122.124429454050045, 38.272526922541331 ], [ -122.12415995929706, 38.272526922404843 ], [ -122.123800633346903, 38.270460797013421 ], [ -122.124698948922955, 38.270460797290418 ], [ -122.12532776904213, 38.270191302590618 ], [ -122.125327769018384, 38.269921808095447 ], [ -122.12712440017593, 38.269921809330675 ], [ -122.127124399115502, 38.269652313619531 ], [ -122.127393893918438, 38.269652313288979 ], [ -122.127663389224196, 38.269921807704421 ], [ -122.127592813583291, 38.270330787292998 ], [ -122.12622608414587, 38.271089618030032 ], [ -122.125417601122379, 38.271987933326095 ], [ -122.124429454050045, 38.272526922541331 ] ] ] } },
{ "type": "Feature", "properties": { "csb_id": "061825012491346", "acres": 2.7006930310244002, "geoid": "06095" }, "geometry": { "type": "Polygon", "coordinates": [ [ [ -122.110954724160791, 38.270191302591613 ], [ -122.110954724528753, 38.269562483482204 ], [ -122.110685229738962, 38.269562483061854 ], [ -122.110725408519528, 38.269363519906364 ], [ -122.11122421969948, 38.26902349450728 ], [ -122.111853040221007, 38.269023492802731 ], [ -122.111853039730349, 38.270011640417906 ], [ -122.111583545218181, 38.270281135252866 ], [ -122.110954724160791, 38.270191302591613 ] ] ] } },
{ "type": "Feature", "properties": { "csb_id": "061825012491347", "acres": 33.054055695336501, "geoid": "06095" }, "geometry": { "type": "Polygon", "coordinates": [ [ [ -122.098378311053395, 38.272257429066471 ], [ -122.096581680566416, 38.2723472594895 ], [ -122.096581679302929, 38.272077765109124 ], [ -122.095683363187504, 38.271987933320723 ], [ -122.095683364785259, 38.271628607712351 ], [ -122.094515555400122, 38.271538775645489 ], [ -122.0941562291206, 38.271359112998219 ], [ -122.094515555124914, 38.27082012300712 ], [ -122.094515554616663, 38.269921808354091 ], [ -122.094785048771854, 38.269652313384945 ], [ -122.095683364042515, 38.26956248189466 ], [ -122.095683364947263, 38.268664167454325 ], [ -122.096222353481977, 38.268664166471332 ], [ -122.096312185621784, 38.269292987193332 ], [ -122.097659658810301, 38.269652314527953 ], [ -122.098647805532096, 38.269652313604112 ], [ -122.099007130794845, 38.26992180819893 ], [ -122.09900713118455, 38.270281134176102 ], [ -122.09954612001134, 38.270191302687977 ], [ -122.099546119920575, 38.269921808424925 ], [ -122.099905446791851, 38.269921808326814 ], [ -122.099905446575207, 38.270730292069032 ], [ -122.099546120505792, 38.270730292058083 ], [ -122.099546119949409, 38.272886248965804 ], [ -122.098647803361359, 38.272886248641271 ], [ -122.098647804728941, 38.272526922727721 ], [ -122.09837830908225, 38.272526922802832 ], [ -122.098378311053395, 38.272257429066471 ] ], [ [ -122.095952859702422, 38.271628607425718 ], [ -122.096042691342504, 38.271448944064879 ], [ -122.095952858974087, 38.271448943880465 ], [ -122.095952859702422, 38.271628607425718 ] ] ] } },
{ "type": "Feature", "properties": { "csb_id": "061825012491349", "acres": 4.0646020734570998, "geoid": "06095" }, "geometry": { "type": "Polygon", "coordinates": [ [ [ -122.115715795573408, 38.269562482316417 ], [ -122.11571579577793, 38.269292987103661 ], [ -122.115326292222932, 38.26890348361507 ], [ -122.115266638280247, 38.268394672520195 ], [ -122.116344616572803, 38.268215008864708 ], [ -122.116614110538478, 38.268394672585046 ], [ -122.116883605982835, 38.268933661357842 ], [ -122.116883605033053, 38.269292987236646 ], [ -122.116344616318301, 38.26956248176306 ], [ -122.115715795573408, 38.269562482316417 ] ] ] } },
{ "type": "Feature", "properties": { "csb_id": "061825012491350", "acres": 20.852278599734099, "geoid": "06095" }, "geometry": { "type": "Polygon", "coordinates": [ [ [ -122.092090103571365, 38.271987934261375 ], [ -122.09146128345138, 38.271718438779217 ], [ -122.088856168944034, 38.271359112244163 ], [ -122.087957853461319, 38.271089618423559 ], [ -122.088001760400957, 38.270030413474736 ], [ -122.089525430440389, 38.270157089536198 ], [ -122.089547537967093, 38.269881980859019 ], [ -122.087957853771002, 38.269742145060768 ], [ -122.087957853569307, 38.269562481927451 ], [ -122.087598526703189, 38.269562481773832 ], [ -122.087598527319585, 38.269292987620076 ], [ -122.088496842214724, 38.269292987201631 ], [ -122.088586674039348, 38.269023492931581 ], [ -122.088856168349992, 38.269023493279775 ], [ -122.089395157390882, 38.269292987571554 ], [ -122.089395157497691, 38.269562482075862 ], [ -122.090293473402767, 38.26956248200036 ], [ -122.090293472535393, 38.269292987871054 ], [ -122.090652799475393, 38.269292987258012 ], [ -122.091191788176275, 38.269652314080325 ], [ -122.092090103692939, 38.269652313247093 ], [ -122.092090103062191, 38.269921808204089 ], [ -122.092359598414617, 38.269921807849499 ], [ -122.092359597661641, 38.270191303043426 ], [ -122.092090103707562, 38.270550628981155 ], [ -122.092090103243919, 38.271089617756559 ], [ -122.092359598764617, 38.271179450586068 ], [ -122.09244942981573, 38.271718440056446 ], [ -122.092090103571365, 38.271987934261375 ] ] ] } },
{ "type": "Feature", "properties": { "csb_id": "061825012491351", "acres": 6.5760423152235798, "geoid": "06095" }, "geometry": { "type": "Polygon", "coordinates": [ [ [ -122.100803761491008, 38.270730291728036 ], [ -122.10080376164747, 38.269921808626286 ], [ -122.101073256273025, 38.269023493190637 ], [ -122.102600392095638, 38.269023492874695 ], [ -122.102869887520512, 38.269562482112271 ], [ -122.102869886903207, 38.270191302883404 ], [ -122.101971571833062, 38.270191303109684 ], [ -122.101971571308553, 38.270460797586054 ], [ -122.101702076778437, 38.270460797087239 ], [ -122.101702076689108, 38.270730292175401 ], [ -122.100803761491008, 38.270730291728036 ] ] ] } },
{ "type": "Feature", "properties": { "csb_id": "061825012491354", "acres": 13.509973025476301, "geoid": "06095" }, "geometry": { "type": "Polygon", "coordinates": [ [ [ -122.0941562291206, 38.271359112998219 ], [ -122.093257913410341, 38.27108961850773 ], [ -122.093257913105035, 38.271359112446454 ], [ -122.092988418832206, 38.271359112460601 ], [ -122.0927189246202, 38.271089618428874 ], [ -122.092718924966491, 38.269023493769126 ], [ -122.093257914290987, 38.269023494138359 ], [ -122.093257913968046, 38.268664166824372 ], [ -122.095413869968112, 38.268664166751023 ], [ -122.095683365052054, 38.268125177561224 ], [ -122.095683364757193, 38.268394673489965 ], [ -122.095952859545704, 38.268394672501671 ], [ -122.096222353481977, 38.268664166471332 ], [ -122.095683364947263, 38.268664167454325 ], [ -122.095683364042515, 38.26956248189466 ], [ -122.094785048771854, 38.269652313384945 ], [ -122.094515554616663, 38.269921808354091 ], [ -122.094515555124914, 38.27082012300712 ], [ -122.0941562291206, 38.271359112998219 ] ], [ [ -122.093886734332131, 38.270191303939285 ], [ -122.09388673358734, 38.270011639626553 ], [ -122.093617239188234, 38.27001164026948 ], [ -122.093617239759013, 38.270191302622841 ], [ -122.093886734332131, 38.270191303939285 ] ] ] } },
{ "type": "Feature", "properties": { "csb_id": "061825012491355", "acres": 3.8739853771909498, "geoid": "06095" }, "geometry": { "type": "Polygon", "coordinates": [ [ [ -122.162967179946591, 38.270191302576016 ], [ -122.16296717992546, 38.269921808544382 ], [ -122.162697685252127, 38.269921807830698 ], [ -122.162697684652215, 38.269382819378954 ], [ -122.162967179234826, 38.269113324702445 ], [ -122.162967179766213, 38.268394672213603 ], [ -122.163865495212548, 38.268394671838415 ], [ -122.163865494951793, 38.269292987204942 ], [ -122.163595999719504, 38.269921808154237 ], [ -122.163326505274725, 38.270191303093483 ], [ -122.162967179946591, 38.270191302576016 ] ] ] } },
{ "type": "Feature", "properties": { "csb_id": "061825012491358", "acres": 12.2420852112877, "geoid": "06095" }, "geometry": { "type": "Polygon", "coordinates": [ [ [ -122.123800633346903, 38.270460797013421 ], [ -122.123261643386499, 38.26776585145754 ], [ -122.123950118191686, 38.267376347575386 ], [ -122.124968442346798, 38.267586188195487 ], [ -122.125327769391731, 38.26812517726642 ], [ -122.125327769157593, 38.26848450367013 ], [ -122.125058274337988, 38.268484504116124 ], [ -122.125058274483862, 38.268753998395681 ], [ -122.125327769181311, 38.26875399819189 ], [ -122.12532776904213, 38.270191302590618 ], [ -122.124698948922955, 38.270460797290418 ], [ -122.123800633346903, 38.270460797013421 ] ] ] } },
{ "type": "Feature", "properties": { "csb_id": "061825012491359", "acres": 21.950994106641101, "geoid": "06095" }, "geometry": { "type": "Polygon", "coordinates": [ [ [ -122.120207372539937, 38.270191303485824 ], [ -122.120207370850409, 38.269921808813969 ], [ -122.119937877051996, 38.269921808711437 ], [ -122.119937877030409, 38.27046079743355 ], [ -122.119309057085687, 38.270460796907486 ], [ -122.119309056964369, 38.269921808295237 ], [ -122.119668381519901, 38.269562482551684 ], [ -122.119398887809197, 38.267945515029076 ], [ -122.122902318174553, 38.267496356866523 ], [ -122.12326164370414, 38.268574335598494 ], [ -122.123351475995733, 38.269382818920931 ], [ -122.123171812251456, 38.26965231407079 ], [ -122.122273496675035, 38.270191302812755 ], [ -122.120207372539937, 38.270191303485824 ] ], [ [ -122.121734507613724, 38.269921808215166 ], [ -122.121734507508364, 38.269562482044741 ], [ -122.121375181894706, 38.269562482109265 ], [ -122.121375181353457, 38.269921808037516 ], [ -122.121734507613724, 38.269921808215166 ] ] ] } },
{ "type": "Feature", "properties": { "csb_id": "061825012491360", "acres": 8.4467808458665505, "geoid": "06095" }, "geometry": { "type": "Polygon", "coordinates": [ [ [ -122.095413869968112, 38.268664166751023 ], [ -122.093257913968046, 38.268664166824372 ], [ -122.093257914290987, 38.269023494138359 ], [ -122.092718924966491, 38.269023493769126 ], [ -122.092718923534761, 38.267765851596536 ], [ -122.093108426599471, 38.267526534809228 ], [ -122.094785048619059, 38.267406525821357 ], [ -122.095643185782521, 38.267836383761313 ], [ -122.095683365052054, 38.268125177561224 ], [ -122.095413869968112, 38.268664166751023 ] ] ] } },
{ "type": "Feature", "properties": { "csb_id": "061825012491362", "acres": 3.08165589072527, "geoid": "06095" }, "geometry": { "type": "Polygon", "coordinates": [ [ [ -122.133412606360579, 38.267316694297833 ], [ -122.134580416439746, 38.267316693528734 ], [ -122.134580416835135, 38.26821500946545 ], [ -122.134939742666432, 38.268215009171477 ], [ -122.134939743231556, 38.2684845038536 ], [ -122.134041427095838, 38.268484504093891 ], [ -122.13368210128921, 38.268215009523672 ], [ -122.133412606910255, 38.267855683227424 ], [ -122.133412606360579, 38.267316694297833 ] ] ] } },
{ "type": "Feature", "properties": { "csb_id": "061825012491363", "acres": 8.8134368325199102, "geoid": "06095" }, "geometry": { "type": "Polygon", "coordinates": [ [ [ -122.087598527319585, 38.269292987620076 ], [ -122.086161222726687, 38.268394672358134 ], [ -122.086161222964208, 38.267586188049982 ], [ -122.086790043988444, 38.267586188503728 ], [ -122.086790043925205, 38.267316694179989 ], [ -122.087059537701634, 38.267316694440197 ], [ -122.087329032407339, 38.267586188675011 ], [ -122.087329032842575, 38.268125177174184 ], [ -122.08759852767561, 38.268125177595003 ], [ -122.087598527111652, 38.267496356723981 ], [ -122.08849684256478, 38.267226862187144 ], [ -122.088496842214724, 38.269292987201631 ], [ -122.087598527319585, 38.269292987620076 ] ] ] } },
{ "type": "Feature", "properties": { "csb_id": "061825012491366", "acres": 24.1899841402664, "geoid": "06095" }, "geometry": { "type": "Polygon", "coordinates": [ [ [ -122.087059538044443, 38.270820123160718 ], [ -122.084274759160436, 38.270550629176157 ], [ -122.08382560274481, 38.27019130252765 ], [ -122.083825602040733, 38.269023492885076 ], [ -122.084005266323061, 38.269023493038588 ], [ -122.084005265769051, 38.268125177532305 ], [ -122.084903581094252, 38.268125177928979 ], [ -122.085262906136606, 38.267765852032063 ], [ -122.085262906606104, 38.267496356961487 ], [ -122.084903580926337, 38.267496357358894 ], [ -122.084903581603058, 38.267226862525163 ], [ -122.085262905897324, 38.266867536739234 ], [ -122.085532402641405, 38.266867536562465 ], [ -122.086161222964208, 38.267586188049982 ], [ -122.086161222726687, 38.268394672358134 ], [ -122.087598527319585, 38.269292987620076 ], [ -122.087598526703189, 38.269562481773832 ], [ -122.087957853569307, 38.269562481927451 ], [ -122.087778190685611, 38.269921809413624 ], [ -122.087778189227308, 38.271089618302859 ], [ -122.087059537473124, 38.270999786895487 ], [ -122.087059538044443, 38.270820123160718 ] ] ] } },
{ "type": "Feature", "properties": { "csb_id": "061825012491367", "acres": 9.2630109168435695, "geoid": "06095" }, "geometry": { "type": "Polygon", "coordinates": [ [ [ -122.129460019002053, 38.269292987345892 ], [ -122.129639681993368, 38.268125177924553 ], [ -122.130088840485669, 38.267765851575561 ], [ -122.130088840157796, 38.26686753645064 ], [ -122.130233720024464, 38.266653045755874 ], [ -122.130448166030121, 38.266508210425464 ], [ -122.132154965340717, 38.266598041846869 ], [ -122.131885470316547, 38.267496357499802 ], [ -122.131615976123342, 38.267765851233001 ], [ -122.130987155407368, 38.267765851689212 ], [ -122.130717661166813, 38.268484503248615 ], [ -122.130448166675976, 38.268664166976272 ], [ -122.130358334226599, 38.269292987718728 ], [ -122.129460019002053, 38.269292987345892 ] ] ] } },
{ "type": "Feature", "properties": { "csb_id": "061825012491368", "acres": 6.9861618243210497, "geoid": "06095" }, "geometry": { "type": "Polygon", "coordinates": [ [ [ -122.083825602040733, 38.269023492885076 ], [ -122.083735771866145, 38.265789557975282 ], [ -122.084095097772078, 38.265789558198684 ], [ -122.084634086546629, 38.266328546963976 ], [ -122.08463408710287, 38.266598041330937 ], [ -122.085532402122524, 38.266598041475078 ], [ -122.085532402641405, 38.266867536562465 ], [ -122.085262905897324, 38.266867536739234 ], [ -122.084903581603058, 38.267226862525163 ], [ -122.084903580926337, 38.267496357358894 ], [ -122.085262906606104, 38.267496356961487 ], [ -122.085262906136606, 38.267765852032063 ], [ -122.084903581094252, 38.268125177928979 ], [ -122.084005265769051, 38.268125177532305 ], [ -122.084005266323061, 38.269023493038588 ], [ -122.083825602040733, 38.269023492885076 ] ] ] } },
{ "type": "Feature", "properties": { "csb_id": "061825012491370", "acres": 23.563298151693299, "geoid": "06095" }, "geometry": { "type": "Polygon", "coordinates": [ [ [ -122.099905446466693, 38.269292987715062 ], [ -122.097479994782134, 38.269292987247482 ], [ -122.096851174436836, 38.269023493177038 ], [ -122.09537654219551, 38.267276427720326 ], [ -122.100174941306747, 38.266598041981297 ], [ -122.100174941403949, 38.267226862335093 ], [ -122.100444435717804, 38.267496356842166 ], [ -122.100803761490852, 38.267496357334608 ], [ -122.100803762213928, 38.268125177758428 ], [ -122.100444435900016, 38.26812517764079 ], [ -122.1004444356942, 38.268664166821502 ], [ -122.099905446141591, 38.268664167076082 ], [ -122.099905446466693, 38.269292987715062 ] ] ] } },
{ "type": "Feature", "properties": { "csb_id": "061825012491371", "acres": 8.6973283826835797, "geoid": "06095" }, "geometry": { "type": "Polygon", "coordinates": [ [ [ -122.202493052405131, 38.267765852228315 ], [ -122.202493052444211, 38.267496357974196 ], [ -122.202133725967499, 38.267496357344797 ], [ -122.202133725406753, 38.267765850497618 ], [ -122.202493052405131, 38.267765852228315 ], [ -122.202493050711979, 38.268125178869845 ], [ -122.201594737512949, 38.268394673457664 ], [ -122.200965914116054, 38.267765853062066 ], [ -122.200067600588028, 38.267496357271426 ], [ -122.200067600410506, 38.266867536670603 ], [ -122.200337093911969, 38.26659804230875 ], [ -122.201864231728493, 38.266598042228011 ], [ -122.20249305164171, 38.26686753667839 ], [ -122.202762546792442, 38.267226862242303 ], [ -122.203391367831074, 38.267226862474146 ], [ -122.203391367755813, 38.267496357461994 ], [ -122.202493052405131, 38.267765852228315 ] ] ] } },
{ "type": "Feature", "properties": { "csb_id": "061825012491374", "acres": 15.0017225620093, "geoid": "06095" }, "geometry": { "type": "Polygon", "coordinates": [ [ [ -122.119758214215821, 38.267676020414783 ], [ -122.118141246256599, 38.267676019709882 ], [ -122.115446301498366, 38.268035346014472 ], [ -122.115446300470126, 38.267765851257572 ], [ -122.11571579607245, 38.267765851675605 ], [ -122.115715795166423, 38.267496356671593 ], [ -122.114907311466425, 38.267496357321626 ], [ -122.114907312414999, 38.267226862554757 ], [ -122.115176806310302, 38.266867536484519 ], [ -122.115715795091077, 38.266957368123826 ], [ -122.116344616462342, 38.266598042053538 ], [ -122.116614111230163, 38.265969221131328 ], [ -122.118680236106954, 38.265969220518656 ], [ -122.118680235589267, 38.266598042178124 ], [ -122.119309056733869, 38.266598041233436 ], [ -122.11930905731316, 38.26731669402136 ], [ -122.119668382908088, 38.267316693898891 ], [ -122.119758214083362, 38.2674963569835 ], [ -122.119758214215821, 38.267676020414783 ] ] ] } },
{ "type": "Feature", "properties": { "csb_id": "061825012491375", "acres": 105.54618279285199, "geoid": "06095" }, "geometry": { "type": "Polygon", "coordinates": [ [ [ -122.105834326905935, 38.271359112653258 ], [ -122.105834327529706, 38.271089617865577 ], [ -122.105295338047227, 38.271089618398825 ], [ -122.105025843596621, 38.270730292212875 ], [ -122.105025843853738, 38.270460798139737 ], [ -122.10313938149757, 38.270460797741535 ], [ -122.1031393816113, 38.270730292080195 ], [ -122.102600392967261, 38.270730292310496 ], [ -122.101971571308553, 38.270460797586054 ], [ -122.101971571833062, 38.270191303109684 ], [ -122.102869886903207, 38.270191302883404 ], [ -122.102869887520512, 38.269562482112271 ], [ -122.102600392095638, 38.269023492874695 ], [ -122.101073256273025, 38.269023493190637 ], [ -122.101073256098644, 38.269292987821387 ], [ -122.099905446466693, 38.269292987715062 ], [ -122.099905446141591, 38.268664167076082 ], [ -122.1004444356942, 38.268664166821502 ], [ -122.100444435900016, 38.26812517764079 ], [ -122.100803762213928, 38.268125177758428 ], [ -122.100803761490852, 38.267496357334608 ], [ -122.100444435717804, 38.267496356842166 ], [ -122.100174941403949, 38.267226862335093 ], [ -122.100174941306747, 38.266598041981297 ], [ -122.106463148461415, 38.265879389568227 ], [ -122.106463147901948, 38.266957368809834 ], [ -122.106732642360214, 38.267226861727593 ], [ -122.107091968945483, 38.267226862837369 ], [ -122.107091968486856, 38.266867536527585 ], [ -122.10825977745219, 38.266867536105153 ], [ -122.108259779317166, 38.266598042733001 ], [ -122.109158094469109, 38.266598041646034 ], [ -122.109786913376837, 38.266867536818687 ], [ -122.110056409622246, 38.26632854700177 ], [ -122.110595398318196, 38.266328546885546 ], [ -122.111134387746404, 38.266598042295364 ], [ -122.111314050669364, 38.267226863072572 ], [ -122.111583544199505, 38.267496357059414 ], [ -122.111853040437936, 38.267496357250543 ], [ -122.111853039538076, 38.266957367643094 ], [ -122.112481860259635, 38.266957369020353 ], [ -122.112841187390998, 38.267226863440847 ], [ -122.1127513547777, 38.267586188752119 ], [ -122.112481859259617, 38.26776585266331 ], [ -122.112481860753391, 38.268484503615198 ], [ -122.112122535054439, 38.268484504679293 ], [ -122.110685229802527, 38.269023492407413 ], [ -122.110276251295531, 38.269722845099707 ], [ -122.110236072356201, 38.270191303240772 ], [ -122.109786914002825, 38.270191302536382 ], [ -122.109786912902834, 38.270730291937461 ], [ -122.108259778479479, 38.270730291939472 ], [ -122.107630958572884, 38.271089618297779 ], [ -122.107091969120575, 38.271089620214418 ], [ -122.107091968838517, 38.27135911315191 ], [ -122.105834326905935, 38.271359112653258 ] ] ] } },
{ "type": "Feature", "properties": { "csb_id": "061825012491377", "acres": 4.2228141235120802, "geoid": "06095" }, "geometry": { "type": "Polygon", "coordinates": [ [ [ -122.090922294104971, 38.266598041230772 ], [ -122.089754483724718, 38.266598042222931 ], [ -122.089754483410687, 38.266328547421622 ], [ -122.090652798684317, 38.265699726167476 ], [ -122.091461282853558, 38.265699726787055 ], [ -122.091820608654672, 38.265969221274318 ], [ -122.09182060870657, 38.266867536510823 ], [ -122.090922293946662, 38.266867536135805 ], [ -122.090922294104971, 38.266598041230772 ] ] ] } },
{ "type": "Feature", "properties": { "csb_id": "061825012491378", "acres": 9.0413728566177003, "geoid": "06095" }, "geometry": { "type": "Polygon", "coordinates": [ [ [ -122.106463147901948, 38.266957368809834 ], [ -122.106463148461415, 38.265879389568227 ], [ -122.110056409574057, 38.265520062834483 ], [ -122.110056409622246, 38.26632854700177 ], [ -122.109427588669519, 38.266328547415704 ], [ -122.109427588817653, 38.266687874441786 ], [ -122.108259779317166, 38.266598042733001 ], [ -122.10825977745219, 38.266867536105153 ], [ -122.107091968486856, 38.266867536527585 ], [ -122.107091968945483, 38.267226862837369 ], [ -122.106732642360214, 38.267226861727593 ], [ -122.106463147901948, 38.266957368809834 ] ] ] } },
{ "type": "Feature", "properties": { "csb_id": "061825012491380", "acres": 12.9326148544558, "geoid": "06095" }, "geometry": { "type": "Polygon", "coordinates": [ [ [ -122.083376444906762, 38.266957368213653 ], [ -122.083286614093922, 38.265843860167415 ], [ -122.08319678241584, 38.265969220659478 ], [ -122.08313984860493, 38.266819901175992 ], [ -122.080142510809154, 38.266867536163019 ], [ -122.080232342073984, 38.265070905768681 ], [ -122.081669646342704, 38.265160737022526 ], [ -122.081939140374359, 38.265430231676191 ], [ -122.08193914087056, 38.26507090595122 ], [ -122.082567961083697, 38.265070905886056 ], [ -122.082567961441114, 38.265430232094602 ], [ -122.082837455625821, 38.265699726599436 ], [ -122.083106950965799, 38.265699726479816 ], [ -122.083106950942295, 38.265430231345661 ], [ -122.083735771866145, 38.265789557975282 ], [ -122.083735771255448, 38.26596922093831 ], [ -122.083466276835665, 38.265969221094366 ], [ -122.083556108514671, 38.267226861686254 ], [ -122.083196782637003, 38.267137030331213 ], [ -122.083376444906762, 38.266957368213653 ] ] ] } },
{ "type": "Feature", "properties": { "csb_id": "061825012491381", "acres": 6.9928546719594999, "geoid": "06095" }, "geometry": { "type": "Polygon", "coordinates": [ [ [ -122.125866758354647, 38.266867535883364 ], [ -122.124159959319272, 38.267047199079194 ], [ -122.123800632469326, 38.266957367568651 ], [ -122.12353113902401, 38.266687873391405 ], [ -122.12326164364633, 38.266687873310573 ], [ -122.123261643891368, 38.265789557656852 ], [ -122.122902318361369, 38.265789557848088 ], [ -122.122902317496383, 38.264531916701188 ], [ -122.123531138612975, 38.264531916260758 ], [ -122.124070127982392, 38.265070906104121 ], [ -122.124429453226497, 38.265160737102782 ], [ -122.124429453600399, 38.265430231818783 ], [ -122.124070127464165, 38.265430232231765 ], [ -122.123531138042267, 38.265969220925747 ], [ -122.123531138533139, 38.26632854716307 ], [ -122.124968443364935, 38.266328547426539 ], [ -122.124968443181331, 38.266598041746335 ], [ -122.125866757777871, 38.266598041942935 ], [ -122.125866758354647, 38.266867535883364 ] ] ] } },
{ "type": "Feature", "properties": { "csb_id": "061825012491382", "acres": 6.5094409505081696, "geoid": "06095" }, "geometry": { "type": "Polygon", "coordinates": [ [ [ -122.11263134619611, 38.266208538102525 ], [ -122.110864892979194, 38.266328546799748 ], [ -122.110685228624192, 38.265879389309831 ], [ -122.110056408135804, 38.265969221442063 ], [ -122.11005640836953, 38.265430231621906 ], [ -122.11302084922562, 38.265160737160002 ], [ -122.113020849978298, 38.265699725953127 ], [ -122.113200512268762, 38.265699726584721 ], [ -122.113200513147461, 38.265969220544406 ], [ -122.11263134619611, 38.266208538102525 ] ] ] } },
{ "type": "Feature", "properties": { "csb_id": "061825012491383", "acres": 35.505908493226102, "geoid": "06095" }, "geometry": { "type": "Polygon", "coordinates": [ [ [ -122.090922293646003, 38.269562481849732 ], [ -122.090922293485633, 38.269382818980546 ], [ -122.090652799475393, 38.269292987258012 ], [ -122.090293472535393, 38.269292987871054 ], [ -122.090293473402767, 38.26956248200036 ], [ -122.089395157497691, 38.269562482075862 ], [ -122.089395157390882, 38.269292987571554 ], [ -122.089125663477432, 38.269113324298935 ], [ -122.088586674039348, 38.269023492931581 ], [ -122.088586673594207, 38.267586188506684 ], [ -122.088317179123266, 38.266867535156138 ], [ -122.088317179506916, 38.265430231484018 ], [ -122.08975448372999, 38.265430232936922 ], [ -122.089754484051682, 38.265070906343567 ], [ -122.092090104387893, 38.265070906883281 ], [ -122.092090103927688, 38.265430231359794 ], [ -122.092359598809423, 38.265430232154429 ], [ -122.092359598101297, 38.265969221603847 ], [ -122.092090104089721, 38.265969222042962 ], [ -122.092090102998739, 38.266598041515763 ], [ -122.092449430197092, 38.266598042919682 ], [ -122.092449429400943, 38.269921808700659 ], [ -122.092090103062191, 38.269921808204089 ], [ -122.092090103692939, 38.269652313247093 ], [ -122.090922293646003, 38.269562481849732 ] ], [ [ -122.09182060870657, 38.266867536510823 ], [ -122.091820608654672, 38.265969221274318 ], [ -122.091461282853558, 38.265699726787055 ], [ -122.090652798684317, 38.265699726167476 ], [ -122.089754483410687, 38.266328547421622 ], [ -122.089754483724718, 38.266598042222931 ], [ -122.090922294104971, 38.266598041230772 ], [ -122.090922293946662, 38.266867536135805 ], [ -122.09182060870657, 38.266867536510823 ] ] ] } },
{ "type": "Feature", "properties": { "csb_id": "061825012491384", "acres": 6.5958123913318296, "geoid": "06095" }, "geometry": { "type": "Polygon", "coordinates": [ [ [ -122.116344616835505, 38.265969221075288 ], [ -122.116614111275425, 38.265070905582938 ], [ -122.117512425544021, 38.26507090537023 ], [ -122.117512425651412, 38.264801411439137 ], [ -122.119039562497761, 38.264801410908298 ], [ -122.119039561775935, 38.265969220781813 ], [ -122.116344616835505, 38.265969221075288 ] ] ] } },
{ "type": "Feature", "properties": { "csb_id": "061825012491388", "acres": 7.9614237917680599, "geoid": "06095" }, "geometry": { "type": "Polygon", "coordinates": [ [ [ -122.119309056552382, 38.26686753658354 ], [ -122.119309056733869, 38.266598041233436 ], [ -122.118680235589267, 38.266598042178124 ], [ -122.118680236106954, 38.265969220518656 ], [ -122.119039561775935, 38.265969220781813 ], [ -122.119039562497761, 38.264801410908298 ], [ -122.1193090567197, 38.264531917152205 ], [ -122.119937877125494, 38.264531916712031 ], [ -122.120476866220699, 38.264801411078231 ], [ -122.120476866642306, 38.265699726640797 ], [ -122.120836193185553, 38.26569972766206 ], [ -122.120836192267419, 38.266328546954597 ], [ -122.120207371721207, 38.266328547742219 ], [ -122.119937877352413, 38.266687873141393 ], [ -122.119309056552382, 38.26686753658354 ] ] ] } },
{ "type": "Feature", "properties": { "csb_id": "061825012491389", "acres": 9.4627239033218693, "geoid": "06095" }, "geometry": { "type": "Polygon", "coordinates": [ [ [ -122.116344616216779, 38.266059052503778 ], [ -122.115715795184059, 38.266059052240131 ], [ -122.114817479829853, 38.265699726352139 ], [ -122.114278491393009, 38.26569972646697 ], [ -122.114278491469932, 38.265969220536228 ], [ -122.113919165258068, 38.265969221303244 ], [ -122.113470007925557, 38.265699726555567 ], [ -122.113470006855977, 38.265430231490136 ], [ -122.113649670985353, 38.265070905819336 ], [ -122.114278491069584, 38.264531916609961 ], [ -122.114547985603792, 38.264531916309039 ], [ -122.114547985871596, 38.26480141150104 ], [ -122.114817480283662, 38.264801410851213 ], [ -122.11481748045108, 38.264531916275807 ], [ -122.116344616598141, 38.264531916646099 ], [ -122.116614111032661, 38.264801411519507 ], [ -122.11724293126872, 38.264801411503171 ], [ -122.117242931596607, 38.265070906050852 ], [ -122.116614111275425, 38.265070905582938 ], [ -122.116344616157448, 38.265699726412201 ], [ -122.116344616835505, 38.265969221075288 ], [ -122.116614111230163, 38.265969221131328 ], [ -122.116344616276109, 38.266418378586337 ], [ -122.116344616216779, 38.266059052503778 ] ] ] } },
{ "type": "Feature", "properties": { "csb_id": "061825012491392", "acres": 9.3076583439057305, "geoid": "06095" }, "geometry": { "type": "Polygon", "coordinates": [ [ [ -122.122004001971248, 38.267226862386998 ], [ -122.120027708496991, 38.267496357260235 ], [ -122.120207371528068, 38.267316694013253 ], [ -122.120207372445719, 38.266687873156435 ], [ -122.119937877223123, 38.266598041849242 ], [ -122.120207371721207, 38.266328547742219 ], [ -122.120836192267419, 38.266328546954597 ], [ -122.120836193185553, 38.26569972766206 ], [ -122.120476866642306, 38.265699726640797 ], [ -122.120476866220699, 38.264801411078231 ], [ -122.119937877125494, 38.264531916712031 ], [ -122.1193090567197, 38.264531917152205 ], [ -122.119309056430097, 38.264172590692951 ], [ -122.120476866255814, 38.264172590727696 ], [ -122.12047686722272, 38.263903096075701 ], [ -122.120836192754112, 38.263903095401972 ], [ -122.120836192462377, 38.264531916490846 ], [ -122.121375181456045, 38.265070905581432 ], [ -122.121375182025361, 38.265430231379135 ], [ -122.121105687635421, 38.265789557621723 ], [ -122.121375181384138, 38.266328546747737 ], [ -122.122273497312392, 38.266598042075479 ], [ -122.122273496755582, 38.266867536170167 ], [ -122.122004001971248, 38.267226862386998 ] ] ] } },
{ "type": "Feature", "properties": { "csb_id": "061825012491393", "acres": 6.9833105562081501, "geoid": "06095" }, "geometry": { "type": "Polygon", "coordinates": [ [ [ -122.113020849730063, 38.264801410758302 ], [ -122.110325903595083, 38.265070905683487 ], [ -122.110056409744942, 38.264621748020637 ], [ -122.110325903275665, 38.264531916446131 ], [ -122.110325903803059, 38.264172590115237 ], [ -122.111583544883885, 38.26417259033483 ], [ -122.111583544867074, 38.263903095592198 ], [ -122.1133801758983, 38.263903096046334 ], [ -122.113380176154422, 38.26453191608276 ], [ -122.113020849730063, 38.264801410758302 ] ] ] } },
{ "type": "Feature", "properties": { "csb_id": "061825012491396", "acres": 16.432965600867501, "geoid": "06095" }, "geometry": { "type": "Polygon", "coordinates": [ [ [ -122.10978691414239, 38.265250567750073 ], [ -122.106193653441522, 38.265609894668259 ], [ -122.106070441795993, 38.263700273322591 ], [ -122.107990284400955, 38.263543769664608 ], [ -122.108080116090321, 38.263274275477649 ], [ -122.109158093441536, 38.26327427489737 ], [ -122.109158094805935, 38.263633602374853 ], [ -122.109427588548343, 38.26417259046459 ], [ -122.109786914915745, 38.26453191632563 ], [ -122.110325903275665, 38.264531916446131 ], [ -122.109786914680257, 38.264621747785952 ], [ -122.109517419657379, 38.264891242813121 ], [ -122.109517419638038, 38.265070905486596 ], [ -122.109786915239454, 38.2650709065543 ], [ -122.10978691414239, 38.265250567750073 ] ] ] } },
{ "type": "Feature", "properties": { "csb_id": "061825012491397", "acres": 5.7919733243030196, "geoid": "06095" }, "geometry": { "type": "Polygon", "coordinates": [ [ [ -122.095054544341806, 38.265430231487564 ], [ -122.095054544259057, 38.265070905825766 ], [ -122.095683364780484, 38.265070905325494 ], [ -122.095683364590457, 38.264801411293959 ], [ -122.095413869512086, 38.264801410917464 ], [ -122.095413870691772, 38.264172590712597 ], [ -122.095952859432373, 38.263633601562887 ], [ -122.096581680152511, 38.263633601159142 ], [ -122.096581679608491, 38.26453191637318 ], [ -122.096851174637138, 38.264531916765215 ], [ -122.096851174354811, 38.264801410910785 ], [ -122.097210501105238, 38.26480141140933 ], [ -122.097210501030133, 38.265070905791795 ], [ -122.096851174853597, 38.265430231547796 ], [ -122.095054544341806, 38.265430231487564 ] ] ] } },
{ "type": "Feature", "properties": { "csb_id": "061825012491398", "acres": 11.5065282142084, "geoid": "06095" }, "geometry": { "type": "Polygon", "coordinates": [ [ [ -122.094515554935853, 38.264801410752675 ], [ -122.0938867344682, 38.264801412256865 ], [ -122.093886733935037, 38.265070905937606 ], [ -122.092718924346229, 38.265070906842602 ], [ -122.092718924227327, 38.263633601032922 ], [ -122.094156228564714, 38.263633601724386 ], [ -122.094156228917171, 38.263274275025587 ], [ -122.09658167957862, 38.263274274859327 ], [ -122.096581680152511, 38.263633601159142 ], [ -122.095952859432373, 38.263633601562887 ], [ -122.095413870691772, 38.264172590712597 ], [ -122.095413869512086, 38.264801410917464 ], [ -122.095683364590457, 38.264801411293959 ], [ -122.095683364780484, 38.265070905325494 ], [ -122.094515554800523, 38.265070905776 ], [ -122.094515554935853, 38.264801410752675 ] ] ] } },
{ "type": "Feature", "properties": { "csb_id": "061825012491399", "acres": 16.1390486187099, "geoid": "06095" }, "geometry": { "type": "Polygon", "coordinates": [ [ [ -122.089754484051682, 38.265070906343567 ], [ -122.08975448372999, 38.265430232936922 ], [ -122.088317179506916, 38.265430231484018 ], [ -122.088317178840754, 38.263633601013566 ], [ -122.088496842563131, 38.263274274966207 ], [ -122.0915511149243, 38.26363360131559 ], [ -122.091970093887326, 38.263843442328117 ], [ -122.092359598034307, 38.264531916477154 ], [ -122.092359598436815, 38.265070905718559 ], [ -122.089754484051682, 38.265070906343567 ] ] ] } },
{ "type": "Feature", "properties": { "csb_id": "061825012491400", "acres": 16.000719619441099, "geoid": "06095" }, "geometry": { "type": "Polygon", "coordinates": [ [ [ -122.119039562497761, 38.264801410908298 ], [ -122.117512425651412, 38.264801411439137 ], [ -122.117512425544021, 38.26507090537023 ], [ -122.117242931596607, 38.265070906050852 ], [ -122.11724293126872, 38.264801411503171 ], [ -122.116614111032661, 38.264801411519507 ], [ -122.116344616598141, 38.264531916646099 ], [ -122.11481748045108, 38.264531916275807 ], [ -122.114817479508005, 38.264262421937381 ], [ -122.115715794145061, 38.263274275249437 ], [ -122.116075121887647, 38.263094611886679 ], [ -122.11607512203561, 38.262735285962542 ], [ -122.116614110880434, 38.262735286116751 ], [ -122.116883605579986, 38.263004780081481 ], [ -122.117242929453056, 38.263004780974548 ], [ -122.118680236116603, 38.262735285994381 ], [ -122.118680235019212, 38.263633601864349 ], [ -122.119039561677383, 38.264172590645195 ], [ -122.119309056430097, 38.264172590692951 ], [ -122.1193090567197, 38.264531917152205 ], [ -122.119039562497761, 38.264801410908298 ] ] ] } },
{ "type": "Feature", "properties": { "csb_id": "061825012491401", "acres": 7.9713545816739302, "geoid": "06095" }, "geometry": { "type": "Polygon", "coordinates": [ [ [ -122.113559838551325, 38.263903096043016 ], [ -122.111583544867074, 38.263903095592198 ], [ -122.111583544883885, 38.26417259033483 ], [ -122.110325903803059, 38.264172590115237 ], [ -122.110325903796678, 38.263633601702608 ], [ -122.110954724618026, 38.262735285528834 ], [ -122.112751355031577, 38.262735286305471 ], [ -122.112751355373533, 38.263004780079079 ], [ -122.113020849766428, 38.26327427506817 ], [ -122.113380175329141, 38.263274275123379 ], [ -122.113380175158198, 38.263633600946918 ], [ -122.113559838575895, 38.263633601560308 ], [ -122.113559838551325, 38.263903096043016 ] ] ] } },
{ "type": "Feature", "properties": { "csb_id": "061825012491402", "acres": 4.6878861214783702, "geoid": "06095" }, "geometry": { "type": "Polygon", "coordinates": [ [ [ -122.099276626298334, 38.264531916730625 ], [ -122.09927662580138, 38.263903097093575 ], [ -122.099905446059836, 38.263903095117314 ], [ -122.099905444964193, 38.263633601595373 ], [ -122.099007130553431, 38.263633602112051 ], [ -122.099007129850889, 38.263274275110291 ], [ -122.099276625789173, 38.263274275469215 ], [ -122.099276625050322, 38.262735286304121 ], [ -122.10017494114966, 38.262735285691825 ], [ -122.10017494021487, 38.263004780815422 ], [ -122.100444435790635, 38.263004780331002 ], [ -122.100444436208633, 38.264531917389206 ], [ -122.099276626298334, 38.264531916730625 ] ] ] } },
{ "type": "Feature", "properties": { "csb_id": "061825012491403", "acres": 11.0126528386345, "geoid": "06095" }, "geometry": { "type": "Polygon", "coordinates": [ [ [ -122.096581679608491, 38.26453191637318 ], [ -122.096581679738733, 38.263004780926707 ], [ -122.097479995580599, 38.263004780394589 ], [ -122.098108815584325, 38.26273528623414 ], [ -122.099276625050322, 38.262735286304121 ], [ -122.099276625789173, 38.263274275469215 ], [ -122.099007129850889, 38.263274275110291 ], [ -122.099007130553431, 38.263633602112051 ], [ -122.099905444964193, 38.263633601595373 ], [ -122.099905446059836, 38.263903095117314 ], [ -122.09927662580138, 38.263903097093575 ], [ -122.099276626298334, 38.264531916730625 ], [ -122.096581679608491, 38.26453191637318 ] ] ] } },
{ "type": "Feature", "properties": { "csb_id": "061825012491404", "acres": 6.3696419883966504, "geoid": "06095" }, "geometry": { "type": "Polygon", "coordinates": [ [ [ -122.091820608498992, 38.263274275226529 ], [ -122.089395157155295, 38.263094612100886 ], [ -122.089395158123452, 38.262735285690461 ], [ -122.089754483435414, 38.262465791693494 ], [ -122.089395156870438, 38.262375959754593 ], [ -122.089395155653079, 38.262106465357199 ], [ -122.089754483755911, 38.261836970997642 ], [ -122.090023978646173, 38.261836970334301 ], [ -122.090922293754161, 38.262375960210143 ], [ -122.092090103546326, 38.262375959589306 ], [ -122.092090102286619, 38.262825117503105 ], [ -122.091820608498992, 38.263274275226529 ] ] ] } },
{ "type": "Feature", "properties": { "csb_id": "061825012491406", "acres": 7.2255614866400304, "geoid": "06095" }, "geometry": { "type": "Polygon", "coordinates": [ [ [ -122.120476866255814, 38.264172590727696 ], [ -122.119039561677383, 38.264172590645195 ], [ -122.118680235019212, 38.263633601864349 ], [ -122.118680235570338, 38.262375960216055 ], [ -122.119309055608213, 38.262375959977817 ], [ -122.119309057008309, 38.262735286240392 ], [ -122.120476866657526, 38.262735285967956 ], [ -122.120836192248561, 38.263274275386145 ], [ -122.120836192754112, 38.263903095401972 ], [ -122.12047686722272, 38.263903096075701 ], [ -122.120476866255814, 38.264172590727696 ] ] ] } },
{ "type": "Feature", "properties": { "csb_id": "061825012491410", "acres": 5.7147098679341601, "geoid": "06095" }, "geometry": { "type": "Polygon", "coordinates": [ [ [ -122.090922293754161, 38.262375960210143 ], [ -122.090023978646173, 38.261836970334301 ], [ -122.089395157802983, 38.261926801777754 ], [ -122.089395157866534, 38.261297981783493 ], [ -122.089754484238469, 38.261297980967697 ], [ -122.089754483762377, 38.260938655370325 ], [ -122.090023977892201, 38.260938655082022 ], [ -122.090023978083948, 38.261208150227361 ], [ -122.091281619496726, 38.261208149639486 ], [ -122.091281619545583, 38.261477644888423 ], [ -122.092090103842835, 38.26156747647925 ], [ -122.092090103379235, 38.262106465591302 ], [ -122.091820608157789, 38.262106466007772 ], [ -122.091820607336544, 38.262375960005741 ], [ -122.090922293754161, 38.262375960210143 ] ] ] } },
{ "type": "Feature", "properties": { "csb_id": "061825012491414", "acres": 3.9034376979025698, "geoid": "06095" }, "geometry": { "type": "Polygon", "coordinates": [ [ [ -122.104666517666715, 38.262375960247702 ], [ -122.10466651796942, 38.261836970549751 ], [ -122.104397023234156, 38.261836970846339 ], [ -122.104397023111488, 38.261477645345408 ], [ -122.104936012269505, 38.261208151389894 ], [ -122.105834326942471, 38.261208150145848 ], [ -122.106193653180668, 38.261477644521854 ], [ -122.10619365389833, 38.262106466919697 ], [ -122.105564833164721, 38.262106467446408 ], [ -122.105295338343979, 38.262375961124341 ], [ -122.104666517666715, 38.262375960247702 ] ] ] } },
{ "type": "Feature", "properties": { "csb_id": "061825012491418", "acres": 5.3370341768292704, "geoid": "06095" }, "geometry": { "type": "Polygon", "coordinates": [ [ [ -122.090023978083948, 38.261208150227361 ], [ -122.090023977892201, 38.260938655082022 ], [ -122.089754483762377, 38.260938655370325 ], [ -122.089395157581691, 38.260579329345646 ], [ -122.089395157474868, 38.260309834671936 ], [ -122.092090103975622, 38.260309834726151 ], [ -122.091820609216427, 38.261208150228882 ], [ -122.090023978083948, 38.261208150227361 ] ] ] } },
{ "type": "Feature", "properties": { "csb_id": "061825012491421", "acres": 82.826360624014697, "geoid": "06095" }, "geometry": { "type": "Polygon", "coordinates": [ [ [ -122.083466276288959, 38.264801412319791 ], [ -122.083735770868415, 38.264801411196466 ], [ -122.083735771479084, 38.264621748218786 ], [ -122.083466276135169, 38.264621748725133 ], [ -122.083466276288959, 38.264801412319791 ], [ -122.082208635439329, 38.264801411179661 ], [ -122.082208635028522, 38.264621748310383 ], [ -122.082567961658171, 38.264531916314425 ], [ -122.082927287396942, 38.263903096006636 ], [ -122.083466277256051, 38.263903095799549 ], [ -122.083735771591975, 38.26363360111732 ], [ -122.084005265917426, 38.262735286269148 ], [ -122.083735771000676, 38.262735285999106 ], [ -122.083735771111364, 38.262375960231033 ], [ -122.083106951326457, 38.262375960076589 ], [ -122.083106951133104, 38.261477644611787 ], [ -122.082208635543722, 38.261477644199708 ], [ -122.081939141066528, 38.261208151245931 ], [ -122.081939140257987, 38.260938655276128 ], [ -122.083735770928641, 38.260938655349648 ], [ -122.084005266136316, 38.260579328971865 ], [ -122.084903581179532, 38.260309834918601 ], [ -122.087598527843738, 38.260309835182746 ], [ -122.087508695701402, 38.260938656594142 ], [ -122.087688358750341, 38.261028486777661 ], [ -122.087778190608333, 38.260309834781175 ], [ -122.088227347590049, 38.260309834466483 ], [ -122.088856169212889, 38.260309835685355 ], [ -122.088856168140907, 38.260579329258391 ], [ -122.089395157581691, 38.260579329345646 ], [ -122.089754483762377, 38.260938655370325 ], [ -122.089754484238469, 38.261297980967697 ], [ -122.089125663254649, 38.261477644413496 ], [ -122.089395157767385, 38.261836970229012 ], [ -122.089395157119668, 38.263004780559619 ], [ -122.088407010205941, 38.263004780365208 ], [ -122.088227348095202, 38.263274274748447 ], [ -122.088167694302484, 38.267017021734702 ], [ -122.088227348148095, 38.267137030369973 ], [ -122.088407011241486, 38.266957367310084 ], [ -122.08849684256478, 38.267226862187144 ], [ -122.087598527111652, 38.267496356723981 ], [ -122.08759852767561, 38.268125177595003 ], [ -122.087329032842575, 38.268125177174184 ], [ -122.087329032407339, 38.267586188675011 ], [ -122.087059537701634, 38.267316694440197 ], [ -122.086790043925205, 38.267316694179989 ], [ -122.086790043988444, 38.267586188503728 ], [ -122.086161222964208, 38.267586188049982 ], [ -122.085532402641405, 38.266867536562465 ], [ -122.085532402122524, 38.266598041475078 ], [ -122.08463408710287, 38.266598041330937 ], [ -122.084634086546629, 38.266328546963976 ], [ -122.084364591661867, 38.265969220727449 ], [ -122.083106950942295, 38.265430231345661 ], [ -122.083196782547645, 38.26507090603873 ], [ -122.083466277004817, 38.265070905748118 ], [ -122.083466276288959, 38.264801412319791 ] ], [ [ -122.084005266303421, 38.264172590217655 ], [ -122.083735771183413, 38.264172590697974 ], [ -122.083735771072739, 38.264531916420594 ], [ -122.084005266399899, 38.264531916182094 ], [ -122.084005266303421, 38.264172590217655 ] ], [ [ -122.08346627725092, 38.26426242214594 ], [ -122.082837455795328, 38.264172590446194 ], [ -122.082837455561972, 38.264531918019706 ], [ -122.08346627716891, 38.26453191668508 ], [ -122.08346627725092, 38.26426242214594 ] ], [ [ -122.086700211332911, 38.262375959897284 ], [ -122.086700211865391, 38.261836971048112 ], [ -122.086161223171402, 38.261926802495893 ], [ -122.086161222312299, 38.262106464999292 ], [ -122.08643071679937, 38.262106465103372 ], [ -122.08643071696811, 38.262375960142307 ], [ -122.086700211332911, 38.262375959897284 ] ], [ [ -122.089395157759725, 38.261028487123582 ], [ -122.089125662796548, 38.260938655579146 ], [ -122.089125663613231, 38.261028486891718 ], [ -122.089395157759725, 38.261028487123582 ] ], [ [ -122.086700211965663, 38.260938655189328 ], [ -122.086430717006252, 38.260938655784763 ], [ -122.086430716862282, 38.261208149987262 ], [ -122.086700211699423, 38.261208149633639 ], [ -122.086700211965663, 38.260938655189328 ] ], [ [ -122.085262907777761, 38.261208149843242 ], [ -122.085262906338826, 38.260938655991119 ], [ -122.084903581347419, 38.260938655805795 ], [ -122.084903581468637, 38.261208149657946 ], [ -122.085262907777761, 38.261208149843242 ] ] ] } },
{ "type": "Feature", "properties": { "csb_id": "061825012491422", "acres": 12.7858002798574, "geoid": "06095" }, "geometry": { "type": "Polygon", "coordinates": [ [ [ -122.113020849766428, 38.26327427506817 ], [ -122.112751355373533, 38.263004780079079 ], [ -122.112751355743228, 38.262375960084583 ], [ -122.112481860857756, 38.262375960099988 ], [ -122.11248186071758, 38.2603098346408 ], [ -122.112751354973057, 38.260040341065192 ], [ -122.112751354261192, 38.259681014158851 ], [ -122.113110679850379, 38.259681013946874 ], [ -122.1133801761559, 38.260220003536816 ], [ -122.113649670199877, 38.260399665869137 ], [ -122.114148481301839, 38.260380366627643 ], [ -122.114817480023362, 38.26147764426193 ], [ -122.113380175329141, 38.263274275123379 ], [ -122.113020849766428, 38.26327427506817 ] ] ] } },
{ "type": "Feature", "properties": { "csb_id": "061825012491423", "acres": 12.724829536427, "geoid": "06095" }, "geometry": { "type": "Polygon", "coordinates": [ [ [ -122.098378310452929, 38.260579329181887 ], [ -122.09325791355819, 38.26129798182739 ], [ -122.092449429093577, 38.261208149946647 ], [ -122.092449429829884, 38.260938655442565 ], [ -122.09271892392816, 38.2609386557397 ], [ -122.092718924332488, 38.260579329564926 ], [ -122.09361723997749, 38.26057932953298 ], [ -122.094156228765939, 38.25968101389644 ], [ -122.094156229108464, 38.259411519012232 ], [ -122.094785049495258, 38.259142024686575 ], [ -122.095054543636863, 38.25914202490565 ], [ -122.095413869992612, 38.259411519607369 ], [ -122.096312185339499, 38.260309834650727 ], [ -122.098108815938744, 38.260309834453615 ], [ -122.098378310452929, 38.260579329181887 ] ] ] } },
{ "type": "Feature", "properties": { "csb_id": "061825012491428", "acres": 3.7388700814933302, "geoid": "06095" }, "geometry": { "type": "Polygon", "coordinates": [ [ [ -122.09361723997749, 38.26057932953298 ], [ -122.092718924332488, 38.260579329564926 ], [ -122.092718924839247, 38.2591420250155 ], [ -122.093257913325729, 38.259142024611151 ], [ -122.093257913333261, 38.259411519633581 ], [ -122.094156229108464, 38.259411519012232 ], [ -122.094156228765939, 38.25968101389644 ], [ -122.09361723997749, 38.26057932953298 ] ] ] } },
{ "type": "Feature", "properties": { "csb_id": "061825012491431", "acres": 5.4340236592580196, "geoid": "06095" }, "geometry": { "type": "Polygon", "coordinates": [ [ [ -122.115176806803618, 38.259681013768436 ], [ -122.115176806141122, 38.259501350939829 ], [ -122.1148174803009, 38.259411519095309 ], [ -122.113919164598599, 38.25941151963962 ], [ -122.113380175729176, 38.258782700081106 ], [ -122.11338017609954, 38.25851320464151 ], [ -122.113919165726173, 38.258513205058755 ], [ -122.113919165595789, 38.258782699022959 ], [ -122.114817479789849, 38.258782698985591 ], [ -122.114817479957281, 38.258513204295049 ], [ -122.115176806782628, 38.258513203943281 ], [ -122.115176806742809, 38.258243709005434 ], [ -122.116075121436438, 38.258243709353138 ], [ -122.116075121926301, 38.258782698716693 ], [ -122.115715795693987, 38.259142025034478 ], [ -122.115715796009979, 38.259501350566225 ], [ -122.115176806803618, 38.259681013768436 ] ] ] } },
{ "type": "Feature", "properties": { "csb_id": "061825012491432", "acres": 2.9716727513847698, "geoid": "06095" }, "geometry": { "type": "Polygon", "coordinates": [ [ [ -122.093257913333261, 38.259411519633581 ], [ -122.093257913325729, 38.259142024611151 ], [ -122.092718924839247, 38.2591420250155 ], [ -122.092718924789395, 38.258692867358853 ], [ -122.094515555139509, 38.258603035557606 ], [ -122.094785049495258, 38.259142024686575 ], [ -122.094156229108464, 38.259411519012232 ], [ -122.093257913333261, 38.259411519633581 ] ] ] } },
{ "type": "Feature", "properties": { "csb_id": "061825012491438", "acres": 2.8187555117582401, "geoid": "06095" }, "geometry": { "type": "Polygon", "coordinates": [ [ [ -122.115446300709664, 38.258243709246585 ], [ -122.115446300894163, 38.257794551827345 ], [ -122.115715796024688, 38.257704720612978 ], [ -122.117512425945066, 38.257614888900036 ], [ -122.116614111178279, 38.258513203786791 ], [ -122.116075121436438, 38.258243709353138 ], [ -122.115446300709664, 38.258243709246585 ] ] ] } },
{ "type": "Feature", "properties": { "csb_id": "061825012491439", "acres": 213.97594995435401, "geoid": "06095" }, "geometry": { "type": "Polygon", "coordinates": [ [ [ -122.106013990592245, 38.26569972641078 ], [ -122.094515554570989, 38.267137030854038 ], [ -122.092718924141323, 38.267226862589332 ], [ -122.092718924133109, 38.265969220877302 ], [ -122.092539261078684, 38.26507090555311 ], [ -122.093886733935037, 38.265070905937606 ], [ -122.0938867344682, 38.264801412256865 ], [ -122.094515554935853, 38.264801410752675 ], [ -122.094515554800523, 38.265070905776 ], [ -122.095054544259057, 38.265070905825766 ], [ -122.095054544341806, 38.265430231487564 ], [ -122.096851174853597, 38.265430231547796 ], [ -122.097210501030133, 38.265070905791795 ], [ -122.097210501105238, 38.26480141140933 ], [ -122.096851174354811, 38.264801410910785 ], [ -122.096851174637138, 38.264531916765215 ], [ -122.100444436208633, 38.264531917389206 ], [ -122.100444435790635, 38.263004780331002 ], [ -122.10017494021487, 38.263004780815422 ], [ -122.10017494114966, 38.262735285691825 ], [ -122.098108815584325, 38.26273528623414 ], [ -122.097479995580599, 38.263004780394589 ], [ -122.096581679738733, 38.263004780926707 ], [ -122.09658167957862, 38.263274274859327 ], [ -122.094156228917171, 38.263274275025587 ], [ -122.094156228564714, 38.263633601724386 ], [ -122.092718924227327, 38.263633601032922 ], [ -122.092718924531951, 38.262375959863299 ], [ -122.092539261189856, 38.262375960025174 ], [ -122.092539260580182, 38.261836970439646 ], [ -122.092988419069684, 38.261567476350599 ], [ -122.094156228296185, 38.261387812794332 ], [ -122.102330897581979, 38.260399666473866 ], [ -122.103203026863127, 38.264314268109594 ], [ -122.103407165601098, 38.264302073984531 ], [ -122.102600391968068, 38.260309834552693 ], [ -122.107197678965747, 38.259827165549012 ], [ -122.107271631946986, 38.259681014124602 ], [ -122.107091968450646, 38.259411519834771 ], [ -122.107990283906702, 38.259411519193861 ], [ -122.108529273146644, 38.258782699201014 ], [ -122.111224219192039, 38.258782698574507 ], [ -122.111224219542692, 38.257614888381397 ], [ -122.112122534127877, 38.25761488908816 ], [ -122.112212365783662, 38.258243709730756 ], [ -122.112751355541789, 38.258513204109988 ], [ -122.112961195572495, 38.259291510309176 ], [ -122.112481860607005, 38.259501350815675 ], [ -122.112481860273732, 38.259770845509948 ], [ -122.112751354318064, 38.259770846376149 ], [ -122.112751354973057, 38.260040341065192 ], [ -122.11248186071758, 38.2603098346408 ], [ -122.112481860242568, 38.261208149768628 ], [ -122.112481860857756, 38.262375960099988 ], [ -122.112751355743228, 38.262375960084583 ], [ -122.112751355031577, 38.262735286305471 ], [ -122.110954724618026, 38.262735285528834 ], [ -122.110325903796678, 38.263633601702608 ], [ -122.110325903275665, 38.264531916446131 ], [ -122.109786914915745, 38.26453191632563 ], [ -122.109427588548343, 38.26417259046459 ], [ -122.109158094805935, 38.263633602374853 ], [ -122.109158093441536, 38.26327427489737 ], [ -122.105898937786321, 38.263424374511459 ], [ -122.105834328027981, 38.264262422264274 ], [ -122.106013990592245, 38.26569972641078 ] ], [ [ -122.105295338343979, 38.262375961124341 ], [ -122.105564833164721, 38.262106467446408 ], [ -122.10619365389833, 38.262106466919697 ], [ -122.106193653180668, 38.261477644521854 ], [ -122.105834326942471, 38.261208150145848 ], [ -122.104936012269505, 38.261208151389894 ], [ -122.104397023111488, 38.261477645345408 ], [ -122.104397023234156, 38.261836970846339 ], [ -122.10466651796942, 38.261836970549751 ], [ -122.104666517666715, 38.262375960247702 ], [ -122.105295338343979, 38.262375961124341 ] ] ] } },
{ "type": "Feature", "properties": { "csb_id": "061825012491440", "acres": 12.9311619091156, "geoid": "06095" }, "geometry": { "type": "Polygon", "coordinates": [ [ [ -122.096312185339499, 38.260309834650727 ], [ -122.095413869992612, 38.259411519607369 ], [ -122.095054543636863, 38.25914202490565 ], [ -122.094785049495258, 38.259142024686575 ], [ -122.094515555139509, 38.258603035557606 ], [ -122.097210500391526, 38.258513204217117 ], [ -122.097479994704528, 38.258782697913773 ], [ -122.098737636543859, 38.258782699945364 ], [ -122.09873763718366, 38.259411519701921 ], [ -122.098378310437283, 38.260040340264716 ], [ -122.098108816363947, 38.260040340113413 ], [ -122.098108815938744, 38.260309834453615 ], [ -122.096312185339499, 38.260309834650727 ] ] ] } },
{ "type": "Feature", "properties": { "csb_id": "061825012491445", "acres": 3.9580388552950501, "geoid": "06095" }, "geometry": { "type": "Polygon", "coordinates": [ [ [ -122.113919165595789, 38.258782699022959 ], [ -122.114008996457613, 38.258333542414086 ], [ -122.113020849509255, 38.258243710173744 ], [ -122.11248186038587, 38.257884383024894 ], [ -122.11248186103218, 38.257614889152784 ], [ -122.113110681363381, 38.25761488851002 ], [ -122.113110681115188, 38.257884383724964 ], [ -122.115446300894163, 38.257794551827345 ], [ -122.115446300709664, 38.258243709246585 ], [ -122.1148174801247, 38.25824370959932 ], [ -122.114817479789849, 38.258782698985591 ], [ -122.113919165595789, 38.258782699022959 ] ] ] } },
{ "type": "Feature", "properties": { "csb_id": "061825012491452", "acres": 22.8886802049763, "geoid": "06095" }, "geometry": { "type": "Polygon", "coordinates": [ [ [ -122.083735770928641, 38.260938655349648 ], [ -122.081669646517298, 38.260938655361443 ], [ -122.082208635650034, 38.260309834630192 ], [ -122.081669645984363, 38.260040339996664 ], [ -122.081669646687672, 38.259681014376596 ], [ -122.08256796141572, 38.259681014134209 ], [ -122.082567961990179, 38.259142024356898 ], [ -122.082837455945864, 38.259142024527833 ], [ -122.083106951035575, 38.259411519120015 ], [ -122.083106951059079, 38.259681014368823 ], [ -122.083735771964896, 38.259770845810031 ], [ -122.083735771169302, 38.259142025329183 ], [ -122.083466276593384, 38.258782698933487 ], [ -122.083735772003493, 38.25761488889021 ], [ -122.084005266051889, 38.257614888968057 ], [ -122.084364592194561, 38.257345394472956 ], [ -122.084903581786719, 38.257345394231351 ], [ -122.084903581110098, 38.257614889253496 ], [ -122.085532401840922, 38.257884383193719 ], [ -122.085801897017916, 38.257884383008609 ], [ -122.085801896934058, 38.257614888366845 ], [ -122.086430717170288, 38.257704720655838 ], [ -122.086430715933872, 38.259501351521969 ], [ -122.085532402417144, 38.259681013493825 ], [ -122.084903581179532, 38.260309834918601 ], [ -122.084005266136316, 38.260579328971865 ], [ -122.083735770928641, 38.260938655349648 ] ] ] } },
{ "type": "Feature", "properties": { "csb_id": "061825012491454", "acres": 3.2353210693843799, "geoid": "06095" }, "geometry": { "type": "Polygon", "coordinates": [ [ [ -122.113380175957687, 38.256986068532562 ], [ -122.11302084954562, 38.256716573770142 ], [ -122.113020849830207, 38.256087753008337 ], [ -122.113649670390004, 38.256087753197782 ], [ -122.113919164325537, 38.256447077908703 ], [ -122.113919165003963, 38.256986068488466 ], [ -122.114278490711911, 38.256986068452079 ], [ -122.114278491288943, 38.257345394304465 ], [ -122.114547985777151, 38.25734539382978 ], [ -122.114547986044954, 38.257614889159548 ], [ -122.113380176213767, 38.257614888878912 ], [ -122.113380175957687, 38.256986068532562 ] ] ] } },
{ "type": "Feature", "properties": { "csb_id": "061825012491455", "acres": 7.3616971955548802, "geoid": "06095" }, "geometry": { "type": "Polygon", "coordinates": [ [ [ -122.108888599827182, 38.258513204466084 ], [ -122.108888599695632, 38.257614888675022 ], [ -122.109158093636722, 38.25761488923154 ], [ -122.109158094115173, 38.257345394339936 ], [ -122.110685230213051, 38.257345394485171 ], [ -122.110685230266995, 38.257614888627494 ], [ -122.111224219542692, 38.257614888381397 ], [ -122.111224219192039, 38.258782698574507 ], [ -122.109158093737094, 38.258782698658138 ], [ -122.109158094215559, 38.258513203789249 ], [ -122.108888599827182, 38.258513204466084 ] ] ] } },
{ "type": "Feature", "properties": { "csb_id": "061825012491456", "acres": 14.4133396646506, "geoid": "06095" }, "geometry": { "type": "Polygon", "coordinates": [ [ [ -122.107990283906702, 38.259411519193861 ], [ -122.106193653345542, 38.259681014552974 ], [ -122.106193653761963, 38.25941151930359 ], [ -122.105834327179878, 38.259411519260411 ], [ -122.105924158851963, 38.258243709118645 ], [ -122.105564832427575, 38.258243709497535 ], [ -122.105564832460189, 38.257884383553012 ], [ -122.105834327730264, 38.25761488900234 ], [ -122.106193653926852, 38.257614889068904 ], [ -122.106193653232808, 38.257345394021463 ], [ -122.108259778918992, 38.257345394134369 ], [ -122.108259778790639, 38.257614889158511 ], [ -122.108888599695632, 38.257614888675022 ], [ -122.108888599827182, 38.258513204466084 ], [ -122.109158094215559, 38.258513203789249 ], [ -122.109158093737094, 38.258782698658138 ], [ -122.108529273146644, 38.258782699201014 ], [ -122.107990283906702, 38.259411519193861 ] ] ] } },
{ "type": "Feature", "properties": { "csb_id": "061825012491465", "acres": 95.611451724711301, "geoid": "06095" }, "geometry": { "type": "Polygon", "coordinates": [ [ [ -122.122632822935486, 38.261567476375376 ], [ -122.121375182426192, 38.261477645652242 ], [ -122.120566697969906, 38.261926801965785 ], [ -122.120476866657526, 38.262735285967956 ], [ -122.119309057008309, 38.262735286240392 ], [ -122.119309055608213, 38.262375959977817 ], [ -122.118680235570338, 38.262375960216055 ], [ -122.118680236116603, 38.262735285994381 ], [ -122.118141245251167, 38.262735286072335 ], [ -122.117512426757045, 38.263004780690963 ], [ -122.116883605579986, 38.263004780081481 ], [ -122.116614110880434, 38.262735286116751 ], [ -122.11607512203561, 38.262735285962542 ], [ -122.115446301227479, 38.262735285837067 ], [ -122.115446300538792, 38.263094612135681 ], [ -122.114547986078847, 38.263004780064612 ], [ -122.114817480896079, 38.262196296936743 ], [ -122.115715795790805, 38.261567475651461 ], [ -122.116614111109172, 38.259321687422855 ], [ -122.123126018862706, 38.259087459244768 ], [ -122.122902317405376, 38.258872530721106 ], [ -122.117242931506198, 38.259052194469696 ], [ -122.117242931647823, 38.258513204038401 ], [ -122.117512425741822, 38.258243709611151 ], [ -122.118410741629305, 38.258243709310854 ], [ -122.11841074143473, 38.257614888864353 ], [ -122.118141246471836, 38.257614889355374 ], [ -122.118141246494119, 38.257345394797142 ], [ -122.118410741240211, 38.256986068389352 ], [ -122.118680235320696, 38.256986067923933 ], [ -122.118680235866947, 38.25734539384073 ], [ -122.119578551506578, 38.257345394714136 ], [ -122.120476866839198, 38.25671657397281 ], [ -122.121734507749395, 38.256716573231898 ], [ -122.122273497108679, 38.256447079884822 ], [ -122.122902317207775, 38.256447078920431 ], [ -122.123171812396848, 38.256536910376077 ], [ -122.123171812679132, 38.256986067833743 ], [ -122.123531138663864, 38.25707589990396 ], [ -122.123531138479578, 38.258243710107429 ], [ -122.12380063293979, 38.258333541008987 ], [ -122.124070128167062, 38.25878269933326 ], [ -122.124070127706062, 38.262735285921408 ], [ -122.12469894795943, 38.263364106480488 ], [ -122.124698948211204, 38.263633601472606 ], [ -122.124159958958728, 38.26363360112942 ], [ -122.122902317574628, 38.262735286144782 ], [ -122.122632823752554, 38.262196297897646 ], [ -122.122632822935486, 38.261567476375376 ] ], [ [ -122.123261643802408, 38.25824370921142 ], [ -122.123171812884465, 38.25797421502152 ], [ -122.123171812603914, 38.258243710865763 ], [ -122.123261643802408, 38.25824370921142 ] ], [ [ -122.119309056895318, 38.257614888757232 ], [ -122.119039562103509, 38.25761488840002 ], [ -122.119039562126559, 38.25824371005713 ], [ -122.119309056377261, 38.258243709181222 ], [ -122.119309056895318, 38.257614888757232 ] ] ] } },
{ "type": "Feature", "properties": { "csb_id": "061825012491468", "acres": 3.46781975543924, "geoid": "06095" }, "geometry": { "type": "Polygon", "coordinates": [ [ [ -122.113919165003963, 38.256986068488466 ], [ -122.113919164325537, 38.256447077908703 ], [ -122.113649670390004, 38.256087753197782 ], [ -122.113380176071942, 38.256087752670801 ], [ -122.113380175644934, 38.255818258279518 ], [ -122.114547986048777, 38.255728426892652 ], [ -122.114547986348711, 38.256087754979418 ], [ -122.114817480666744, 38.256087752945369 ], [ -122.114817481204568, 38.257345395340195 ], [ -122.114278491288943, 38.257345394304465 ], [ -122.114278490711911, 38.256986068452079 ], [ -122.113919165003963, 38.256986068488466 ] ] ] } },
{ "type": "Feature", "properties": { "csb_id": "061825012491474", "acres": 9.7350690243279807, "geoid": "06095" }, "geometry": { "type": "Polygon", "coordinates": [ [ [ -122.123171812396848, 38.256536910376077 ], [ -122.122273497108679, 38.256447079884822 ], [ -122.121734507749395, 38.256716573231898 ], [ -122.120476866839198, 38.25671657397281 ], [ -122.119578551506578, 38.257345394714136 ], [ -122.118680235866947, 38.25734539384073 ], [ -122.118590404772661, 38.256447080275812 ], [ -122.119039562318051, 38.255818258053374 ], [ -122.119578550768324, 38.255818258331608 ], [ -122.119578551262009, 38.256087753029462 ], [ -122.121105686945697, 38.256087753408323 ], [ -122.121734508268901, 38.255818259098589 ], [ -122.122632823376335, 38.255818257791837 ], [ -122.12263282365322, 38.256087754052501 ], [ -122.123531138381793, 38.256087752542015 ], [ -122.12353113817305, 38.256716573430559 ], [ -122.123171812475576, 38.25671657392455 ], [ -122.123171812396848, 38.256536910376077 ] ] ] } },
{ "type": "Feature", "properties": { "csb_id": "061825012491475", "acres": 82.8787468602373, "geoid": "06095" }, "geometry": { "type": "Polygon", "coordinates": [ [ [ -122.097479994704528, 38.258782697913773 ], [ -122.097210500391526, 38.258513204217117 ], [ -122.095952859114036, 38.258513205050861 ], [ -122.095952860088971, 38.257974216005906 ], [ -122.095683364536541, 38.257974215289444 ], [ -122.095413870026121, 38.258333540925335 ], [ -122.092449430153252, 38.258423372726703 ], [ -122.092449429740398, 38.256177584157179 ], [ -122.09415622891764, 38.256177584638372 ], [ -122.094156229260165, 38.255908089685981 ], [ -122.094785049715867, 38.255818258517017 ], [ -122.094785048829351, 38.25429112212975 ], [ -122.095952858964381, 38.254291122551393 ], [ -122.095952858896595, 38.254021628069857 ], [ -122.096312185727001, 38.254021628036952 ], [ -122.096581680091518, 38.254291122254855 ], [ -122.096581680818119, 38.254919943739431 ], [ -122.098108815902691, 38.254919942955581 ], [ -122.098647804718539, 38.254650448825274 ], [ -122.099007131261146, 38.254650448132985 ], [ -122.099546119792791, 38.254650448184663 ], [ -122.099905446205611, 38.25474028022257 ], [ -122.099905446774386, 38.254919943338713 ], [ -122.100174941230875, 38.254919942790693 ], [ -122.100444435149157, 38.254650448331063 ], [ -122.1004444361309, 38.254291121980131 ], [ -122.101073256196059, 38.254291122103702 ], [ -122.10107325606792, 38.254650448938605 ], [ -122.101702077120919, 38.255189437960176 ], [ -122.101971571909189, 38.255189438249715 ], [ -122.101971571903221, 38.255548763210768 ], [ -122.102600392391707, 38.255548763333934 ], [ -122.103498707548866, 38.256447078553677 ], [ -122.103498707565436, 38.257345393990555 ], [ -122.103768201698088, 38.257435225764951 ], [ -122.10376820220074, 38.257614889064278 ], [ -122.104037696515064, 38.25761488871813 ], [ -122.099635952695252, 38.257974214569316 ], [ -122.099546118754787, 38.25833354139175 ], [ -122.098737636323534, 38.258333540788833 ], [ -122.098737636543859, 38.258782699945364 ], [ -122.097479994704528, 38.258782697913773 ] ] ] } },
{ "type": "Feature", "properties": { "csb_id": "061825012491478", "acres": 7.88502724475173, "geoid": "06095" }, "geometry": { "type": "Polygon", "coordinates": [ [ [ -122.12263282365322, 38.256087754052501 ], [ -122.122632823376335, 38.255818257791837 ], [ -122.121734508268901, 38.255818259098589 ], [ -122.121105686945697, 38.256087753408323 ], [ -122.119578551262009, 38.256087753029462 ], [ -122.119578550768324, 38.255818258331608 ], [ -122.119309056699748, 38.255818258917337 ], [ -122.119309056881164, 38.255548763355513 ], [ -122.11993787735129, 38.254380953762286 ], [ -122.120207372494903, 38.254291122650564 ], [ -122.120207372108936, 38.254650448615408 ], [ -122.121105687718668, 38.25465044968783 ], [ -122.12110568763427, 38.254919943901967 ], [ -122.120836192760351, 38.254919943168915 ], [ -122.120836193424324, 38.25518943885298 ], [ -122.121375181988498, 38.255189437636254 ], [ -122.121465012995984, 38.255548763720832 ], [ -122.123261644366465, 38.25554876328065 ], [ -122.123171812114592, 38.256087752903781 ], [ -122.12263282365322, 38.256087754052501 ] ] ] } },
{ "type": "Feature", "properties": { "csb_id": "061825012491485", "acres": 43.412747799468399, "geoid": "06095" }, "geometry": { "type": "Polygon", "coordinates": [ [ [ -122.110685230213051, 38.257345394485171 ], [ -122.109158094115173, 38.257345394339936 ], [ -122.109158093636722, 38.25761488923154 ], [ -122.108259778790639, 38.257614889158511 ], [ -122.108259778918992, 38.257345394134369 ], [ -122.106193653232808, 38.257345394021463 ], [ -122.106193653926852, 38.257614889068904 ], [ -122.105834327730264, 38.25761488900234 ], [ -122.105834326755868, 38.256986067128331 ], [ -122.105295338014656, 38.256986068723741 ], [ -122.105295338080964, 38.256716573289317 ], [ -122.105564832886714, 38.256716573403772 ], [ -122.10556483281178, 38.255818257996317 ], [ -122.104666517428981, 38.254919942936276 ], [ -122.104666517264079, 38.254740279976474 ], [ -122.105295337749567, 38.2547402787064 ], [ -122.105295338475912, 38.25429112345514 ], [ -122.104936012671374, 38.254291123291324 ], [ -122.105025843513218, 38.25348263893369 ], [ -122.104666517219954, 38.253482638949876 ], [ -122.104666518000499, 38.253123312748066 ], [ -122.105834327059085, 38.253392806847394 ], [ -122.106732642465829, 38.254021627936808 ], [ -122.107630958291438, 38.254021627532545 ], [ -122.107630957741094, 38.254380954038623 ], [ -122.107361463757272, 38.254380953654248 ], [ -122.107361463666052, 38.254650448010423 ], [ -122.108259778436079, 38.254650448622414 ], [ -122.108259778445699, 38.254291122498103 ], [ -122.108529273289562, 38.254021628157176 ], [ -122.109427589055144, 38.254021627609305 ], [ -122.109427588831366, 38.255548764760938 ], [ -122.110056409076492, 38.256087753083271 ], [ -122.111224218875364, 38.256087752784858 ], [ -122.111853040123677, 38.25590809057298 ], [ -122.111583545512588, 38.256177584921595 ], [ -122.111620215010078, 38.256590072174298 ], [ -122.112122533785495, 38.257075899478373 ], [ -122.112122534127877, 38.25761488908816 ], [ -122.110685230266995, 38.257614888627494 ], [ -122.110685230213051, 38.257345394485171 ] ] ] } },
{ "type": "Feature", "properties": { "csb_id": "061825012491486", "acres": 26.1929641987944, "geoid": "06095" }, "geometry": { "type": "Polygon", "coordinates": [ [ [ -122.104666517705994, 38.258603036088779 ], [ -122.104666517843754, 38.257884383326818 ], [ -122.104037696540587, 38.257704720487951 ], [ -122.104037696776956, 38.257435226035561 ], [ -122.103498707565436, 38.257345393990555 ], [ -122.103498707548866, 38.256447078553677 ], [ -122.102600392391707, 38.255548763333934 ], [ -122.101971571903221, 38.255548763210768 ], [ -122.101971572120746, 38.254919942623822 ], [ -122.10224106512328, 38.254919943423047 ], [ -122.102241065769874, 38.254650448408611 ], [ -122.101971571227821, 38.254291122250031 ], [ -122.101702077512769, 38.254291122444435 ], [ -122.101702076804571, 38.254021628143519 ], [ -122.10197157175223, 38.25402162746515 ], [ -122.102241066861893, 38.253752133123022 ], [ -122.102241066347787, 38.253392807014038 ], [ -122.103768202643678, 38.253392806581203 ], [ -122.103768202538518, 38.253752133525353 ], [ -122.104037696715721, 38.25402162737614 ], [ -122.104666516604354, 38.254021628113776 ], [ -122.104936012121158, 38.253841965074365 ], [ -122.104936012671374, 38.254291123291324 ], [ -122.105295338475912, 38.25429112345514 ], [ -122.105295338236047, 38.254650449251429 ], [ -122.104666517264079, 38.254740279976474 ], [ -122.104666517428981, 38.254919942936276 ], [ -122.10556483281178, 38.255818257996317 ], [ -122.105564832886714, 38.256716573403772 ], [ -122.105295338080964, 38.256716573289317 ], [ -122.105295337043614, 38.257075900122871 ], [ -122.10529533777482, 38.257345394449537 ], [ -122.10556483235267, 38.257345394189358 ], [ -122.10556483289642, 38.258333540646525 ], [ -122.105025843837979, 38.258603036002334 ], [ -122.104666517705994, 38.258603036088779 ] ], [ [ -122.10260039196946, 38.253752133329321 ], [ -122.1023308984946, 38.253752133427291 ], [ -122.102330897864519, 38.254021627600714 ], [ -122.10260039232756, 38.254021627502709 ], [ -122.10260039196946, 38.253752133329321 ] ] ] } },
{ "type": "Feature", "properties": { "csb_id": "061825012491490", "acres": 15.2761835681652, "geoid": "06095" }, "geometry": { "type": "Polygon", "coordinates": [ [ [ -122.111224218875364, 38.256087752784858 ], [ -122.110056409076492, 38.256087753083271 ], [ -122.109427588831366, 38.255548764760938 ], [ -122.109427589055144, 38.254021627609305 ], [ -122.109786914592263, 38.254021627387516 ], [ -122.110056408854504, 38.253752133017649 ], [ -122.110056409902057, 38.253392807509435 ], [ -122.111583545433106, 38.253392806519095 ], [ -122.111583545502796, 38.253752134338384 ], [ -122.111853039997627, 38.253752133191902 ], [ -122.112122533467627, 38.254021627978382 ], [ -122.112122534438555, 38.255908089671273 ], [ -122.111583545808799, 38.255908090883672 ], [ -122.111224218875364, 38.256087752784858 ] ] ] } },
{ "type": "Feature", "properties": { "csb_id": "061825012491497", "acres": 11.160973386037, "geoid": "06095" }, "geometry": { "type": "Polygon", "coordinates": [ [ [ -122.118680236466915, 38.255548763436572 ], [ -122.114547986407047, 38.255458933243361 ], [ -122.114547985826235, 38.25518943701266 ], [ -122.115446301394769, 38.255189438261262 ], [ -122.116075121805366, 38.254650448689844 ], [ -122.116075121153187, 38.254021627901672 ], [ -122.117242931137383, 38.254021628094925 ], [ -122.117512426767149, 38.254291122524982 ], [ -122.11841074108986, 38.254291122227556 ], [ -122.118410741428832, 38.254650447972736 ], [ -122.119039562242534, 38.254650448434546 ], [ -122.119039562532592, 38.254021627471921 ], [ -122.119309056191071, 38.254021627983875 ], [ -122.119309056806898, 38.254291122474982 ], [ -122.119578551453571, 38.254291122395927 ], [ -122.11953837331869, 38.254579916634675 ], [ -122.119219224711586, 38.254919942784355 ], [ -122.118680235920735, 38.255189437472815 ], [ -122.118680236466915, 38.255548763436572 ] ] ] } },
{ "type": "Feature", "properties": { "csb_id": "061825012491498", "acres": 4.0109443144117503, "geoid": "06095" }, "geometry": { "type": "Polygon", "coordinates": [ [ [ -122.094515554880644, 38.254291122372109 ], [ -122.093347745108389, 38.254380953846635 ], [ -122.093257912978899, 38.254021627500499 ], [ -122.092718924301735, 38.253482638381463 ], [ -122.092718924503842, 38.253302975198288 ], [ -122.094785049430001, 38.253482638512146 ], [ -122.094785049399718, 38.254021627515236 ], [ -122.094515554880644, 38.254291122372109 ] ] ] } },
{ "type": "Feature", "properties": { "csb_id": "061825012491504", "acres": 5.5119558703826304, "geoid": "06095" }, "geometry": { "type": "Polygon", "coordinates": [ [ [ -122.073315314242336, 38.253752133283996 ], [ -122.073225481700248, 38.252494491626628 ], [ -122.07385430292139, 38.252494492111261 ], [ -122.074123797430019, 38.252224997350197 ], [ -122.074123798175478, 38.251955502471368 ], [ -122.074752619018668, 38.25222499729017 ], [ -122.074752618338067, 38.254021627766114 ], [ -122.074483123671754, 38.25384196439029 ], [ -122.073315314242336, 38.253752133283996 ] ] ] } },
{ "type": "Feature", "properties": { "csb_id": "061825012491506", "acres": 4.6564515361126197, "geoid": "06095" }, "geometry": { "type": "Polygon", "coordinates": [ [ [ -122.108888598998149, 38.254021627744045 ], [ -122.10888859989214, 38.252584323037077 ], [ -122.109697082557801, 38.252314828346982 ], [ -122.110056409056483, 38.252584323693661 ], [ -122.110325903250683, 38.253392806893878 ], [ -122.110056409902057, 38.253392807509435 ], [ -122.110056408854504, 38.253752133017649 ], [ -122.109786914592263, 38.254021627387516 ], [ -122.108888598998149, 38.254021627744045 ] ] ] } },
{ "type": "Feature", "properties": { "csb_id": "061825012491510", "acres": 23.529834163366299, "geoid": "06095" }, "geometry": { "type": "Polygon", "coordinates": [ [ [ -122.098647804718539, 38.254650448825274 ], [ -122.098108815902691, 38.254919942955581 ], [ -122.096581680818119, 38.254919943739431 ], [ -122.096581680091518, 38.254291122254855 ], [ -122.096312185727001, 38.254021628036952 ], [ -122.095952858896595, 38.254021628069857 ], [ -122.095952858964381, 38.254291122551393 ], [ -122.094515554880644, 38.254291122372109 ], [ -122.094785049399718, 38.254021627515236 ], [ -122.094785049430001, 38.253482638512146 ], [ -122.095054544393335, 38.253392806474487 ], [ -122.09514437578801, 38.252314829068389 ], [ -122.095683364273071, 38.252224996997867 ], [ -122.09568336477588, 38.252494492131831 ], [ -122.095952858939953, 38.252494491553819 ], [ -122.096312185317146, 38.252224997027803 ], [ -122.096312184988378, 38.251596176761183 ], [ -122.095952859084164, 38.251596176395203 ], [ -122.095952859016379, 38.251326681860171 ], [ -122.096581679975401, 38.251326681635732 ], [ -122.096851174157507, 38.251596176198873 ], [ -122.096851174625655, 38.251955502184813 ], [ -122.098108816622698, 38.251955502774152 ], [ -122.098108816197524, 38.252224997272677 ], [ -122.09837830959259, 38.252494491504862 ], [ -122.098647805148929, 38.252494492128434 ], [ -122.098647804892138, 38.25285381830863 ], [ -122.098378310551865, 38.252853818059954 ], [ -122.098378311114871, 38.253123312540588 ], [ -122.098647805460928, 38.253392806889742 ], [ -122.099007130922047, 38.25339280694719 ], [ -122.099276625614678, 38.253752132941088 ], [ -122.099276626353458, 38.254291122454418 ], [ -122.099276625526969, 38.254650448454314 ], [ -122.098647804718539, 38.254650448825274 ] ], [ [ -122.096851174199827, 38.253213143974058 ], [ -122.095952858727969, 38.253123312153541 ], [ -122.095952859108564, 38.253392807511609 ], [ -122.096851174590341, 38.253392807376166 ], [ -122.096851174199827, 38.253213143974058 ] ] ] } },
{ "type": "Feature", "properties": { "csb_id": "061825012491514", "acres": 9.1639943675777999, "geoid": "06095" }, "geometry": { "type": "Polygon", "coordinates": [ [ [ -122.074752618338067, 38.254021627766114 ], [ -122.074752619018668, 38.25222499729017 ], [ -122.075022113529258, 38.252224996908311 ], [ -122.07538143910196, 38.251955502327021 ], [ -122.075381439488538, 38.251596176769937 ], [ -122.075650933362468, 38.251416513152478 ], [ -122.076279754235117, 38.251955502379886 ], [ -122.076279753979279, 38.252494491597787 ], [ -122.076818743348227, 38.252494492240736 ], [ -122.076279754781154, 38.252584323257061 ], [ -122.076279754216728, 38.253213144346901 ], [ -122.076818743788976, 38.253213144239297 ], [ -122.076818744176791, 38.25339280717256 ], [ -122.076549248914674, 38.254111459418844 ], [ -122.074752618338067, 38.254021627766114 ] ] ] } },
{ "type": "Feature", "properties": { "csb_id": "061825012491524", "acres": 21.1469957664535, "geoid": "06095" }, "geometry": { "type": "Polygon", "coordinates": [ [ [ -122.099905446205611, 38.25474028022257 ], [ -122.099276625526969, 38.254650448454314 ], [ -122.099276625614678, 38.253752132941088 ], [ -122.099007130922047, 38.25339280694719 ], [ -122.098647805460928, 38.253392806889742 ], [ -122.098378311114871, 38.253123312540588 ], [ -122.098378310551865, 38.252853818059954 ], [ -122.098647804892138, 38.25285381830863 ], [ -122.09900713128539, 38.252494492935561 ], [ -122.09837830959259, 38.252494491504862 ], [ -122.098108816197524, 38.252224997272677 ], [ -122.098108816622698, 38.251955502774152 ], [ -122.097749489618366, 38.251955502884186 ], [ -122.097749489459858, 38.251416513738121 ], [ -122.097839320589955, 38.251596176216147 ], [ -122.098378310040971, 38.251596176309143 ], [ -122.098378310588302, 38.251326681556158 ], [ -122.09864780519365, 38.251326681453889 ], [ -122.098647805377695, 38.251955502410922 ], [ -122.099007130710191, 38.25159617628816 ], [ -122.099276625819044, 38.251596176766178 ], [ -122.099276625293257, 38.251326681529257 ], [ -122.10017494139062, 38.2513266820472 ], [ -122.100174941174942, 38.251955502230736 ], [ -122.10080376249519, 38.251955502812912 ], [ -122.100803761824423, 38.251057186926928 ], [ -122.101342750905204, 38.251057187140056 ], [ -122.101342750608666, 38.251326682358631 ], [ -122.102241065847224, 38.251326681862992 ], [ -122.102241066310995, 38.251596176701362 ], [ -122.101971571232809, 38.251596176229697 ], [ -122.101702076880088, 38.251955502556996 ], [ -122.101702077588229, 38.252224996898889 ], [ -122.101971572125677, 38.252224996728096 ], [ -122.10197157190818, 38.252853817439316 ], [ -122.101342750846442, 38.252853818321157 ], [ -122.101073256362582, 38.253123312428407 ], [ -122.101073256857603, 38.253752133121743 ], [ -122.101342750504188, 38.253752132963655 ], [ -122.101342751318057, 38.254021627886658 ], [ -122.101073256196059, 38.254291122103702 ], [ -122.1004444361309, 38.254291121980131 ], [ -122.100444435149157, 38.254650448331063 ], [ -122.100174941230875, 38.254919942790693 ], [ -122.099905446774386, 38.254919943338713 ], [ -122.099905446205611, 38.25474028022257 ] ], [ [ -122.100803762130198, 38.252224996670911 ], [ -122.100444435746994, 38.252224996823713 ], [ -122.100444435800554, 38.252494492151811 ], [ -122.100803762078087, 38.252494491382215 ], [ -122.100803762130198, 38.252224996670911 ] ] ] } },
{ "type": "Feature", "properties": { "csb_id": "061825012491527", "acres": 6.6843847219996899, "geoid": "06095" }, "geometry": { "type": "Polygon", "coordinates": [ [ [ -122.072686493515647, 38.2524944916481 ], [ -122.07268649391429, 38.251596176262133 ], [ -122.073225482467549, 38.250158871721531 ], [ -122.074123797431, 38.250158871670116 ], [ -122.074123797795991, 38.250428366343151 ], [ -122.073854303210481, 38.250428366205227 ], [ -122.073854302822255, 38.251326681993163 ], [ -122.074393292716294, 38.25132668202771 ], [ -122.0741237974228, 38.251596176647055 ], [ -122.074123797430019, 38.252224997350197 ], [ -122.07385430292139, 38.252494492111261 ], [ -122.072686493515647, 38.2524944916481 ] ] ] } },
{ "type": "Feature", "properties": { "csb_id": "061825012491531", "acres": 7.2810500301546401, "geoid": "06095" }, "geometry": { "type": "Polygon", "coordinates": [ [ [ -122.11751242545779, 38.25231482848794 ], [ -122.116883606046102, 38.251955502791581 ], [ -122.116703942027328, 38.251326681895193 ], [ -122.119937877255069, 38.251326682169015 ], [ -122.119937877879877, 38.252314828534089 ], [ -122.11751242545779, 38.25231482848794 ] ] ] } },
{ "type": "Feature", "properties": { "csb_id": "061825012491532", "acres": 13.135780774376601, "geoid": "06095" }, "geometry": { "type": "Polygon", "coordinates": [ [ [ -122.101342751318057, 38.254021627886658 ], [ -122.101342750504188, 38.253752132963655 ], [ -122.101073256857603, 38.253752133121743 ], [ -122.101073256362582, 38.253123312428407 ], [ -122.101342750846442, 38.252853818321157 ], [ -122.10197157190818, 38.252853817439316 ], [ -122.101971572125677, 38.252224996728096 ], [ -122.101702077588229, 38.252224996898889 ], [ -122.101702076880088, 38.251955502556996 ], [ -122.101971571232809, 38.251596176229697 ], [ -122.102241066310995, 38.251596176701362 ], [ -122.102241065847224, 38.251326681862992 ], [ -122.102869886652314, 38.251326681934998 ], [ -122.102869887290879, 38.250787692749626 ], [ -122.103139381140707, 38.250787692726632 ], [ -122.103139381368138, 38.251326682154009 ], [ -122.103768202627336, 38.251326682164645 ], [ -122.103768202095111, 38.251955502628526 ], [ -122.104397022698038, 38.251955502590747 ], [ -122.104397022762384, 38.252853817924375 ], [ -122.103498708108361, 38.252853817935801 ], [ -122.103498708116376, 38.253123311994223 ], [ -122.103768202757848, 38.253123312286085 ], [ -122.103768202643678, 38.253392806581203 ], [ -122.102241066347787, 38.253392807014038 ], [ -122.102241066861893, 38.253752133123022 ], [ -122.10197157175223, 38.25402162746515 ], [ -122.101342751318057, 38.254021627886658 ] ] ] } },
{ "type": "Feature", "properties": { "csb_id": "061825012491539", "acres": 9.5958925676457891, "geoid": "06095" }, "geometry": { "type": "Polygon", "coordinates": [ [ [ -122.108259778925571, 38.252584323646779 ], [ -122.106463148218239, 38.252494491883525 ], [ -122.106463147700509, 38.251955502815058 ], [ -122.106193654040382, 38.251955502664416 ], [ -122.106193653948679, 38.251326681521412 ], [ -122.106716281839468, 38.250912000223444 ], [ -122.108619104797384, 38.250697861153128 ], [ -122.108739113620018, 38.251835493042911 ], [ -122.108529273178121, 38.251955502492471 ], [ -122.108529273474474, 38.252494492131092 ], [ -122.108708936794841, 38.25249449206742 ], [ -122.108708936004817, 38.252943649158183 ], [ -122.108529273009808, 38.252943649838507 ], [ -122.108259778925571, 38.252584323646779 ] ] ] } },
{ "type": "Feature", "properties": { "csb_id": "061825012491543", "acres": 2.6228334018910102, "geoid": "06095" }, "geometry": { "type": "Polygon", "coordinates": [ [ [ -122.073854302822255, 38.251326681993163 ], [ -122.073854303210481, 38.250428366205227 ], [ -122.074123797795991, 38.250428366343151 ], [ -122.074123797431, 38.250158871670116 ], [ -122.074842449916588, 38.250158871608058 ], [ -122.074752617138031, 38.25132668244639 ], [ -122.073854302822255, 38.251326681993163 ] ] ] } },
{ "type": "Feature", "properties": { "csb_id": "061825012491546", "acres": 13.8818981579563, "geoid": "06095" }, "geometry": { "type": "Polygon", "coordinates": [ [ [ -122.110325904514383, 38.253123312668599 ], [ -122.110056409056483, 38.252584323693661 ], [ -122.109697082557801, 38.252314828346982 ], [ -122.110056408680691, 38.252224997537866 ], [ -122.110056408398847, 38.251955502914733 ], [ -122.109517419147323, 38.251416513922933 ], [ -122.108798767461735, 38.251057186935661 ], [ -122.108708935494334, 38.250158872611451 ], [ -122.109427587317569, 38.250158872485031 ], [ -122.109427588624683, 38.250428366417879 ], [ -122.110954722488131, 38.25042836666659 ], [ -122.110954724845257, 38.249889377124113 ], [ -122.11131405107497, 38.249889377151042 ], [ -122.111583543778167, 38.250158872625796 ], [ -122.111583543498838, 38.250697861782918 ], [ -122.111224216647443, 38.250697861817869 ], [ -122.111224218775661, 38.251057187022965 ], [ -122.112122534688069, 38.251596176573464 ], [ -122.112122533692684, 38.252224996948421 ], [ -122.111853038306819, 38.252224997320091 ], [ -122.111853039311825, 38.252494492289401 ], [ -122.11095472359689, 38.25249449237954 ], [ -122.110954722186861, 38.252853818020988 ], [ -122.110685228021822, 38.253123313012935 ], [ -122.110325904514383, 38.253123312668599 ] ] ] } },
{ "type": "Feature", "properties": { "csb_id": "061825012491548", "acres": 28.274288181701401, "geoid": "06095" }, "geometry": { "type": "Polygon", "coordinates": [ [ [ -122.106193653562556, 38.253752132780562 ], [ -122.105834327059085, 38.253392806847394 ], [ -122.104936012157424, 38.253123312438262 ], [ -122.104666518000499, 38.253123312748066 ], [ -122.104666517219954, 38.253482638949876 ], [ -122.105025843513218, 38.25348263893369 ], [ -122.105025843066173, 38.253841964509299 ], [ -122.104666516604354, 38.254021628113776 ], [ -122.104037696715721, 38.25402162737614 ], [ -122.103768202538518, 38.253752133525353 ], [ -122.103768202757848, 38.253123312286085 ], [ -122.103498708116376, 38.253123311994223 ], [ -122.103498708108361, 38.252853817935801 ], [ -122.104397022762384, 38.252853817924375 ], [ -122.104397022698038, 38.251955502590747 ], [ -122.103768202095111, 38.251955502628526 ], [ -122.103768202627336, 38.251326682164645 ], [ -122.103139381368138, 38.251326682154009 ], [ -122.103139381140707, 38.250787692726632 ], [ -122.104037696981052, 38.250158873309566 ], [ -122.104037696904484, 38.249889377849208 ], [ -122.103768201765917, 38.249889377133421 ], [ -122.103768201880087, 38.249619882768386 ], [ -122.104397022940574, 38.249619882910295 ], [ -122.104397022911442, 38.249889377759303 ], [ -122.10466651725261, 38.249889378196727 ], [ -122.104666517898664, 38.250158872181615 ], [ -122.104936012117648, 38.250158872270013 ], [ -122.104936012954497, 38.250428367350189 ], [ -122.105834327710724, 38.25042836610578 ], [ -122.105834327536883, 38.250158872017003 ], [ -122.106193653094891, 38.250158871692918 ], [ -122.107361463298531, 38.250158871722363 ], [ -122.107630958384263, 38.250428366835408 ], [ -122.106552979344912, 38.250697861417791 ], [ -122.106552979389036, 38.251057187660578 ], [ -122.106193653948679, 38.251326681521412 ], [ -122.106193654040382, 38.251955502664416 ], [ -122.106463147700509, 38.251955502815058 ], [ -122.106463148218239, 38.252494491883525 ], [ -122.107990283826311, 38.252494491604715 ], [ -122.108259778925571, 38.252584323646779 ], [ -122.108529273009808, 38.252943649838507 ], [ -122.108259778042964, 38.253123312159637 ], [ -122.107630958158154, 38.253123312018168 ], [ -122.107361463142809, 38.253392807224905 ], [ -122.107361463848491, 38.25411145929273 ], [ -122.106193653562556, 38.253752132780562 ] ] ] } },
{ "type": "Feature", "properties": { "csb_id": "061825012491549", "acres": 12.4482452685467, "geoid": "06095" }, "geometry": { "type": "Polygon", "coordinates": [ [ [ -122.088496842473788, 38.252224997427213 ], [ -122.088496842016966, 38.251955502456852 ], [ -122.088227348483841, 38.251955502733153 ], [ -122.088227347872021, 38.250787693003332 ], [ -122.088856168362355, 38.250697860995622 ], [ -122.090652799304564, 38.249889377082027 ], [ -122.091191788254207, 38.24979954708634 ], [ -122.091461282358139, 38.250158871833847 ], [ -122.091461283460646, 38.250697861900832 ], [ -122.091820609435302, 38.251057187767664 ], [ -122.091820608614185, 38.251326681981467 ], [ -122.091461283167391, 38.251326682572085 ], [ -122.091191788542744, 38.251686008303466 ], [ -122.090293473098811, 38.251596176816619 ], [ -122.089754483795559, 38.251955502395852 ], [ -122.088856168833814, 38.25195550256408 ], [ -122.088856168074656, 38.252224997159367 ], [ -122.088496842473788, 38.252224997427213 ] ] ] } },
{ "type": "Feature", "properties": { "csb_id": "061825012491553", "acres": 64.875117320212496, "geoid": "06095" }, "geometry": { "type": "Polygon", "coordinates": [ [ [ -122.114278489724313, 38.254021627830589 ], [ -122.11454798549083, 38.254021628127667 ], [ -122.114547985536092, 38.25375213358609 ], [ -122.114278490757812, 38.253752133288963 ], [ -122.114278489724313, 38.254021627830589 ], [ -122.113919165356947, 38.254021627953797 ], [ -122.113919165174252, 38.253752133037693 ], [ -122.112751355368161, 38.253752132741973 ], [ -122.112481861044628, 38.253752133040315 ], [ -122.112122533467627, 38.254021627978382 ], [ -122.111853039997627, 38.253752133191902 ], [ -122.111853040659767, 38.253392807706668 ], [ -122.111583545433106, 38.253392806519095 ], [ -122.111583545729303, 38.253123312426325 ], [ -122.111853039967727, 38.253123313613962 ], [ -122.111853038306819, 38.252224997320091 ], [ -122.112122533692684, 38.252224996948421 ], [ -122.112122534688069, 38.251596176573464 ], [ -122.111224218775661, 38.251057187022965 ], [ -122.111224216647443, 38.250697861817869 ], [ -122.111583543498838, 38.250697861782918 ], [ -122.111583543778167, 38.250158872625796 ], [ -122.111224217218648, 38.249889377512261 ], [ -122.111314050242456, 38.248901230906561 ], [ -122.111853039854111, 38.248991061717319 ], [ -122.111853039748809, 38.249260556993477 ], [ -122.111583545151007, 38.249350388178243 ], [ -122.111853040335447, 38.24979954642869 ], [ -122.112481860845264, 38.249799545510093 ], [ -122.112481860906001, 38.249619882903367 ], [ -122.112212366572237, 38.249350388529244 ], [ -122.111853039748809, 38.249260556993477 ], [ -122.113380176187562, 38.249350388009681 ], [ -122.113380175248182, 38.248991062055545 ], [ -122.114547986037749, 38.248901230061257 ], [ -122.114008996126941, 38.249260557052608 ], [ -122.114278491232298, 38.249260557986339 ], [ -122.115176806697875, 38.249799545866345 ], [ -122.115176806016621, 38.250518198402226 ], [ -122.11607512121185, 38.250697861087296 ], [ -122.116075122011893, 38.250967355799361 ], [ -122.114907312016996, 38.250967356019082 ], [ -122.114907311865963, 38.251236849999486 ], [ -122.116524279001922, 38.251236850719472 ], [ -122.116524279626589, 38.251596176325926 ], [ -122.116075121240669, 38.251596176112464 ], [ -122.11607511998244, 38.251955502567988 ], [ -122.11634461664552, 38.252494491860666 ], [ -122.119937877470505, 38.252584323785356 ], [ -122.11984804604181, 38.254021627609255 ], [ -122.119039562532592, 38.254021627471921 ], [ -122.119039562242534, 38.254650448434546 ], [ -122.118410741428832, 38.254650447972736 ], [ -122.11841074108986, 38.254291122227556 ], [ -122.117512426767149, 38.254291122524982 ], [ -122.117242931137383, 38.254021628094925 ], [ -122.116075121153187, 38.254021627901672 ], [ -122.116075121805366, 38.254650448689844 ], [ -122.115446301394769, 38.255189438261262 ], [ -122.114547985826235, 38.25518943701266 ], [ -122.11400899566479, 38.254919943291114 ], [ -122.114278489580883, 38.254650449148443 ], [ -122.114278489724313, 38.254021627830589 ] ], [ [ -122.113919164633842, 38.249260557182481 ], [ -122.113649670154459, 38.249260557178076 ], [ -122.113649669877802, 38.249619882750395 ], [ -122.113919164877402, 38.24961988385558 ], [ -122.113919164633842, 38.249260557182481 ] ] ] } },
{ "type": "Feature", "properties": { "csb_id": "061825012491558", "acres": 4.6111756422977299, "geoid": "06095" }, "geometry": { "type": "Polygon", "coordinates": [ [ [ -122.128561703911075, 38.249619883183627 ], [ -122.128921030498887, 38.249619882340909 ], [ -122.129190524426591, 38.250697861545937 ], [ -122.129549851013621, 38.251057187610456 ], [ -122.129549851233975, 38.252224996853379 ], [ -122.129190525157611, 38.252494491793037 ], [ -122.128921030380468, 38.252494491242899 ], [ -122.128651536060858, 38.252224997138732 ], [ -122.128651536052672, 38.252045334301798 ], [ -122.128921029979978, 38.252045334342085 ], [ -122.128921030329835, 38.251326681385031 ], [ -122.128292209566567, 38.250428366888684 ], [ -122.128292209330269, 38.249889377065863 ], [ -122.128561703911075, 38.249619883183627 ] ] ] } },
{ "type": "Feature", "properties": { "csb_id": "061825012491559", "acres": 7.9146618774850896, "geoid": "06095" }, "geometry": { "type": "Polygon", "coordinates": [ [ [ -122.116344616229526, 38.250967355613746 ], [ -122.116344615864676, 38.250697861518319 ], [ -122.115176806016621, 38.250518198402226 ], [ -122.115176805820951, 38.249260556741739 ], [ -122.116344615940449, 38.249260556362898 ], [ -122.116344615999765, 38.249619882880879 ], [ -122.117512426389681, 38.249619882785687 ], [ -122.117512426177356, 38.251057187350632 ], [ -122.116344616229526, 38.250967355613746 ] ] ] } },
{ "type": "Feature", "properties": { "csb_id": "061825012491567", "acres": 13.0878033998719, "geoid": "06095" }, "geometry": { "type": "Polygon", "coordinates": [ [ [ -122.119668382720519, 38.250967355353332 ], [ -122.117512426177356, 38.251057187350632 ], [ -122.117512426389681, 38.249619882785687 ], [ -122.116344615999765, 38.249619882880879 ], [ -122.116344616745209, 38.249350388516206 ], [ -122.116883605950648, 38.249260556707533 ], [ -122.116883605669315, 38.248631735933223 ], [ -122.117242932010868, 38.248631735796465 ], [ -122.117242931683066, 38.248362240927698 ], [ -122.117781920966038, 38.248901230498831 ], [ -122.117512426097221, 38.248901230995898 ], [ -122.117332763112486, 38.249440220011934 ], [ -122.120207371600245, 38.249080893725207 ], [ -122.120117540976665, 38.250428366699936 ], [ -122.119668382720519, 38.250967355353332 ] ] ] } },
{ "type": "Feature", "properties": { "csb_id": "061825012491569", "acres": 3.3325453774351499, "geoid": "06095" }, "geometry": { "type": "Polygon", "coordinates": [ [ [ -122.092718923822304, 38.249530050727756 ], [ -122.0918206084921, 38.249619882654642 ], [ -122.091820609107501, 38.248362241630815 ], [ -122.093257913870602, 38.248452073183081 ], [ -122.093257913878162, 38.248721568416862 ], [ -122.092718923822304, 38.249530050727756 ] ], [ [ -122.092359598418284, 38.249350390068301 ], [ -122.092090104023782, 38.249260557605744 ], [ -122.092090103396586, 38.249350388244842 ], [ -122.092359598418284, 38.249350390068301 ] ] ] } },
{ "type": "Feature", "properties": { "csb_id": "061825012491571", "acres": 4.8654519574851696, "geoid": "06095" }, "geometry": { "type": "Polygon", "coordinates": [ [ [ -122.158475602871661, 38.2492605565999 ], [ -122.156409478497281, 38.249350388365805 ], [ -122.156139983283737, 38.249260557119733 ], [ -122.156139983397722, 38.248811400770443 ], [ -122.159373918948731, 38.248362241565928 ], [ -122.159373917834728, 38.248901230515649 ], [ -122.158475603147451, 38.248901230470672 ], [ -122.158475602871661, 38.2492605565999 ] ] ] } },
{ "type": "Feature", "properties": { "csb_id": "061825012491572", "acres": 14.8317253062754, "geoid": "06095" }, "geometry": { "type": "Polygon", "coordinates": [ [ [ -122.109427588624683, 38.250428366417879 ], [ -122.109427587317569, 38.250158872485031 ], [ -122.108708935494334, 38.250158872611451 ], [ -122.108529273860825, 38.248901230659406 ], [ -122.108888599730705, 38.248901230315745 ], [ -122.108888598535501, 38.248362242008469 ], [ -122.109427588767829, 38.248362241130678 ], [ -122.109427588539134, 38.247463926034278 ], [ -122.110056408768756, 38.247463925817129 ], [ -122.110056409332429, 38.248002915238438 ], [ -122.111224219177416, 38.24800291566018 ], [ -122.111583545449491, 38.248362241784406 ], [ -122.111583545153337, 38.248631735972467 ], [ -122.111314050242456, 38.248901230906561 ], [ -122.111224217218648, 38.249889377512261 ], [ -122.110954724845257, 38.249889377124113 ], [ -122.110954722488131, 38.25042836666659 ], [ -122.109427588624683, 38.250428366417879 ] ] ] } },
{ "type": "Feature", "properties": { "csb_id": "061825012491573", "acres": 3.4585217357343501, "geoid": "06095" }, "geometry": { "type": "Polygon", "coordinates": [ [ [ -122.094156228408309, 38.247463926070346 ], [ -122.094335892149743, 38.247104600328868 ], [ -122.094515555010886, 38.247553757369992 ], [ -122.095952859660912, 38.248002915161038 ], [ -122.095952859516728, 38.248901230560016 ], [ -122.095054544450633, 38.248631735623974 ], [ -122.094156228408309, 38.247463926070346 ] ] ] } },
{ "type": "Feature", "properties": { "csb_id": "061825012491574", "acres": 5.4154345465065497, "geoid": "06095" }, "geometry": { "type": "Polygon", "coordinates": [ [ [ -122.117781920966038, 38.248901230498831 ], [ -122.117242931683066, 38.248362240927698 ], [ -122.117242931188926, 38.248002915366897 ], [ -122.117781920516478, 38.248002915470643 ], [ -122.117781920745998, 38.247733420963627 ], [ -122.118680235882366, 38.247733420506428 ], [ -122.119309056616899, 38.247733420605108 ], [ -122.119578551483301, 38.248002914835808 ], [ -122.119578551050409, 38.248631736188848 ], [ -122.119039562692009, 38.248631736260236 ], [ -122.119039562319657, 38.248901230858877 ], [ -122.117781920966038, 38.248901230498831 ] ] ] } },
{ "type": "Feature", "properties": { "csb_id": "061825012491575", "acres": 7.4785722903166798, "geoid": "06095" }, "geometry": { "type": "Polygon", "coordinates": [ [ [ -122.108529273363004, 38.250428366233351 ], [ -122.107630958047352, 38.250518198761881 ], [ -122.107361463298531, 38.250158871722363 ], [ -122.106193653094891, 38.250158871692918 ], [ -122.106193653697161, 38.249799545668118 ], [ -122.106463147591427, 38.249530051256627 ], [ -122.106463146617287, 38.248901230616831 ], [ -122.107361462957726, 38.248362241571705 ], [ -122.10799028458392, 38.248362241248863 ], [ -122.107990283148354, 38.248901230547531 ], [ -122.108229600886276, 38.249021239643028 ], [ -122.108349610021321, 38.249799545592651 ], [ -122.107630958037632, 38.249799545777009 ], [ -122.107630957487316, 38.250158872395303 ], [ -122.108529272816128, 38.250158871925848 ], [ -122.108529273363004, 38.250428366233351 ] ] ] } },
{ "type": "Feature", "properties": { "csb_id": "061825012491578", "acres": 3.2260177391626699, "geoid": "06095" }, "geometry": { "type": "Polygon", "coordinates": [ [ [ -122.108529273860825, 38.248901230659406 ], [ -122.108080114281705, 38.247463926633735 ], [ -122.109427588539134, 38.247463926034278 ], [ -122.109427588767829, 38.248362241130678 ], [ -122.108888598535501, 38.248362242008469 ], [ -122.108888599730705, 38.248901230315745 ], [ -122.108529273860825, 38.248901230659406 ] ] ] } },
{ "type": "Feature", "properties": { "csb_id": "061825012491589", "acres": 7.1901963905279, "geoid": "06095" }, "geometry": { "type": "Polygon", "coordinates": [ [ [ -122.159613235319426, 38.24806256857125 ], [ -122.156189855966275, 38.248501988955113 ], [ -122.155511163116216, 38.248362241505802 ], [ -122.155511163211841, 38.247733420792557 ], [ -122.157936613403137, 38.247733420686941 ], [ -122.157936613921066, 38.247463926423762 ], [ -122.159104423883676, 38.247463925980377 ], [ -122.15937391880523, 38.247104599652332 ], [ -122.159373918172875, 38.246655442784935 ], [ -122.159733244154566, 38.24665544243615 ], [ -122.160002739382165, 38.246835104972725 ], [ -122.160002739465625, 38.247104599845045 ], [ -122.159463749846495, 38.247194431908589 ], [ -122.159373918476732, 38.248002915543594 ], [ -122.159613235319426, 38.24806256857125 ] ] ] } },
{ "type": "Feature", "properties": { "csb_id": "061825012491590", "acres": 3.60389028285097, "geoid": "06095" }, "geometry": { "type": "Polygon", "coordinates": [ [ [ -122.11005640953438, 38.246835105414597 ], [ -122.110056409252564, 38.246565610682957 ], [ -122.111224218921137, 38.246565610799259 ], [ -122.11122421901355, 38.246206284989036 ], [ -122.111583545456512, 38.246206284890434 ], [ -122.111583544878698, 38.247733420721204 ], [ -122.110954724280845, 38.247733420915708 ], [ -122.110954724349085, 38.247463926334852 ], [ -122.110325903664915, 38.247463926613612 ], [ -122.110325904345487, 38.246835105726987 ], [ -122.11005640953438, 38.246835105414597 ] ] ] } },
{ "type": "Feature", "properties": { "csb_id": "061825012491591", "acres": 5.6480461002088198, "geoid": "06095" }, "geometry": { "type": "Polygon", "coordinates": [ [ [ -122.108259779254752, 38.247463926039828 ], [ -122.108259779046278, 38.246206284870347 ], [ -122.108529271973708, 38.245936790811399 ], [ -122.108888598723667, 38.245936789897357 ], [ -122.108888598367443, 38.246206284774431 ], [ -122.110056409252564, 38.246565610682957 ], [ -122.11005640953438, 38.246835105414597 ], [ -122.110325904345487, 38.246835105726987 ], [ -122.110325903664915, 38.247463926613612 ], [ -122.108259779254752, 38.247463926039828 ] ] ] } },
{ "type": "Feature", "properties": { "csb_id": "061825012491592", "acres": 4.1270301556612798, "geoid": "06095" }, "geometry": { "type": "Polygon", "coordinates": [ [ [ -122.095952859660912, 38.248002915161038 ], [ -122.095413870053576, 38.24773342064757 ], [ -122.095413870122684, 38.247104599904262 ], [ -122.09568336496389, 38.247104600098417 ], [ -122.095683364081168, 38.246296116072351 ], [ -122.096312185899265, 38.246296116004586 ], [ -122.096581679664766, 38.246565610824334 ], [ -122.096581680130328, 38.246835106798009 ], [ -122.096851175046595, 38.246924936912649 ], [ -122.096851174482083, 38.247463925888681 ], [ -122.095952859660912, 38.248002915161038 ] ] ] } },
{ "type": "Feature", "properties": { "csb_id": "061825012491594", "acres": 19.785243217210802, "geoid": "06095" }, "geometry": { "type": "Polygon", "coordinates": [ [ [ -122.104936012954497, 38.250428367350189 ], [ -122.104936011580619, 38.249799545979762 ], [ -122.104397022911442, 38.249889377759303 ], [ -122.104397022940574, 38.249619882910295 ], [ -122.103768201880087, 38.249619882768386 ], [ -122.103768202053487, 38.247733420343458 ], [ -122.104666516071021, 38.247733420618481 ], [ -122.104666516218998, 38.247553758421653 ], [ -122.106463146746265, 38.247553758161352 ], [ -122.106463147005101, 38.247823252786695 ], [ -122.106822472702063, 38.247823252739288 ], [ -122.107091968288842, 38.247553758165459 ], [ -122.107091967830328, 38.247194431344468 ], [ -122.106822473407945, 38.247194431909591 ], [ -122.106822472941914, 38.246924937029483 ], [ -122.107720791078222, 38.246924936950485 ], [ -122.10799028458392, 38.248362241248863 ], [ -122.107361462957726, 38.248362241571705 ], [ -122.106732642407053, 38.248631736103583 ], [ -122.106463146617287, 38.248901230616831 ], [ -122.106463147591427, 38.249530051256627 ], [ -122.106193653697161, 38.249799545668118 ], [ -122.106193653094891, 38.250158871692918 ], [ -122.105834327536883, 38.250158872017003 ], [ -122.105834327710724, 38.25042836610578 ], [ -122.104936012954497, 38.250428367350189 ] ] ] } },
{ "type": "Feature", "properties": { "csb_id": "061825012491597", "acres": 3.5651471695842201, "geoid": "06095" }, "geometry": { "type": "Polygon", "coordinates": [ [ [ -122.094515554465161, 38.247374094240612 ], [ -122.09451555471793, 38.246206284402781 ], [ -122.095683364758031, 38.246206284444959 ], [ -122.09568336496389, 38.247104600098417 ], [ -122.095413870122684, 38.247104599904262 ], [ -122.095413870053576, 38.24773342064757 ], [ -122.094515554465161, 38.247374094240612 ] ] ] } },
{ "type": "Feature", "properties": { "csb_id": "061825012491603", "acres": 26.128183578720598, "geoid": "06095" }, "geometry": { "type": "Polygon", "coordinates": [ [ [ -122.116344616745209, 38.249350388516206 ], [ -122.11634461632103, 38.24872156785581 ], [ -122.115715794987921, 38.248721567558654 ], [ -122.115446301552382, 38.249260556831658 ], [ -122.115176805820951, 38.249260556741739 ], [ -122.11481748064962, 38.24953005123654 ], [ -122.114278491232298, 38.249260557986339 ], [ -122.114278490529372, 38.248991061874335 ], [ -122.114547986037749, 38.248901230061257 ], [ -122.114547985957046, 38.248362243586222 ], [ -122.114278490408893, 38.248002915061257 ], [ -122.114278490711555, 38.246835105420899 ], [ -122.114547985321721, 38.246835105786388 ], [ -122.114547985366983, 38.246565611100579 ], [ -122.113919165612799, 38.246296116669718 ], [ -122.11427849116798, 38.246206284596106 ], [ -122.114278491591165, 38.246026621831277 ], [ -122.113919165369239, 38.245936789906743 ], [ -122.113919165516691, 38.244768980435637 ], [ -122.114278491316881, 38.244499485830765 ], [ -122.115176806814432, 38.24449948560423 ], [ -122.115176806541257, 38.244768979957733 ], [ -122.115446301489484, 38.244768980335159 ], [ -122.115176805918708, 38.244858812141523 ], [ -122.115176806835422, 38.245667296638729 ], [ -122.116075122001206, 38.24566729580993 ], [ -122.116344616480006, 38.245936790241331 ], [ -122.116344616115185, 38.245667296044154 ], [ -122.116614111339373, 38.24566729544518 ], [ -122.116883605886912, 38.245936790037305 ], [ -122.116883606320513, 38.246206285571894 ], [ -122.11724293142305, 38.246206284973553 ], [ -122.117242931149491, 38.247104599771326 ], [ -122.116883605026288, 38.24719443119465 ], [ -122.116614111420034, 38.247463926198989 ], [ -122.116614110552476, 38.247733420843822 ], [ -122.117242930861124, 38.247733420485424 ], [ -122.117242932010868, 38.248631735796465 ], [ -122.116883605669315, 38.248631735933223 ], [ -122.116883605950648, 38.249260556707533 ], [ -122.116344616745209, 38.249350388516206 ] ] ] } },
{ "type": "Feature", "properties": { "csb_id": "061825012491604", "acres": 5.4834182833550402, "geoid": "06095" }, "geometry": { "type": "Polygon", "coordinates": [ [ [ -122.109786914632267, 38.246565610880275 ], [ -122.109158092467595, 38.246206285446625 ], [ -122.108888598367443, 38.246206284774431 ], [ -122.108888599392827, 38.245667295873574 ], [ -122.111224219486715, 38.245307969440873 ], [ -122.111224218921137, 38.246565610799259 ], [ -122.109786914632267, 38.246565610880275 ] ], [ [ -122.110954724608689, 38.246026621525047 ], [ -122.110685230476221, 38.245936790393081 ], [ -122.110685229915447, 38.24602662135851 ], [ -122.110954724608689, 38.246026621525047 ] ] ] } },
{ "type": "Feature", "properties": { "csb_id": "061825012491608", "acres": 9.5329126422424402, "geoid": "06095" }, "geometry": { "type": "Polygon", "coordinates": [ [ [ -122.15524166743154, 38.247733420814257 ], [ -122.155241668009126, 38.247463925915113 ], [ -122.15551116251082, 38.247104601150681 ], [ -122.156409478025552, 38.246565610683533 ], [ -122.156409478218237, 38.246026621953185 ], [ -122.157038298267452, 38.246206284764149 ], [ -122.157038298602913, 38.245667295907865 ], [ -122.157577287655386, 38.245667295755723 ], [ -122.158206108726233, 38.245936790280318 ], [ -122.157936613403137, 38.247733420686941 ], [ -122.15524166743154, 38.247733420814257 ] ] ] } },
{ "type": "Feature", "properties": { "csb_id": "061825012491613", "acres": 5.3867768780017498, "geoid": "06095" }, "geometry": { "type": "Polygon", "coordinates": [ [ [ -122.157936613921066, 38.247463926423762 ], [ -122.157936614298052, 38.247104599872372 ], [ -122.158206108713301, 38.246565610534169 ], [ -122.158206108726233, 38.245936790280318 ], [ -122.158475602647357, 38.24593679014059 ], [ -122.158475603409244, 38.245667295355823 ], [ -122.159104423357277, 38.245667295761287 ], [ -122.159733244451303, 38.24593679017795 ], [ -122.159733244656763, 38.246206284826052 ], [ -122.159373918337124, 38.246206284801232 ], [ -122.15937391880523, 38.247104599652332 ], [ -122.159104423883676, 38.247463925980377 ], [ -122.157936613921066, 38.247463926423762 ] ] ] } },
{ "type": "Feature", "properties": { "csb_id": "061825012491614", "acres": 4.1949377791045501, "geoid": "06095" }, "geometry": { "type": "Polygon", "coordinates": [ [ [ -122.084095097289506, 38.246026622019656 ], [ -122.082208635446733, 38.245936790615531 ], [ -122.082208635613895, 38.245038474525444 ], [ -122.084095097373449, 38.245128306494031 ], [ -122.084095097289506, 38.246026622019656 ] ] ] } },
{ "type": "Feature", "properties": { "csb_id": "061825012491621", "acres": 4.9990777656644703, "geoid": "06095" }, "geometry": { "type": "Polygon", "coordinates": [ [ [ -122.108529271973708, 38.245936790811399 ], [ -122.108529272902985, 38.245038474910494 ], [ -122.108888599218048, 38.245038474987787 ], [ -122.108888599574271, 38.24476898008686 ], [ -122.109158093743233, 38.244589316850998 ], [ -122.110685229893647, 38.244589317602461 ], [ -122.110685229192953, 38.245307969191785 ], [ -122.109427588081743, 38.245667295658727 ], [ -122.108888599392827, 38.245667295873574 ], [ -122.108888598723667, 38.245936789897357 ], [ -122.108529271973708, 38.245936790811399 ] ] ] } },
{ "type": "Feature", "properties": { "csb_id": "061825012491622", "acres": 3.95887671354697, "geoid": "06095" }, "geometry": { "type": "Polygon", "coordinates": [ [ [ -122.107720789276868, 38.24593679010507 ], [ -122.107361463386496, 38.244768980299938 ], [ -122.107990284327272, 38.244589316864968 ], [ -122.108888600020364, 38.244589317388993 ], [ -122.108888599218048, 38.245038474987787 ], [ -122.108529272902985, 38.245038474910494 ], [ -122.108529271973708, 38.245936790811399 ], [ -122.108259779046278, 38.246206284870347 ], [ -122.107990284774687, 38.246206285046057 ], [ -122.107720789276868, 38.24593679010507 ] ] ] } },
{ "type": "Feature", "properties": { "csb_id": "061825012491623", "acres": 6.8689023540286396, "geoid": "06095" }, "geometry": { "type": "Polygon", "coordinates": [ [ [ -122.090922293418274, 38.245667295536485 ], [ -122.090562967685813, 38.244768979816207 ], [ -122.090652798598683, 38.244140159596604 ], [ -122.09209010435643, 38.243960497491479 ], [ -122.09209010358019, 38.244499486443317 ], [ -122.092449429256135, 38.244858812187374 ], [ -122.092718923979376, 38.244858811553804 ], [ -122.092718924029242, 38.245307969669817 ], [ -122.092090103619498, 38.245757126841774 ], [ -122.090922293418274, 38.245667295536485 ] ] ] } },
{ "type": "Feature", "properties": { "csb_id": "061825012491624", "acres": 7.1401187879580901, "geoid": "06095" }, "geometry": { "type": "Polygon", "coordinates": [ [ [ -122.089395157473604, 38.245667295421477 ], [ -122.087957853083537, 38.245757127404943 ], [ -122.08795785075182, 38.245936790471809 ], [ -122.087329030849432, 38.245936790673859 ], [ -122.086430717731417, 38.245667295184447 ], [ -122.086430715598468, 38.245307969366692 ], [ -122.087329032903895, 38.245307969650348 ], [ -122.087598527247891, 38.245038475074011 ], [ -122.087598524533121, 38.244768981167681 ], [ -122.089754484269022, 38.24476898156577 ], [ -122.08975448364238, 38.244499485477156 ], [ -122.09002397770513, 38.244499485976974 ], [ -122.090023978694433, 38.244768980348027 ], [ -122.090293472634983, 38.244768980498563 ], [ -122.090293473502072, 38.245038475105972 ], [ -122.089395157473604, 38.245667295421477 ] ] ] } },
{ "type": "Feature", "properties": { "csb_id": "061825012491627", "acres": 27.794498142285999, "geoid": "06095" }, "geometry": { "type": "Polygon", "coordinates": [ [ [ -122.119578551050409, 38.248631736188848 ], [ -122.119578551483301, 38.248002914835808 ], [ -122.119309056616899, 38.247733420605108 ], [ -122.117781920745998, 38.247733420963627 ], [ -122.117781920516478, 38.248002915470643 ], [ -122.117242931188926, 38.248002915366897 ], [ -122.117242930861124, 38.247733420485424 ], [ -122.116614110552476, 38.247733420843822 ], [ -122.116614111420034, 38.247463926198989 ], [ -122.116883605026288, 38.24719443119465 ], [ -122.117242931149491, 38.247104599771326 ], [ -122.11724293142305, 38.246206284973553 ], [ -122.117512426231855, 38.246206285706741 ], [ -122.117512426542447, 38.245307970121516 ], [ -122.118410741356854, 38.245307969874929 ], [ -122.118410741695769, 38.245667295860706 ], [ -122.118141247439922, 38.245667296481301 ], [ -122.118141245994337, 38.245936790655911 ], [ -122.118680235998156, 38.245936790783212 ], [ -122.118680236611169, 38.245038475708967 ], [ -122.12020737251467, 38.245128306674246 ], [ -122.120207371138761, 38.24485881237328 ], [ -122.119668381781281, 38.24485881218525 ], [ -122.11966838317872, 38.244589316777905 ], [ -122.121734507517218, 38.244589317399516 ], [ -122.121734507413322, 38.244768980381075 ], [ -122.121375181794789, 38.244768980001254 ], [ -122.121375180947211, 38.245936791358233 ], [ -122.120446689418941, 38.248242232321211 ], [ -122.119937877675909, 38.248631735524995 ], [ -122.119578551050409, 38.248631736188848 ] ] ] } },
{ "type": "Feature", "properties": { "csb_id": "061825012491628", "acres": 5.02809797987124, "geoid": "06095" }, "geometry": { "type": "Polygon", "coordinates": [ [ [ -122.084634086922051, 38.246565610396665 ], [ -122.084634086269276, 38.244768980374616 ], [ -122.08553240180531, 38.244768980694921 ], [ -122.085801896831342, 38.245038475181559 ], [ -122.085801896939401, 38.246206284546147 ], [ -122.085532401824764, 38.246655442558321 ], [ -122.084634086922051, 38.246565610396665 ] ] ] } },
{ "type": "Feature", "properties": { "csb_id": "061825012491633", "acres": 15.3390825476915, "geoid": "06095" }, "geometry": { "type": "Polygon", "coordinates": [ [ [ -122.103768202395969, 38.246924937101319 ], [ -122.104037696384253, 38.246565611088478 ], [ -122.102869886556064, 38.246565611297449 ], [ -122.102869886611629, 38.246206285128729 ], [ -122.102600392406018, 38.245936790183137 ], [ -122.102241066049729, 38.245936790233628 ], [ -122.102241065586014, 38.24566729528091 ], [ -122.102600392623557, 38.245307970754752 ], [ -122.10704056158562, 38.244584316955027 ], [ -122.107271631466162, 38.245397801269469 ], [ -122.106193653509607, 38.245397800873249 ], [ -122.106193653669408, 38.246296115851329 ], [ -122.10592415902623, 38.246655442767057 ], [ -122.104397023089632, 38.246655442029933 ], [ -122.104127528172754, 38.246924937471711 ], [ -122.103768202395969, 38.246924937101319 ] ] ] } },
{ "type": "Feature", "properties": { "csb_id": "061825012491635", "acres": 16.137432977193701, "geoid": "06095" }, "geometry": { "type": "Polygon", "coordinates": [ [ [ -122.097479995523486, 38.245667295116405 ], [ -122.093257913761263, 38.245667295276114 ], [ -122.093377220795361, 38.244919167397839 ], [ -122.0924494302417, 38.244768980417184 ], [ -122.092449429992243, 38.244589317358752 ], [ -122.092988418414919, 38.244499485445992 ], [ -122.092988419107741, 38.243870665225863 ], [ -122.093886733826039, 38.243870665280681 ], [ -122.093886734302018, 38.244589317006756 ], [ -122.094515555185822, 38.244589317594368 ], [ -122.09415622850058, 38.244499485742409 ], [ -122.094156229165719, 38.244140159398029 ], [ -122.096941006058245, 38.244140159552074 ], [ -122.096851174489032, 38.245038474948728 ], [ -122.097210500330718, 38.245038474985144 ], [ -122.097210500718617, 38.244768981067203 ], [ -122.097839321532462, 38.2448588128157 ], [ -122.097749490196847, 38.245307968941269 ], [ -122.097479995523486, 38.245667295116405 ] ], [ [ -122.095683364188105, 38.245397801222687 ], [ -122.095952859295934, 38.245307969700157 ], [ -122.095683363754688, 38.245307969831146 ], [ -122.095683364188105, 38.245397801222687 ] ], [ [ -122.096581680267803, 38.244768979938982 ], [ -122.096581680427875, 38.244499485640638 ], [ -122.096312185004706, 38.244499485917174 ], [ -122.096312184966877, 38.244768979973564 ], [ -122.096581680267803, 38.244768979938982 ] ] ] } },
{ "type": "Feature", "properties": { "csb_id": "061825012491636", "acres": 6.7914289227870404, "geoid": "06095" }, "geometry": { "type": "Polygon", "coordinates": [ [ [ -122.085801896602518, 38.245307969215759 ], [ -122.085532401667933, 38.244589317587412 ], [ -122.08580189680869, 38.24396049641345 ], [ -122.087598526685213, 38.243691001725907 ], [ -122.087598527247891, 38.245038475074011 ], [ -122.087329032903895, 38.245307969650348 ], [ -122.085801896602518, 38.245307969215759 ] ] ] } },
{ "type": "Feature", "properties": { "csb_id": "061825012491638", "acres": 12.0132826546659, "geoid": "06095" }, "geometry": { "type": "Polygon", "coordinates": [ [ [ -122.116614111339373, 38.24566729544518 ], [ -122.115176806835422, 38.245667296638729 ], [ -122.115176805918708, 38.244858812141523 ], [ -122.115446301489484, 38.244768980335159 ], [ -122.115446300774565, 38.244499485981649 ], [ -122.120836192290085, 38.244499485365687 ], [ -122.11966838317872, 38.244589316777905 ], [ -122.119668381781281, 38.24485881218525 ], [ -122.120207371138761, 38.24485881237328 ], [ -122.12020737251467, 38.245128306674246 ], [ -122.118680236611169, 38.245038475708967 ], [ -122.118680235998156, 38.245936790783212 ], [ -122.118141245994337, 38.245936790655911 ], [ -122.118141247439922, 38.245667296481301 ], [ -122.118410741695769, 38.245667295860706 ], [ -122.118410741356854, 38.245307969874929 ], [ -122.117512426542447, 38.245307970121516 ], [ -122.117512426231855, 38.246206285706741 ], [ -122.116883606320513, 38.246206285571894 ], [ -122.116883605886912, 38.245936790037305 ], [ -122.116614111339373, 38.24566729544518 ] ] ] } },
{ "type": "Feature", "properties": { "csb_id": "061825012491642", "acres": 2.6352094912478701, "geoid": "06095" }, "geometry": { "type": "Polygon", "coordinates": [ [ [ -122.099276625438392, 38.24387066507478 ], [ -122.099546120967716, 38.24360117038924 ], [ -122.100444435334239, 38.243601170057133 ], [ -122.100444435074934, 38.243870664701078 ], [ -122.101342750483809, 38.243870664780211 ], [ -122.101342750750959, 38.244499485534448 ], [ -122.100444436054516, 38.244499485479089 ], [ -122.100444434093305, 38.244229991331977 ], [ -122.099546120836365, 38.24414015907859 ], [ -122.099546121058452, 38.243870665166064 ], [ -122.099276625438392, 38.24387066507478 ] ] ] } },
{ "type": "Feature", "properties": { "csb_id": "061825012491643", "acres": 3.3521512786230501, "geoid": "06095" }, "geometry": { "type": "Polygon", "coordinates": [ [ [ -122.106642811667498, 38.244229990953585 ], [ -122.106463147671576, 38.24324184415746 ], [ -122.107630958085494, 38.243241844504468 ], [ -122.107630957995667, 38.243691002172675 ], [ -122.108259779179662, 38.243870665256487 ], [ -122.107990283752954, 38.243960496763123 ], [ -122.107990284646363, 38.2443198226809 ], [ -122.106642811667498, 38.244229990953585 ] ], [ [ -122.10682247323841, 38.243870665682316 ], [ -122.106732642786227, 38.243601170497186 ], [ -122.10673264181267, 38.243870665687346 ], [ -122.10682247323841, 38.243870665682316 ] ] ] } },
{ "type": "Feature", "properties": { "csb_id": "061825012491644", "acres": 5.10572018710576, "geoid": "06095" }, "geometry": { "type": "Polygon", "coordinates": [ [ [ -122.087598524533121, 38.244768981167681 ], [ -122.087598526685213, 38.243691001725907 ], [ -122.088496842727906, 38.24369100149142 ], [ -122.090023978936472, 38.244229991116605 ], [ -122.09002397770513, 38.244499485976974 ], [ -122.08975448364238, 38.244499485477156 ], [ -122.089754484269022, 38.24476898156577 ], [ -122.087598524533121, 38.244768981167681 ] ] ] } },
{ "type": "Feature", "properties": { "csb_id": "061825012491647", "acres": 3.0227576298496701, "geoid": "06095" }, "geometry": { "type": "Polygon", "coordinates": [ [ [ -122.101342751360264, 38.244229991036242 ], [ -122.101342750483809, 38.243870664780211 ], [ -122.100444435074934, 38.243870664701078 ], [ -122.100444435777732, 38.242972349852714 ], [ -122.100803761449868, 38.242972350193313 ], [ -122.100803762195184, 38.24324184399152 ], [ -122.101971571947033, 38.243331675832948 ], [ -122.101971571171404, 38.244140159717546 ], [ -122.101342751360264, 38.244229991036242 ] ] ] } },
{ "type": "Feature", "properties": { "csb_id": "061825012491650", "acres": 2.9161980690796301, "geoid": "06095" }, "geometry": { "type": "Polygon", "coordinates": [ [ [ -122.110954724370629, 38.244229992037369 ], [ -122.110505566410865, 38.242972349824541 ], [ -122.110505567328616, 38.242702856246929 ], [ -122.110954724861585, 38.242702855886527 ], [ -122.111583545224889, 38.242972349868715 ], [ -122.111583545239398, 38.243960497524519 ], [ -122.111224219763955, 38.244229991877845 ], [ -122.110954724370629, 38.244229992037369 ] ] ] } },
{ "type": "Feature", "properties": { "csb_id": "061825012491651", "acres": 2.7060661813289899, "geoid": "06095" }, "geometry": { "type": "Polygon", "coordinates": [ [ [ -122.109786914091799, 38.24422999109445 ], [ -122.109158093796353, 38.243960496288317 ], [ -122.109517419149839, 38.243601170472196 ], [ -122.109517420298729, 38.243241844315797 ], [ -122.110056407825894, 38.243241844207041 ], [ -122.110056407950978, 38.243062181862769 ], [ -122.110325903190585, 38.243062181846703 ], [ -122.110595398356566, 38.24396049610565 ], [ -122.109786914091799, 38.24422999109445 ] ] ] } },
{ "type": "Feature", "properties": { "csb_id": "061825012491652", "acres": 4.5632136507572802, "geoid": "06095" }, "geometry": { "type": "Polygon", "coordinates": [ [ [ -122.108259777628163, 38.244140159933828 ], [ -122.10799028375915, 38.243691001707475 ], [ -122.107630957995667, 38.243691002172675 ], [ -122.107630958085494, 38.243241844504468 ], [ -122.107990284186641, 38.24324184441393 ], [ -122.107990284511885, 38.242702855126048 ], [ -122.108529272870541, 38.242702855111894 ], [ -122.108529273417375, 38.242972349571311 ], [ -122.109786914056997, 38.242972349443285 ], [ -122.109517420298729, 38.243241844315797 ], [ -122.109517419149839, 38.243601170472196 ], [ -122.109158093211661, 38.244140160095561 ], [ -122.108259777628163, 38.244140159933828 ] ] ] } },
{ "type": "Feature", "properties": { "csb_id": "061825012491653", "acres": 4.4566318534062503, "geoid": "06095" }, "geometry": { "type": "Polygon", "coordinates": [ [ [ -122.095413869878726, 38.244140159640295 ], [ -122.095413868838151, 38.243241845610854 ], [ -122.09568336370927, 38.243062181564234 ], [ -122.097390163748216, 38.243152013765183 ], [ -122.096941006058245, 38.244140159552074 ], [ -122.095413869878726, 38.244140159640295 ] ] ] } },
{ "type": "Feature", "properties": { "csb_id": "061825012491654", "acres": 4.2822523788956097, "geoid": "06095" }, "geometry": { "type": "Polygon", "coordinates": [ [ [ -122.094156229165719, 38.244140159398029 ], [ -122.094156229263191, 38.242972349623912 ], [ -122.094515555340934, 38.242972349727978 ], [ -122.094515554678736, 38.242702855368556 ], [ -122.095683365306385, 38.24270285520447 ], [ -122.095683364386119, 38.242972349914773 ], [ -122.095413870433745, 38.24297235004741 ], [ -122.095413869878726, 38.244140159640295 ], [ -122.094156229165719, 38.244140159398029 ] ] ] } },
{ "type": "Feature", "properties": { "csb_id": "061825012491664", "acres": 3.9528436735703099, "geoid": "06095" }, "geometry": { "type": "Polygon", "coordinates": [ [ [ -122.098378310046385, 38.244140159501576 ], [ -122.097839321846166, 38.243601170286169 ], [ -122.097749490135612, 38.242972349700644 ], [ -122.099276625838911, 38.242972349694945 ], [ -122.099276626051832, 38.24324184424281 ], [ -122.09954612047666, 38.243241844092132 ], [ -122.099546120967716, 38.24360117038924 ], [ -122.09900713098304, 38.243960496519527 ], [ -122.099007130466262, 38.244140159538489 ], [ -122.098378310046385, 38.244140159501576 ] ] ] } },
{ "type": "Feature", "properties": { "csb_id": "061825012491666", "acres": 3.8850748640967598, "geoid": "06095" }, "geometry": { "type": "Polygon", "coordinates": [ [ [ -122.106463147671576, 38.24324184415746 ], [ -122.106463148577006, 38.242702855330393 ], [ -122.106732643013601, 38.242702854741204 ], [ -122.106732643150281, 38.242972349707919 ], [ -122.10736146304572, 38.242972349417336 ], [ -122.107361463188255, 38.242074034742068 ], [ -122.107990283943749, 38.241804539838675 ], [ -122.108529273002532, 38.241804540089781 ], [ -122.108529272870541, 38.242702855111894 ], [ -122.107990284511885, 38.242702855126048 ], [ -122.107990284186641, 38.24324184441393 ], [ -122.106463147671576, 38.24324184415746 ] ] ] } },
{ "type": "Feature", "properties": { "csb_id": "061825012491667", "acres": 27.6718329416884, "geoid": "06095" }, "geometry": { "type": "Polygon", "coordinates": [ [ [ -122.1064631477402, 38.244409653845366 ], [ -122.102600392750048, 38.245038474446488 ], [ -122.101342751268206, 38.245038475989759 ], [ -122.101342751360264, 38.244229991036242 ], [ -122.101971571171404, 38.244140159717546 ], [ -122.101971571947033, 38.243331675832948 ], [ -122.101702077034517, 38.243241844527304 ], [ -122.101702076728586, 38.242702855231578 ], [ -122.100803761501993, 38.242702855288812 ], [ -122.100803762202233, 38.242074034315195 ], [ -122.103498708817497, 38.242074034237774 ], [ -122.105564833172735, 38.242972350003285 ], [ -122.106283484849371, 38.242972350200134 ], [ -122.106283484683885, 38.243870664727446 ], [ -122.1064631477402, 38.244409653845366 ] ] ] } },
{ "type": "Feature", "properties": { "csb_id": "061825012491668", "acres": 6.9272558460333604, "geoid": "06095" }, "geometry": { "type": "Polygon", "coordinates": [ [ [ -122.099276626051832, 38.24324184424281 ], [ -122.099276625838911, 38.242972349694945 ], [ -122.099546120385924, 38.242972349302313 ], [ -122.099546120608011, 38.242702855365714 ], [ -122.100174941618135, 38.242343528787998 ], [ -122.100174940782111, 38.241804540157197 ], [ -122.09990544624749, 38.241804540078732 ], [ -122.099905446533185, 38.241445214106918 ], [ -122.100174939887538, 38.241175719733164 ], [ -122.101073256122319, 38.241175719059299 ], [ -122.101073256350602, 38.24189437146822 ], [ -122.100803762202233, 38.242074034315195 ], [ -122.100803761501993, 38.242702855288812 ], [ -122.101702076728586, 38.242702855231578 ], [ -122.101702077034517, 38.243241844527304 ], [ -122.100803762195184, 38.24324184399152 ], [ -122.100803761449868, 38.242972350193313 ], [ -122.100444435777732, 38.242972349852714 ], [ -122.100444435334239, 38.243601170057133 ], [ -122.099546120967716, 38.24360117038924 ], [ -122.09954612047666, 38.243241844092132 ], [ -122.099276626051832, 38.24324184424281 ] ] ] } },
{ "type": "Feature", "properties": { "csb_id": "061825012491672", "acres": 3.9432270368025599, "geoid": "06095" }, "geometry": { "type": "Polygon", "coordinates": [ [ [ -122.155511162167144, 38.242972349491126 ], [ -122.155511162576204, 38.242343529379042 ], [ -122.15461284711553, 38.242343528965783 ], [ -122.154612847233437, 38.241265550459303 ], [ -122.154972173220443, 38.241265550861137 ], [ -122.154972174026796, 38.24144521380866 ], [ -122.155511162261334, 38.24144521335527 ], [ -122.155511162165695, 38.242074034369359 ], [ -122.156409477950689, 38.242074034841018 ], [ -122.156409477939192, 38.242702854703737 ], [ -122.156139983363417, 38.242972349561633 ], [ -122.155511162167144, 38.242972349491126 ] ] ] } },
{ "type": "Feature", "properties": { "csb_id": "061825012491673", "acres": 4.2151086685384298, "geoid": "06095" }, "geometry": { "type": "Polygon", "coordinates": [ [ [ -122.110325902767286, 38.242972350244266 ], [ -122.108529273417375, 38.242972349571311 ], [ -122.108529273002532, 38.241804540089781 ], [ -122.108888597770033, 38.24180453983881 ], [ -122.108888599634241, 38.242074034316765 ], [ -122.109786914503644, 38.242074034728077 ], [ -122.110056409169204, 38.241804539747463 ], [ -122.110056409106406, 38.241445214158148 ], [ -122.110325904281638, 38.241445213790534 ], [ -122.110146240118937, 38.241804539646459 ], [ -122.110325902767286, 38.242972350244266 ] ] ] } },
{ "type": "Feature", "properties": { "csb_id": "061825012491677", "acres": 4.0498023491073498, "geoid": "06095" }, "geometry": { "type": "Polygon", "coordinates": [ [ [ -122.09415622769788, 38.242702855748263 ], [ -122.094156227252725, 38.242343529596404 ], [ -122.094785048822516, 38.242074034371733 ], [ -122.094785049392797, 38.241804539509843 ], [ -122.096312185727072, 38.241804539411 ], [ -122.096851174514725, 38.241535045430773 ], [ -122.096851175060451, 38.242074034386306 ], [ -122.095683364683026, 38.24234352931866 ], [ -122.095683365306385, 38.24270285520447 ], [ -122.09415622769788, 38.242702855748263 ] ] ] } },
{ "type": "Feature", "properties": { "csb_id": "061825012491680", "acres": 32.717250217228496, "geoid": "06095" }, "geometry": { "type": "Polygon", "coordinates": [ [ [ -122.166560440741819, 38.245936790310751 ], [ -122.164224820483383, 38.246026621875551 ], [ -122.163326505744308, 38.245667295633829 ], [ -122.163326505278704, 38.245307969951128 ], [ -122.162967179253329, 38.245038474757067 ], [ -122.162967179211137, 38.244499485708772 ], [ -122.163057011607634, 38.244140159804999 ], [ -122.163596000291491, 38.244140159624322 ], [ -122.163596000184981, 38.24387066459942 ], [ -122.162967179036315, 38.243601170292848 ], [ -122.16296717901524, 38.243331675741914 ], [ -122.163057011315885, 38.243062181369815 ], [ -122.163326505747492, 38.243062181155452 ], [ -122.163326505697867, 38.242074034575239 ], [ -122.164224820748615, 38.241804539950287 ], [ -122.167458755851015, 38.243601170459584 ], [ -122.167458756662612, 38.244140160083603 ], [ -122.166919766775393, 38.244589317752038 ], [ -122.166919767154255, 38.245667295441322 ], [ -122.16656044069768, 38.245667295715492 ], [ -122.166560440741819, 38.245936790310751 ] ], [ [ -122.163865494771002, 38.24503847504252 ], [ -122.163595999753824, 38.245038474983872 ], [ -122.16359599986032, 38.2453079699848 ], [ -122.163865494441936, 38.245307969427422 ], [ -122.163865494771002, 38.24503847504252 ] ] ] } },
{ "type": "Feature", "properties": { "csb_id": "061825012491682", "acres": 5.2512389721003903, "geoid": "06095" }, "geometry": { "type": "Polygon", "coordinates": [ [ [ -122.090652799490201, 38.242074034163487 ], [ -122.090652798615238, 38.241445213886493 ], [ -122.091820607756688, 38.240546898896241 ], [ -122.092988418956423, 38.240546898221957 ], [ -122.092988417466117, 38.241175719703286 ], [ -122.092090102229378, 38.241445213893961 ], [ -122.092090103192234, 38.241804539611152 ], [ -122.090652799490201, 38.242074034163487 ] ] ] } },
{ "type": "Feature", "properties": { "csb_id": "061825012491684", "acres": 5.3771845135012999, "geoid": "06095" }, "geometry": { "type": "Polygon", "coordinates": [ [ [ -122.108888599634241, 38.242074034316765 ], [ -122.108888597770033, 38.24180453983881 ], [ -122.108259778871783, 38.241804539709392 ], [ -122.108259778881404, 38.241445213238251 ], [ -122.109158094168308, 38.240906224395417 ], [ -122.109158093743076, 38.240546898890656 ], [ -122.110325904005265, 38.240546898618092 ], [ -122.110415735105164, 38.24144521435116 ], [ -122.110056409106406, 38.241445214158148 ], [ -122.110056409169204, 38.241804539747463 ], [ -122.109786914503644, 38.242074034728077 ], [ -122.108888599634241, 38.242074034316765 ] ] ] } },
{ "type": "Feature", "properties": { "csb_id": "061825012491689", "acres": 26.5791987870412, "geoid": "06095" }, "geometry": { "type": "Polygon", "coordinates": [ [ [ -122.106283484701947, 38.242074034752157 ], [ -122.106103821852585, 38.242343529372199 ], [ -122.106283484849371, 38.242972350200134 ], [ -122.105564833172735, 38.242972350003285 ], [ -122.103498708817497, 38.242074034237774 ], [ -122.103139380280197, 38.242074035017986 ], [ -122.10313938143797, 38.241445214193938 ], [ -122.103768201823925, 38.241445213581187 ], [ -122.104037697295723, 38.241175719236495 ], [ -122.104037696421827, 38.240906224693106 ], [ -122.10439702272231, 38.240906224236575 ], [ -122.104397022599699, 38.240546898177826 ], [ -122.104666517851996, 38.24027740404334 ], [ -122.104936011652114, 38.240277403741402 ], [ -122.104936012175941, 38.240546898165178 ], [ -122.105564833385273, 38.240546898552552 ], [ -122.106193654042059, 38.240277404006733 ], [ -122.106463147724682, 38.240007909251325 ], [ -122.106463148119701, 38.239648582706927 ], [ -122.107361462898851, 38.23964858328641 ], [ -122.107361463251621, 38.240007909698136 ], [ -122.107990282482291, 38.240546898477128 ], [ -122.108259776442964, 38.240546898480453 ], [ -122.108259777994391, 38.240277403728641 ], [ -122.108888597292406, 38.24027740463049 ], [ -122.108888596623274, 38.240546898765629 ], [ -122.109158093743076, 38.240546898890656 ], [ -122.109158094168308, 38.240906224395417 ], [ -122.108259778881404, 38.241445213238251 ], [ -122.108259778871783, 38.241804539709392 ], [ -122.107361463188255, 38.242074034742068 ], [ -122.10736146304572, 38.242972349417336 ], [ -122.106732643150281, 38.242972349707919 ], [ -122.106732643013601, 38.242702854741204 ], [ -122.106463148577006, 38.242702855330393 ], [ -122.106283484701947, 38.242074034752157 ] ] ] } },
{ "type": "Feature", "properties": { "csb_id": "061825012491692", "acres": 3.2583340536183298, "geoid": "06095" }, "geometry": { "type": "Polygon", "coordinates": [ [ [ -122.15524166798734, 38.241445213448209 ], [ -122.155241667945788, 38.241265551116847 ], [ -122.154612847233437, 38.241265550459303 ], [ -122.154612847377223, 38.240906224556795 ], [ -122.154343352062682, 38.240906224265331 ], [ -122.154343352413818, 38.240546898595269 ], [ -122.154612847073849, 38.240277404324587 ], [ -122.155511162162838, 38.24027740393926 ], [ -122.155780657197468, 38.240546898433465 ], [ -122.155780656848776, 38.241445213529751 ], [ -122.15524166798734, 38.241445213448209 ] ] ] } },
{ "type": "Feature", "properties": { "csb_id": "061825012491693", "acres": 9.8079070595189304, "geoid": "06095" }, "geometry": { "type": "Polygon", "coordinates": [ [ [ -122.119668383110934, 38.242702854627225 ], [ -122.119668383178691, 38.241535045358233 ], [ -122.119309057039871, 38.241265550394587 ], [ -122.119309056760684, 38.240636730273842 ], [ -122.11993787709838, 38.240277403785576 ], [ -122.12056669755458, 38.240277403990085 ], [ -122.120566697501985, 38.240636729717622 ], [ -122.120836192454817, 38.240996055792493 ], [ -122.121465013772948, 38.241265551019765 ], [ -122.121734507859188, 38.241265550749667 ], [ -122.121734508066226, 38.240636729705052 ], [ -122.12263282367492, 38.24081639302468 ], [ -122.122632822755435, 38.241445214038336 ], [ -122.121734507859898, 38.241535045719068 ], [ -122.120836192238556, 38.24216386640812 ], [ -122.119937877905556, 38.242163865781244 ], [ -122.1199378770539, 38.242343528928373 ], [ -122.120836192159359, 38.242343528938775 ], [ -122.120836192314002, 38.242702854851167 ], [ -122.119668383110934, 38.242702854627225 ] ] ] } },
{ "type": "Feature", "properties": { "csb_id": "061825012491695", "acres": 5.2319620781085803, "geoid": "06095" }, "geometry": { "type": "Polygon", "coordinates": [ [ [ -122.108529273632257, 38.239379088325038 ], [ -122.110325903569247, 38.239379088261082 ], [ -122.110325903728892, 38.239648583383193 ], [ -122.110685230010844, 38.240097740799463 ], [ -122.110325904005265, 38.240546898618092 ], [ -122.108888596623274, 38.240546898765629 ], [ -122.108888597292406, 38.24027740463049 ], [ -122.108529271279934, 38.240277403999592 ], [ -122.108529273632257, 38.239379088325038 ] ] ] } },
{ "type": "Feature", "properties": { "csb_id": "061825012491704", "acres": 76.113656922325106, "geoid": "06095" }, "geometry": { "type": "Polygon", "coordinates": [ [ [ -122.16152987526786, 38.244499485196364 ], [ -122.160631559247989, 38.24458931726781 ], [ -122.160002738447361, 38.245038474596107 ], [ -122.159373918667526, 38.24503847436403 ], [ -122.157307791635077, 38.241894371331199 ], [ -122.156319644968463, 38.240906224507569 ], [ -122.157038298636536, 38.240367235262561 ], [ -122.157038298804238, 38.240097740716536 ], [ -122.156409477479045, 38.240007909418054 ], [ -122.156409478347499, 38.239648583258031 ], [ -122.156678972838662, 38.239648582825566 ], [ -122.156678972103691, 38.239379088749459 ], [ -122.15703829803698, 38.239379088522639 ], [ -122.157038298532825, 38.2387502681445 ], [ -122.157936613582606, 38.238750268206694 ], [ -122.158475603342609, 38.238301109764393 ], [ -122.158834929844375, 38.238301110424253 ], [ -122.159733244196516, 38.238480772208021 ], [ -122.160362065591173, 38.239109593758066 ], [ -122.161799369400839, 38.239109594206177 ], [ -122.161799369277233, 38.239648583497583 ], [ -122.164224820645359, 38.241445214049833 ], [ -122.164224820748615, 38.241804539950287 ], [ -122.163596000463812, 38.242074034759305 ], [ -122.162967178798226, 38.241894371089913 ], [ -122.163326505697867, 38.242074034575239 ], [ -122.163326505281901, 38.242702855401276 ], [ -122.163057010744097, 38.242702854999585 ], [ -122.163326505519024, 38.242792686350832 ], [ -122.163326505747492, 38.243062181155452 ], [ -122.163057011315885, 38.243062181369815 ], [ -122.16296717901524, 38.243331675741914 ], [ -122.162697683909144, 38.243331676026692 ], [ -122.162428189944521, 38.243691002204223 ], [ -122.161529875147508, 38.24396049659147 ], [ -122.161529874077573, 38.244140159704727 ], [ -122.161799370097171, 38.24414015964819 ], [ -122.161799369767948, 38.244768980282821 ], [ -122.161529875086572, 38.244768980470376 ], [ -122.16152987526786, 38.244499485196364 ] ], [ [ -122.162158695795569, 38.240546898711266 ], [ -122.16206886408024, 38.240367235192146 ], [ -122.162068864327708, 38.240546898355106 ], [ -122.162158695795569, 38.240546898711266 ] ] ] } },
{ "type": "Feature", "properties": { "csb_id": "061825012491705", "acres": 4.7863279034554802, "geoid": "06095" }, "geometry": { "type": "Polygon", "coordinates": [ [ [ -122.108259778981292, 38.238480773636347 ], [ -122.110056409478631, 38.238480773531165 ], [ -122.110056409447495, 38.238750267571412 ], [ -122.110325903452505, 38.238750268085568 ], [ -122.110325904035449, 38.239109594850738 ], [ -122.110685230150764, 38.23946891993296 ], [ -122.110864893118119, 38.240097741220104 ], [ -122.110685230010844, 38.240097740799463 ], [ -122.110325903728892, 38.239648583383193 ], [ -122.110325903569247, 38.239379088261082 ], [ -122.108529273632257, 38.239379088325038 ], [ -122.108259778530453, 38.239109594730031 ], [ -122.108259778981292, 38.238480773636347 ] ] ] } },
{ "type": "Feature", "properties": { "csb_id": "061825012491709", "acres": 16.683952549889302, "geoid": "06095" }, "geometry": { "type": "Polygon", "coordinates": [ [ [ -122.101073256130121, 38.242074034624736 ], [ -122.101073256122319, 38.241175719059299 ], [ -122.100444434962853, 38.241175720454081 ], [ -122.100444436019529, 38.240906224653529 ], [ -122.100174940822029, 38.24090622417463 ], [ -122.100174941174799, 38.240007908988353 ], [ -122.10044443561209, 38.240007909842134 ], [ -122.100444435483439, 38.23964858333639 ], [ -122.100803761389429, 38.239648582865684 ], [ -122.100803761754349, 38.239379088750745 ], [ -122.101702076924482, 38.239379088195129 ], [ -122.101702076522344, 38.239648583035944 ], [ -122.102869887418962, 38.239648582718367 ], [ -122.102869887363411, 38.240007909067629 ], [ -122.103498707510497, 38.240546898625048 ], [ -122.103498707995541, 38.240906224574566 ], [ -122.104037696421827, 38.240906224693106 ], [ -122.104037697295723, 38.241175719236495 ], [ -122.103768201823925, 38.241445213581187 ], [ -122.10313938143797, 38.241445214193938 ], [ -122.103139380280197, 38.242074035017986 ], [ -122.101073256130121, 38.242074034624736 ] ] ] } },
{ "type": "Feature", "properties": { "csb_id": "061825012491710", "acres": 23.194690609537599, "geoid": "06095" }, "geometry": { "type": "Polygon", "coordinates": [ [ [ -122.098108816323133, 38.242972349468182 ], [ -122.098108815198842, 38.242343529294907 ], [ -122.097749490184228, 38.242074034695115 ], [ -122.096851174971022, 38.240546898018756 ], [ -122.096851173315073, 38.240007909241562 ], [ -122.097210501175979, 38.239648583171295 ], [ -122.098647804213329, 38.239109594016625 ], [ -122.098647805195597, 38.238840099624667 ], [ -122.099007130597428, 38.238750268459853 ], [ -122.09900712989905, 38.239379089025981 ], [ -122.099546120148105, 38.239648583283966 ], [ -122.100444435483439, 38.23964858333639 ], [ -122.10044443561209, 38.240007909842134 ], [ -122.100174941174799, 38.240007908988353 ], [ -122.100174940822029, 38.24090622417463 ], [ -122.100444436019529, 38.240906224653529 ], [ -122.100444434962853, 38.241175720454081 ], [ -122.100174939887538, 38.241175719733164 ], [ -122.099905446533185, 38.241445214106918 ], [ -122.09990544624749, 38.241804540078732 ], [ -122.100174940782111, 38.241804540157197 ], [ -122.100174941618135, 38.242343528787998 ], [ -122.099546120608011, 38.242702855365714 ], [ -122.099546120385924, 38.242972349302313 ], [ -122.098108816323133, 38.242972349468182 ] ] ] } },
{ "type": "Feature", "properties": { "csb_id": "061825012491717", "acres": 5.8231002664019096, "geoid": "06095" }, "geometry": { "type": "Polygon", "coordinates": [ [ [ -122.156139983457365, 38.238750268009134 ], [ -122.156139983092572, 38.238211278581332 ], [ -122.157038298868258, 38.238211278979058 ], [ -122.157038299050612, 38.237582457685022 ], [ -122.157307792770936, 38.237582458095225 ], [ -122.157307793060639, 38.23731296324825 ], [ -122.157936613497469, 38.237312963182418 ], [ -122.157936614403084, 38.237582458271831 ], [ -122.158475603170046, 38.238211279137566 ], [ -122.157936613582606, 38.238750268206694 ], [ -122.157038298532825, 38.2387502681445 ], [ -122.15703829803698, 38.239379088522639 ], [ -122.156678972103691, 38.239379088749459 ], [ -122.156139983457365, 38.238750268009134 ] ] ] } },
{ "type": "Feature", "properties": { "csb_id": "061825012491718", "acres": 7.8591453797839002, "geoid": "06095" }, "geometry": { "type": "Polygon", "coordinates": [ [ [ -122.106732642601855, 38.239648583374496 ], [ -122.106732643142109, 38.238750268203042 ], [ -122.105834327754764, 38.238750267405436 ], [ -122.105834327407109, 38.238211278742412 ], [ -122.107091968944516, 38.238211278976856 ], [ -122.107091968653364, 38.237492626526731 ], [ -122.107630957345819, 38.237402794744277 ], [ -122.107630957469354, 38.237582457674577 ], [ -122.107990283630286, 38.237582458028307 ], [ -122.10799028442139, 38.237851952110631 ], [ -122.108259778322008, 38.237851952753893 ], [ -122.108259778530453, 38.239109594730031 ], [ -122.107990283662502, 38.239109594219414 ], [ -122.107990284447411, 38.239648583414819 ], [ -122.106732642601855, 38.239648583374496 ] ] ] } },
{ "type": "Feature", "properties": { "csb_id": "061825012491719", "acres": 20.110111897353899, "geoid": "06095" }, "geometry": { "type": "Polygon", "coordinates": [ [ [ -122.103498707995541, 38.240906224574566 ], [ -122.103498707510497, 38.240546898625048 ], [ -122.102869887363411, 38.240007909067629 ], [ -122.102869886385761, 38.239379089111011 ], [ -122.103498706688598, 38.239379088823938 ], [ -122.103768202234662, 38.239109593575272 ], [ -122.103768201855331, 38.238750268192383 ], [ -122.103498707305718, 38.2387502682434 ], [ -122.103498707445823, 38.238031615971956 ], [ -122.106193653562684, 38.237582457639526 ], [ -122.106193653341506, 38.238211278581794 ], [ -122.105834327407109, 38.238211278742412 ], [ -122.105834327754764, 38.238750267405436 ], [ -122.106732643142109, 38.238750268203042 ], [ -122.106732642601855, 38.239648583374496 ], [ -122.106463148119701, 38.239648582706927 ], [ -122.106463147724682, 38.240007909251325 ], [ -122.105564833385273, 38.240546898552552 ], [ -122.104936012175941, 38.240546898165178 ], [ -122.104936011652114, 38.240277403741402 ], [ -122.104666517851996, 38.24027740404334 ], [ -122.104397022599699, 38.240546898177826 ], [ -122.10439702272231, 38.240906224236575 ], [ -122.103498707995541, 38.240906224574566 ] ] ] } },
{ "type": "Feature", "properties": { "csb_id": "061825012491722", "acres": 2.7904323174847101, "geoid": "06095" }, "geometry": { "type": "Polygon", "coordinates": [ [ [ -122.155241667642699, 38.239109593632001 ], [ -122.154612847998393, 38.238570605087808 ], [ -122.154612846862534, 38.237851952506084 ], [ -122.155241668004592, 38.237851952253827 ], [ -122.155241667604599, 38.238211278969018 ], [ -122.156139983092572, 38.238211278581332 ], [ -122.156139983457365, 38.238750268009134 ], [ -122.155511162570463, 38.238750268343757 ], [ -122.155511163174353, 38.239109594175176 ], [ -122.155241667642699, 38.239109593632001 ] ] ] } },
{ "type": "Feature", "properties": { "csb_id": "061825012491723", "acres": 4.1299036766835098, "geoid": "06095" }, "geometry": { "type": "Polygon", "coordinates": [ [ [ -122.110954725169336, 38.238750268014165 ], [ -122.110864893596116, 38.238480774049485 ], [ -122.110427841920497, 38.23699583458091 ], [ -122.111224218839183, 38.236953637427597 ], [ -122.111224218746784, 38.237312963494041 ], [ -122.111583544812191, 38.237312963268366 ], [ -122.111853039826741, 38.237851952827185 ], [ -122.111853039856612, 38.238480773133297 ], [ -122.111583544790662, 38.238480773634862 ], [ -122.111583545604674, 38.238750267784617 ], [ -122.110954725169336, 38.238750268014165 ] ] ] } },
{ "type": "Feature", "properties": { "csb_id": "061825012491724", "acres": 3.4396137322962601, "geoid": "06095" }, "geometry": { "type": "Polygon", "coordinates": [ [ [ -122.109427587988392, 38.238480773165797 ], [ -122.109427588986023, 38.237312963565898 ], [ -122.110325904279918, 38.237312963016194 ], [ -122.110685229741264, 38.238750268262699 ], [ -122.110056409447495, 38.238750267571412 ], [ -122.110056409478631, 38.238480773531165 ], [ -122.109427587988392, 38.238480773165797 ] ] ] } },
{ "type": "Feature", "properties": { "csb_id": "061825012491725", "acres": 3.2869473096028701, "geoid": "06095" }, "geometry": { "type": "Polygon", "coordinates": [ [ [ -122.152816216340824, 38.238750267796625 ], [ -122.152546722095252, 38.238211279450319 ], [ -122.152187395641718, 38.238211279025904 ], [ -122.152187395859215, 38.23875026864512 ], [ -122.151917901932364, 38.238750268164921 ], [ -122.151917901952544, 38.238031615532869 ], [ -122.153085710987071, 38.237582458393909 ], [ -122.153594523125577, 38.23761263551571 ], [ -122.153714532553565, 38.237851952626862 ], [ -122.15344503733634, 38.237851952789413 ], [ -122.153445037347566, 38.23821127842367 ], [ -122.153984026603553, 38.238211280194385 ], [ -122.153984026651941, 38.238480773213922 ], [ -122.153714532146651, 38.238750267971341 ], [ -122.152816216340824, 38.238750267796625 ] ], [ [ -122.153085712004057, 38.238211280384149 ], [ -122.153085712325847, 38.23785195413376 ], [ -122.152816217108636, 38.237851952916941 ], [ -122.15281621657951, 38.238211278924872 ], [ -122.153085712004057, 38.238211280384149 ] ] ] } },
{ "type": "Feature", "properties": { "csb_id": "061825012491726", "acres": 12.915351861728301, "geoid": "06095" }, "geometry": { "type": "Polygon", "coordinates": [ [ [ -122.101702076522344, 38.239648583035944 ], [ -122.101702076924482, 38.239379088195129 ], [ -122.100803761754349, 38.239379088750745 ], [ -122.100803761389429, 38.239648582865684 ], [ -122.099546120148105, 38.239648583283966 ], [ -122.09900712989905, 38.239379089025981 ], [ -122.099007130597428, 38.238750268459853 ], [ -122.09954612121139, 38.238750268602999 ], [ -122.102241066801923, 38.23812144700932 ], [ -122.103498707445823, 38.238031615971956 ], [ -122.103498707305718, 38.2387502682434 ], [ -122.103768201855331, 38.238750268192383 ], [ -122.103768202234662, 38.239109593575272 ], [ -122.103498706688598, 38.239379088823938 ], [ -122.102869886385761, 38.239379089111011 ], [ -122.102869887418962, 38.239648582718367 ], [ -122.101702076522344, 38.239648583035944 ] ] ] } },
{ "type": "Feature", "properties": { "csb_id": "061825012491731", "acres": 4.1732725525204897, "geoid": "06095" }, "geometry": { "type": "Polygon", "coordinates": [ [ [ -122.10799028442139, 38.237851952110631 ], [ -122.107990283949334, 38.237312963698358 ], [ -122.110056409711675, 38.237043468783078 ], [ -122.110056407773214, 38.237312964196427 ], [ -122.109427588986023, 38.237312963565898 ], [ -122.109427587988392, 38.238480773165797 ], [ -122.1085292740771, 38.238480773930505 ], [ -122.108259779109588, 38.238211278224554 ], [ -122.108259778322008, 38.237851952753893 ], [ -122.10799028442139, 38.237851952110631 ] ] ] } },
{ "type": "Feature", "properties": { "csb_id": "061825012491735", "acres": 13.0028608198119, "geoid": "06095" }, "geometry": { "type": "Polygon", "coordinates": [ [ [ -122.153714531850483, 38.236953637461731 ], [ -122.154343352906039, 38.236414647879556 ], [ -122.156139983387462, 38.236234985006782 ], [ -122.157038298604192, 38.236684142843259 ], [ -122.157038298868258, 38.238211278979058 ], [ -122.155241667604599, 38.238211278969018 ], [ -122.155241668004592, 38.237851952253827 ], [ -122.153984025864233, 38.237851953216712 ], [ -122.153714532069031, 38.237312963363678 ], [ -122.153714531850483, 38.236953637461731 ] ] ] } },
{ "type": "Feature", "properties": { "csb_id": "061825012491736", "acres": 6.66980147716954, "geoid": "06095" }, "geometry": { "type": "Polygon", "coordinates": [ [ [ -122.106463148295362, 38.237312963225456 ], [ -122.10439702146698, 38.237582458300338 ], [ -122.104397021686367, 38.236953637896974 ], [ -122.104936012326874, 38.236953637470677 ], [ -122.105295337730794, 38.236684142885345 ], [ -122.10529533810994, 38.236414647896346 ], [ -122.105564832339056, 38.236145153468648 ], [ -122.107361463156096, 38.236055322424562 ], [ -122.107361463013561, 38.236953637520159 ], [ -122.106463147893123, 38.236953637706272 ], [ -122.106463148295362, 38.237312963225456 ] ] ] } },
{ "type": "Feature", "properties": { "csb_id": "061825012491739", "acres": 7.9836714241564497, "geoid": "06095" }, "geometry": { "type": "Polygon", "coordinates": [ [ [ -122.110056409429902, 38.236773973848159 ], [ -122.10799028395553, 38.237043468503906 ], [ -122.107990284804274, 38.236414648651326 ], [ -122.1085292736132, 38.235516332323094 ], [ -122.11032590435299, 38.235516333746766 ], [ -122.110595397953958, 38.23578582755367 ], [ -122.11077506176818, 38.236414648692303 ], [ -122.110056409429902, 38.236773973848159 ] ] ] } },
{ "type": "Feature", "properties": { "csb_id": "061825012491743", "acres": 13.923334602484401, "geoid": "06095" }, "geometry": { "type": "Polygon", "coordinates": [ [ [ -122.112751354645454, 38.239019763417971 ], [ -122.11212253412539, 38.238480773141319 ], [ -122.111853039856612, 38.238480773133297 ], [ -122.111853039826741, 38.237851952827185 ], [ -122.111583544812191, 38.237312963268366 ], [ -122.111583545719654, 38.23605532237756 ], [ -122.11212253406417, 38.236055321929967 ], [ -122.112481860633423, 38.235785828085938 ], [ -122.112751355610413, 38.23551633279012 ], [ -122.112751355837588, 38.235157007796602 ], [ -122.113649670340862, 38.235157007033393 ], [ -122.113649670064262, 38.235516332995253 ], [ -122.113380176729933, 38.235606165502119 ], [ -122.113380175278451, 38.236684142592701 ], [ -122.113649670148661, 38.237402795878573 ], [ -122.113649670160413, 38.23857060504448 ], [ -122.113020850093022, 38.239019762556325 ], [ -122.112751354645454, 38.239019763417971 ] ] ] } },
{ "type": "Feature", "properties": { "csb_id": "061825012491752", "acres": 18.752849804031001, "geoid": "06095" }, "geometry": { "type": "Polygon", "coordinates": [ [ [ -122.149582281527245, 38.23821127893207 ], [ -122.149492450079663, 38.236055321877558 ], [ -122.150121270986091, 38.235606164260169 ], [ -122.150390765201465, 38.235157006779879 ], [ -122.151289080694326, 38.23497734372387 ], [ -122.152187396556442, 38.235785827361802 ], [ -122.153085711393487, 38.236953636988837 ], [ -122.15275156282604, 38.23749639869078 ], [ -122.152372805275206, 38.237655533468654 ], [ -122.15101958651293, 38.237582457890987 ], [ -122.15092975492378, 38.237851952857731 ], [ -122.150480597654692, 38.238211278994463 ], [ -122.149582281527245, 38.23821127893207 ] ] ] } },
{ "type": "Feature", "properties": { "csb_id": "061825012491763", "acres": 13.923821558809999, "geoid": "06095" }, "geometry": { "type": "Polygon", "coordinates": [ [ [ -122.111224219625228, 38.236055322096078 ], [ -122.111224218705487, 38.235785827272785 ], [ -122.110685229891502, 38.235516332494598 ], [ -122.110685229374198, 38.234258691379573 ], [ -122.111224218658649, 38.233809533664505 ], [ -122.111583544965512, 38.233719702192133 ], [ -122.111583544707756, 38.233090881275324 ], [ -122.112481859979496, 38.233090881524234 ], [ -122.113380175591629, 38.233989197172811 ], [ -122.113380175705544, 38.234258691152839 ], [ -122.113020849615097, 38.234348523098646 ], [ -122.113649670340862, 38.235157007033393 ], [ -122.112751355837588, 38.235157007796602 ], [ -122.112751355610413, 38.23551633279012 ], [ -122.11212253406417, 38.236055321929967 ], [ -122.111224219625228, 38.236055322096078 ] ] ] } },
{ "type": "Feature", "properties": { "csb_id": "061825015515989", "acres": 6.8708357286827502, "geoid": "06095" }, "geometry": { "type": "Polygon", "coordinates": [ [ [ -121.711303464457245, 38.535621925500926 ], [ -121.711303464652957, 38.535442262525692 ], [ -121.711572959854479, 38.535442263902503 ], [ -121.711393297392036, 38.534184621058117 ], [ -121.713459422212878, 38.534184620595838 ], [ -121.713459422554621, 38.535621925615018 ], [ -121.711303464457245, 38.535621925500926 ] ] ] } },
{ "type": "Feature", "properties": { "csb_id": "061825015516078", "acres": 4.4488669893370698, "geoid": "06095" }, "geometry": { "type": "Polygon", "coordinates": [ [ [ -121.720915439665745, 38.53211849594328 ], [ -121.720915440282624, 38.531579506727596 ], [ -121.721454428576422, 38.531579506634138 ], [ -121.721454428305407, 38.531220180381311 ], [ -121.720915440115505, 38.531220180092141 ], [ -121.720915439759025, 38.53032186534891 ], [ -121.721184933895032, 38.53032186507231 ], [ -121.722083249995691, 38.530950685685021 ], [ -121.722083249367529, 38.531220180814685 ], [ -121.721813754653311, 38.531220180618952 ], [ -121.721813754758045, 38.53184900114379 ], [ -121.722083249245472, 38.531849000956932 ], [ -121.722083249433027, 38.532477821963653 ], [ -121.721184934590156, 38.532477822017867 ], [ -121.720915439665745, 38.53211849594328 ] ] ] } },
{ "type": "Feature", "properties": { "csb_id": "061825015522761", "acres": 3.7263288712860101, "geoid": "06095" }, "geometry": { "type": "Polygon", "coordinates": [ [ [ -121.73564781018878, 38.315355017913021 ], [ -121.735917304764257, 38.315355017960307 ], [ -121.736186799422839, 38.315624511771048 ], [ -121.736186799814845, 38.315894006980692 ], [ -121.73564781004535, 38.315894006760587 ], [ -121.735647810320827, 38.316522827739455 ], [ -121.735917304629766, 38.316792321979968 ], [ -121.735917304472437, 38.317151648456914 ], [ -121.735647809813869, 38.317421142785932 ], [ -121.735018989182507, 38.317421143055448 ], [ -121.735018989574158, 38.315624511723094 ], [ -121.735647810518884, 38.315624511789643 ], [ -121.73564781018878, 38.315355017913021 ] ] ] } },
{ "type": "Feature", "properties": { "csb_id": "061825015522893", "acres": 4.7331446266377304, "geoid": "06095" }, "geometry": { "type": "Polygon", "coordinates": [ [ [ -121.617788844737021, 38.313378724305807 ], [ -121.617788845546869, 38.313109230142899 ], [ -121.617519350683921, 38.3128397357222 ], [ -121.617519350036687, 38.312480408342033 ], [ -121.618417665638816, 38.312480408818672 ], [ -121.618417666366724, 38.312210914167167 ], [ -121.619315980824595, 38.312210914101769 ], [ -121.619315981577429, 38.313738050886158 ], [ -121.618687160879389, 38.313738050062923 ], [ -121.618687161312224, 38.313378724952358 ], [ -121.617788844737021, 38.313378724305807 ] ] ] } },
{ "type": "Feature", "properties": { "csb_id": "061825015522911", "acres": 8.3338750034065896, "geoid": "06095" }, "geometry": { "type": "Polygon", "coordinates": [ [ [ -121.619315980851624, 38.313378724440405 ], [ -121.619315980824595, 38.312210914101769 ], [ -121.618417666366724, 38.312210914167167 ], [ -121.618417665638816, 38.312480408818672 ], [ -121.617160024372708, 38.31248040859753 ], [ -121.616890529673583, 38.312210913739911 ], [ -121.616890529532512, 38.311582093587042 ], [ -121.617519350745269, 38.311402430220753 ], [ -121.617609182059155, 38.311941419098396 ], [ -121.619585475507989, 38.311941419349921 ], [ -121.619854970463692, 38.312031250720757 ], [ -121.619854970322223, 38.312210913884293 ], [ -121.620843117341593, 38.312210914067826 ], [ -121.620843117598767, 38.312031251288936 ], [ -121.621112611651668, 38.312031251376474 ], [ -121.621112611389492, 38.312839734772588 ], [ -121.620483791094529, 38.313378723940694 ], [ -121.619315980851624, 38.313378724440405 ] ] ] } },
{ "type": "Feature", "properties": { "csb_id": "061825015523185", "acres": 9.6802273264416794, "geoid": "06095" }, "geometry": { "type": "Polygon", "coordinates": [ [ [ -121.627400818170528, 38.306012538421882 ], [ -121.62380755736848, 38.30601253899291 ], [ -121.623178736756429, 38.305922706678686 ], [ -121.623178737171145, 38.305743043507789 ], [ -121.625424524491521, 38.304215908083833 ], [ -121.625604187686989, 38.305024391892232 ], [ -121.627131323750788, 38.305024392101004 ], [ -121.627131324049103, 38.305922706686196 ], [ -121.627400818170528, 38.306012538421882 ] ] ] } },
{ "type": "Feature", "properties": { "csb_id": "061825015523227", "acres": 9.4673615181685893, "geoid": "06095" }, "geometry": { "type": "Polygon", "coordinates": [ [ [ -121.622909240901407, 38.30592270703459 ], [ -121.621471937034855, 38.305922707259512 ], [ -121.621471938268272, 38.305293886543865 ], [ -121.621741432006104, 38.305293886520303 ], [ -121.621741432329898, 38.304485402213317 ], [ -121.621382106063805, 38.304395570918771 ], [ -121.621382106320539, 38.303497255419373 ], [ -121.621741432714828, 38.303227761039352 ], [ -121.621471938154386, 38.303227761006433 ], [ -121.621471938275064, 38.302598940430229 ], [ -121.622010926734347, 38.30259894091256 ], [ -121.622280421804064, 38.302868434981896 ], [ -121.622639746674949, 38.304395571660834 ], [ -121.623178736911996, 38.305024392140744 ], [ -121.623178736780616, 38.305563381432606 ], [ -121.622909240901407, 38.30592270703459 ] ] ] } },
{ "type": "Feature", "properties": { "csb_id": "061825015523243", "acres": 18.3428718550342, "geoid": "06095" }, "geometry": { "type": "Polygon", "coordinates": [ [ [ -121.627131323750788, 38.305024392101004 ], [ -121.625604187686989, 38.305024391892232 ], [ -121.625424524491521, 38.304215908083833 ], [ -121.625155030521441, 38.304215907817188 ], [ -121.626592334763203, 38.302868435449753 ], [ -121.626771997632602, 38.302868435618329 ], [ -121.626861829851975, 38.303227761342669 ], [ -121.628299133889755, 38.303766750808634 ], [ -121.62892795447263, 38.303766749992079 ], [ -121.628927954910495, 38.304395571082708 ], [ -121.629466944387815, 38.306012538853992 ], [ -121.627131324049103, 38.305922706686196 ], [ -121.627131323750788, 38.305024392101004 ] ] ] } },
{ "type": "Feature", "properties": { "csb_id": "061825015523271", "acres": 4.4240089034630401, "geoid": "06095" }, "geometry": { "type": "Polygon", "coordinates": [ [ [ -121.626861829851975, 38.303227761342669 ], [ -121.626771997632602, 38.302868435618329 ], [ -121.627670311518401, 38.302149782800207 ], [ -121.627670312574466, 38.302329446190043 ], [ -121.628029639252773, 38.302598941754447 ], [ -121.628568629148802, 38.302598940954589 ], [ -121.628927955185958, 38.302868435938187 ], [ -121.628927954432044, 38.303227760924983 ], [ -121.628568628735565, 38.30322776161254 ], [ -121.628299134507799, 38.303497256633783 ], [ -121.628299133889755, 38.303766750808634 ], [ -121.626861829851975, 38.303227761342669 ] ] ] } },
{ "type": "Feature", "properties": { "csb_id": "061825015523324", "acres": 23.233511537657002, "geoid": "06095" }, "geometry": { "type": "Polygon", "coordinates": [ [ [ -121.628927954910495, 38.304395571082708 ], [ -121.62892795447263, 38.303766749992079 ], [ -121.628299133889755, 38.303766750808634 ], [ -121.628299134507799, 38.303497256633783 ], [ -121.628568628735565, 38.30322776161254 ], [ -121.628927954432044, 38.303227760924983 ], [ -121.628927955185958, 38.302868435938187 ], [ -121.628568629148802, 38.302598940954589 ], [ -121.628029639252773, 38.302598941754447 ], [ -121.627670312574466, 38.302329446190043 ], [ -121.627670311518401, 38.302149782800207 ], [ -121.630365258946398, 38.299634500346365 ], [ -121.630365258525316, 38.301970120024649 ], [ -121.630544922493627, 38.302868434927085 ], [ -121.630365259565338, 38.303766750535679 ], [ -121.630365258716836, 38.306012539101403 ], [ -121.629466944387815, 38.306012538853992 ], [ -121.628927954910495, 38.304395571082708 ] ] ] } },
{ "type": "Feature", "properties": { "csb_id": "061825015523358", "acres": 60.783249949585503, "geoid": "06095" }, "geometry": { "type": "Polygon", "coordinates": [ [ [ -121.604044620864613, 38.306551527610843 ], [ -121.599553044733256, 38.30646169627574 ], [ -121.599732708318186, 38.306012538391428 ], [ -121.600361528554515, 38.305653212412182 ], [ -121.60036152867022, 38.305114223700485 ], [ -121.600720854573098, 38.304126076749924 ], [ -121.600720854662384, 38.301700625685342 ], [ -121.601619170125616, 38.301071804080358 ], [ -121.601888664257217, 38.300622646566488 ], [ -121.602786980188782, 38.300173488826658 ], [ -121.603056474307309, 38.30017348956315 ], [ -121.603056474150364, 38.300532815221764 ], [ -121.603954790086988, 38.300532815111723 ], [ -121.603954790051773, 38.30080230957374 ], [ -121.604583610749529, 38.300802310254447 ], [ -121.604583610819446, 38.301431130531597 ], [ -121.605481925740278, 38.301700624867202 ], [ -121.605481925437488, 38.301970119638099 ], [ -121.605212431355568, 38.302329446012997 ], [ -121.604673441715235, 38.302598940683517 ], [ -121.604583609939723, 38.303227761055041 ], [ -121.605751420011444, 38.304126076814882 ], [ -121.606380240849319, 38.304126076202621 ], [ -121.606470072629165, 38.304395571509687 ], [ -121.60584125151324, 38.30529388676532 ], [ -121.605481925678134, 38.305114223254783 ], [ -121.604044620948599, 38.305024392099085 ], [ -121.604044620864613, 38.306551527610843 ] ] ] } },
{ "type": "Feature", "properties": { "csb_id": "061825015523447", "acres": 7.9055410537547104, "geoid": "06095" }, "geometry": { "type": "Polygon", "coordinates": [ [ [ -121.610871817777763, 38.299365005868161 ], [ -121.609434511381025, 38.29927517456774 ], [ -121.608805691130812, 38.298646353864775 ], [ -121.60880569144328, 38.298107364622496 ], [ -121.609344681835807, 38.297568375006968 ], [ -121.610063332054509, 38.297568375247188 ], [ -121.610063333682689, 38.298197196070348 ], [ -121.610332828306525, 38.29819719586385 ], [ -121.610332828730279, 38.297927700909973 ], [ -121.610602322672648, 38.297927700972735 ], [ -121.610602323141137, 38.298376859019299 ], [ -121.611231143154683, 38.29837685844138 ], [ -121.611231143729341, 38.299634500216598 ], [ -121.610871817911672, 38.299634500176538 ], [ -121.610871817777763, 38.299365005868161 ] ] ] } },
{ "type": "Feature", "properties": { "csb_id": "061825015523586", "acres": 26.8755017695857, "geoid": "06095" }, "geometry": { "type": "Polygon", "coordinates": [ [ [ -121.614015921060059, 38.299275173635451 ], [ -121.611590469971475, 38.299275173816127 ], [ -121.611590469755427, 38.298466690058049 ], [ -121.612488785080771, 38.298466689904693 ], [ -121.612488785476557, 38.297568375073297 ], [ -121.612129458733293, 38.297029385721075 ], [ -121.611590469535585, 38.29667005970046 ], [ -121.610871817742208, 38.29667005949144 ], [ -121.610871817610331, 38.29478359780871 ], [ -121.611231142352793, 38.294603935126304 ], [ -121.612488783627924, 38.294603934329821 ], [ -121.61248878382392, 38.294873429043086 ], [ -121.613117604967428, 38.294873428833327 ], [ -121.613117606075861, 38.293975113864128 ], [ -121.612758278357802, 38.293975113620895 ], [ -121.612758278593006, 38.293705619515372 ], [ -121.61338709875676, 38.293705619704355 ], [ -121.613387099716007, 38.293975114047406 ], [ -121.614015920883702, 38.293975114075394 ], [ -121.613926088360159, 38.295232755177814 ], [ -121.613566762783947, 38.295502250190076 ], [ -121.613926088648896, 38.297478543722981 ], [ -121.614015921060059, 38.299275173635451 ] ] ] } },
{ "type": "Feature", "properties": { "csb_id": "061825015523636", "acres": 4.0276266182041196, "geoid": "06095" }, "geometry": { "type": "Polygon", "coordinates": [ [ [ -121.753344620963119, 38.292447978143684 ], [ -121.753883610144456, 38.292447977881721 ], [ -121.753883610520461, 38.293076798943993 ], [ -121.754242936381019, 38.293076798173175 ], [ -121.754242936187708, 38.293705619068078 ], [ -121.753883610587536, 38.293705619122434 ], [ -121.753883610963555, 38.294334440136289 ], [ -121.753614115722982, 38.294334439678906 ], [ -121.752985295156194, 38.293975113651136 ], [ -121.752985295570383, 38.292807304127983 ], [ -121.753344621718895, 38.292807303785608 ], [ -121.753344620963119, 38.292447978143684 ] ] ] } },
{ "type": "Feature", "properties": { "csb_id": "061825015523645", "acres": 37.833078869383399, "geoid": "06095" }, "geometry": { "type": "Polygon", "coordinates": [ [ [ -121.606260231114632, 38.297149394761 ], [ -121.606110746373929, 38.296939555352211 ], [ -121.606110746322202, 38.295412418165938 ], [ -121.605871430067253, 38.294933082612587 ], [ -121.605302262515522, 38.292088651926818 ], [ -121.610063333409954, 38.292178483649536 ], [ -121.60979383930453, 38.292178483240981 ], [ -121.609793839140821, 38.294603934858735 ], [ -121.610063333434738, 38.294603934350029 ], [ -121.609973502218224, 38.294873429483914 ], [ -121.608266703483764, 38.294873429113125 ], [ -121.608266702983485, 38.295771744196188 ], [ -121.608536198107572, 38.295771744069853 ], [ -121.608536197597644, 38.29640056540314 ], [ -121.608266702790502, 38.296670060090371 ], [ -121.607637882161555, 38.296670059865363 ], [ -121.607637881844568, 38.296400565304509 ], [ -121.606739567129893, 38.296400564900139 ], [ -121.606649735970251, 38.297209048667092 ], [ -121.606260231114632, 38.297149394761 ] ] ] } },
{ "type": "Feature", "properties": { "csb_id": "061825015523668", "acres": 72.258244494370899, "geoid": "06095" }, "geometry": { "type": "Polygon", "coordinates": [ [ [ -121.62699087433262, 38.302388638847631 ], [ -121.626861829125133, 38.29145983095664 ], [ -121.627131324296911, 38.291459831112036 ], [ -121.628388965954969, 38.291819157395203 ], [ -121.630275427395702, 38.292986967186827 ], [ -121.630333766290136, 38.299360949358068 ], [ -121.62699087433262, 38.302388638847631 ] ] ] } },
{ "type": "Feature", "properties": { "csb_id": "061825015523680", "acres": 124.290625384796, "geoid": "06095" }, "geometry": { "type": "Polygon", "coordinates": [ [ [ -121.622639746674949, 38.304395571660834 ], [ -121.622280421804064, 38.302868434981896 ], [ -121.622010926734347, 38.30259894091256 ], [ -121.621471938275064, 38.302598940430229 ], [ -121.621741432233421, 38.302419277732966 ], [ -121.621741432568413, 38.301700625401487 ], [ -121.621382106028719, 38.301700625377237 ], [ -121.621741432657075, 38.300532815279766 ], [ -121.62174143251066, 38.299005679399507 ], [ -121.622909241824658, 38.299005679456201 ], [ -121.622999073288554, 38.298376859137669 ], [ -121.623538062281526, 38.297927700775787 ], [ -121.623538062800421, 38.297029385725125 ], [ -121.623178736467125, 38.296939554018309 ], [ -121.623178736556994, 38.296310733795778 ], [ -121.623268568024415, 38.295412418049196 ], [ -121.623538063373914, 38.295053092193555 ], [ -121.623268568721713, 38.295053092342279 ], [ -121.62317873649495, 38.294783597607619 ], [ -121.623178736650502, 38.293885282476708 ], [ -121.62290924280947, 38.293256461827021 ], [ -121.622909242693211, 38.292717472615863 ], [ -121.623178736588457, 38.29235814606281 ], [ -121.622909242480006, 38.291729325682368 ], [ -121.624705872416342, 38.291369999499359 ], [ -121.626412672315908, 38.291369999311712 ], [ -121.62668216672644, 38.291459831226312 ], [ -121.626692255132866, 38.302640061900362 ], [ -121.623178736780616, 38.305563381432606 ], [ -121.623178736911996, 38.305024392140744 ], [ -121.622639746674949, 38.304395571660834 ] ] ] } },
{ "type": "Feature", "properties": { "csb_id": "061825015523844", "acres": 2.6336694342009102, "geoid": "06095" }, "geometry": { "type": "Polygon", "coordinates": [ [ [ -121.766280361070741, 38.286788591780038 ], [ -121.766819350686461, 38.286788591539171 ], [ -121.767178676292374, 38.287058086021688 ], [ -121.767178676695167, 38.287417412506819 ], [ -121.768975307060117, 38.287417411882636 ], [ -121.768975307574237, 38.287686906491444 ], [ -121.766819351036858, 38.287686906485973 ], [ -121.766819350338778, 38.287417412690246 ], [ -121.766280361978474, 38.287417412596028 ], [ -121.766280361070741, 38.286788591780038 ] ] ] } },
{ "type": "Feature", "properties": { "csb_id": "061825015523855", "acres": 6.3420857836152598, "geoid": "06095" }, "geometry": { "type": "Polygon", "coordinates": [ [ [ -121.637372117890109, 38.288225895812253 ], [ -121.637282285360513, 38.28741741232885 ], [ -121.638809422501566, 38.286429265394844 ], [ -121.639078915734601, 38.286429265451844 ], [ -121.639078916054558, 38.286968255190409 ], [ -121.639977232964611, 38.286968254297129 ], [ -121.639977232814672, 38.287327580870617 ], [ -121.63970773854011, 38.287597075370421 ], [ -121.638539927665533, 38.287597074946305 ], [ -121.638539928589921, 38.288495390534038 ], [ -121.638180602346168, 38.288495390398495 ], [ -121.638180601434414, 38.288225895959762 ], [ -121.637372117890109, 38.288225895812253 ] ] ] } },
{ "type": "Feature", "properties": { "csb_id": "061825015523928", "acres": 9.5666102161267492, "geoid": "06095" }, "geometry": { "type": "Polygon", "coordinates": [ [ [ -121.615992214231369, 38.28732758068476 ], [ -121.61599221449319, 38.284273309107 ], [ -121.617160023885845, 38.284363140116618 ], [ -121.617519350949507, 38.284902129210124 ], [ -121.617519351062427, 38.286159771051231 ], [ -121.617249855281031, 38.286159770770645 ], [ -121.617249855577072, 38.286698759625132 ], [ -121.616890529491656, 38.286698760199151 ], [ -121.616621035656067, 38.286968254901247 ], [ -121.616621035715198, 38.287597075497473 ], [ -121.61626170918791, 38.287597075240775 ], [ -121.615992214231369, 38.28732758068476 ] ] ] } },
{ "type": "Feature", "properties": { "csb_id": "061825015523952", "acres": 57.851454560485998, "geoid": "06095" }, "geometry": { "type": "Polygon", "coordinates": [ [ [ -121.616621035116552, 38.289214042923412 ], [ -121.614015920802657, 38.287597075012876 ], [ -121.610242996212691, 38.287507243707189 ], [ -121.610332828069886, 38.285890276264588 ], [ -121.609704004991656, 38.28517162438299 ], [ -121.609704006609618, 38.284902129449627 ], [ -121.611231143404652, 38.284902129351437 ], [ -121.611231143827226, 38.284273308215248 ], [ -121.612398952959353, 38.284273309067203 ], [ -121.6132972682759, 38.283374993653013 ], [ -121.613926089403279, 38.283374993285058 ], [ -121.613926089002277, 38.283644488515428 ], [ -121.614914234707157, 38.283644488807759 ], [ -121.615093899036779, 38.28337499314776 ], [ -121.615992212945457, 38.283374994007403 ], [ -121.615992213946953, 38.283644488705676 ], [ -121.616621035008919, 38.283644488017678 ], [ -121.61662103506805, 38.284273308747011 ], [ -121.61599221449319, 38.284273309107 ], [ -121.615992214231369, 38.28732758068476 ], [ -121.61626170918791, 38.287597075240775 ], [ -121.616621035715198, 38.287597075497473 ], [ -121.616621035656067, 38.286968254901247 ], [ -121.616890529491656, 38.286698760199151 ], [ -121.617249855577072, 38.286698759625132 ], [ -121.617249855537537, 38.287417412420901 ], [ -121.616710866860743, 38.287866570210042 ], [ -121.61671086740445, 38.289124211544213 ], [ -121.616621035116552, 38.289214042923412 ] ] ] } },
{ "type": "Feature", "properties": { "csb_id": "061825015523966", "acres": 4.8027147309413101, "geoid": "06095" }, "geometry": { "type": "Polygon", "coordinates": [ [ [ -121.63764161260687, 38.285800444601414 ], [ -121.636743298225227, 38.285261455864315 ], [ -121.636743297973538, 38.284542803015725 ], [ -121.637282286859147, 38.28454280349326 ], [ -121.637282286378976, 38.284902129226253 ], [ -121.637641613152937, 38.284902129042862 ], [ -121.637641612894242, 38.284003814530401 ], [ -121.637911106933586, 38.284003814147404 ], [ -121.63791110677974, 38.284542803164648 ], [ -121.639078917052345, 38.284542803014574 ], [ -121.639078917265664, 38.284902129552108 ], [ -121.638180602059805, 38.285171623608164 ], [ -121.63818060152397, 38.285530950277874 ], [ -121.637911107367486, 38.285800444547398 ], [ -121.63764161260687, 38.285800444601414 ] ] ] } },
{ "type": "Feature", "properties": { "csb_id": "061825015523987", "acres": 8.0929333809533492, "geoid": "06095" }, "geometry": { "type": "Polygon", "coordinates": [ [ [ -121.739241070920457, 38.285261455545744 ], [ -121.737983430567965, 38.285261456661772 ], [ -121.737713934875146, 38.284722466103823 ], [ -121.737354609472021, 38.284722466130319 ], [ -121.739061408673066, 38.283105498978131 ], [ -121.739420734900648, 38.283374993226531 ], [ -121.739420734666609, 38.28400381412429 ], [ -121.739690228769319, 38.284003814652486 ], [ -121.74004955569572, 38.283464824764543 ], [ -121.740139386455638, 38.284363140053649 ], [ -121.739780060339839, 38.284363140292207 ], [ -121.739241070920457, 38.285261455545744 ] ] ] } },
{ "type": "Feature", "properties": { "csb_id": "061825015524170", "acres": 141.256560826438, "geoid": "06095" }, "geometry": { "type": "Polygon", "coordinates": [ [ [ -121.640965378990586, 38.289663200581487 ], [ -121.640965379027449, 38.289483537276475 ], [ -121.639438243777363, 38.28939370583992 ], [ -121.637911107507378, 38.290202189934632 ], [ -121.63701279180637, 38.290202189235202 ], [ -121.637012792598313, 38.289214043048531 ], [ -121.636743297725204, 38.288495390386252 ], [ -121.636743295292078, 38.287597076114373 ], [ -121.636743297001104, 38.286698759980716 ], [ -121.637012791909598, 38.286698759791761 ], [ -121.637012791637162, 38.28642926517589 ], [ -121.636743297189028, 38.286069939520239 ], [ -121.636114476976402, 38.286069939474771 ], [ -121.636114476845236, 38.285530949685899 ], [ -121.6367432977856, 38.285171623537316 ], [ -121.637012791778261, 38.285530950457783 ], [ -121.637911107367486, 38.285800444547398 ], [ -121.63818060152397, 38.285530950277874 ], [ -121.638180602059805, 38.285171623608164 ], [ -121.639078917265664, 38.284902129552108 ], [ -121.639078917052345, 38.284542803014574 ], [ -121.63791110677974, 38.284542803164648 ], [ -121.637911106933586, 38.284003814147404 ], [ -121.637641612894242, 38.284003814530401 ], [ -121.637641613152937, 38.284902129042862 ], [ -121.637282286378976, 38.284902129226253 ], [ -121.637282286859147, 38.28454280349326 ], [ -121.637012792262539, 38.284542803119948 ], [ -121.637012792214449, 38.283824151482634 ], [ -121.63728228689331, 38.283374993047524 ], [ -121.637282286913845, 38.282297015095935 ], [ -121.636383971667357, 38.281578363268416 ], [ -121.635485656501189, 38.281578362728325 ], [ -121.63548565596146, 38.281308868352852 ], [ -121.635844982342988, 38.281308867896811 ], [ -121.635844982800293, 38.280410554016292 ], [ -121.635844980634957, 38.280141058760421 ], [ -121.635485655194117, 38.280051227188757 ], [ -121.635485654346866, 38.279781731926619 ], [ -121.636114476092487, 38.279781732612747 ], [ -121.636114476905718, 38.279152911963081 ], [ -121.636473802351475, 38.278883416934967 ], [ -121.637012792529049, 38.278883417773464 ], [ -121.637012792634948, 38.278254596520021 ], [ -121.637911108100951, 38.278254596587537 ], [ -121.638719591240701, 38.279242742728194 ], [ -121.640067064614698, 38.279871563844694 ], [ -121.64096537889499, 38.281308868084004 ], [ -121.641324705650391, 38.28157836263383 ], [ -121.642402683608651, 38.281668194694561 ], [ -121.643031504634351, 38.281937688998511 ], [ -121.643031504844572, 38.28229701510174 ], [ -121.642762010535037, 38.282297015146696 ], [ -121.642492514234362, 38.282566510366493 ], [ -121.642492515272622, 38.282836004554163 ], [ -121.643031504474308, 38.282746172622957 ], [ -121.643031503128242, 38.286968254640229 ], [ -121.643390830212311, 38.287327580965908 ], [ -121.644199314694333, 38.287597075614912 ], [ -121.644738303272192, 38.288315727925699 ], [ -121.644499688815287, 38.288710846127671 ], [ -121.643300998737999, 38.288764885178296 ], [ -121.643031504697404, 38.289124211303999 ], [ -121.641863694607295, 38.289663200630919 ], [ -121.640965378990586, 38.289663200581487 ] ], [ [ -121.638539928589921, 38.288495390534038 ], [ -121.638539927665533, 38.287597074946305 ], [ -121.63970773854011, 38.287597075370421 ], [ -121.639977232814672, 38.287327580870617 ], [ -121.639977232964611, 38.286968254297129 ], [ -121.639078916054558, 38.286968255190409 ], [ -121.639078915734601, 38.286429265451844 ], [ -121.638809422501566, 38.286429265394844 ], [ -121.637282285360513, 38.28741741232885 ], [ -121.637372117890109, 38.288225895812253 ], [ -121.638180601434414, 38.288225895959762 ], [ -121.638180602346168, 38.288495390398495 ], [ -121.638539928589921, 38.288495390534038 ] ], [ [ -121.636743298044621, 38.280051227393137 ], [ -121.636383971827129, 38.280051227126513 ], [ -121.63638397090547, 38.280410553970292 ], [ -121.636743297152975, 38.280410552754816 ], [ -121.636743298044621, 38.280051227393137 ] ] ] } },
{ "type": "Feature", "properties": { "csb_id": "061825015524289", "acres": 2.3241593639034899, "geoid": "06095" }, "geometry": { "type": "Polygon", "coordinates": [ [ [ -121.765831204537278, 38.276278302907244 ], [ -121.766190530324621, 38.275918976567972 ], [ -121.76672951907922, 38.276457965509827 ], [ -121.767088845886988, 38.276457966010859 ], [ -121.767088845004068, 38.2770867863414 ], [ -121.766190529778939, 38.277086786174486 ], [ -121.766190529966622, 38.276817291573408 ], [ -121.76583120374957, 38.276817291645919 ], [ -121.765831204537278, 38.276278302907244 ] ] ] } },
{ "type": "Feature", "properties": { "csb_id": "061825015524334", "acres": 5.2197597351648, "geoid": "06095" }, "geometry": { "type": "Polygon", "coordinates": [ [ [ -121.768526149259344, 38.275559650217041 ], [ -121.768346486784964, 38.275649481942082 ], [ -121.768885475751901, 38.275559650145652 ], [ -121.768885476141051, 38.276278302691161 ], [ -121.767987160118579, 38.276188471445785 ], [ -121.767987160874327, 38.276008807905868 ], [ -121.767448171133196, 38.275918976517481 ], [ -121.767088845311605, 38.275290156305836 ], [ -121.766729519767878, 38.275290156760633 ], [ -121.766729518781318, 38.275020661028826 ], [ -121.767358339249967, 38.275020661429558 ], [ -121.767987160242768, 38.27466133541963 ], [ -121.768526149907999, 38.274661335418493 ], [ -121.768885475691832, 38.275020661358596 ], [ -121.768885475876402, 38.275290156184319 ], [ -121.768526149280916, 38.275290155635091 ], [ -121.768526149259344, 38.275559650217041 ] ], [ [ -121.767448171795309, 38.275379987076363 ], [ -121.767358338589403, 38.275290156159045 ], [ -121.767358340531345, 38.275379988195752 ], [ -121.767448171795309, 38.275379987076363 ] ] ] } },
{ "type": "Feature", "properties": { "csb_id": "061825015524400", "acres": 3.9802027623765399, "geoid": "06095" }, "geometry": { "type": "Polygon", "coordinates": [ [ [ -121.753614116101446, 38.27421217731154 ], [ -121.754242936661967, 38.274391840215181 ], [ -121.754242937054499, 38.274751166369697 ], [ -121.753883610940477, 38.274751167000979 ], [ -121.753883610687538, 38.275110492908013 ], [ -121.754512430802578, 38.275110492594528 ], [ -121.754512430990189, 38.275649481844958 ], [ -121.75424293605019, 38.276008807890257 ], [ -121.753883610765598, 38.276008807948216 ], [ -121.753344621589108, 38.27564948199506 ], [ -121.753344621923858, 38.274751166408237 ], [ -121.752985295315753, 38.274751166371573 ], [ -121.752985294955209, 38.274481672067125 ], [ -121.753614116101446, 38.27421217731154 ] ] ] } },
{ "type": "Feature", "properties": { "csb_id": "061825015524411", "acres": 20.404671457342101, "geoid": "06095" }, "geometry": { "type": "Polygon", "coordinates": [ [ [ -121.634946667342007, 38.275918976170452 ], [ -121.634946666554811, 38.275649482170195 ], [ -121.634048351787612, 38.275559650135683 ], [ -121.633689025451531, 38.275649482093876 ], [ -121.633689025270044, 38.275918976240803 ], [ -121.632790709154804, 38.275918977479868 ], [ -121.632790711155593, 38.275559651278414 ], [ -121.632521215352597, 38.275290156086058 ], [ -121.631892395180444, 38.275020661444657 ], [ -121.630994080083752, 38.275020661865561 ], [ -121.63072458511779, 38.274661336243803 ], [ -121.630724585300257, 38.27403251519344 ], [ -121.630365258840399, 38.274032514784295 ], [ -121.630365259168244, 38.273763020400885 ], [ -121.63189239488942, 38.273763019843727 ], [ -121.631892395406496, 38.274032514318137 ], [ -121.634587340769528, 38.274032514961533 ], [ -121.634587341379046, 38.274391840668528 ], [ -121.63521616128736, 38.274481672269722 ], [ -121.636114477067139, 38.274032514859258 ], [ -121.636383971925895, 38.275020661490075 ], [ -121.636743297323449, 38.275020661300879 ], [ -121.637012791673499, 38.275290156204903 ], [ -121.637012791638341, 38.275559650156147 ], [ -121.636114475754866, 38.275559650656966 ], [ -121.636114476852015, 38.275918976893841 ], [ -121.634946667342007, 38.275918976170452 ] ] ] } },
{ "type": "Feature", "properties": { "csb_id": "061825015524458", "acres": 2.5470277127457002, "geoid": "06095" }, "geometry": { "type": "Polygon", "coordinates": [ [ [ -121.646714595652981, 38.272864704558778 ], [ -121.64635527034099, 38.272864704660563 ], [ -121.646355270852297, 38.272235883558999 ], [ -121.647792575901647, 38.272325715271187 ], [ -121.647792575129742, 38.272595210482898 ], [ -121.647343417972053, 38.272864704446341 ], [ -121.647253586100575, 38.273493525441602 ], [ -121.646714596797068, 38.27349352501161 ], [ -121.646714595652981, 38.272864704558778 ] ] ] } },
{ "type": "Feature", "properties": { "csb_id": "061825015524472", "acres": 23.038874458589401, "geoid": "06095" }, "geometry": { "type": "Polygon", "coordinates": [ [ [ -121.63889925306276, 38.275559650456621 ], [ -121.637012791638341, 38.275559650156147 ], [ -121.637012791673499, 38.275290156204903 ], [ -121.636743297323449, 38.275020661300879 ], [ -121.636383971925895, 38.275020661490075 ], [ -121.636204308246761, 38.274661334813402 ], [ -121.636114476445456, 38.27376301987394 ], [ -121.635844981727104, 38.273763019865115 ], [ -121.635844982168791, 38.273044367278786 ], [ -121.639977232483403, 38.273044367406442 ], [ -121.639707738194275, 38.273493525081918 ], [ -121.639977232775237, 38.273493525696374 ], [ -121.640336557345748, 38.273763020347985 ], [ -121.640336558756715, 38.274391840141298 ], [ -121.640606053603534, 38.274391840950415 ], [ -121.640336558481962, 38.274930829625227 ], [ -121.63889925306276, 38.275559650456621 ] ] ] } },
{ "type": "Feature", "properties": { "csb_id": "061825015524598", "acres": 38.354788750809497, "geoid": "06095" }, "geometry": { "type": "Polygon", "coordinates": [ [ [ -121.636114475832272, 38.272864705068876 ], [ -121.636114477021906, 38.270169758752544 ], [ -121.636743297481488, 38.270169758349724 ], [ -121.63701279171525, 38.269900264261437 ], [ -121.637012792128672, 38.269271443488506 ], [ -121.636743297888316, 38.269271444240637 ], [ -121.636743298383749, 38.268642623916058 ], [ -121.63943824398639, 38.268642623066818 ], [ -121.639528075060227, 38.269451106449523 ], [ -121.639977232956554, 38.269810432503839 ], [ -121.640606052756624, 38.269900263857558 ], [ -121.640606053346602, 38.270439253743106 ], [ -121.640336558728137, 38.270439253207982 ], [ -121.640336558333473, 38.27133756830434 ], [ -121.641234873447402, 38.271337568655873 ], [ -121.641234874383983, 38.271696894828963 ], [ -121.640965379601482, 38.271696894721359 ], [ -121.639977232956653, 38.272235883902866 ], [ -121.639977232712155, 38.272864704382997 ], [ -121.636114475832272, 38.272864705068876 ] ] ] } },
{ "type": "Feature", "properties": { "csb_id": "061825015524633", "acres": 2.7311738231381302, "geoid": "06095" }, "geometry": { "type": "Polygon", "coordinates": [ [ [ -121.654529939626499, 38.269271443376219 ], [ -121.653901119447482, 38.269271443793166 ], [ -121.653901119171181, 38.268373128420052 ], [ -121.655338423786063, 38.268373127816524 ], [ -121.65533842406964, 38.268642622315824 ], [ -121.655068929996332, 38.269001949075573 ], [ -121.654529939626499, 38.269271443376219 ] ] ] } },
{ "type": "Feature", "properties": { "csb_id": "061825015524655", "acres": 6.6729314308713503, "geoid": "06095" }, "geometry": { "type": "Polygon", "coordinates": [ [ [ -121.607009061904478, 38.271337568163894 ], [ -121.607009062085496, 38.268642623086286 ], [ -121.607278556169092, 38.268642623203441 ], [ -121.60727855594665, 38.268103633576146 ], [ -121.608176871958889, 38.268103633641346 ], [ -121.608176871720943, 38.268373128310053 ], [ -121.607548050836655, 38.268462959858624 ], [ -121.608266703256291, 38.268462959323855 ], [ -121.608536197570189, 38.268732454162986 ], [ -121.60853619755828, 38.269361274636651 ], [ -121.607997208452062, 38.269361274699023 ], [ -121.607997208667371, 38.269630769106904 ], [ -121.608266702662519, 38.269990095913549 ], [ -121.60736838794233, 38.270529084752184 ], [ -121.607098893395005, 38.270888411200936 ], [ -121.607009061904478, 38.271337568163894 ] ] ] } },
{ "type": "Feature", "properties": { "csb_id": "061825015524673", "acres": 2.4116048768992999, "geoid": "06095" }, "geometry": { "type": "Polygon", "coordinates": [ [ [ -121.655338424158018, 38.26747481311817 ], [ -121.655607918014951, 38.267205318054408 ], [ -121.656236739461022, 38.267295149882145 ], [ -121.656236739454101, 38.267744307454812 ], [ -121.656506233962745, 38.267744307137896 ], [ -121.656506234096653, 38.268373128364054 ], [ -121.655607918873415, 38.268373127987587 ], [ -121.655607918334752, 38.267744307567192 ], [ -121.655338424441595, 38.267744307634104 ], [ -121.655338424158018, 38.26747481311817 ] ] ] } },
{ "type": "Feature", "properties": { "csb_id": "061825015524675", "acres": 4.8522701248962399, "geoid": "06095" }, "geometry": { "type": "Polygon", "coordinates": [ [ [ -121.635216161166525, 38.268373128139579 ], [ -121.634587341160639, 38.268103633597384 ], [ -121.634048350360302, 38.268103633606913 ], [ -121.634048352030575, 38.267205317812639 ], [ -121.634587341305163, 38.267205318571939 ], [ -121.634587340695688, 38.266845992688793 ], [ -121.634946667077614, 38.266845991772193 ], [ -121.635485656612332, 38.267205318628129 ], [ -121.635485656271996, 38.267744307261708 ], [ -121.636114476286153, 38.26810363332136 ], [ -121.636383970999518, 38.268103633856782 ], [ -121.63611447690775, 38.268373128410531 ], [ -121.635216161166525, 38.268373128139579 ] ] ] } },
{ "type": "Feature", "properties": { "csb_id": "061825015524678", "acres": 20.996909885237599, "geoid": "06095" }, "geometry": { "type": "Polygon", "coordinates": [ [ [ -121.607009061904478, 38.271337568163894 ], [ -121.604673441777038, 38.271427400458073 ], [ -121.60458361053584, 38.271696894815591 ], [ -121.604583611033661, 38.270798579625897 ], [ -121.60476327288518, 38.270259590332401 ], [ -121.605212430648095, 38.269990095710121 ], [ -121.604583610963687, 38.269720601468158 ], [ -121.603954790138047, 38.268193465279602 ], [ -121.606110746143116, 38.268103633548272 ], [ -121.606110745939645, 38.267744307733082 ], [ -121.60575141977489, 38.267744307591386 ], [ -121.605751420508469, 38.26747481285355 ], [ -121.606649735464472, 38.267474812483115 ], [ -121.606739567284095, 38.268103633700974 ], [ -121.607278555881308, 38.268193464895411 ], [ -121.607278556169092, 38.268642623203441 ], [ -121.607009062085496, 38.268642623086286 ], [ -121.607009061904478, 38.271337568163894 ] ] ] } },
{ "type": "Feature", "properties": { "csb_id": "061825015524687", "acres": 4.0290621526635597, "geoid": "06095" }, "geometry": { "type": "Polygon", "coordinates": [ [ [ -121.63288054165892, 38.267923971051459 ], [ -121.633150036711598, 38.267744307888151 ], [ -121.633150035834575, 38.266576497409268 ], [ -121.632880542201676, 38.266576497228762 ], [ -121.633689025148371, 38.265947677109018 ], [ -121.633689026121004, 38.266307002923547 ], [ -121.634048351784074, 38.266307003297875 ], [ -121.634048350360302, 38.268103633606913 ], [ -121.63288054165892, 38.267923971051459 ] ] ] } },
{ "type": "Feature", "properties": { "csb_id": "061825015524690", "acres": 2.71183834686809, "geoid": "06095" }, "geometry": { "type": "Polygon", "coordinates": [ [ [ -121.653811287412424, 38.26837312812038 ], [ -121.653811287673022, 38.267744307115699 ], [ -121.654440108457919, 38.26783413953352 ], [ -121.655338424158018, 38.26747481311817 ], [ -121.655338423502457, 38.268103633312315 ], [ -121.65560791902125, 38.268103634105223 ], [ -121.655607918873415, 38.268373127987587 ], [ -121.653811287412424, 38.26837312812038 ] ], [ [ -121.654260445915838, 38.268193465002589 ], [ -121.654170614495243, 38.268103633414874 ], [ -121.654170614376724, 38.268193464965542 ], [ -121.654260445915838, 38.268193465002589 ] ] ] } },
{ "type": "Feature", "properties": { "csb_id": "061825015524691", "acres": 3.5060290989312102, "geoid": "06095" }, "geometry": { "type": "Polygon", "coordinates": [ [ [ -121.652014655978405, 38.268373128830213 ], [ -121.65201465720871, 38.267474813384631 ], [ -121.652373983438864, 38.267295150074041 ], [ -121.653631624797271, 38.267205318179997 ], [ -121.653541793094305, 38.267744308018436 ], [ -121.653272298207838, 38.267744307470309 ], [ -121.65327229910443, 38.26819346466155 ], [ -121.652014655978405, 38.268373128830213 ] ] ] } },
{ "type": "Feature", "properties": { "csb_id": "061825015524710", "acres": 4.3099377412820097, "geoid": "06095" }, "geometry": { "type": "Polygon", "coordinates": [ [ [ -121.656865560224517, 38.267834139209391 ], [ -121.656236739454101, 38.267744307454812 ], [ -121.656236739461022, 38.267295149882145 ], [ -121.655607918014951, 38.267205318054408 ], [ -121.655607918588359, 38.266576497345227 ], [ -121.656506233608226, 38.266666328914148 ], [ -121.656596065175592, 38.266396834957703 ], [ -121.657135054882517, 38.266307003137214 ], [ -121.657404548721587, 38.266845992300567 ], [ -121.657763875317755, 38.266845992204622 ], [ -121.657763875615245, 38.26720531832698 ], [ -121.657135054918925, 38.267205317891978 ], [ -121.657135054811647, 38.267474812980801 ], [ -121.656865560224517, 38.267834139209391 ] ] ] } },
{ "type": "Feature", "properties": { "csb_id": "061825015524717", "acres": 4.7263934081706003, "geoid": "06095" }, "geometry": { "type": "Polygon", "coordinates": [ [ [ -121.654170613857175, 38.267744307444531 ], [ -121.654170614568216, 38.267205318115508 ], [ -121.653272298528009, 38.267205318708925 ], [ -121.653272298638896, 38.266845992570175 ], [ -121.653541793566887, 38.266845992404505 ], [ -121.653541794004511, 38.266576498201587 ], [ -121.655428255204356, 38.266576497309458 ], [ -121.655607918955013, 38.266396834369267 ], [ -121.655607918014951, 38.267205318054408 ], [ -121.655338424158018, 38.26747481311817 ], [ -121.654170613857175, 38.267744307444531 ] ] ] } },
{ "type": "Feature", "properties": { "csb_id": "061825015524730", "acres": 7.8671754022259499, "geoid": "06095" }, "geometry": { "type": "Polygon", "coordinates": [ [ [ -121.606110746143116, 38.268103633548272 ], [ -121.603954790138047, 38.268193465279602 ], [ -121.603805304302696, 38.267983623934263 ], [ -121.603445978773109, 38.267354803586407 ], [ -121.603415801119326, 38.266576497927851 ], [ -121.604314115750242, 38.266576497543696 ], [ -121.604853104521268, 38.266845992130257 ], [ -121.604942936437553, 38.267205318193263 ], [ -121.606649736049377, 38.267205319845168 ], [ -121.606649735464472, 38.267474812483115 ], [ -121.605751420508469, 38.26747481285355 ], [ -121.60575141977489, 38.267744307591386 ], [ -121.606110745939645, 38.267744307733082 ], [ -121.606110746143116, 38.268103633548272 ] ] ] } },
{ "type": "Feature", "properties": { "csb_id": "061825015524748", "acres": 4.8523775221616097, "geoid": "06095" }, "geometry": { "type": "Polygon", "coordinates": [ [ [ -121.655428255204356, 38.266576497309458 ], [ -121.652733309505592, 38.266666329583771 ], [ -121.652643478570994, 38.266307003230068 ], [ -121.652912972774871, 38.265947676562298 ], [ -121.65327229753926, 38.266307003153258 ], [ -121.653002803792575, 38.265947677042689 ], [ -121.653362130568738, 38.265678181892255 ], [ -121.654170614358648, 38.265678182049463 ], [ -121.654170614003121, 38.265947676745114 ], [ -121.655068929173922, 38.265947676665149 ], [ -121.655338423655081, 38.266037508423395 ], [ -121.655607918955013, 38.266396834369267 ], [ -121.655428255204356, 38.266576497309458 ] ] ] } },
{ "type": "Feature", "properties": { "csb_id": "061825015524760", "acres": 3.0315204263544402, "geoid": "06095" }, "geometry": { "type": "Polygon", "coordinates": [ [ [ -121.656506233608226, 38.266666328914148 ], [ -121.655607918588359, 38.266576497345227 ], [ -121.655338423655081, 38.266037508423395 ], [ -121.655607918049725, 38.265947676846572 ], [ -121.655607917889839, 38.265678182059041 ], [ -121.656506233766436, 38.265678182651925 ], [ -121.656506233884798, 38.265947678153239 ], [ -121.656865560240973, 38.265768013454633 ], [ -121.657135054016052, 38.265947676846416 ], [ -121.657135054882517, 38.266307003137214 ], [ -121.656596065175592, 38.266396834957703 ], [ -121.656506233608226, 38.266666328914148 ] ] ] } },
{ "type": "Feature", "properties": { "csb_id": "061825015524776", "acres": 3.4480301592726699, "geoid": "06095" }, "geometry": { "type": "Polygon", "coordinates": [ [ [ -121.639707738296153, 38.26639683519749 ], [ -121.639977232751164, 38.265408688989844 ], [ -121.639707737558624, 38.265408687441152 ], [ -121.639797569209492, 38.26415104624364 ], [ -121.63979756987564, 38.264420540582833 ], [ -121.640516221843043, 38.264420541209688 ], [ -121.640516221825649, 38.266037508601087 ], [ -121.639977232853809, 38.266396834879856 ], [ -121.639977232625085, 38.266576497982868 ], [ -121.639707738296153, 38.26639683519749 ] ] ] } },
{ "type": "Feature", "properties": { "csb_id": "061825015524777", "acres": 3.7095306178343601, "geoid": "06095" }, "geometry": { "type": "Polygon", "coordinates": [ [ [ -121.61994480183921, 38.266037508462929 ], [ -121.617160024662184, 38.265498519465901 ], [ -121.61716002449873, 38.265049362942051 ], [ -121.618507497010711, 38.265139192870443 ], [ -121.61850749742635, 38.26549852054594 ], [ -121.619854969736622, 38.265498518982611 ], [ -121.61994480183921, 38.266037508462929 ] ] ] } },
{ "type": "Feature", "properties": { "csb_id": "061825015524790", "acres": 3.3221151427175499, "geoid": "06095" }, "geometry": { "type": "Polygon", "coordinates": [ [ [ -121.657404548726731, 38.265947676809475 ], [ -121.655607919149688, 38.265408687888375 ], [ -121.655607918463247, 38.26504936128304 ], [ -121.6571350550917, 38.265049361775048 ], [ -121.657224886019975, 38.264779867474594 ], [ -121.657404549270524, 38.264779866749763 ], [ -121.657494381086053, 38.265408687590451 ], [ -121.657763875239795, 38.265408687387541 ], [ -121.657763874906877, 38.265678182126059 ], [ -121.657404548726731, 38.265947676809475 ] ] ] } },
{ "type": "Feature", "properties": { "csb_id": "061825015524800", "acres": 4.0969581857520598, "geoid": "06095" }, "geometry": { "type": "Polygon", "coordinates": [ [ [ -121.654170614003121, 38.265947676745114 ], [ -121.654170614358648, 38.265678182049463 ], [ -121.653362130568738, 38.265678181892255 ], [ -121.653362130558392, 38.265498519234896 ], [ -121.653541793719782, 38.265498518997546 ], [ -121.653362130553191, 38.265408687905357 ], [ -121.653272299199415, 38.26477986688321 ], [ -121.653811288225782, 38.264869698976597 ], [ -121.653901119269577, 38.264600204084459 ], [ -121.654260445458831, 38.264600203637208 ], [ -121.654709603022496, 38.264779867096387 ], [ -121.654709603161521, 38.265408687938418 ], [ -121.655158761227497, 38.265498519130766 ], [ -121.655068929173922, 38.265947676665149 ], [ -121.654170614003121, 38.265947676745114 ] ] ] } },
{ "type": "Feature", "properties": { "csb_id": "061825015524801", "acres": 3.7579900076811601, "geoid": "06095" }, "geometry": { "type": "Polygon", "coordinates": [ [ [ -121.649948531483602, 38.265678182641345 ], [ -121.649589204688866, 38.265408687710817 ], [ -121.649409542291437, 38.264869698408887 ], [ -121.649948531597005, 38.264600204379093 ], [ -121.649948530548855, 38.26477986734011 ], [ -121.650218027173807, 38.264779866924222 ], [ -121.650307857716271, 38.263971383214603 ], [ -121.650846847378745, 38.263971383417797 ], [ -121.650936678816251, 38.265049361559676 ], [ -121.650307858944288, 38.265678182571826 ], [ -121.649948531483602, 38.265678182641345 ] ] ] } },
{ "type": "Feature", "properties": { "csb_id": "061825015524805", "acres": 17.280028849921099, "geoid": "06095" }, "geometry": { "type": "Polygon", "coordinates": [ [ [ -121.603056474081086, 38.266486665727655 ], [ -121.603056474060523, 38.265678182680411 ], [ -121.602492746148741, 38.264993721063732 ], [ -121.606649736004655, 38.265049361983046 ], [ -121.606649735229482, 38.265678182109554 ], [ -121.606110746255197, 38.265678182416679 ], [ -121.606200577939205, 38.266307002681899 ], [ -121.606380240499348, 38.266576497609613 ], [ -121.607009062034678, 38.266576497210941 ], [ -121.607278555985431, 38.267205318632698 ], [ -121.607548050973094, 38.267205318691396 ], [ -121.607548050653321, 38.267474812901796 ], [ -121.606649735464472, 38.267474812483115 ], [ -121.606649736049377, 38.267205319845168 ], [ -121.604942936437553, 38.267205318193263 ], [ -121.604853104521268, 38.266845992130257 ], [ -121.604314115750242, 38.266576497543696 ], [ -121.603056474081086, 38.266486665727655 ] ] ] } },
{ "type": "Feature", "properties": { "csb_id": "061825015524816", "acres": 6.8186490349239302, "geoid": "06095" }, "geometry": { "type": "Polygon", "coordinates": [ [ [ -121.655158761227497, 38.265498519130766 ], [ -121.655068929196588, 38.265049361669391 ], [ -121.654709603531657, 38.265049362046881 ], [ -121.654709603191165, 38.264151047086621 ], [ -121.655068929924013, 38.263881552033766 ], [ -121.655967244965652, 38.26388155204527 ], [ -121.656506233995685, 38.264151046126251 ], [ -121.657404549044728, 38.264151046518315 ], [ -121.657404548888323, 38.264600203897324 ], [ -121.6571350550917, 38.265049361775048 ], [ -121.656236739495768, 38.265049361808877 ], [ -121.655967244993334, 38.264779866676285 ], [ -121.655607918463247, 38.26504936128304 ], [ -121.655607919149688, 38.265408687888375 ], [ -121.655158761227497, 38.265498519130766 ] ] ] } },
{ "type": "Feature", "properties": { "csb_id": "061825015524823", "acres": 18.479756626607202, "geoid": "06095" }, "geometry": { "type": "Polygon", "coordinates": [ [ [ -121.633150035787196, 38.267834138745933 ], [ -121.631083910991293, 38.267744307664195 ], [ -121.630724585130082, 38.265947677080256 ], [ -121.630724584752087, 38.264779867183279 ], [ -121.631622900597947, 38.263881552868511 ], [ -121.63225172138651, 38.263881552763934 ], [ -121.632251721494313, 38.264151045939244 ], [ -121.632790710490383, 38.264151046145344 ], [ -121.632790709769765, 38.264779866888226 ], [ -121.633419530885945, 38.264779867010056 ], [ -121.633689025385323, 38.265139193243542 ], [ -121.632790710636456, 38.265678182707511 ], [ -121.632521216159134, 38.266307002652603 ], [ -121.632251720793164, 38.266307003526343 ], [ -121.632251721328188, 38.266935823845849 ], [ -121.632611047109265, 38.266935823500511 ], [ -121.632880542201676, 38.266576497228762 ], [ -121.633150035834575, 38.266576497409268 ], [ -121.633150035787196, 38.267834138745933 ] ] ] } },
{ "type": "Feature", "properties": { "csb_id": "061825015524824", "acres": 6.3148656886810004, "geoid": "06095" }, "geometry": { "type": "Polygon", "coordinates": [ [ [ -121.627400818595348, 38.267205318774785 ], [ -121.627400818109436, 38.266845992046093 ], [ -121.628029639781147, 38.26684599193333 ], [ -121.628029639121706, 38.265678182067532 ], [ -121.628299134170561, 38.2656781826214 ], [ -121.628299133860807, 38.265049362023341 ], [ -121.628568628827722, 38.265049361510897 ], [ -121.628568628457074, 38.264779866667773 ], [ -121.628927954581584, 38.264779867358385 ], [ -121.628927954096994, 38.265408687436953 ], [ -121.629197448772288, 38.265408687740951 ], [ -121.629197449320131, 38.265049361645538 ], [ -121.629826269622683, 38.265049361380427 ], [ -121.629826269925502, 38.265408687951215 ], [ -121.629466943447625, 38.265408687453991 ], [ -121.629197448917452, 38.265678182187671 ], [ -121.629197448967403, 38.266576497992027 ], [ -121.628927953921888, 38.266845992022084 ], [ -121.628568628625473, 38.266845991771923 ], [ -121.62856862860427, 38.267295150221472 ], [ -121.627400818595348, 38.267205318774785 ] ] ] } },
{ "type": "Feature", "properties": { "csb_id": "061825015524838", "acres": 7.7484919804181196, "geoid": "06095" }, "geometry": { "type": "Polygon", "coordinates": [ [ [ -121.640965380063378, 38.265408688130705 ], [ -121.640695885358483, 38.265139193476976 ], [ -121.640785715943338, 38.264420541369901 ], [ -121.641234873124077, 38.264420542409411 ], [ -121.64150436875255, 38.263881551798477 ], [ -121.642133189485691, 38.263701888768935 ], [ -121.642133189478827, 38.263252730999589 ], [ -121.642762010193849, 38.263342562873071 ], [ -121.642762009486262, 38.263522225721474 ], [ -121.643390830696234, 38.26352222526679 ], [ -121.643390831252376, 38.264779867191656 ], [ -121.641863694557401, 38.264779867458884 ], [ -121.641594200635026, 38.264869698525722 ], [ -121.64123487475895, 38.265408688879361 ], [ -121.640965380063378, 38.265408688130705 ] ] ] } },
{ "type": "Feature", "properties": { "csb_id": "061825015524852", "acres": 2.7894822121857898, "geoid": "06095" }, "geometry": { "type": "Polygon", "coordinates": [ [ [ -121.640785715943338, 38.264420541369901 ], [ -121.640785716534481, 38.262983236851987 ], [ -121.642133188912354, 38.263342562305731 ], [ -121.642133189485691, 38.263701888768935 ], [ -121.64150436875255, 38.263881551798477 ], [ -121.641234873124077, 38.264420542409411 ], [ -121.640785715943338, 38.264420541369901 ] ] ] } },
{ "type": "Feature", "properties": { "csb_id": "061825015524870", "acres": 3.1768698399686999, "geoid": "06095" }, "geometry": { "type": "Polygon", "coordinates": [ [ [ -121.626233008813983, 38.26352222579866 ], [ -121.626771997935435, 38.263522225469785 ], [ -121.626771998332401, 38.26415104610038 ], [ -121.627131323986134, 38.264151045933481 ], [ -121.627400818418991, 38.264420541410594 ], [ -121.627400818021627, 38.265049361470119 ], [ -121.627670313793288, 38.265049361829846 ], [ -121.628029639615633, 38.265408687473943 ], [ -121.627131323949712, 38.265408687677628 ], [ -121.626502503756129, 38.264779867191201 ], [ -121.626502503360356, 38.263881551909897 ], [ -121.626233009149985, 38.263881551422365 ], [ -121.626233008813983, 38.26352222579866 ] ] ] } },
{ "type": "Feature", "properties": { "csb_id": "061825015524881", "acres": 4.0680226614453696, "geoid": "06095" }, "geometry": { "type": "Polygon", "coordinates": [ [ [ -121.644199313016784, 38.26325273184024 ], [ -121.643390830696234, 38.26352222526679 ], [ -121.642762009486262, 38.263522225721474 ], [ -121.642762010193849, 38.263342562873071 ], [ -121.642133189478827, 38.263252730999589 ], [ -121.642133188073274, 38.262623910212049 ], [ -121.642402682990195, 38.262623910796869 ], [ -121.642402683393726, 38.262354416003063 ], [ -121.642762009578277, 38.262354416278342 ], [ -121.64276200938049, 38.262623911309923 ], [ -121.644289145846955, 38.26262391071198 ], [ -121.644199313016784, 38.26325273184024 ] ] ] } },
{ "type": "Feature", "properties": { "csb_id": "061825015524882", "acres": 15.099630062034599, "geoid": "06095" }, "geometry": { "type": "Polygon", "coordinates": [ [ [ -121.627400818595348, 38.267205318774785 ], [ -121.624705872393804, 38.266756160825146 ], [ -121.624705872718252, 38.266576497354798 ], [ -121.62533469334106, 38.266576497802717 ], [ -121.62560418799066, 38.26630700322886 ], [ -121.62560418785263, 38.265049361632869 ], [ -121.625873682087359, 38.265049361632514 ], [ -121.625873682399842, 38.263881552255704 ], [ -121.625604187384752, 38.263881551486946 ], [ -121.625604188458951, 38.262983236330349 ], [ -121.626233009181078, 38.262623910053243 ], [ -121.626502503534994, 38.262623910450031 ], [ -121.62650250393078, 38.263522225810853 ], [ -121.626233008813983, 38.26352222579866 ], [ -121.626233009149985, 38.263881551422365 ], [ -121.626502503360356, 38.263881551909897 ], [ -121.626502503756129, 38.264779867191201 ], [ -121.627131323949712, 38.265408687677628 ], [ -121.628299133676123, 38.265408688027804 ], [ -121.628299134170561, 38.2656781826214 ], [ -121.628029639121706, 38.265678182067532 ], [ -121.628029639781147, 38.26684599193333 ], [ -121.627400818109436, 38.266845992046093 ], [ -121.627400818595348, 38.267205318774785 ] ] ] } },
{ "type": "Feature", "properties": { "csb_id": "061825015524889", "acres": 28.5239782368931, "geoid": "06095" }, "geometry": { "type": "Polygon", "coordinates": [ [ [ -121.631083910991293, 38.267744307664195 ], [ -121.62856862860427, 38.267295150221472 ], [ -121.628568628625473, 38.266845991771923 ], [ -121.628927953921888, 38.266845992022084 ], [ -121.629197448967403, 38.266576497992027 ], [ -121.629197448917452, 38.265678182187671 ], [ -121.629466943447625, 38.265408687453991 ], [ -121.629826269925502, 38.265408687951215 ], [ -121.629826269622683, 38.265049361380427 ], [ -121.629197449320131, 38.265049361645538 ], [ -121.629197448772288, 38.265408687740951 ], [ -121.628927954096994, 38.265408687436953 ], [ -121.628927954581584, 38.264779867358385 ], [ -121.628568628457074, 38.264779866667773 ], [ -121.628927954935946, 38.263522225398276 ], [ -121.630095764609678, 38.263522225421269 ], [ -121.630095764816701, 38.262623910724948 ], [ -121.630724585353846, 38.262354415826344 ], [ -121.631892394660341, 38.262354416178589 ], [ -121.631892394869908, 38.262623910005082 ], [ -121.633150036405851, 38.262623910336202 ], [ -121.633150035246402, 38.263881552257928 ], [ -121.632790710490383, 38.264151046145344 ], [ -121.632521215436313, 38.264151046456611 ], [ -121.632251721494313, 38.264151045939244 ], [ -121.63225172138651, 38.263881552763934 ], [ -121.631622900597947, 38.263881552868511 ], [ -121.630724584752087, 38.264779867183279 ], [ -121.630724585130082, 38.265947677080256 ], [ -121.631083910991293, 38.267744307664195 ] ] ] } },
{ "type": "Feature", "properties": { "csb_id": "061825015524899", "acres": 6.2348561824890298, "geoid": "06095" }, "geometry": { "type": "Polygon", "coordinates": [ [ [ -121.60188866476301, 38.262623911048266 ], [ -121.602876811773299, 38.262713741559743 ], [ -121.602876811850109, 38.263073067853895 ], [ -121.603146305440006, 38.26334256262308 ], [ -121.60341580079411, 38.263342562160531 ], [ -121.603505631609465, 38.264151046320855 ], [ -121.603954789479474, 38.264151046114101 ], [ -121.603954789729258, 38.264779866690276 ], [ -121.602592315105653, 38.264748109932135 ], [ -121.60188866476301, 38.262623911048266 ] ] ] } },
{ "type": "Feature", "properties": { "csb_id": "061825015524916", "acres": 3.8453096035312901, "geoid": "06095" }, "geometry": { "type": "Polygon", "coordinates": [ [ [ -121.613656595020132, 38.262354416380532 ], [ -121.613926089818278, 38.261725595832473 ], [ -121.614824404510657, 38.261276438398944 ], [ -121.615363393739543, 38.261186606672375 ], [ -121.615363393965339, 38.262084920833544 ], [ -121.615093898764201, 38.262084921605521 ], [ -121.614914235055622, 38.262623911057055 ], [ -121.613656595020132, 38.262354416380532 ] ] ] } },
{ "type": "Feature", "properties": { "csb_id": "061825015524924", "acres": 4.6008152830178997, "geoid": "06095" }, "geometry": { "type": "Polygon", "coordinates": [ [ [ -121.64276200938049, 38.262623911309923 ], [ -121.64276200977163, 38.261725594883785 ], [ -121.64330099869504, 38.261725595193013 ], [ -121.643660325241143, 38.261186606233665 ], [ -121.644019650909328, 38.261276437115065 ], [ -121.644199313983222, 38.261456100712479 ], [ -121.644199313993241, 38.261725594992782 ], [ -121.644558640060453, 38.261725594936642 ], [ -121.644558640666375, 38.262354415745598 ], [ -121.644289146311962, 38.262354415351069 ], [ -121.644289145846955, 38.26262391071198 ], [ -121.64276200938049, 38.262623911309923 ] ] ] } },
{ "type": "Feature", "properties": { "csb_id": "061825015524925", "acres": 4.4458360110734096, "geoid": "06095" }, "geometry": { "type": "Polygon", "coordinates": [ [ [ -121.642402682990195, 38.262623910796869 ], [ -121.641234874240098, 38.262354415518679 ], [ -121.640965379124452, 38.262084921818477 ], [ -121.640965379813281, 38.261725596265556 ], [ -121.641234873472314, 38.261456100538538 ], [ -121.642133187276002, 38.261545933292751 ], [ -121.642133186702679, 38.261186606774821 ], [ -121.642762009670278, 38.261186606738683 ], [ -121.642762009578277, 38.262354416278342 ], [ -121.642402683393726, 38.262354416003063 ], [ -121.642402682990195, 38.262623910796869 ] ] ] } },
{ "type": "Feature", "properties": { "csb_id": "061825015524926", "acres": 33.561124526628099, "geoid": "06095" }, "geometry": { "type": "Polygon", "coordinates": [ [ [ -121.637282286406787, 38.264779866924684 ], [ -121.636833128921481, 38.264779866771832 ], [ -121.636833128889975, 38.264240877844706 ], [ -121.636204308460748, 38.264240877514524 ], [ -121.635844980653061, 38.263881552179818 ], [ -121.635844981985954, 38.263522225408842 ], [ -121.636383971904166, 38.26352222533496 ], [ -121.636383971406545, 38.263342562376046 ], [ -121.636114477348272, 38.26307306826579 ], [ -121.635575487571828, 38.262983236507964 ], [ -121.635485656160213, 38.262713742277981 ], [ -121.636114476887983, 38.262623910108992 ], [ -121.636114477371862, 38.262084921191182 ], [ -121.636383971259605, 38.262084920886494 ], [ -121.636473801326062, 38.261725595270207 ], [ -121.637282286748558, 38.261725595050009 ], [ -121.637282286907435, 38.261456100604242 ], [ -121.639078917827845, 38.26145610053932 ], [ -121.639078917278013, 38.261725595551916 ], [ -121.639707737902526, 38.26172559504321 ], [ -121.639707738351419, 38.262084920889137 ], [ -121.640336558832658, 38.262084921553793 ], [ -121.640336558943801, 38.262354415547904 ], [ -121.640606053558784, 38.262354415297359 ], [ -121.640606052827451, 38.26298323653625 ], [ -121.640336558549166, 38.263252731148164 ], [ -121.640426390616696, 38.263522225626659 ], [ -121.640606053109835, 38.263522225820779 ], [ -121.640606053477995, 38.264420540962817 ], [ -121.63979756987564, 38.264420540582833 ], [ -121.639707738211555, 38.264151046759444 ], [ -121.639707738333996, 38.265139192882778 ], [ -121.637282286247924, 38.265049361307334 ], [ -121.637282286406787, 38.264779866924684 ] ] ] } },
{ "type": "Feature", "properties": { "csb_id": "061825015524927", "acres": 5.8792218994324701, "geoid": "06095" }, "geometry": { "type": "Polygon", "coordinates": [ [ [ -121.627400818021627, 38.265049361470119 ], [ -121.627400818418991, 38.264420541410594 ], [ -121.627131323986134, 38.264151045933481 ], [ -121.626771998332401, 38.26415104610038 ], [ -121.626771997935435, 38.263522225469785 ], [ -121.62650250393078, 38.263522225810853 ], [ -121.626502503534994, 38.262623910450031 ], [ -121.627400818331196, 38.26262391052947 ], [ -121.627400818599682, 38.262354415493469 ], [ -121.627670312887389, 38.262354415909279 ], [ -121.627670313684021, 38.26298323629787 ], [ -121.628029639346565, 38.26388155169483 ], [ -121.628029639387805, 38.264779867339399 ], [ -121.627670313073409, 38.264779866839859 ], [ -121.627670313793288, 38.265049361829846 ], [ -121.627400818021627, 38.265049361470119 ] ] ] } },
{ "type": "Feature", "properties": { "csb_id": "061825015524937", "acres": 2.1890153507929999, "geoid": "06095" }, "geometry": { "type": "Polygon", "coordinates": [ [ [ -121.630724584485989, 38.261815426382263 ], [ -121.632251720975546, 38.261725595047281 ], [ -121.63252121555206, 38.262084921212676 ], [ -121.631892394660341, 38.262354416178589 ], [ -121.630994079569206, 38.26235441544857 ], [ -121.630724584485989, 38.261815426382263 ] ] ] } },
{ "type": "Feature", "properties": { "csb_id": "061825015524947", "acres": 19.119812140067999, "geoid": "06095" }, "geometry": { "type": "Polygon", "coordinates": [ [ [ -121.628029639615633, 38.265408687473943 ], [ -121.627670313793288, 38.265049361829846 ], [ -121.627670313073409, 38.264779866839859 ], [ -121.628029639387805, 38.264779867339399 ], [ -121.628029639346565, 38.26388155169483 ], [ -121.627670313684021, 38.26298323629787 ], [ -121.627670312887389, 38.262354415909279 ], [ -121.627400818599682, 38.262354415493469 ], [ -121.627400818331196, 38.26262391052947 ], [ -121.626502503534994, 38.262623910450031 ], [ -121.626771998192737, 38.261456100407067 ], [ -121.627131323163866, 38.261186606482511 ], [ -121.628029638725465, 38.2611866063774 ], [ -121.628029638231538, 38.261456101051145 ], [ -121.629197448930583, 38.261456100521507 ], [ -121.629466943706419, 38.261725595581275 ], [ -121.630724584485989, 38.261815426382263 ], [ -121.630994079569206, 38.26235441544857 ], [ -121.630095764816701, 38.262623910724948 ], [ -121.630095764609678, 38.263522225421269 ], [ -121.628927954935946, 38.263522225398276 ], [ -121.628927954489825, 38.263881552154338 ], [ -121.628568628743452, 38.264420541269679 ], [ -121.628568628827722, 38.265049361510897 ], [ -121.628299133860807, 38.265049362023341 ], [ -121.628299133676123, 38.265408688027804 ], [ -121.628029639615633, 38.265408687473943 ] ] ] } },
{ "type": "Feature", "properties": { "csb_id": "061825015524948", "acres": 41.709941394546398, "geoid": "06095" }, "geometry": { "type": "Polygon", "coordinates": [ [ [ -121.62533469334106, 38.266576497802717 ], [ -121.623298744798049, 38.266546319882266 ], [ -121.622909241154389, 38.26630700348754 ], [ -121.622909242457624, 38.265768013947238 ], [ -121.623178736827668, 38.265678182140853 ], [ -121.623178737200689, 38.265408687672561 ], [ -121.622909242609978, 38.265049361225536 ], [ -121.622639747190334, 38.265049361458296 ], [ -121.622639747262085, 38.264151046003306 ], [ -121.623178736882878, 38.264151046576231 ], [ -121.62317873725587, 38.263881552079127 ], [ -121.623807555830254, 38.26388155214751 ], [ -121.623807557375883, 38.262084921111615 ], [ -121.624077052997009, 38.26154593303032 ], [ -121.623807557153313, 38.261545932180674 ], [ -121.623807557227238, 38.260827280161422 ], [ -121.62560418717095, 38.260827279622468 ], [ -121.625873681609718, 38.26055778523024 ], [ -121.625873681610898, 38.260288290483146 ], [ -121.628927954122886, 38.260288290768734 ], [ -121.628927953856063, 38.260827280474025 ], [ -121.628568628861615, 38.261186605398372 ], [ -121.627131323163866, 38.261186606482511 ], [ -121.626771998192737, 38.261456100407067 ], [ -121.626502503534994, 38.262623910450031 ], [ -121.626233009181078, 38.262623910053243 ], [ -121.625604188458951, 38.262983236330349 ], [ -121.625604187384752, 38.263881551486946 ], [ -121.625873682399842, 38.263881552255704 ], [ -121.625873682087359, 38.265049361632514 ], [ -121.62560418785263, 38.265049361632869 ], [ -121.62560418799066, 38.26630700322886 ], [ -121.62533469334106, 38.266576497802717 ] ], [ [ -121.623897389020726, 38.265678182554851 ], [ -121.623897388982385, 38.265408687611291 ], [ -121.62380755710727, 38.265408688397557 ], [ -121.623807557928302, 38.265678183103489 ], [ -121.624077051847777, 38.26576801405399 ], [ -121.623897389020726, 38.265678182554851 ] ] ] } },
{ "type": "Feature", "properties": { "csb_id": "061825015524959", "acres": 4.3005965599157197, "geoid": "06095" }, "geometry": { "type": "Polygon", "coordinates": [ [ [ -121.639438243677091, 38.261725594659381 ], [ -121.639707738341187, 38.261186606019344 ], [ -121.639977232498467, 38.259928964426159 ], [ -121.640606052749291, 38.259928964444377 ], [ -121.640606053571318, 38.262084921065437 ], [ -121.639707738351419, 38.262084920889137 ], [ -121.639707737902526, 38.26172559504321 ], [ -121.639438243677091, 38.261725594659381 ] ] ] } },
{ "type": "Feature", "properties": { "csb_id": "061825015524974", "acres": 2.9058068091670699, "geoid": "06095" }, "geometry": { "type": "Polygon", "coordinates": [ [ [ -121.630994080284538, 38.261725595108885 ], [ -121.630994079971614, 38.261186606025269 ], [ -121.631353406364411, 38.261186605993473 ], [ -121.631353405881541, 38.260827279609238 ], [ -121.632521216284729, 38.260647616739753 ], [ -121.632521215755659, 38.261186605641548 ], [ -121.632251720949697, 38.261186605781624 ], [ -121.632251720975546, 38.261725595047281 ], [ -121.630994080284538, 38.261725595108885 ] ] ] } },
{ "type": "Feature", "properties": { "csb_id": "061825015524994", "acres": 7.6714126448744002, "geoid": "06095" }, "geometry": { "type": "Polygon", "coordinates": [ [ [ -121.641863694465115, 38.260827279785303 ], [ -121.640785716309068, 38.260827280039365 ], [ -121.640785715968747, 38.259928964193158 ], [ -121.642402683996806, 38.259928964200256 ], [ -121.642402683595876, 38.259659470452519 ], [ -121.642762009450266, 38.259659469831497 ], [ -121.642762010157796, 38.259479806933733 ], [ -121.643031503943632, 38.259389975248148 ], [ -121.643390830639248, 38.260018795861029 ], [ -121.643660325324419, 38.260018796322761 ], [ -121.643929819472646, 38.26055778542618 ], [ -121.643031504798273, 38.260557785650661 ], [ -121.643031504071828, 38.26118660585324 ], [ -121.641863694832708, 38.261186606074602 ], [ -121.641863694465115, 38.260827279785303 ] ] ] } },
{ "type": "Feature", "properties": { "csb_id": "061825015525011", "acres": 2.7799193255378301, "geoid": "06095" }, "geometry": { "type": "Polygon", "coordinates": [ [ [ -121.624705872945157, 38.260827280238807 ], [ -121.624705873113655, 38.260288290693644 ], [ -121.624975367893896, 38.259659470287403 ], [ -121.625604188122495, 38.259659469749927 ], [ -121.625873681609718, 38.26055778523024 ], [ -121.62560418717095, 38.260827279622468 ], [ -121.624705872945157, 38.260827280238807 ] ] ] } },
{ "type": "Feature", "properties": { "csb_id": "061825015525034", "acres": 2.3440596874667601, "geoid": "06095" }, "geometry": { "type": "Polygon", "coordinates": [ [ [ -121.627670311973503, 38.260288291081459 ], [ -121.626502502084648, 38.260288291074914 ], [ -121.626502503993748, 38.259659470272119 ], [ -121.626771998099613, 38.259659469658658 ], [ -121.626771997337954, 38.259389975278886 ], [ -121.627670312988499, 38.259389975864146 ], [ -121.627670311973503, 38.260288291081459 ] ] ] } },
{ "type": "Feature", "properties": { "csb_id": "061825015525035", "acres": 4.1941537089851897, "geoid": "06095" }, "geometry": { "type": "Polygon", "coordinates": [ [ [ -121.625604188122495, 38.259659469749927 ], [ -121.625604187962011, 38.258491660017405 ], [ -121.626771997291414, 38.258491659800811 ], [ -121.626771998010014, 38.259030649687482 ], [ -121.626502503371356, 38.259030649056427 ], [ -121.626502502800946, 38.259389975270125 ], [ -121.626771997337954, 38.259389975278886 ], [ -121.626771998099613, 38.259659469658658 ], [ -121.626502503993748, 38.259659470272119 ], [ -121.626502502084648, 38.260288291074914 ], [ -121.625873681610898, 38.260288290483146 ], [ -121.625604188122495, 38.259659469749927 ] ] ] } },
{ "type": "Feature", "properties": { "csb_id": "061825015525054", "acres": 8.3881610707772598, "geoid": "06095" }, "geometry": { "type": "Polygon", "coordinates": [ [ [ -121.636383969152348, 38.261725595167626 ], [ -121.63557548736128, 38.261545932515851 ], [ -121.635575487922836, 38.261815426393241 ], [ -121.634587341031988, 38.261725595482105 ], [ -121.634317846554737, 38.261186606223575 ], [ -121.635216161538921, 38.261186605547614 ], [ -121.635216161498363, 38.260827279659175 ], [ -121.634946666970038, 38.260827279451796 ], [ -121.634946666507958, 38.260288290647452 ], [ -121.635485656367024, 38.260288290380188 ], [ -121.635485656214811, 38.259030649128661 ], [ -121.636114477274717, 38.25903064902252 ], [ -121.636114476952159, 38.259389975048194 ], [ -121.636743297561054, 38.259389975255282 ], [ -121.636743296933702, 38.259928964367617 ], [ -121.636383971156249, 38.259928964680064 ], [ -121.636383971259605, 38.262084920886494 ], [ -121.636383969152348, 38.261725595167626 ] ] ] } },
{ "type": "Feature", "properties": { "csb_id": "061825015525055", "acres": 17.638452585094701, "geoid": "06095" }, "geometry": { "type": "Polygon", "coordinates": [ [ [ -121.630994080284538, 38.261725595108885 ], [ -121.629466943706419, 38.261725595581275 ], [ -121.629197448930583, 38.261456100521507 ], [ -121.628029638231538, 38.261456101051145 ], [ -121.628029638725465, 38.2611866063774 ], [ -121.628568628861615, 38.261186605398372 ], [ -121.628927953856063, 38.260827280474025 ], [ -121.628927954122886, 38.260288290768734 ], [ -121.627670311973503, 38.260288291081459 ], [ -121.627670313400955, 38.259659470097027 ], [ -121.629197449445499, 38.259659469927605 ], [ -121.629197448736107, 38.259030649355346 ], [ -121.629826270236507, 38.25876115476126 ], [ -121.630724584772977, 38.25876115475652 ], [ -121.630724585395143, 38.25938997537591 ], [ -121.631353405676919, 38.259389975462469 ], [ -121.631353406364411, 38.261186605993473 ], [ -121.630994079971614, 38.261186606025269 ], [ -121.630994080284538, 38.261725595108885 ] ] ] } },
{ "type": "Feature", "properties": { "csb_id": "061825015525067", "acres": 3.7970485573680701, "geoid": "06095" }, "geometry": { "type": "Polygon", "coordinates": [ [ [ -121.642762010359576, 38.258581493123714 ], [ -121.643031504411184, 38.258581491195564 ], [ -121.643031504605929, 38.257862839534944 ], [ -121.643300998056802, 38.25786283935772 ], [ -121.643390830672885, 38.258581491224206 ], [ -121.643750156726426, 38.258761154447129 ], [ -121.644828135662607, 38.258761154865475 ], [ -121.644828134931032, 38.259389975661065 ], [ -121.643031503943632, 38.259389975248148 ], [ -121.642762010359576, 38.258581493123714 ] ] ] } },
{ "type": "Feature", "properties": { "csb_id": "061825015525069", "acres": 23.159627557417799, "geoid": "06095" }, "geometry": { "type": "Polygon", "coordinates": [ [ [ -121.639078917278013, 38.261725595551916 ], [ -121.639078917827845, 38.26145610053932 ], [ -121.638809422674186, 38.261456100112184 ], [ -121.637282286907435, 38.261456100604242 ], [ -121.637282286748558, 38.261725595050009 ], [ -121.636473801326062, 38.261725595270207 ], [ -121.636383971156249, 38.259928964680064 ], [ -121.636743296933702, 38.259928964367617 ], [ -121.636743297957125, 38.259659470125079 ], [ -121.637012791964281, 38.259659470216754 ], [ -121.637012792377647, 38.259030648992294 ], [ -121.637282286610301, 38.259030648877342 ], [ -121.637282285971409, 38.259659469717462 ], [ -121.637641612773095, 38.259659469980306 ], [ -121.637641612726256, 38.259389975257086 ], [ -121.63853992670785, 38.259389975425151 ], [ -121.638539928016513, 38.258132333711693 ], [ -121.639977232869001, 38.258132333785518 ], [ -121.639977232624545, 38.258761154884617 ], [ -121.640606053505735, 38.258761154482386 ], [ -121.64060605388643, 38.259389975644432 ], [ -121.640336559212074, 38.25938997545552 ], [ -121.640336558629841, 38.259928964639727 ], [ -121.639977232498467, 38.259928964426159 ], [ -121.639707738341187, 38.261186606019344 ], [ -121.639438243677091, 38.261725594659381 ], [ -121.639078917278013, 38.261725595551916 ] ] ] } },
{ "type": "Feature", "properties": { "csb_id": "061825015525070", "acres": 6.1991375545222898, "geoid": "06095" }, "geometry": { "type": "Polygon", "coordinates": [ [ [ -121.633689026114894, 38.261186606944733 ], [ -121.633689026309824, 38.260288291043132 ], [ -121.634317846349987, 38.260288290615328 ], [ -121.634317846145294, 38.259389974949457 ], [ -121.634946666873262, 38.259030648480426 ], [ -121.635485656214811, 38.259030649128661 ], [ -121.635485656367024, 38.260288290380188 ], [ -121.634946666507958, 38.260288290647452 ], [ -121.634946666970038, 38.260827279451796 ], [ -121.635216161498363, 38.260827279659175 ], [ -121.635216161538921, 38.261186605547614 ], [ -121.633689026114894, 38.261186606944733 ] ] ] } },
{ "type": "Feature", "properties": { "csb_id": "061825015525071", "acres": 26.327270572813099, "geoid": "06095" }, "geometry": { "type": "Polygon", "coordinates": [ [ [ -121.623178737034763, 38.261186605819482 ], [ -121.622639748163621, 38.260557785334491 ], [ -121.62174143287271, 38.260557785577276 ], [ -121.621471938128806, 38.259659470247556 ], [ -121.62120244264112, 38.259479807129402 ], [ -121.621202443150892, 38.258850986099375 ], [ -121.621741432312447, 38.258761154253996 ], [ -121.621741431049003, 38.258132334436176 ], [ -121.622639746587453, 38.257593345132342 ], [ -121.624436377536014, 38.257593344554856 ], [ -121.624436376760571, 38.258491660644175 ], [ -121.625604187962011, 38.258491660017405 ], [ -121.625604188122495, 38.259659469749927 ], [ -121.624975367893896, 38.259659470287403 ], [ -121.624705873113655, 38.260288290693644 ], [ -121.624705872945157, 38.260827280238807 ], [ -121.623807557227238, 38.260827280161422 ], [ -121.623807557153313, 38.261545932180674 ], [ -121.623268567807315, 38.261545931910632 ], [ -121.623178737034763, 38.261186605819482 ] ] ] } },
{ "type": "Feature", "properties": { "csb_id": "061825015525087", "acres": 13.154120373487, "geoid": "06095" }, "geometry": { "type": "Polygon", "coordinates": [ [ [ -121.637282285971409, 38.259659469717462 ], [ -121.637282286610301, 38.259030648877342 ], [ -121.637012792377647, 38.259030648992294 ], [ -121.637012791964281, 38.259659470216754 ], [ -121.636743297957125, 38.259659470125079 ], [ -121.636743297561054, 38.259389975255282 ], [ -121.636114476952159, 38.259389975048194 ], [ -121.636114476340978, 38.257593345302453 ], [ -121.639078916599331, 38.257593345007429 ], [ -121.639078916693606, 38.257234018661656 ], [ -121.63997723253766, 38.257323850537034 ], [ -121.639977232869001, 38.258132333785518 ], [ -121.638539928016513, 38.258132333711693 ], [ -121.63853992670785, 38.259389975425151 ], [ -121.637641612726256, 38.259389975257086 ], [ -121.637641612773095, 38.259659469980306 ], [ -121.637282285971409, 38.259659469717462 ] ] ] } },
{ "type": "Feature", "properties": { "csb_id": "061825015525088", "acres": 28.574469000508699, "geoid": "06095" }, "geometry": { "type": "Polygon", "coordinates": [ [ [ -121.632251720975546, 38.261725595047281 ], [ -121.632251720949697, 38.261186605781624 ], [ -121.632521215755659, 38.261186605641548 ], [ -121.632521216284729, 38.260647616739753 ], [ -121.631353405881541, 38.260827279609238 ], [ -121.631353405676919, 38.259389975462469 ], [ -121.631622900259075, 38.259389975006016 ], [ -121.631622899877939, 38.259030649197911 ], [ -121.631892395464277, 38.258761154639387 ], [ -121.632251720430986, 38.258761154378909 ], [ -121.632251721289563, 38.257593344913907 ], [ -121.632521216072931, 38.257593344738545 ], [ -121.632521215252439, 38.257862839369899 ], [ -121.633689025104033, 38.257862839671738 ], [ -121.633689025285506, 38.257593345187082 ], [ -121.635305992995328, 38.25768317655303 ], [ -121.635305993627526, 38.257323850336583 ], [ -121.635844983108257, 38.257323851330817 ], [ -121.636114476340978, 38.257593345302453 ], [ -121.636114477274717, 38.25903064902252 ], [ -121.634946666873262, 38.259030648480426 ], [ -121.634317846145294, 38.259389974949457 ], [ -121.634317846349987, 38.260288290615328 ], [ -121.633689026309824, 38.260288291043132 ], [ -121.633689025626012, 38.261456100500112 ], [ -121.633419531133441, 38.261456100145836 ], [ -121.63341953103803, 38.262084921099216 ], [ -121.63252121555206, 38.262084921212676 ], [ -121.632251720975546, 38.261725595047281 ] ] ] } },
{ "type": "Feature", "properties": { "csb_id": "061825015525089", "acres": 4.5816573737373396, "geoid": "06095" }, "geometry": { "type": "Polygon", "coordinates": [ [ [ -121.615093899545755, 38.259030648990773 ], [ -121.614015921436661, 38.259120480881407 ], [ -121.613566763467844, 38.25876115447678 ], [ -121.613297268529877, 38.258761154782228 ], [ -121.613297268056002, 38.257862839376791 ], [ -121.614465078220562, 38.257862839020888 ], [ -121.614554909829806, 38.258132333701958 ], [ -121.615093898970756, 38.258132334486362 ], [ -121.615093899545755, 38.259030648990773 ] ] ] } },
{ "type": "Feature", "properties": { "csb_id": "061825015525105", "acres": 2.7897006886181299, "geoid": "06095" }, "geometry": { "type": "Polygon", "coordinates": [ [ [ -121.639707737543915, 38.25723401914253 ], [ -121.639797568931513, 38.256964523966936 ], [ -121.640336558898113, 38.256964524032668 ], [ -121.640606053064388, 38.257234018607448 ], [ -121.640606053505735, 38.258761154482386 ], [ -121.639977232624545, 38.258761154884617 ], [ -121.63997723253766, 38.257323850537034 ], [ -121.639707737543915, 38.25723401914253 ] ] ] } },
{ "type": "Feature", "properties": { "csb_id": "061825015525106", "acres": 3.6421031651673199, "geoid": "06095" }, "geometry": { "type": "Polygon", "coordinates": [ [ [ -121.624436376760571, 38.258491660644175 ], [ -121.624436377536014, 38.257593344554856 ], [ -121.62587368223744, 38.25759334444632 ], [ -121.626233008602412, 38.258132333759129 ], [ -121.626233008133724, 38.258491660618233 ], [ -121.624436376760571, 38.258491660644175 ] ] ] } },
{ "type": "Feature", "properties": { "csb_id": "061825015525107", "acres": 23.363469456445198, "geoid": "06095" }, "geometry": { "type": "Polygon", "coordinates": [ [ [ -121.616621035292695, 38.259389975595937 ], [ -121.615992214327093, 38.259389975248119 ], [ -121.615992214910108, 38.259928964895536 ], [ -121.614824404734122, 38.259928964421405 ], [ -121.614824404569617, 38.259120481147072 ], [ -121.615093899545755, 38.259030648990773 ], [ -121.615093898970756, 38.258132334486362 ], [ -121.615363393524333, 38.257593344676692 ], [ -121.616261708603702, 38.257593344482807 ], [ -121.616890529421866, 38.257862839065503 ], [ -121.618417665291886, 38.257862839027005 ], [ -121.61841766617168, 38.257054355294173 ], [ -121.618776991627982, 38.257054355519735 ], [ -121.618956655354722, 38.257234018320709 ], [ -121.618956654650447, 38.257862839061815 ], [ -121.620483790901957, 38.258132334381258 ], [ -121.620573621752101, 38.258491659816222 ], [ -121.620304127505889, 38.258581491806133 ], [ -121.620214296308049, 38.259030649580929 ], [ -121.619854969685292, 38.259389975516285 ], [ -121.617519350516588, 38.25938997549806 ], [ -121.617160024908486, 38.259659470082063 ], [ -121.617160024824059, 38.260288291924539 ], [ -121.61662103551312, 38.260288290380778 ], [ -121.616621035292695, 38.259389975595937 ] ] ] } },
{ "type": "Feature", "properties": { "csb_id": "061825015525121", "acres": 3.2933975571600298, "geoid": "06095" }, "geometry": { "type": "Polygon", "coordinates": [ [ [ -121.649948532585043, 38.258132333942036 ], [ -121.64994853267369, 38.257683175938965 ], [ -121.650218026246861, 38.257683176162459 ], [ -121.650218027219893, 38.257234018528933 ], [ -121.650577353163357, 38.257234018419716 ], [ -121.651116342514896, 38.256964523802601 ], [ -121.651116342495641, 38.258491660239969 ], [ -121.650218027026895, 38.258491660250222 ], [ -121.649948532585043, 38.258132333942036 ] ] ] } },
{ "type": "Feature", "properties": { "csb_id": "061825015525131", "acres": 11.5431037962896, "geoid": "06095" }, "geometry": { "type": "Polygon", "coordinates": [ [ [ -121.601888664605397, 38.260647616318664 ], [ -121.600990349727624, 38.25876115434211 ], [ -121.600990347750056, 38.257054355669815 ], [ -121.601349675217932, 38.25705435551582 ], [ -121.601888664254702, 38.257593345149289 ], [ -121.602517484604121, 38.257683176147331 ], [ -121.602247990435487, 38.258222165638244 ], [ -121.602247990347294, 38.25885098620958 ], [ -121.602876811466459, 38.258850986447683 ], [ -121.602876811504856, 38.259030649645311 ], [ -121.602786979936624, 38.259389975010173 ], [ -121.602158159118417, 38.259479806989511 ], [ -121.602158158867994, 38.259928964557822 ], [ -121.602966643386537, 38.259928964836412 ], [ -121.602876811389876, 38.261366269284146 ], [ -121.601888664760025, 38.261186606130615 ], [ -121.601888664605397, 38.260647616318664 ] ] ] } },
{ "type": "Feature", "properties": { "csb_id": "061825015525149", "acres": 28.168084472755599, "geoid": "06095" }, "geometry": { "type": "Polygon", "coordinates": [ [ [ -121.630724585395143, 38.25938997537591 ], [ -121.630724584772977, 38.25876115475652 ], [ -121.629826270236507, 38.25876115476126 ], [ -121.629197448736107, 38.259030649355346 ], [ -121.629197449445499, 38.259659469927605 ], [ -121.627670313400955, 38.259659470097027 ], [ -121.627670312988499, 38.259389975864146 ], [ -121.626502502800946, 38.259389975270125 ], [ -121.626502503371356, 38.259030649056427 ], [ -121.626771998010014, 38.259030649687482 ], [ -121.626771997963459, 38.258132334186179 ], [ -121.627131324140862, 38.258132334096793 ], [ -121.627131324457437, 38.257234018446518 ], [ -121.627400818682503, 38.257234018230044 ], [ -121.627670313502051, 38.256695029479729 ], [ -121.628568628313971, 38.256695029595278 ], [ -121.628927954332255, 38.256964523697356 ], [ -121.629466943801958, 38.256784861098289 ], [ -121.629466944186916, 38.256964524252773 ], [ -121.631353405161619, 38.256964524530702 ], [ -121.631353405926049, 38.25723401884558 ], [ -121.631892395262966, 38.257862839659033 ], [ -121.632251720592819, 38.257862839307556 ], [ -121.632251720430986, 38.258761154378909 ], [ -121.631892395464277, 38.258761154639387 ], [ -121.631622899877939, 38.259030649197911 ], [ -121.631622900259075, 38.259389975006016 ], [ -121.630724585395143, 38.25938997537591 ] ] ] } },
{ "type": "Feature", "properties": { "csb_id": "061825015525166", "acres": 3.0900426414781998, "geoid": "06095" }, "geometry": { "type": "Polygon", "coordinates": [ [ [ -121.647612912994802, 38.256695029219465 ], [ -121.647433249408536, 38.256425535048081 ], [ -121.647792573948536, 38.255796714485108 ], [ -121.648511227743441, 38.256066208799723 ], [ -121.648780722555387, 38.256066208790223 ], [ -121.64878072281499, 38.255886545571336 ], [ -121.649319711448072, 38.256335703706782 ], [ -121.649050216740505, 38.256784861517822 ], [ -121.647612912994802, 38.256695029219465 ] ] ] } },
{ "type": "Feature", "properties": { "csb_id": "061825015525173", "acres": 4.1846354122587899, "geoid": "06095" }, "geometry": { "type": "Polygon", "coordinates": [ [ [ -121.651116342514896, 38.256964523802601 ], [ -121.650218027219893, 38.257234018528933 ], [ -121.650218026721632, 38.25606621018698 ], [ -121.649948532595417, 38.256066208573316 ], [ -121.649948532620158, 38.255437387662305 ], [ -121.651475668210537, 38.255437388192341 ], [ -121.651206173452465, 38.255527219870238 ], [ -121.651116341700302, 38.255796714302804 ], [ -121.651116342514896, 38.256964523802601 ] ] ] } },
{ "type": "Feature", "properties": { "csb_id": "061825015525176", "acres": 4.6011772174016201, "geoid": "06095" }, "geometry": { "type": "Polygon", "coordinates": [ [ [ -121.639078916894491, 38.257054355915216 ], [ -121.639078917940282, 38.256066208929269 ], [ -121.639438243284019, 38.256066208824656 ], [ -121.639707737664878, 38.255796713867682 ], [ -121.639707738327942, 38.255437387621569 ], [ -121.640067064060119, 38.255257725396767 ], [ -121.640965379892563, 38.255167893475488 ], [ -121.640965379590057, 38.256066208385889 ], [ -121.639977232222094, 38.25606620927735 ], [ -121.639797569601271, 38.256335703024021 ], [ -121.639707737543915, 38.25723401914253 ], [ -121.639078916894491, 38.257054355915216 ] ] ] } },
{ "type": "Feature", "properties": { "csb_id": "061825015525196", "acres": 3.9328290196133402, "geoid": "06095" }, "geometry": { "type": "Polygon", "coordinates": [ [ [ -121.649319711448072, 38.256335703706782 ], [ -121.64878072281499, 38.255886545571336 ], [ -121.648780723049001, 38.255167893769936 ], [ -121.649589204463709, 38.254539073066894 ], [ -121.649948531993147, 38.254539072563681 ], [ -121.649948532595417, 38.256066208573316 ], [ -121.649319711448072, 38.256335703706782 ] ] ] } },
{ "type": "Feature", "properties": { "csb_id": "061825015525226", "acres": 3.43882874992785, "geoid": "06095" }, "geometry": { "type": "Polygon", "coordinates": [ [ [ -121.649948532620158, 38.255437387662305 ], [ -121.649948531993147, 38.254539072563681 ], [ -121.651745162946526, 38.254539072381561 ], [ -121.651475668860854, 38.254898399856756 ], [ -121.651475668210537, 38.255437388192341 ], [ -121.649948532620158, 38.255437387662305 ] ] ] } },
{ "type": "Feature", "properties": { "csb_id": "061825015525227", "acres": 19.063290027129, "geoid": "06095" }, "geometry": { "type": "Polygon", "coordinates": [ [ [ -121.632521216072931, 38.257593344738545 ], [ -121.632251721289563, 38.257593344913907 ], [ -121.632251720592819, 38.257862839307556 ], [ -121.631892395262966, 38.257862839659033 ], [ -121.631353405926049, 38.25723401884558 ], [ -121.631353405509174, 38.256695029972768 ], [ -121.631622900831516, 38.25669502909669 ], [ -121.631622899899895, 38.255437387933895 ], [ -121.632251721078276, 38.255167893743319 ], [ -121.633150036190926, 38.255167893339227 ], [ -121.634587340434322, 38.255437388472835 ], [ -121.634587341094374, 38.256335703150498 ], [ -121.634946666929395, 38.25669503005377 ], [ -121.634946667226316, 38.257593344740549 ], [ -121.633689025285506, 38.257593345187082 ], [ -121.633689025104033, 38.257862839671738 ], [ -121.632521215252439, 38.257862839369899 ], [ -121.632521216072931, 38.257593344738545 ] ] ] } },
{ "type": "Feature", "properties": { "csb_id": "061825015525233", "acres": 4.0200736433376596, "geoid": "06095" }, "geometry": { "type": "Polygon", "coordinates": [ [ [ -121.648421395899319, 38.255167893822126 ], [ -121.648241733397114, 38.254539073088061 ], [ -121.648780721777186, 38.253461094245559 ], [ -121.64958920569741, 38.253640757525119 ], [ -121.649589204463709, 38.254539073066894 ], [ -121.648780723049001, 38.255167893769936 ], [ -121.648421395899319, 38.255167893822126 ] ] ] } },
{ "type": "Feature", "properties": { "csb_id": "061825015525245", "acres": 2.5864210046143099, "geoid": "06095" }, "geometry": { "type": "Polygon", "coordinates": [ [ [ -121.649409543418955, 38.253640757071722 ], [ -121.649409543560807, 38.25346109444294 ], [ -121.649679037575197, 38.253371262922471 ], [ -121.650487521078418, 38.253461094613286 ], [ -121.650487521584182, 38.25453907344302 ], [ -121.649589204463709, 38.254539073066894 ], [ -121.64958920569741, 38.253640757525119 ], [ -121.649409543418955, 38.253640757071722 ] ] ] } },
{ "type": "Feature", "properties": { "csb_id": "061825015525246", "acres": 5.2018305062123398, "geoid": "06095" }, "geometry": { "type": "Polygon", "coordinates": [ [ [ -121.631353405373901, 38.25606620890246 ], [ -121.630724585489432, 38.255437388353393 ], [ -121.630724585418847, 38.254269578439477 ], [ -121.631892395262298, 38.254269578055627 ], [ -121.632251721655294, 38.254539072658815 ], [ -121.632521216186618, 38.254898398939595 ], [ -121.632521215366125, 38.255167893623685 ], [ -121.631622899899895, 38.255437387933895 ], [ -121.631622900117122, 38.25606620950844 ], [ -121.631353405373901, 38.25606620890246 ] ] ] } },
{ "type": "Feature", "properties": { "csb_id": "061825015525247", "acres": 10.267965985253101, "geoid": "06095" }, "geometry": { "type": "Polygon", "coordinates": [ [ [ -121.629466944186916, 38.256964524252773 ], [ -121.629466943801958, 38.256784861098289 ], [ -121.629826269724973, 38.256695029318188 ], [ -121.629826269729605, 38.256335703384401 ], [ -121.629826268697883, 38.256066209380528 ], [ -121.629466943681564, 38.25606620907913 ], [ -121.629466943298979, 38.253640757884675 ], [ -121.629826269302981, 38.253640757291166 ], [ -121.630095764341007, 38.253910251913865 ], [ -121.630095764542077, 38.254269578148936 ], [ -121.630365259538308, 38.2545390728814 ], [ -121.63072458498938, 38.254539072569486 ], [ -121.630724585489432, 38.255437388353393 ], [ -121.631353405373901, 38.25606620890246 ], [ -121.631622900117122, 38.25606620950844 ], [ -121.631622900831516, 38.25669502909669 ], [ -121.631353405509174, 38.256695029972768 ], [ -121.631353405161619, 38.256964524530702 ], [ -121.629466944186916, 38.256964524252773 ] ] ] } },
{ "type": "Feature", "properties": { "csb_id": "061825015525262", "acres": 5.9315339486070702, "geoid": "06095" }, "geometry": { "type": "Polygon", "coordinates": [ [ [ -121.650487521584182, 38.25453907344302 ], [ -121.650487521348026, 38.253640757717847 ], [ -121.651116341570358, 38.253640757249663 ], [ -121.651116342503343, 38.253371262738114 ], [ -121.653272299439067, 38.25346109482178 ], [ -121.653631625562127, 38.253640758637175 ], [ -121.653541793156947, 38.25391025186191 ], [ -121.652912973396525, 38.254179747826228 ], [ -121.65252346909206, 38.25423940017469 ], [ -121.652104488555423, 38.254089915247128 ], [ -121.651745162993251, 38.254269578509735 ], [ -121.651745162946526, 38.254539072381561 ], [ -121.650487521584182, 38.25453907344302 ] ] ] } },
{ "type": "Feature", "properties": { "csb_id": "061825015525272", "acres": 8.4276017302738708, "geoid": "06095" }, "geometry": { "type": "Polygon", "coordinates": [ [ [ -121.633689024387195, 38.255167894203886 ], [ -121.632521215366125, 38.255167893623685 ], [ -121.632521216186618, 38.254898398939595 ], [ -121.631892395262298, 38.254269578055627 ], [ -121.630724585418847, 38.254269578439477 ], [ -121.63072458498938, 38.254539072569486 ], [ -121.630365259538308, 38.2545390728814 ], [ -121.630095764542077, 38.254269578148936 ], [ -121.630095764341007, 38.253910251913865 ], [ -121.631622900858929, 38.253910252427772 ], [ -121.631622900218261, 38.253640757809904 ], [ -121.632521215875101, 38.253640758821128 ], [ -121.632790710597959, 38.253910252490648 ], [ -121.632790710514186, 38.254269577900963 ], [ -121.633689025694068, 38.2542695776743 ], [ -121.633689026448366, 38.253910253032885 ], [ -121.634317846755494, 38.253910251987755 ], [ -121.634317845845075, 38.255437388348469 ], [ -121.634048351870632, 38.255437389352977 ], [ -121.633689024387195, 38.255167894203886 ] ] ] } },
{ "type": "Feature", "properties": { "csb_id": "061825015525277", "acres": 3.4582902453251498, "geoid": "06095" }, "geometry": { "type": "Polygon", "coordinates": [ [ [ -121.643750155011972, 38.253910252056833 ], [ -121.643660324302417, 38.253730589232369 ], [ -121.643031503159619, 38.253640758050125 ], [ -121.642762009202229, 38.253011937456108 ], [ -121.643031504836415, 38.252472947445852 ], [ -121.643929820051071, 38.252472947258866 ], [ -121.643929820031829, 38.253101768396853 ], [ -121.644019651259129, 38.253371262641174 ], [ -121.644199314865702, 38.253371263144317 ], [ -121.644199315997653, 38.253910251776567 ], [ -121.643750155011972, 38.253910252056833 ] ] ] } },
{ "type": "Feature", "properties": { "csb_id": "061825015525280", "acres": 17.232960714101299, "geoid": "06095" }, "geometry": { "type": "Polygon", "coordinates": [ [ [ -121.628927954332255, 38.256964523697356 ], [ -121.62856862796437, 38.256784861054484 ], [ -121.628568628292939, 38.256335703130084 ], [ -121.628029639213509, 38.256066208489976 ], [ -121.62802963886152, 38.254898398587692 ], [ -121.627760144928118, 38.254359409275118 ], [ -121.627131324114472, 38.253640757454924 ], [ -121.626502503564879, 38.253371262995273 ], [ -121.626502503023275, 38.25301193686218 ], [ -121.627670313449528, 38.253011937031651 ], [ -121.627670313344467, 38.25274244352854 ], [ -121.628029639286765, 38.252742443560386 ], [ -121.628029639290148, 38.253011936441268 ], [ -121.629826269387877, 38.253011936975504 ], [ -121.629826269302981, 38.253640757291166 ], [ -121.629466943298979, 38.253640757884675 ], [ -121.629466942890289, 38.255437387868383 ], [ -121.629466943681564, 38.25606620907913 ], [ -121.629826268697883, 38.256066209380528 ], [ -121.629826269724973, 38.256695029318188 ], [ -121.628927954332255, 38.256964523697356 ] ] ] } },
{ "type": "Feature", "properties": { "csb_id": "061825015525291", "acres": 2.79957688470359, "geoid": "06095" }, "geometry": { "type": "Polygon", "coordinates": [ [ [ -121.644019651259129, 38.253371262641174 ], [ -121.643929820051071, 38.252472947258866 ], [ -121.644558640145377, 38.252472947690237 ], [ -121.644558641174655, 38.252113621759484 ], [ -121.644828135213956, 38.252113621928949 ], [ -121.645187460983635, 38.252832273880273 ], [ -121.645097629870449, 38.253371263293602 ], [ -121.644019651259129, 38.253371262641174 ] ] ] } },
{ "type": "Feature", "properties": { "csb_id": "061825015525292", "acres": 3.2548737073311602, "geoid": "06095" }, "geometry": { "type": "Polygon", "coordinates": [ [ [ -121.642133187033011, 38.253371263398087 ], [ -121.641234873849413, 38.253371263404482 ], [ -121.641234874332483, 38.253011937387541 ], [ -121.64186369492235, 38.25301193675358 ], [ -121.641863694866956, 38.252113621221632 ], [ -121.643031504933759, 38.252113621460175 ], [ -121.643031504836415, 38.252472947445852 ], [ -121.642762009202229, 38.253011937456108 ], [ -121.642133187879153, 38.253011937289756 ], [ -121.642133187033011, 38.253371263398087 ] ] ] } },
{ "type": "Feature", "properties": { "csb_id": "061825015525293", "acres": 45.5472762879633, "geoid": "06095" }, "geometry": { "type": "Polygon", "coordinates": [ [ [ -121.639078916599331, 38.257593345007429 ], [ -121.636383970248161, 38.257683176744194 ], [ -121.635844983108257, 38.257323851330817 ], [ -121.635305993627526, 38.257323850336583 ], [ -121.635305992995328, 38.25768317655303 ], [ -121.634946667693626, 38.257683176760395 ], [ -121.634946666929395, 38.25669503005377 ], [ -121.634587341094374, 38.256335703150498 ], [ -121.634587340434322, 38.255437388472835 ], [ -121.634317845845075, 38.255437388348469 ], [ -121.634317846755494, 38.253910251987755 ], [ -121.633689026448366, 38.253910253032885 ], [ -121.633689024098558, 38.253640758086256 ], [ -121.634048351046033, 38.253371263093698 ], [ -121.634048350848019, 38.253011937330903 ], [ -121.634946666883522, 38.253011936474323 ], [ -121.635216160928891, 38.252742442323914 ], [ -121.635216161377585, 38.252472947409743 ], [ -121.635844982279039, 38.252472947826782 ], [ -121.636114475940204, 38.25274244262696 ], [ -121.636114476729588, 38.253101768579128 ], [ -121.636743296150158, 38.253101768643361 ], [ -121.636743296546172, 38.253371263636204 ], [ -121.637641613422673, 38.253371263276662 ], [ -121.637641611954393, 38.25426957819694 ], [ -121.638539926893316, 38.254269578661145 ], [ -121.639078917685623, 38.255796714904797 ], [ -121.639078916599331, 38.257593345007429 ] ] ] } },
{ "type": "Feature", "properties": { "csb_id": "061825015525294", "acres": 9.5901274101316893, "geoid": "06095" }, "geometry": { "type": "Polygon", "coordinates": [ [ [ -121.632521215875101, 38.253640758821128 ], [ -121.631622900218261, 38.253640757809904 ], [ -121.631622900858929, 38.253910252427772 ], [ -121.630095764341007, 38.253910251913865 ], [ -121.629826269302981, 38.253640757291166 ], [ -121.629826269387877, 38.253011936975504 ], [ -121.630365258903552, 38.253011936722849 ], [ -121.630365258447156, 38.252472947390302 ], [ -121.630994080251355, 38.252472948371022 ], [ -121.630994080564236, 38.25301193779449 ], [ -121.634048350848019, 38.253011937330903 ], [ -121.634048351046033, 38.253371263093698 ], [ -121.633689024098558, 38.253640758086256 ], [ -121.633689025694068, 38.2542695776743 ], [ -121.632790710514186, 38.254269577900963 ], [ -121.632790710597959, 38.253910252490648 ], [ -121.632521215875101, 38.253640758821128 ] ] ] } },
{ "type": "Feature", "properties": { "csb_id": "061825015525308", "acres": 12.728619304072501, "geoid": "06095" }, "geometry": { "type": "Polygon", "coordinates": [ [ [ -121.639078917940282, 38.256066208929269 ], [ -121.638539926893316, 38.254269578661145 ], [ -121.637641611954393, 38.25426957819694 ], [ -121.63764161351834, 38.252742442533695 ], [ -121.638180602424811, 38.252742441957849 ], [ -121.638180601609264, 38.253011935567038 ], [ -121.637911107894695, 38.253011937632479 ], [ -121.637911107957876, 38.253371263759824 ], [ -121.638539928008797, 38.253640758874887 ], [ -121.639707738922468, 38.253640758682877 ], [ -121.639797569477651, 38.253011936413351 ], [ -121.640965380074391, 38.253011937936591 ], [ -121.640965380230639, 38.253461096329978 ], [ -121.640426390336799, 38.253461094319427 ], [ -121.640426389742089, 38.25426957812423 ], [ -121.640695884968594, 38.254269578610732 ], [ -121.640606053858463, 38.255257725342048 ], [ -121.640067064060119, 38.255257725396767 ], [ -121.639707738327942, 38.255437387621569 ], [ -121.639707737664878, 38.255796713867682 ], [ -121.639438243284019, 38.256066208824656 ], [ -121.639078917940282, 38.256066208929269 ] ] ] } },
{ "type": "Feature", "properties": { "csb_id": "061825015525317", "acres": 12.108909089330499, "geoid": "06095" }, "geometry": { "type": "Polygon", "coordinates": [ [ [ -121.640965380074391, 38.253011937936591 ], [ -121.639797569477651, 38.253011936413351 ], [ -121.639707738922468, 38.253640758682877 ], [ -121.638539928008797, 38.253640758874887 ], [ -121.637911107957876, 38.253371263759824 ], [ -121.637911107894695, 38.253011937632479 ], [ -121.638180601609264, 38.253011935567038 ], [ -121.638180602424811, 38.252742441957849 ], [ -121.63764161351834, 38.252742442533695 ], [ -121.637641613422673, 38.253371263276662 ], [ -121.636743296546172, 38.253371263636204 ], [ -121.636743297130053, 38.253011936740101 ], [ -121.637012791991708, 38.252742442620175 ], [ -121.637282286941939, 38.252742442049339 ], [ -121.637282287100788, 38.252472947428359 ], [ -121.638809423194004, 38.252472947678108 ], [ -121.638809422382081, 38.252113621673509 ], [ -121.639977231504105, 38.2521136215193 ], [ -121.640606053197644, 38.251844127309511 ], [ -121.640965378764378, 38.251844127533587 ], [ -121.640965379380646, 38.252472947768098 ], [ -121.641504368202192, 38.252472947945272 ], [ -121.641504368479559, 38.252113621666808 ], [ -121.641234874362254, 38.251933958657666 ], [ -121.641594199871278, 38.25193395900051 ], [ -121.64159419983892, 38.25220345328399 ], [ -121.641863694278683, 38.252203453459913 ], [ -121.64186369492235, 38.25301193675358 ], [ -121.641234874332483, 38.253011937387541 ], [ -121.641234873849413, 38.253371263404482 ], [ -121.640965379385634, 38.253371263715692 ], [ -121.640965380074391, 38.253011937936591 ] ] ] } },
{ "type": "Feature", "properties": { "csb_id": "061825015525325", "acres": 3.3324109354011102, "geoid": "06095" }, "geometry": { "type": "Polygon", "coordinates": [ [ [ -121.651116341659147, 38.252562779025247 ], [ -121.65120617399802, 38.251305137672958 ], [ -121.651834994795209, 38.251305137459653 ], [ -121.652014657316499, 38.251844126906271 ], [ -121.65264347830815, 38.25211362181836 ], [ -121.652643478458486, 38.252472947622252 ], [ -121.651116341659147, 38.252562779025247 ] ] ] } },
{ "type": "Feature", "properties": { "csb_id": "061825015525338", "acres": 5.08580920070104, "geoid": "06095" }, "geometry": { "type": "Polygon", "coordinates": [ [ [ -121.653541793700313, 38.252472947514292 ], [ -121.652643478458486, 38.252472947622252 ], [ -121.65264347830815, 38.25211362181836 ], [ -121.652014657316499, 38.251844126906271 ], [ -121.652014657486873, 38.251574632743107 ], [ -121.652643478484762, 38.251574632545754 ], [ -121.652643478661346, 38.251035643251512 ], [ -121.653002804731145, 38.251215306082834 ], [ -121.652912973219784, 38.250945811940092 ], [ -121.653272298606581, 38.250945811376788 ], [ -121.653362130297779, 38.250766148379277 ], [ -121.653811287758217, 38.251215306195732 ], [ -121.653811288301853, 38.251844126846187 ], [ -121.654170614556136, 38.251844127187347 ], [ -121.654170613774554, 38.252203452944165 ], [ -121.653901119309907, 38.252203452919275 ], [ -121.653541793700313, 38.252472947514292 ] ] ] } },
{ "type": "Feature", "properties": { "csb_id": "061825015525339", "acres": 3.9233451316764998, "geoid": "06095" }, "geometry": { "type": "Polygon", "coordinates": [ [ [ -121.643660324863575, 38.25211362123769 ], [ -121.643660325153121, 38.251574632149882 ], [ -121.643031505079833, 38.251574632463793 ], [ -121.643031505177191, 38.251215306454291 ], [ -121.64330099908824, 38.250945811809636 ], [ -121.644019650923681, 38.250945811930407 ], [ -121.644558640660605, 38.251215306625696 ], [ -121.644558640958934, 38.251844127053666 ], [ -121.644828135429464, 38.251844127845168 ], [ -121.644828135213956, 38.252113621928949 ], [ -121.644558641174655, 38.252113621759484 ], [ -121.644558640145377, 38.252472947690237 ], [ -121.644199315100437, 38.252472947947524 ], [ -121.643660324863575, 38.25211362123769 ] ] ] } },
{ "type": "Feature", "properties": { "csb_id": "061825015525340", "acres": 3.27429676322854, "geoid": "06095" }, "geometry": { "type": "Polygon", "coordinates": [ [ [ -121.641863694223289, 38.251305137874269 ], [ -121.643031505177191, 38.251215306454291 ], [ -121.643031505079833, 38.251574632463793 ], [ -121.643660325153121, 38.251574632149882 ], [ -121.643660324863575, 38.25211362123769 ], [ -121.641863694866956, 38.252113621221632 ], [ -121.641863694223289, 38.251305137874269 ] ] ] } },
{ "type": "Feature", "properties": { "csb_id": "061825015525341", "acres": 8.7184832087075002, "geoid": "06095" }, "geometry": { "type": "Polygon", "coordinates": [ [ [ -121.625065198516992, 38.252113621442774 ], [ -121.625065199012155, 38.251664464203181 ], [ -121.625694019661026, 38.251574632638139 ], [ -121.625873682192392, 38.251305137458928 ], [ -121.627131323427832, 38.251305137679815 ], [ -121.627131324395023, 38.251574632456006 ], [ -121.627400818843839, 38.251844126647164 ], [ -121.627670312940111, 38.251844127196307 ], [ -121.627670313449528, 38.253011937031651 ], [ -121.625873681570255, 38.253011936828045 ], [ -121.625424525395331, 38.252742442375066 ], [ -121.625334693629469, 38.252203453975504 ], [ -121.625065198516992, 38.252113621442774 ] ] ] } },
{ "type": "Feature", "properties": { "csb_id": "061825015525353", "acres": 3.2743135795682901, "geoid": "06095" }, "geometry": { "type": "Polygon", "coordinates": [ [ [ -121.655068929754663, 38.251844127239693 ], [ -121.653811288301853, 38.251844126846187 ], [ -121.653811287758217, 38.251215306195732 ], [ -121.653272298815807, 38.250766148528768 ], [ -121.653541793344573, 38.250676317318216 ], [ -121.655158760652142, 38.251035642866242 ], [ -121.655068929754663, 38.251844127239693 ] ] ] } },
{ "type": "Feature", "properties": { "csb_id": "061825015525354", "acres": 7.5366495787778502, "geoid": "06095" }, "geometry": { "type": "Polygon", "coordinates": [ [ [ -121.634048350848019, 38.253011937330903 ], [ -121.634048351935689, 38.252742442275405 ], [ -121.633689025712826, 38.25274244231602 ], [ -121.633150036768441, 38.252113621772423 ], [ -121.633150036329013, 38.251574632662404 ], [ -121.633689025284696, 38.251574632358576 ], [ -121.634317846259179, 38.251215307242987 ], [ -121.635216161696732, 38.251215307253823 ], [ -121.635216162093101, 38.251844127227521 ], [ -121.635485656162729, 38.251844127303805 ], [ -121.635485655529195, 38.252472947961557 ], [ -121.635216161377585, 38.252472947409743 ], [ -121.635216160928891, 38.252742442323914 ], [ -121.634946666883522, 38.253011936474323 ], [ -121.634048350848019, 38.253011937330903 ] ] ] } },
{ "type": "Feature", "properties": { "csb_id": "061825015525364", "acres": 7.3913613228751496, "geoid": "06095" }, "geometry": { "type": "Polygon", "coordinates": [ [ [ -121.636114476729588, 38.253101768579128 ], [ -121.636114475940204, 38.25274244262696 ], [ -121.635844982279039, 38.252472947826782 ], [ -121.635485655529195, 38.252472947961557 ], [ -121.635485656162729, 38.251844127303805 ], [ -121.635216162093101, 38.251844127227521 ], [ -121.635216161696732, 38.251215307253823 ], [ -121.63611447675504, 38.251215306332419 ], [ -121.636383971474714, 38.250945811744806 ], [ -121.636383971284388, 38.250676316941423 ], [ -121.636743297458949, 38.250676317052829 ], [ -121.636743297854963, 38.250945812093974 ], [ -121.637282286620902, 38.25094581174519 ], [ -121.637282286462082, 38.251215306396588 ], [ -121.637012792049092, 38.251215306198766 ], [ -121.6370127917194, 38.2524729473771 ], [ -121.637282287100788, 38.252472947428359 ], [ -121.637282286941939, 38.252742442049339 ], [ -121.637012791991708, 38.252742442620175 ], [ -121.636743296150158, 38.253101768643361 ], [ -121.636114476729588, 38.253101768579128 ] ] ] } },
{ "type": "Feature", "properties": { "csb_id": "061825015525377", "acres": 19.142147140636499, "geoid": "06095" }, "geometry": { "type": "Polygon", "coordinates": [ [ [ -121.640965378764378, 38.251844127533587 ], [ -121.639977231504105, 38.2521136215193 ], [ -121.638809422382081, 38.252113621673509 ], [ -121.638809423194004, 38.252472947678108 ], [ -121.6370127917194, 38.2524729473771 ], [ -121.637012792049092, 38.251215306198766 ], [ -121.637282286462082, 38.251215306396588 ], [ -121.637282286779779, 38.250676317088363 ], [ -121.637641612907345, 38.250316991429159 ], [ -121.638809422769924, 38.25031699055593 ], [ -121.63880942246999, 38.250676316846167 ], [ -121.639078917555793, 38.250676317165407 ], [ -121.639078917395409, 38.250047496498873 ], [ -121.638809422391589, 38.25004749665522 ], [ -121.63880942281763, 38.249778001651379 ], [ -121.639707738544928, 38.24977800203358 ], [ -121.639707737769712, 38.250047496890865 ], [ -121.64033655841672, 38.24986783332777 ], [ -121.640426388785244, 38.251035643329708 ], [ -121.641234873663976, 38.25130513792238 ], [ -121.641863694223289, 38.251305137874269 ], [ -121.641863694278683, 38.252203453459913 ], [ -121.64159419983892, 38.25220345328399 ], [ -121.641594199871278, 38.25193395900051 ], [ -121.640965378764378, 38.251844127533587 ] ] ] } },
{ "type": "Feature", "properties": { "csb_id": "061825015525404", "acres": 16.710591364324198, "geoid": "06095" }, "geometry": { "type": "Polygon", "coordinates": [ [ [ -121.630365258447156, 38.252472947390302 ], [ -121.630365259459737, 38.252113621492228 ], [ -121.630724585093901, 38.252113621382989 ], [ -121.630994079547307, 38.251844126959448 ], [ -121.630994080100493, 38.251574632538244 ], [ -121.630365259003312, 38.251574632123905 ], [ -121.630365258675965, 38.250047496491064 ], [ -121.630724585138069, 38.250047496822155 ], [ -121.631353405653215, 38.250676317808754 ], [ -121.631712732161262, 38.250676316823352 ], [ -121.631712731640491, 38.250137328075567 ], [ -121.631353405517928, 38.250047496460233 ], [ -121.632790710227766, 38.250047496826625 ], [ -121.632790710731229, 38.251844126874715 ], [ -121.633150036395008, 38.251844126790154 ], [ -121.633150036768441, 38.252113621772423 ], [ -121.633419531055935, 38.252472948013683 ], [ -121.633689025712826, 38.25274244231602 ], [ -121.634048351935689, 38.252742442275405 ], [ -121.634048350848019, 38.253011937330903 ], [ -121.630994080564236, 38.25301193779449 ], [ -121.630994080251355, 38.252472948371022 ], [ -121.630365258447156, 38.252472947390302 ] ] ] } },
{ "type": "Feature", "properties": { "csb_id": "061825015525414", "acres": 21.467053497924699, "geoid": "06095" }, "geometry": { "type": "Polygon", "coordinates": [ [ [ -121.627670313344467, 38.25274244352854 ], [ -121.627670312940111, 38.251844127196307 ], [ -121.627400818843839, 38.251844126647164 ], [ -121.627131324395023, 38.251574632456006 ], [ -121.627131324422194, 38.251215306422125 ], [ -121.62776014432437, 38.250676317202377 ], [ -121.627760145064599, 38.250137327902365 ], [ -121.629197449059077, 38.249778001873835 ], [ -121.62982627054113, 38.249778002118873 ], [ -121.630365258675965, 38.250047496491064 ], [ -121.630365259003312, 38.251574632123905 ], [ -121.630994080100493, 38.251574632538244 ], [ -121.630994079547307, 38.251844126959448 ], [ -121.630724585093901, 38.252113621382989 ], [ -121.630365259459737, 38.252113621492228 ], [ -121.630365258903552, 38.253011936722849 ], [ -121.628029639290148, 38.253011936441268 ], [ -121.628029639286765, 38.252742443560386 ], [ -121.627670313344467, 38.25274244352854 ] ] ] } },
{ "type": "Feature", "properties": { "csb_id": "061825015525436", "acres": 14.473011470808499, "geoid": "06095" }, "geometry": { "type": "Polygon", "coordinates": [ [ [ -121.63611447675504, 38.251215306332419 ], [ -121.634317846259179, 38.251215307242987 ], [ -121.633689025284696, 38.251574632358576 ], [ -121.633150036329013, 38.251574632662404 ], [ -121.633150036395008, 38.251844126790154 ], [ -121.632790710731229, 38.251844126874715 ], [ -121.632790710227766, 38.250047496826625 ], [ -121.631353405517928, 38.250047496460233 ], [ -121.631353404753568, 38.249778002003048 ], [ -121.633150036244359, 38.249778001536349 ], [ -121.63341953076862, 38.249508507255378 ], [ -121.634946666967664, 38.249508507142068 ], [ -121.634946667429659, 38.2500474963703 ], [ -121.635485656350838, 38.250047495980695 ], [ -121.635485655825519, 38.249867833321787 ], [ -121.636114477247332, 38.250047496136219 ], [ -121.636114477238834, 38.250676316968821 ], [ -121.636383971284388, 38.250676316941423 ], [ -121.636383971474714, 38.250945811744806 ], [ -121.63611447675504, 38.251215306332419 ] ] ] } },
{ "type": "Feature", "properties": { "csb_id": "061825015525441", "acres": 2.6059446715254699, "geoid": "06095" }, "geometry": { "type": "Polygon", "coordinates": [ [ [ -121.65452993941966, 38.249778001593896 ], [ -121.654799435131338, 38.249149182802569 ], [ -121.655967245107817, 38.249149181492221 ], [ -121.655967244827821, 38.250047496221619 ], [ -121.65515876021469, 38.250047496719773 ], [ -121.655158759455603, 38.249867834005833 ], [ -121.65452993941966, 38.249778001593896 ] ] ] } },
{ "type": "Feature", "properties": { "csb_id": "061825015525540", "acres": 23.596066416662399, "geoid": "06095" }, "geometry": { "type": "Polygon", "coordinates": [ [ [ -121.654799435097047, 38.248879686444013 ], [ -121.655068928918936, 38.248879686656679 ], [ -121.655068929623567, 38.248610191774503 ], [ -121.654799434566243, 38.248610192037702 ], [ -121.654799435097047, 38.248879686444013 ], [ -121.654170611913798, 38.248879687339212 ], [ -121.654170614162553, 38.248250866220111 ], [ -121.653811287567834, 38.248250866008384 ], [ -121.65381128758537, 38.247352550373584 ], [ -121.654440108324565, 38.247352550895627 ], [ -121.655338423926977, 38.246723730031604 ], [ -121.655607918549222, 38.246723729976118 ], [ -121.655607919004652, 38.246454236532045 ], [ -121.655338423667615, 38.24618474103422 ], [ -121.655338424322949, 38.2455559198415 ], [ -121.655967245100712, 38.245376256998682 ], [ -121.655967244500729, 38.245555920487185 ], [ -121.656236738791733, 38.245555920058415 ], [ -121.656236738857444, 38.245286425254726 ], [ -121.657404549250728, 38.24528642575617 ], [ -121.657404549905877, 38.244927100159238 ], [ -121.657763875676224, 38.24492709952154 ], [ -121.657674043713882, 38.247352550982846 ], [ -121.656506233601604, 38.248250865859511 ], [ -121.656236739421402, 38.249149181101295 ], [ -121.654799435131338, 38.249149182802569 ], [ -121.654799435097047, 38.248879686444013 ] ] ] } },
{ "type": "Feature", "properties": { "csb_id": "061825015525613", "acres": 8.0606419994660001, "geoid": "06095" }, "geometry": { "type": "Polygon", "coordinates": [ [ [ -121.656236738857444, 38.245286425254726 ], [ -121.656236739676757, 38.244028784197454 ], [ -121.656596064747205, 38.243759289230411 ], [ -121.656596064942434, 38.242950805697774 ], [ -121.658033369946196, 38.242950805947601 ], [ -121.658302864845297, 38.243220299900123 ], [ -121.658302864134811, 38.243579626495759 ], [ -121.657494380648259, 38.244477941213084 ], [ -121.657494380746755, 38.244747436985193 ], [ -121.657763875676224, 38.24492709952154 ], [ -121.657404549905877, 38.244927100159238 ], [ -121.657404549250728, 38.24528642575617 ], [ -121.656236738857444, 38.245286425254726 ] ] ] } },
{ "type": "Feature", "properties": { "csb_id": "061825015525704", "acres": 20.311095836249802, "geoid": "06095" }, "geometry": { "type": "Polygon", "coordinates": [ [ [ -121.648421395706549, 38.246723729961843 ], [ -121.648241733249122, 38.246274572548998 ], [ -121.648511227722963, 38.246184740887841 ], [ -121.64851122773085, 38.245016930802869 ], [ -121.648421395915321, 38.245286425049521 ], [ -121.647792575397673, 38.245286425231299 ], [ -121.647612913096708, 38.244657604761926 ], [ -121.646984092107232, 38.244477941532971 ], [ -121.646624765611747, 38.244028784022412 ], [ -121.645995944664975, 38.244028783882939 ], [ -121.645995944887289, 38.242950806109022 ], [ -121.645546787136965, 38.242860974014732 ], [ -121.645546786941068, 38.242591479267325 ], [ -121.649282428152858, 38.24254108050004 ], [ -121.649229879602004, 38.246274572598658 ], [ -121.64869089096598, 38.246723730129958 ], [ -121.648421395706549, 38.246723729961843 ] ] ] } },
{ "type": "Feature", "properties": { "csb_id": "061825015525757", "acres": 8.4968580748235993, "geoid": "06095" }, "geometry": { "type": "Polygon", "coordinates": [ [ [ -121.658931684704712, 38.242591479311173 ], [ -121.658033369902839, 38.242501648000371 ], [ -121.657853706775683, 38.242232153118252 ], [ -121.65785370628619, 38.24169316466611 ], [ -121.658033369664011, 38.241693163875858 ], [ -121.658033370319302, 38.241962659083505 ], [ -121.658392695672646, 38.241962659148356 ], [ -121.658392695677648, 38.241423669733173 ], [ -121.659021516792393, 38.241423669197154 ], [ -121.659021516316173, 38.24169316450245 ], [ -121.659919831457884, 38.241693164570862 ], [ -121.659919832283293, 38.241423669411489 ], [ -121.660099495279539, 38.241333837842824 ], [ -121.661087642329576, 38.24106434426642 ], [ -121.661985957240375, 38.241064343369843 ], [ -121.66198595670464, 38.241333838244941 ], [ -121.661716462657736, 38.241333838808202 ], [ -121.661716461937914, 38.241603332579864 ], [ -121.661446967279915, 38.241693164222539 ], [ -121.661446968103064, 38.241962658370568 ], [ -121.660997810414329, 38.2422321537504 ], [ -121.659830000427263, 38.242232153267629 ], [ -121.659201180279553, 38.242860974356248 ], [ -121.658931685010799, 38.242860974354322 ], [ -121.658931684704712, 38.242591479311173 ] ] ] } },
{ "type": "Feature", "properties": { "csb_id": "061825015525930", "acres": 22.1668898673014, "geoid": "06095" }, "geometry": { "type": "Polygon", "coordinates": [ [ [ -121.661716461937914, 38.241603332579864 ], [ -121.661716462657736, 38.241333838808202 ], [ -121.66198595670464, 38.241333838244941 ], [ -121.661985957240375, 38.241064343369843 ], [ -121.661087642329576, 38.24106434426642 ], [ -121.661087641716534, 38.239627039588711 ], [ -121.661716462305336, 38.239357544160406 ], [ -121.661716462031421, 38.238459229513595 ], [ -121.661446968103405, 38.237830409286893 ], [ -121.661087641659975, 38.237830408826632 ], [ -121.661087641846507, 38.237560913732274 ], [ -121.662345283977857, 38.237201588726833 ], [ -121.662345283703289, 38.23756091499849 ], [ -121.662524946727871, 38.237560914810601 ], [ -121.662255451526477, 38.237740577266081 ], [ -121.662255451671058, 38.238010071350956 ], [ -121.663153767647827, 38.238010072210578 ], [ -121.663153767682743, 38.238369398313701 ], [ -121.662884272345522, 38.238369397561613 ], [ -121.662884272572228, 38.238638892109321 ], [ -121.66468090357823, 38.23863889266697 ], [ -121.664770735063513, 38.239267714109374 ], [ -121.664591070900315, 38.239806702280525 ], [ -121.664081558608316, 38.240375168263448 ], [ -121.662345283765532, 38.241603332797666 ], [ -121.661716461937914, 38.241603332579864 ] ] ] } },
{ "type": "Feature", "properties": { "csb_id": "061825015526003", "acres": 14.136503037828801, "geoid": "06095" }, "geometry": { "type": "Polygon", "coordinates": [ [ [ -121.662884272572228, 38.238638892109321 ], [ -121.662884272345522, 38.238369397561613 ], [ -121.663153767682743, 38.238369398313701 ], [ -121.663153767647827, 38.238010072210578 ], [ -121.662255451671058, 38.238010071350956 ], [ -121.662255451526477, 38.237740577266081 ], [ -121.662524946727871, 38.237560914810601 ], [ -121.662614777095172, 38.236932093027626 ], [ -121.6631537672354, 38.236932092980872 ], [ -121.663153767165554, 38.236213440683549 ], [ -121.663782587042334, 38.236033777803151 ], [ -121.663872419367465, 38.235584620463719 ], [ -121.665040229341926, 38.235584620085945 ], [ -121.665130060168607, 38.236213441416211 ], [ -121.66468090357823, 38.23863889266697 ], [ -121.662884272572228, 38.238638892109321 ] ] ] } },
{ "type": "Feature", "properties": { "csb_id": "061825015526005", "acres": 14.843864649461899, "geoid": "06095" }, "geometry": { "type": "Polygon", "coordinates": [ [ [ -121.658302864763826, 38.238369397973358 ], [ -121.65839269606164, 38.237471082086422 ], [ -121.658752022634985, 38.236932093378492 ], [ -121.658752021875955, 38.236662598449243 ], [ -121.658033369530557, 38.236033777883598 ], [ -121.658033369335115, 38.235674451553216 ], [ -121.659201179219565, 38.23531512570824 ], [ -121.660548652916347, 38.23549478888026 ], [ -121.660548652764064, 38.237830408315403 ], [ -121.660189326439692, 38.237830408905204 ], [ -121.660189326343001, 38.238010071822316 ], [ -121.659560505666448, 38.238010071532919 ], [ -121.659560506122304, 38.238638892252773 ], [ -121.658662190887341, 38.238638892013192 ], [ -121.658302864763826, 38.238369397973358 ] ] ] } },
{ "type": "Feature", "properties": { "csb_id": "061825015526022", "acres": 2.9102222084346101, "geoid": "06095" }, "geometry": { "type": "Polygon", "coordinates": [ [ [ -122.09829769015667, 38.235404957298364 ], [ -122.096680723298732, 38.235764282988036 ], [ -122.095962070371016, 38.23576428303727 ], [ -122.095962070918432, 38.235404957332157 ], [ -122.096501060178653, 38.23513546304693 ], [ -122.097908186327444, 38.235015453241772 ], [ -122.09829768988935, 38.235135462453229 ], [ -122.09829769015667, 38.235404957298364 ] ] ] } },
{ "type": "Feature", "properties": { "csb_id": "061825015526066", "acres": 4.2052762812437701, "geoid": "06095" }, "geometry": { "type": "Polygon", "coordinates": [ [ [ -122.096501060311809, 38.234776136840061 ], [ -122.095602744336105, 38.23477613682725 ], [ -122.095602745198946, 38.233518495041139 ], [ -122.097129880770808, 38.233518494705265 ], [ -122.097129880437038, 38.234416810577159 ], [ -122.096501060444965, 38.234416810623046 ], [ -122.096501060311809, 38.234776136840061 ] ] ] } },
{ "type": "Feature", "properties": { "csb_id": "061825015526074", "acres": 3.3620674347969901, "geoid": "06095" }, "geometry": { "type": "Polygon", "coordinates": [ [ [ -122.101351961471977, 38.234416811064122 ], [ -122.101351962047474, 38.234147316354523 ], [ -122.101082466922975, 38.234147315835699 ], [ -122.101082466521561, 38.233787990398127 ], [ -122.102519772831457, 38.233338832292063 ], [ -122.102789267370881, 38.233518495136146 ], [ -122.102789266548754, 38.23414731562432 ], [ -122.102519771971203, 38.234416810875786 ], [ -122.101351961471977, 38.234416811064122 ] ] ] } },
{ "type": "Feature", "properties": { "csb_id": "061825015526101", "acres": 3.3222214220867099, "geoid": "06095" }, "geometry": { "type": "Polygon", "coordinates": [ [ [ -122.102789267311167, 38.233787989968363 ], [ -122.102789267370881, 38.233518495136146 ], [ -122.102519772831457, 38.233338832292063 ], [ -122.103254303779536, 38.233215490328227 ], [ -122.103328255983698, 38.232620180100469 ], [ -122.104046908387332, 38.232620180429173 ], [ -122.104046906761866, 38.232889674773155 ], [ -122.104316403421663, 38.23288967579159 ], [ -122.104316403309966, 38.233518495296238 ], [ -122.104046908411235, 38.233787991069477 ], [ -122.102789267311167, 38.233787989968363 ] ] ] } },
{ "type": "Feature", "properties": { "csb_id": "061825015526122", "acres": 5.4940840226735297, "geoid": "06095" }, "geometry": { "type": "Polygon", "coordinates": [ [ [ -122.096501060066373, 38.23351849472715 ], [ -122.096501060456134, 38.232350685072021 ], [ -122.096231565367376, 38.232350685535536 ], [ -122.096231565707654, 38.231991359490948 ], [ -122.097399374980199, 38.231991359062711 ], [ -122.097399374797405, 38.232350686316877 ], [ -122.098028196270178, 38.232350684913825 ], [ -122.098028195549588, 38.23262017981866 ], [ -122.098297690969773, 38.232620180191454 ], [ -122.098297690924355, 38.2328896742317 ], [ -122.097758701616144, 38.233518495141645 ], [ -122.096501060066373, 38.23351849472715 ] ] ] } },
{ "type": "Feature", "properties": { "csb_id": "061825015526135", "acres": 6.2412649391349602, "geoid": "06095" }, "geometry": { "type": "Polygon", "coordinates": [ [ [ -122.101890952051193, 38.233338832446698 ], [ -122.101621456641453, 38.233249000666724 ], [ -122.101351962778622, 38.232889674417095 ], [ -122.10135196278641, 38.231721864675848 ], [ -122.103058761372083, 38.231721864429723 ], [ -122.103148593605411, 38.233069337511729 ], [ -122.101890952051193, 38.233338832446698 ] ] ] } },
{ "type": "Feature", "properties": { "csb_id": "061825015526144", "acres": 4.6703507683781504, "geoid": "06095" }, "geometry": { "type": "Polygon", "coordinates": [ [ [ -122.103328255983698, 38.232620180100469 ], [ -122.103238425131025, 38.231721864909908 ], [ -122.105394380983952, 38.231721864243987 ], [ -122.105484212508216, 38.232620179747101 ], [ -122.103328255983698, 38.232620180100469 ] ] ] } },
{ "type": "Feature", "properties": { "csb_id": "061825015526156", "acres": 5.5813967706655196, "geoid": "06095" }, "geometry": { "type": "Polygon", "coordinates": [ [ [ -122.09560274306628, 38.232350685337948 ], [ -122.095602744347403, 38.230823549447521 ], [ -122.09739937535943, 38.230823548937956 ], [ -122.097399374980199, 38.231991359062711 ], [ -122.096231565707654, 38.231991359490948 ], [ -122.096231565367376, 38.232350685535536 ], [ -122.09560274306628, 38.232350685337948 ] ] ] } },
{ "type": "Feature", "properties": { "csb_id": "061825015526188", "acres": 34.203606124533003, "geoid": "06095" }, "geometry": { "type": "Polygon", "coordinates": [ [ [ -122.099824826308264, 38.235315126098598 ], [ -122.098657017209874, 38.235404957408491 ], [ -122.099196006062883, 38.235045632500018 ], [ -122.099196005832766, 38.234776136921376 ], [ -122.098926511663194, 38.234506642958635 ], [ -122.098657017098176, 38.234506642271676 ], [ -122.098387522332487, 38.234776136952725 ], [ -122.097079174780305, 38.234905093856767 ], [ -122.096501060311809, 38.234776136840061 ], [ -122.096501060444965, 38.234416810623046 ], [ -122.097129880437038, 38.234416810577159 ], [ -122.097129880770808, 38.233518494705265 ], [ -122.097758701616144, 38.233518495141645 ], [ -122.098297690924355, 38.2328896742317 ], [ -122.098297690969773, 38.232620180191454 ], [ -122.098028195549588, 38.23262017981866 ], [ -122.098028196225115, 38.231991358893289 ], [ -122.097399374980199, 38.231991359062711 ], [ -122.09739937535943, 38.230823548937956 ], [ -122.098297691131734, 38.230823549431072 ], [ -122.098297690864385, 38.230554054487477 ], [ -122.098028196044893, 38.230554054707589 ], [ -122.098028195999845, 38.230194728635226 ], [ -122.099555332246709, 38.230194728371799 ], [ -122.099555332434988, 38.229925234164241 ], [ -122.100004489555019, 38.229925233735194 ], [ -122.100064143210545, 38.230045242993128 ], [ -122.101082468293995, 38.234776136339754 ], [ -122.099824826305948, 38.235045630900508 ], [ -122.099824826308264, 38.235315126098598 ] ] ] } },
{ "type": "Feature", "properties": { "csb_id": "061825015526204", "acres": 7.45512301949638, "geoid": "06095" }, "geometry": { "type": "Polygon", "coordinates": [ [ [ -122.105394380983952, 38.231721864243987 ], [ -122.103687582550378, 38.231721864464923 ], [ -122.103687581864762, 38.231093044362481 ], [ -122.103418087951155, 38.230823549275819 ], [ -122.103148592830621, 38.230823549456183 ], [ -122.10287909780709, 38.229925234338936 ], [ -122.103687581685634, 38.229925233821348 ], [ -122.103687582386016, 38.230194728356409 ], [ -122.104945223917028, 38.230194729012901 ], [ -122.105035055155682, 38.230015065959662 ], [ -122.105394380983952, 38.231721864243987 ] ] ] } },
{ "type": "Feature", "properties": { "csb_id": "061825015526205", "acres": 5.8432955661233397, "geoid": "06095" }, "geometry": { "type": "Polygon", "coordinates": [ [ [ -122.100453647455922, 38.231452369711924 ], [ -122.100184153222386, 38.229925234037424 ], [ -122.101621456667559, 38.229925233842096 ], [ -122.101621456088012, 38.230823549938378 ], [ -122.101890952177442, 38.230823549189324 ], [ -122.101890952357948, 38.231721864845959 ], [ -122.100992635550838, 38.231721865288797 ], [ -122.100453647455922, 38.231452369711924 ] ] ] } },
{ "type": "Feature", "properties": { "csb_id": "061825015526222", "acres": 3.55625172706198, "geoid": "06095" }, "geometry": { "type": "Polygon", "coordinates": [ [ [ -122.101890950247579, 38.231093044696365 ], [ -122.101890952177442, 38.230823549189324 ], [ -122.101621456088012, 38.230823549938378 ], [ -122.101621457990746, 38.229655740511106 ], [ -122.102609603680492, 38.229655740005875 ], [ -122.102789266686131, 38.23082354955509 ], [ -122.102519771940905, 38.231093043863012 ], [ -122.101890950247579, 38.231093044696365 ] ] ] } },
{ "type": "Feature", "properties": { "csb_id": "061825015526234", "acres": 7.7617887091208297, "geoid": "06095" }, "geometry": { "type": "Polygon", "coordinates": [ [ [ -122.096231565645866, 38.230554054592638 ], [ -122.096231564202427, 38.230823549185288 ], [ -122.095333250416431, 38.230823548908013 ], [ -122.095333250618523, 38.229026919764721 ], [ -122.095602744311293, 38.229026917993913 ], [ -122.095602744729604, 38.228757424087966 ], [ -122.096501059880126, 38.22875742308343 ], [ -122.096501060362755, 38.229026920291453 ], [ -122.096770555306364, 38.229026919393725 ], [ -122.096770554709494, 38.229925233762437 ], [ -122.097399375245843, 38.229925234041509 ], [ -122.097129879380205, 38.230823550005496 ], [ -122.096770554425376, 38.230823548924739 ], [ -122.096231565645866, 38.230554054592638 ] ] ] } },
{ "type": "Feature", "properties": { "csb_id": "061825015526249", "acres": 43.636652687501901, "geoid": "06095" }, "geometry": { "type": "Polygon", "coordinates": [ [ [ -121.606380241430259, 38.237201588020504 ], [ -121.604644141251853, 38.236422931422567 ], [ -121.604314116014521, 38.235674452106352 ], [ -121.604314115665332, 38.234776136346738 ], [ -121.603685295174643, 38.233608326661674 ], [ -121.603685295591703, 38.231721864440139 ], [ -121.603954789237093, 38.231721864315581 ], [ -121.60395478948098, 38.230554055165861 ], [ -121.604314115499832, 38.230194729164133 ], [ -121.604314116034601, 38.229745571407058 ], [ -121.604942936972165, 38.229745570869071 ], [ -121.604942936248378, 38.230284560437447 ], [ -121.606829398714254, 38.230284560124872 ], [ -121.606739566853363, 38.236932092873133 ], [ -121.606380241430259, 38.237201588020504 ] ] ] } },
{ "type": "Feature", "properties": { "csb_id": "061825015526253", "acres": 2.7326213160108699, "geoid": "06095" }, "geometry": { "type": "Polygon", "coordinates": [ [ [ -122.103687582386016, 38.230194728356409 ], [ -122.103687582110041, 38.229296413385995 ], [ -122.104855392436406, 38.229296413159119 ], [ -122.105035055155682, 38.230015065959662 ], [ -122.104945223917028, 38.230194729012901 ], [ -122.103687582386016, 38.230194728356409 ] ] ] } },
{ "type": "Feature", "properties": { "csb_id": "061825015526254", "acres": 2.7132428972704501, "geoid": "06095" }, "geometry": { "type": "Polygon", "coordinates": [ [ [ -122.096770554709494, 38.229925233762437 ], [ -122.096770555306364, 38.229026919393725 ], [ -122.097758701124604, 38.229026918962134 ], [ -122.09775870147422, 38.229655739311532 ], [ -122.098028196330915, 38.229655738956779 ], [ -122.098028195999845, 38.230194728635226 ], [ -122.097399375550395, 38.23019472827292 ], [ -122.097399375245843, 38.229925234041509 ], [ -122.096770554709494, 38.229925233762437 ] ] ] } },
{ "type": "Feature", "properties": { "csb_id": "061825015526270", "acres": 3.87973401113734, "geoid": "06095" }, "geometry": { "type": "Polygon", "coordinates": [ [ [ -122.10287909780709, 38.229925234338936 ], [ -122.102519772926968, 38.227859109171973 ], [ -122.103418087470899, 38.227859109085351 ], [ -122.103418088722435, 38.228757426010496 ], [ -122.103148593264251, 38.22875742420787 ], [ -122.103148593724484, 38.229026920243783 ], [ -122.103418087834598, 38.229296414266777 ], [ -122.103687582110041, 38.229296413385995 ], [ -122.103687581685634, 38.229925233821348 ], [ -122.10287909780709, 38.229925234338936 ] ] ] } },
{ "type": "Feature", "properties": { "csb_id": "061825015526271", "acres": 6.4730629534287401, "geoid": "06095" }, "geometry": { "type": "Polygon", "coordinates": [ [ [ -122.100184153222386, 38.229925234037424 ], [ -122.100004489884711, 38.228667592776141 ], [ -122.10054347863958, 38.228667592301598 ], [ -122.10108246812932, 38.228128603090546 ], [ -122.101351962735777, 38.228128603547582 ], [ -122.101351962193419, 38.229026919048408 ], [ -122.102519772144831, 38.229026918854423 ], [ -122.102609603680492, 38.229655740005875 ], [ -122.101621457990746, 38.229655740511106 ], [ -122.101621456667559, 38.229925233842096 ], [ -122.100184153222386, 38.229925234037424 ] ] ] } },
{ "type": "Feature", "properties": { "csb_id": "061825015526272", "acres": 5.6978154976926501, "geoid": "06095" }, "geometry": { "type": "Polygon", "coordinates": [ [ [ -122.098028195999845, 38.230194728635226 ], [ -122.098028196330915, 38.229655738956779 ], [ -122.09775870147422, 38.229655739311532 ], [ -122.097758701124604, 38.229026918962134 ], [ -122.099555332275557, 38.229026919032364 ], [ -122.099555332151056, 38.228757423940664 ], [ -122.099824826701436, 38.228757424554949 ], [ -122.100004489555019, 38.229925233735194 ], [ -122.099555332434988, 38.229925234164241 ], [ -122.099555332246709, 38.230194728371799 ], [ -122.098028195999845, 38.230194728635226 ] ] ] } },
{ "type": "Feature", "properties": { "csb_id": "061825015526295", "acres": 3.19778332107831, "geoid": "06095" }, "geometry": { "type": "Polygon", "coordinates": [ [ [ -122.103148593724484, 38.229026920243783 ], [ -122.103148593264251, 38.22875742420787 ], [ -122.103418088722435, 38.228757426010496 ], [ -122.103418088005867, 38.228398097997648 ], [ -122.104585897696069, 38.22839809828757 ], [ -122.104585897345672, 38.228128603846073 ], [ -122.104855392436406, 38.229296413159119 ], [ -122.103418087834598, 38.229296414266777 ], [ -122.103148593724484, 38.229026920243783 ] ] ] } },
{ "type": "Feature", "properties": { "csb_id": "061825015526311", "acres": 3.60800521629807, "geoid": "06095" }, "geometry": { "type": "Polygon", "coordinates": [ [ [ -122.100992636740656, 38.227859108650662 ], [ -122.101143109083154, 38.227600886948636 ], [ -122.102340109586066, 38.227948940208918 ], [ -122.102519772144831, 38.229026918854423 ], [ -122.101351962193419, 38.229026919048408 ], [ -122.101351962735777, 38.228128603547582 ], [ -122.10108246812932, 38.228128603090546 ], [ -122.100992636740656, 38.227859108650662 ] ] ] } },
{ "type": "Feature", "properties": { "csb_id": "061825015526312", "acres": 6.1242945374526903, "geoid": "06095" }, "geometry": { "type": "Polygon", "coordinates": [ [ [ -122.098028196209128, 38.229026918982264 ], [ -122.098028196373349, 38.227499783068183 ], [ -122.099555331768428, 38.227499782838819 ], [ -122.099824826701436, 38.228757424554949 ], [ -122.099555332151056, 38.228757423940664 ], [ -122.099555332275557, 38.229026919032364 ], [ -122.098028196209128, 38.229026918982264 ] ] ] } },
{ "type": "Feature", "properties": { "csb_id": "061825015526313", "acres": 7.6166027622483004, "geoid": "06095" }, "geometry": { "type": "Polygon", "coordinates": [ [ [ -122.095333250289229, 38.228757424383154 ], [ -122.095333250250505, 38.228128603807029 ], [ -122.095872238704544, 38.22785910859092 ], [ -122.096501060127025, 38.22785910849683 ], [ -122.097309543322282, 38.227499782680852 ], [ -122.098028196373349, 38.227499783068183 ], [ -122.098028196209128, 38.229026918982264 ], [ -122.096501060362755, 38.229026920291453 ], [ -122.096501059880126, 38.22875742308343 ], [ -122.095333250289229, 38.228757424383154 ] ] ] } },
{ "type": "Feature", "properties": { "csb_id": "061825015526364", "acres": 31.680061923975401, "geoid": "06095" }, "geometry": { "type": "Polygon", "coordinates": [ [ [ -122.108807977918943, 38.230194728786017 ], [ -122.109167305026745, 38.230194728740649 ], [ -122.109167305784155, 38.229925234142961 ], [ -122.1088079799935, 38.229925234188293 ], [ -122.108807977918943, 38.230194728786017 ], [ -122.108538484366704, 38.23019472890109 ], [ -122.108538485406413, 38.230554054832176 ], [ -122.108268990536999, 38.230554054356084 ], [ -122.108268990111853, 38.229925233936704 ], [ -122.107909664149801, 38.229925234172548 ], [ -122.107640169498751, 38.230194728764758 ], [ -122.10764016929835, 38.230823549061036 ], [ -122.107280843214383, 38.230823549307729 ], [ -122.107280843601089, 38.230554054458409 ], [ -122.107011348873087, 38.230554054900217 ], [ -122.107011349121578, 38.230194728461839 ], [ -122.107280843955238, 38.230194728636747 ], [ -122.107280843231933, 38.229925234015781 ], [ -122.107011348276103, 38.229925234082941 ], [ -122.107011349121578, 38.230194728461839 ], [ -122.105484212676103, 38.23019472876544 ], [ -122.10534124178038, 38.230607216925257 ], [ -122.105035053962567, 38.229026919056736 ], [ -122.105843538728067, 38.228487929517136 ], [ -122.11015297397195, 38.227463113252909 ], [ -122.110561602068046, 38.227555313500936 ], [ -122.110963935616141, 38.229925233716962 ], [ -122.110424946458423, 38.230194728935402 ], [ -122.110065620742489, 38.230823549716526 ], [ -122.109167305849567, 38.230823548881176 ], [ -122.108807979165789, 38.230554054959107 ], [ -122.108807977918943, 38.230194728786017 ] ] ] } },
{ "type": "Feature", "properties": { "csb_id": "061825015526365", "acres": 4.9678633423126799, "geoid": "06095" }, "geometry": { "type": "Polygon", "coordinates": [ [ [ -122.103148592471612, 38.227050624958906 ], [ -122.103418087954978, 38.226960793570072 ], [ -122.103418087132482, 38.22669129920633 ], [ -122.104046907851199, 38.226601467253069 ], [ -122.104496066058886, 38.227050624828109 ], [ -122.104585897696069, 38.22839809828757 ], [ -122.103418088005867, 38.228398097997648 ], [ -122.10341808737995, 38.2274997827638 ], [ -122.103148593514547, 38.227499782545827 ], [ -122.103148592471612, 38.227050624958906 ] ] ] } },
{ "type": "Feature", "properties": { "csb_id": "061825015526381", "acres": 4.3678169545612402, "geoid": "06095" }, "geometry": { "type": "Polygon", "coordinates": [ [ [ -122.104855390954512, 38.228487930250658 ], [ -122.10494522256657, 38.227859109353169 ], [ -122.104675729400853, 38.227499782510542 ], [ -122.104675728721176, 38.227230288049356 ], [ -122.105214718088703, 38.227230287821193 ], [ -122.105214717966149, 38.226960793728864 ], [ -122.10503505562113, 38.226691298824427 ], [ -122.104675728471875, 38.226691298867351 ], [ -122.104675729519883, 38.226331972777032 ], [ -122.105843539287633, 38.226331972477311 ], [ -122.105843538613797, 38.227859108813448 ], [ -122.105484212104088, 38.227859108910486 ], [ -122.105447520831916, 38.228361428447499 ], [ -122.104855390954512, 38.228487930250658 ] ] ] } },
{ "type": "Feature", "properties": { "csb_id": "061825015526398", "acres": 4.2960350888510002, "geoid": "06095" }, "geometry": { "type": "Polygon", "coordinates": [ [ [ -122.102519772926968, 38.227859109171973 ], [ -122.100992635028092, 38.227230288039145 ], [ -122.10135196163354, 38.226960793599808 ], [ -122.103418087132482, 38.22669129920633 ], [ -122.103418087954978, 38.226960793570072 ], [ -122.103148592471612, 38.227050624958906 ], [ -122.103148593514547, 38.227499782545827 ], [ -122.10341808737995, 38.2274997827638 ], [ -122.103418087470899, 38.227859109085351 ], [ -122.102519772926968, 38.227859109171973 ] ] ] } },
{ "type": "Feature", "properties": { "csb_id": "061825015526656", "acres": 37.5190465277432, "geoid": "06095" }, "geometry": { "type": "Polygon", "coordinates": [ [ [ -121.6055717577091, 38.229116750238433 ], [ -121.605302261922816, 38.228847255843483 ], [ -121.605302262335954, 38.228487929682046 ], [ -121.605571756867761, 38.228218435457393 ], [ -121.605571756550873, 38.22758961482841 ], [ -121.604314115509894, 38.227230287862341 ], [ -121.604583610663141, 38.226960793582968 ], [ -121.605302262876933, 38.227050625168971 ], [ -121.605302262798162, 38.226152309851869 ], [ -121.605571757688395, 38.226152309882721 ], [ -121.605571756784428, 38.2257929836424 ], [ -121.605302262099713, 38.225792983849061 ], [ -121.604942936624568, 38.225523489471854 ], [ -121.604942936932517, 38.224894668794349 ], [ -121.60395478915251, 38.224625173656456 ], [ -121.603954790308279, 38.223906521967415 ], [ -121.603685294616852, 38.223008206196866 ], [ -121.603685295578885, 38.222199722483964 ], [ -121.603954790146915, 38.221840396322548 ], [ -121.603954788572892, 38.22157090254229 ], [ -121.604753184758579, 38.221625818217341 ], [ -121.606878613342943, 38.22239359715546 ], [ -121.606829398228015, 38.228847256141165 ], [ -121.606200577648153, 38.22884725586843 ], [ -121.606200577142744, 38.229116750765129 ], [ -121.6055717577091, 38.229116750238433 ] ] ] } },
{ "type": "Feature", "properties": { "csb_id": "061825015526787", "acres": 75.344950124411696, "geoid": "06095" }, "geometry": { "type": "Polygon", "coordinates": [ [ [ -122.10674185412168, 38.221840396489419 ], [ -122.106741854264087, 38.221570901926086 ], [ -122.106382527609455, 38.221570902114067 ], [ -122.106382528369807, 38.221840396193393 ], [ -122.10674185412168, 38.221840396489419 ], [ -122.106741853979258, 38.222109891046713 ], [ -122.10701134880415, 38.222109890914574 ], [ -122.107191011779122, 38.222379385738876 ], [ -122.10728084361152, 38.223008206056896 ], [ -122.106741854206362, 38.22327770085019 ], [ -122.106741853750748, 38.223637027249289 ], [ -122.107011349420645, 38.223637027226566 ], [ -122.107640169745949, 38.224265847950051 ], [ -122.107640169891937, 38.224445511069952 ], [ -122.104906098201837, 38.225125036924517 ], [ -122.102250276523947, 38.225164163666037 ], [ -122.102250278128523, 38.224265848038243 ], [ -122.101890951390274, 38.224265847991262 ], [ -122.10189095150001, 38.223637026976277 ], [ -122.101621456860883, 38.223277701184841 ], [ -122.101621457458833, 38.222738711889804 ], [ -122.100992636553585, 38.2227387114796 ], [ -122.100992636263825, 38.222109891220228 ], [ -122.10135196214236, 38.222109890858569 ], [ -122.101351962997398, 38.221211575706079 ], [ -122.100543478713249, 38.221211576266889 ], [ -122.100453647136291, 38.220942081739615 ], [ -122.100992636741879, 38.220942082520438 ], [ -122.100992636154032, 38.220582754978864 ], [ -122.101351962742541, 38.220313260728339 ], [ -122.102250277640906, 38.220313260128478 ], [ -122.102250277522941, 38.219684440140455 ], [ -122.104046908254702, 38.218786124865865 ], [ -122.104316402964784, 38.218786124307655 ], [ -122.104945223437852, 38.218875955888826 ], [ -122.105035055411221, 38.219414945206871 ], [ -122.105484213174279, 38.219414944898759 ], [ -122.105574044675151, 38.219684439411111 ], [ -122.105484212435314, 38.220043765556468 ], [ -122.105304549979067, 38.220043765956454 ], [ -122.105214718597466, 38.22058275509481 ], [ -122.105574044416485, 38.221031913175167 ], [ -122.105933368921384, 38.221031913392842 ], [ -122.105933369876595, 38.220582755129236 ], [ -122.106202865487077, 38.220403092008681 ], [ -122.10638252832068, 38.219684440219993 ], [ -122.107011348480981, 38.219684439946491 ], [ -122.107011349029591, 38.220043765594298 ], [ -122.106741854492554, 38.220043765461099 ], [ -122.106741854350162, 38.220313260058759 ], [ -122.107011348500521, 38.220582755267586 ], [ -122.107280843903212, 38.220582755051502 ], [ -122.107280843179979, 38.220313260217921 ], [ -122.107640168582293, 38.220313260969554 ], [ -122.107640169616985, 38.221481070174853 ], [ -122.108268989745397, 38.221481070528128 ], [ -122.108268990300388, 38.222199722650217 ], [ -122.10728084286454, 38.222199722317903 ], [ -122.107191012413878, 38.221840396762985 ], [ -122.10674185412168, 38.221840396489419 ] ], [ [ -122.1031485930868, 38.222199722342118 ], [ -122.102879099120784, 38.222109891295133 ], [ -122.102879098527907, 38.222199722211805 ], [ -122.1031485930868, 38.222199722342118 ] ] ] } },
{ "type": "Feature", "properties": { "csb_id": "061825015526788", "acres": 5.14623900710321, "geoid": "06095" }, "geometry": { "type": "Polygon", "coordinates": [ [ [ -122.102519772320576, 38.219235282321357 ], [ -122.101351963063067, 38.219145450643509 ], [ -122.101351961920102, 38.21851662971148 ], [ -122.101621457408299, 38.218516630046715 ], [ -122.101890951809168, 38.218247135589394 ], [ -122.101890952209118, 38.217887809574911 ], [ -122.102789266442798, 38.217887808913645 ], [ -122.102789267103134, 38.218247135654018 ], [ -122.10314859277068, 38.218247135236126 ], [ -122.10368758235191, 38.218606461623786 ], [ -122.103687582344534, 38.218786124609693 ], [ -122.102519772320576, 38.219235282321357 ] ] ] } },
{ "type": "Feature", "properties": { "csb_id": "061825015526826", "acres": 4.6714032873480802, "geoid": "06095" }, "geometry": { "type": "Polygon", "coordinates": [ [ [ -122.104406234785785, 38.21851663027401 ], [ -122.10368758235191, 38.218606461623786 ], [ -122.10314859277068, 38.218247135236126 ], [ -122.103148592886882, 38.217887808870493 ], [ -122.102519772633798, 38.217887809423281 ], [ -122.102519771789829, 38.217438651345411 ], [ -122.103687582090728, 38.217348819787276 ], [ -122.103687582105465, 38.216989493769134 ], [ -122.104316403040329, 38.216989493756117 ], [ -122.104406234785785, 38.21851663027401 ] ] ] } },
{ "type": "Feature", "properties": { "csb_id": "061825015526828", "acres": 21.920135686339499, "geoid": "06095" }, "geometry": { "type": "Polygon", "coordinates": [ [ [ -121.606883613205298, 38.222204152470127 ], [ -121.603954790026563, 38.221301407183553 ], [ -121.60413445279184, 38.220582755107131 ], [ -121.605302262184026, 38.218786124510807 ], [ -121.605751420831638, 38.218336966913149 ], [ -121.606110746222456, 38.218247135193437 ], [ -121.606110746252483, 38.217977641152181 ], [ -121.606470072577622, 38.218336966754713 ], [ -121.607997208697853, 38.218336967017827 ], [ -121.606953443118343, 38.220257685892072 ], [ -121.606883613205298, 38.222204152470127 ] ] ] } },
{ "type": "Feature", "properties": { "csb_id": "061825015526873", "acres": 4.0996566737115199, "geoid": "06095" }, "geometry": { "type": "Polygon", "coordinates": [ [ [ -122.099555331865517, 38.217438651430008 ], [ -122.099555331543598, 38.216989494388422 ], [ -122.099285836244192, 38.216989494406455 ], [ -122.099196006352855, 38.216719999698782 ], [ -122.098926509821482, 38.216719999412348 ], [ -122.098926511834463, 38.216091179404721 ], [ -122.099196005831146, 38.215821683693434 ], [ -122.099555331572446, 38.215821683772276 ], [ -122.100094321088548, 38.216091178951537 ], [ -122.100094320980659, 38.216719999794108 ], [ -122.100453646985045, 38.21671999907138 ], [ -122.100453647730333, 38.217348820364364 ], [ -122.100094320560046, 38.217348819744409 ], [ -122.100094321237378, 38.217618314473725 ], [ -122.099555331865517, 38.217438651430008 ] ] ] } },
{ "type": "Feature", "properties": { "csb_id": "061825015526892", "acres": 24.3547959634978, "geoid": "06095" }, "geometry": { "type": "Polygon", "coordinates": [ [ [ -121.619944801302452, 38.219414945150483 ], [ -121.61994480213292, 38.216719998985432 ], [ -121.623807557543913, 38.216809830577866 ], [ -121.623807557304943, 38.219414944992714 ], [ -121.619944801302452, 38.219414945150483 ] ] ] } },
{ "type": "Feature", "properties": { "csb_id": "061825015526909", "acres": 16.528631579692, "geoid": "06095" }, "geometry": { "type": "Polygon", "coordinates": [ [ [ -121.623987220553886, 38.219504776723618 ], [ -121.623987220374048, 38.216809830587863 ], [ -121.625112308125196, 38.21686062438372 ], [ -121.625284777611284, 38.216806014318571 ], [ -121.625065199258415, 38.216630167846489 ], [ -121.625694019346824, 38.216540335950327 ], [ -121.626322840465264, 38.216719999083011 ], [ -121.626592334713962, 38.219504776804357 ], [ -121.623987220553886, 38.219504776723618 ] ] ] } },
{ "type": "Feature", "properties": { "csb_id": "061825015526922", "acres": 20.5453994563434, "geoid": "06095" }, "geometry": { "type": "Polygon", "coordinates": [ [ [ -121.613207437427079, 38.219325113697607 ], [ -121.613207437147651, 38.215552189580755 ], [ -121.613387099772751, 38.21492336884053 ], [ -121.614580000123468, 38.215109041151969 ], [ -121.614644742076976, 38.215192863486052 ], [ -121.614465078605591, 38.215192863750055 ], [ -121.614465078971079, 38.216091178758553 ], [ -121.614914236314632, 38.216091178601211 ], [ -121.615183730294902, 38.216809830775311 ], [ -121.615183731219417, 38.217887809296684 ], [ -121.615722720270426, 38.217887809076409 ], [ -121.615722720173252, 38.219414944755542 ], [ -121.613207437427079, 38.219325113697607 ] ] ] } },
{ "type": "Feature", "properties": { "csb_id": "061825015526977", "acres": 7.6064464227486104, "geoid": "06095" }, "geometry": { "type": "Polygon", "coordinates": [ [ [ -121.642672178160325, 38.217079325988351 ], [ -121.64123487338162, 38.21582168391064 ], [ -121.64150436817242, 38.215821684036619 ], [ -121.641594199905782, 38.215013199966876 ], [ -121.642762009627333, 38.214923369103374 ], [ -121.643300999688421, 38.215552189814183 ], [ -121.643300999285302, 38.216450504402381 ], [ -121.643750157169919, 38.216450504668103 ], [ -121.643750156645069, 38.216719999655098 ], [ -121.643031504777127, 38.216719999198929 ], [ -121.642941672618406, 38.217079325869456 ], [ -121.642672178160325, 38.217079325988351 ] ] ] } },
{ "type": "Feature", "properties": { "csb_id": "061825015527014", "acres": 5.5841216599334604, "geoid": "06095" }, "geometry": { "type": "Polygon", "coordinates": [ [ [ -121.64123487338162, 38.21582168391064 ], [ -121.639082689010635, 38.214111112833976 ], [ -121.638899254514669, 38.213845390263906 ], [ -121.639797569363722, 38.213845390666862 ], [ -121.639797569722077, 38.214114885201681 ], [ -121.640695885262076, 38.214114885144781 ], [ -121.640695884169403, 38.214653874140595 ], [ -121.640965379355407, 38.214743705668575 ], [ -121.641324705764106, 38.214743705670386 ], [ -121.641324705003967, 38.214384379648223 ], [ -121.641594200391083, 38.214384379247939 ], [ -121.641863695034203, 38.214743706089521 ], [ -121.641863694570887, 38.215013200548512 ], [ -121.641594199905782, 38.215013199966876 ], [ -121.6415043683146, 38.215192863598794 ], [ -121.64150436817242, 38.215821684036619 ], [ -121.64123487338162, 38.21582168391064 ] ] ] } },
{ "type": "Feature", "properties": { "csb_id": "061825015527015", "acres": 12.115036806480701, "geoid": "06095" }, "geometry": { "type": "Polygon", "coordinates": [ [ [ -121.623627894644827, 38.216630167715955 ], [ -121.620034632679832, 38.216540336191748 ], [ -121.620034633054956, 38.213845390614956 ], [ -121.621112611346391, 38.214025054020453 ], [ -121.621112611370179, 38.214653874210462 ], [ -121.622280421082849, 38.214653874177671 ], [ -121.622280421114496, 38.215013200804989 ], [ -121.621741431769493, 38.215013200123131 ], [ -121.621741432725102, 38.215642021210677 ], [ -121.62120244333353, 38.215642020890428 ], [ -121.621471937861159, 38.216181010479595 ], [ -121.623268567995069, 38.216181010729066 ], [ -121.623268568038611, 38.215911515229003 ], [ -121.62362789486609, 38.21591151537482 ], [ -121.623627894644827, 38.216630167715955 ] ] ] } },
{ "type": "Feature", "properties": { "csb_id": "061825015527028", "acres": 8.8969646282916699, "geoid": "06095" }, "geometry": { "type": "Polygon", "coordinates": [ [ [ -121.60862602962537, 38.215013200628832 ], [ -121.609344681202856, 38.214384379931467 ], [ -121.610093511907436, 38.214174539086351 ], [ -121.613249019666782, 38.214896568060183 ], [ -121.613165855156367, 38.215330944105958 ], [ -121.61275827926994, 38.215372526443247 ], [ -121.609075187185127, 38.215282694581667 ], [ -121.60862602962537, 38.215013200628832 ] ] ] } },
{ "type": "Feature", "properties": { "csb_id": "061825015527082", "acres": 11.058799864175899, "geoid": "06095" }, "geometry": { "type": "Polygon", "coordinates": [ [ [ -121.625065198823648, 38.21564202221613 ], [ -121.625065198702089, 38.214743705351751 ], [ -121.624795704285816, 38.214743706019661 ], [ -121.62452620937546, 38.215013200853825 ], [ -121.623807557100136, 38.215013200795859 ], [ -121.623807557550705, 38.212767411809267 ], [ -121.624975366946742, 38.212767412209416 ], [ -121.625244861662281, 38.213126738398572 ], [ -121.626053345659557, 38.213665727798663 ], [ -121.626143177588105, 38.215013199829826 ], [ -121.625424524463995, 38.215013200158502 ], [ -121.625424524451418, 38.2156420207831 ], [ -121.625065198823648, 38.21564202221613 ] ] ] } },
{ "type": "Feature", "properties": { "csb_id": "061825015527088", "acres": 21.713624239961501, "geoid": "06095" }, "geometry": { "type": "Polygon", "coordinates": [ [ [ -121.617878677006374, 38.215911515895741 ], [ -121.615681137756098, 38.215163036452708 ], [ -121.615764302360972, 38.212719163099052 ], [ -121.619854970460366, 38.212677580756903 ], [ -121.619854970468225, 38.214025053474352 ], [ -121.619315980630503, 38.214025053984116 ], [ -121.618507496749714, 38.213486064187201 ], [ -121.61850749735521, 38.213845390488274 ], [ -121.618148171681966, 38.214384379757206 ], [ -121.618058339451409, 38.215642020744383 ], [ -121.617878676681613, 38.2156420209893 ], [ -121.617878677006374, 38.215911515895741 ] ] ] } },
{ "type": "Feature", "properties": { "csb_id": "061825015527148", "acres": 38.831954871167802, "geoid": "06095" }, "geometry": { "type": "Polygon", "coordinates": [ [ [ -121.610452837725532, 38.213516241922925 ], [ -121.610422660002712, 38.211869096820948 ], [ -121.610602323016408, 38.211869097130105 ], [ -121.610602323115401, 38.211330107257822 ], [ -121.614195584046499, 38.211419938743802 ], [ -121.614285415169292, 38.21159960273323 ], [ -121.614824404426898, 38.211599602112052 ], [ -121.615632888153968, 38.211330107628477 ], [ -121.615496123763066, 38.215142376783604 ], [ -121.610646361350788, 38.214070846960738 ], [ -121.610452837725532, 38.213516241922925 ] ] ] } },
{ "type": "Feature", "properties": { "csb_id": "061825015527263", "acres": 69.355583922112203, "geoid": "06095" }, "geometry": { "type": "Polygon", "coordinates": [ [ [ -121.623897389317563, 38.212587749297704 ], [ -121.615812551269514, 38.212497917904209 ], [ -121.615812551113535, 38.208904656801849 ], [ -121.62416688306493, 38.208994487670388 ], [ -121.624166883482388, 38.210521623944622 ], [ -121.623897389477634, 38.210521624011058 ], [ -121.623627894216412, 38.2107911187261 ], [ -121.623627893764194, 38.211060612862141 ], [ -121.623897388632926, 38.211060613624745 ], [ -121.623897389317563, 38.212587749297704 ] ] ] } },
{ "type": "Feature", "properties": { "csb_id": "061825015527319", "acres": 29.621250148634498, "geoid": "06095" }, "geometry": { "type": "Polygon", "coordinates": [ [ [ -121.711483129453455, 38.210072466492917 ], [ -121.71121363422084, 38.210072466226357 ], [ -121.711213634267821, 38.210521623713205 ], [ -121.706362731860878, 38.210431792000712 ], [ -121.706093237081461, 38.210072466524728 ], [ -121.706093237522708, 38.20863516194833 ], [ -121.706722058081866, 38.207736846401112 ], [ -121.707620374020976, 38.207736846429242 ], [ -121.707889868357242, 38.208006340989002 ], [ -121.709057678486303, 38.208096172579651 ], [ -121.711213635157478, 38.208994487775989 ], [ -121.71157296064753, 38.209533476736901 ], [ -121.712381444897801, 38.210072467551427 ], [ -121.712381444285327, 38.210431792499229 ], [ -121.711483129511961, 38.21043179220645 ], [ -121.711483129453455, 38.210072466492917 ] ] ] } },
{ "type": "Feature", "properties": { "csb_id": "061825015527364", "acres": 10.521449372495301, "geoid": "06095" }, "geometry": { "type": "Polygon", "coordinates": [ [ [ -121.615722720008932, 38.208096172945027 ], [ -121.611832505628968, 38.208060994085677 ], [ -121.612129458259275, 38.207736846648437 ], [ -121.612398952968391, 38.206838531040297 ], [ -121.615692366831823, 38.206956391119157 ], [ -121.615722720008932, 38.208096172945027 ] ] ] } },
{ "type": "Feature", "properties": { "csb_id": "061825015527497", "acres": 15.6035581743132, "geoid": "06095" }, "geometry": { "type": "Polygon", "coordinates": [ [ [ -121.646714597149597, 38.207736846397118 ], [ -121.646475280739665, 38.206988016274572 ], [ -121.646894260443744, 38.204502911095176 ], [ -121.647343418223315, 38.204502911318507 ], [ -121.647343417921718, 38.204233417107467 ], [ -121.648241732837008, 38.204233416687153 ], [ -121.648511227736449, 38.204502911583837 ], [ -121.648511227211074, 38.2062995418244 ], [ -121.649140048791665, 38.206479205418496 ], [ -121.648690891234779, 38.207197857027758 ], [ -121.64869089091836, 38.207467352357874 ], [ -121.647612912598305, 38.207467352253495 ], [ -121.64752308139326, 38.20773684639736 ], [ -121.646714597149597, 38.207736846397118 ] ] ] } },
{ "type": "Feature", "properties": { "csb_id": "061825015527548", "acres": 20.953566043068101, "geoid": "06095" }, "geometry": { "type": "Polygon", "coordinates": [ [ [ -121.612578615863157, 38.206658867944277 ], [ -121.612668447811274, 38.206209710933251 ], [ -121.613027774041271, 38.205670721507673 ], [ -121.613207437130328, 38.204682574391214 ], [ -121.613926089534772, 38.203335101333323 ], [ -121.615812551765472, 38.203245270124285 ], [ -121.615679470399442, 38.20670562598 ], [ -121.612578615863157, 38.206658867944277 ] ] ] } },
{ "type": "Feature", "properties": { "csb_id": "061825015527556", "acres": 65.247747947156199, "geoid": "06095" }, "geometry": { "type": "Polygon", "coordinates": [ [ [ -121.615992215124876, 38.20863516213462 ], [ -121.615992214027159, 38.203335101501423 ], [ -121.616710865137193, 38.203335101850939 ], [ -121.616710866335453, 38.202975775786001 ], [ -121.617249856241742, 38.202975775859592 ], [ -121.617249855147449, 38.203335101539736 ], [ -121.617609181221397, 38.203335101688879 ], [ -121.618148170583225, 38.202975775816853 ], [ -121.618148170728148, 38.202346954816583 ], [ -121.618507497647187, 38.20234695482656 ], [ -121.618687160044203, 38.20261644919713 ], [ -121.619315981287514, 38.202616449450332 ], [ -121.619405812935966, 38.201807965560661 ], [ -121.620393959131704, 38.2019876291074 ], [ -121.620393959466753, 38.208814824512174 ], [ -121.615992215124876, 38.20863516213462 ] ] ] } },
{ "type": "Feature", "properties": { "csb_id": "061825015527602", "acres": 96.584665910126205, "geoid": "06095" }, "geometry": { "type": "Polygon", "coordinates": [ [ [ -121.625065199433621, 38.208904656678648 ], [ -121.620573622767608, 38.208814825238349 ], [ -121.6205736223434, 38.201807965971952 ], [ -121.626233008609489, 38.201807966027623 ], [ -121.626233008990795, 38.201179144937882 ], [ -121.626771997603996, 38.201358807743702 ], [ -121.626771997736512, 38.201718133906382 ], [ -121.627131323514206, 38.201718134185924 ], [ -121.627131323884555, 38.202616449084246 ], [ -121.626771997665699, 38.202616449811607 ], [ -121.626771998398979, 38.203514764547251 ], [ -121.626322840121404, 38.203514764531967 ], [ -121.625604187827918, 38.204143585427843 ], [ -121.624975366923636, 38.206209710364377 ], [ -121.627131323757951, 38.206209710156671 ], [ -121.627400817970738, 38.206838531689556 ], [ -121.627400818299336, 38.207736846894434 ], [ -121.626771998088003, 38.207736846059831 ], [ -121.626771997430723, 38.208006340924278 ], [ -121.625873682845963, 38.208006340979132 ], [ -121.625334693308361, 38.208365667502612 ], [ -121.625065199433621, 38.208904656678648 ] ] ] } },
{ "type": "Feature", "properties": { "csb_id": "061825015527663", "acres": 58.240090267354297, "geoid": "06095" }, "geometry": { "type": "Polygon", "coordinates": [ [ [ -121.712381444482304, 38.204772406078405 ], [ -121.710584814168882, 38.204682574606863 ], [ -121.710584814361155, 38.204952069439138 ], [ -121.709955993801088, 38.204952069253913 ], [ -121.709057677856293, 38.204682574941657 ], [ -121.706722057619572, 38.20468257428216 ], [ -121.706093237267424, 38.205041900934823 ], [ -121.704566101484659, 38.205041901101126 ], [ -121.704566101976212, 38.204413080170013 ], [ -121.704835595843889, 38.203604596605715 ], [ -121.706991552889761, 38.203694428090465 ], [ -121.706871544058643, 38.203544942715972 ], [ -121.70519492274282, 38.20351476461726 ], [ -121.704888407772103, 38.203327030822187 ], [ -121.710854308596197, 38.200190997898488 ], [ -121.711752623413219, 38.200370660853146 ], [ -121.711752623699411, 38.200550324414095 ], [ -121.71130346559778, 38.200550324322748 ], [ -121.710944140008834, 38.200909650744876 ], [ -121.710944140098775, 38.201179145046261 ], [ -121.711572960539741, 38.201807965285099 ], [ -121.711572960270928, 38.202706280987755 ], [ -121.712740770675296, 38.202706280697946 ], [ -121.71310009647371, 38.20297577544774 ], [ -121.713100096039724, 38.203335101334801 ], [ -121.713369590772814, 38.203335101528182 ], [ -121.713369591140079, 38.203874091005595 ], [ -121.71310009612543, 38.204502911224786 ], [ -121.712381444482304, 38.204772406078405 ] ], [ [ -121.707889868427486, 38.203604596437145 ], [ -121.707350878639602, 38.203604596050745 ], [ -121.707350878787253, 38.203784259133514 ], [ -121.707889868472833, 38.203784258898551 ], [ -121.707889868427486, 38.203604596437145 ] ] ] } },
{ "type": "Feature", "properties": { "csb_id": "061825015527818", "acres": 42.324478019011302, "geoid": "06095" }, "geometry": { "type": "Polygon", "coordinates": [ [ [ -121.616082045762127, 38.198484198798148 ], [ -121.616710866990033, 38.197496051929996 ], [ -121.620483790443245, 38.197585883767978 ], [ -121.620483791342892, 38.201628302897539 ], [ -121.616082045883715, 38.201628303051969 ], [ -121.616082045762127, 38.198484198798148 ] ] ] } },
{ "type": "Feature", "properties": { "csb_id": "061825015527838", "acres": 23.314600926778599, "geoid": "06095" }, "geometry": { "type": "Polygon", "coordinates": [ [ [ -121.624526209300086, 38.199382514517396 ], [ -121.621202443211331, 38.199382514456595 ], [ -121.621202443375211, 38.199652008682627 ], [ -121.620663453790826, 38.199652008883348 ], [ -121.620663452384946, 38.197226557920082 ], [ -121.625334694054061, 38.197226557859345 ], [ -121.625334691916223, 38.197585884064921 ], [ -121.625065197676406, 38.197585883923757 ], [ -121.625065198975619, 38.198394367291428 ], [ -121.625334693955594, 38.198394367907881 ], [ -121.625334693587547, 38.198663861807646 ], [ -121.624975366439486, 38.199113019651115 ], [ -121.624526208682965, 38.199113019628243 ], [ -121.624526209300086, 38.199382514517396 ] ] ] } },
{ "type": "Feature", "properties": { "csb_id": "061825015527916", "acres": 17.783882282480999, "geoid": "06095" }, "geometry": { "type": "Polygon", "coordinates": [ [ [ -121.620483790773648, 38.197406220582138 ], [ -121.617339687292912, 38.197406220555735 ], [ -121.617070193155271, 38.197226557386919 ], [ -121.617788844616442, 38.196507905603404 ], [ -121.618417666410465, 38.196328242671456 ], [ -121.619405812307534, 38.195699422030145 ], [ -121.621281221618247, 38.195037396557332 ], [ -121.622065668239102, 38.195285310826378 ], [ -121.622100758749895, 38.197046894513505 ], [ -121.620483790323306, 38.197046894439353 ], [ -121.620483790773648, 38.197406220582138 ] ] ] } },
{ "type": "Feature", "properties": { "csb_id": "061825015527935", "acres": 14.9914302528221, "geoid": "06095" }, "geometry": { "type": "Polygon", "coordinates": [ [ [ -121.622241295244891, 38.197006628550611 ], [ -121.622323144086579, 38.195304040135618 ], [ -121.623464109130836, 38.195026781561893 ], [ -121.623577188547031, 38.194750401007376 ], [ -121.625334692994613, 38.194801106664464 ], [ -121.625065199271489, 38.19489093766888 ], [ -121.625065199334216, 38.195160432276595 ], [ -121.625424524799939, 38.195160432615737 ], [ -121.625424525029246, 38.195699421426625 ], [ -121.62506519853882, 38.196957062776583 ], [ -121.625334693456324, 38.197046895108699 ], [ -121.622241295244891, 38.197006628550611 ] ] ] } },
{ "type": "Feature", "properties": { "csb_id": "061825015528206", "acres": 94.994116201940301, "geoid": "06095" }, "geometry": { "type": "Polygon", "coordinates": [ [ [ -121.655428255660397, 38.192645149587683 ], [ -121.653811287169688, 38.192645150001951 ], [ -121.653002804680114, 38.192195991802286 ], [ -121.651834994835184, 38.192195991927072 ], [ -121.651745162299449, 38.191836665923475 ], [ -121.65084684806564, 38.191477340161192 ], [ -121.650038363717997, 38.191297677236356 ], [ -121.648780722178401, 38.191297676716047 ], [ -121.648421396287603, 38.190579024595436 ], [ -121.64635527116674, 38.190040036257976 ], [ -121.644828135619107, 38.189501046035637 ], [ -121.644828135226902, 38.189321383106375 ], [ -121.64702426990182, 38.187294910040251 ], [ -121.647805997673146, 38.186669686778238 ], [ -121.648151902100835, 38.18662643726816 ], [ -121.656514567336785, 38.189232867440559 ], [ -121.656685897034492, 38.189411214700471 ], [ -121.65614690724729, 38.190579024644876 ], [ -121.656057076360895, 38.191477340458491 ], [ -121.655697749971566, 38.191836665610545 ], [ -121.655428255660397, 38.192645149587683 ] ] ] } },
{ "type": "Feature", "properties": { "csb_id": "061825015528257", "acres": 10.216167880466999, "geoid": "06095" }, "geometry": { "type": "Polygon", "coordinates": [ [ [ -121.680581083649699, 38.186985763781315 ], [ -121.679053946920249, 38.186985763343237 ], [ -121.679053947608978, 38.186716268592598 ], [ -121.679323441913525, 38.186716268511049 ], [ -121.679323442367689, 38.186087448387397 ], [ -121.679682768037495, 38.186087447949141 ], [ -121.679772599236841, 38.185548459186336 ], [ -121.680042094227034, 38.185278964750523 ], [ -121.679952262485756, 38.184650144238717 ], [ -121.679413273532319, 38.184650143410096 ], [ -121.679772599130757, 38.18429081733435 ], [ -121.680850578061126, 38.184290817676327 ], [ -121.68120990415234, 38.184650143592513 ], [ -121.681209904531386, 38.185009469814787 ], [ -121.682108219223267, 38.185009469451749 ], [ -121.68291670295352, 38.185817953732702 ], [ -121.682826871211731, 38.186087448482027 ], [ -121.682377713734482, 38.186087448416721 ], [ -121.682108219691472, 38.185817953986749 ], [ -121.682108219675186, 38.185458627698964 ], [ -121.681479398207614, 38.185189133100614 ], [ -121.680850577551524, 38.185189133074076 ], [ -121.680670915223359, 38.185278964380863 ], [ -121.680670914596888, 38.185548459498946 ], [ -121.681120073202052, 38.185817953710369 ], [ -121.681479398290818, 38.185817953410755 ], [ -121.681479398875481, 38.186177279831639 ], [ -121.680401420377549, 38.186177279916649 ], [ -121.680581083649699, 38.186985763781315 ] ] ] } },
{ "type": "Feature", "properties": { "csb_id": "061825015528269", "acres": 66.519841178469306, "geoid": "06095" }, "geometry": { "type": "Polygon", "coordinates": [ [ [ -121.656805291529949, 38.189147685477018 ], [ -121.652687517394725, 38.187929872719948 ], [ -121.648421396012679, 38.186536605910327 ], [ -121.648511228575074, 38.186267112383106 ], [ -121.648962403009918, 38.185968492878388 ], [ -121.653002804534637, 38.185009470070135 ], [ -121.656639226573716, 38.184334023183901 ], [ -121.657674043204452, 38.184290817704202 ], [ -121.657993192072183, 38.184630888555034 ], [ -121.658512704639278, 38.185699479477037 ], [ -121.658452349305975, 38.186057270519541 ], [ -121.656805291529949, 38.189147685477018 ] ] ] } },
{ "type": "Feature", "properties": { "csb_id": "061825015528468", "acres": 3.5999615058011201, "geoid": "06095" }, "geometry": { "type": "Polygon", "coordinates": [ [ [ -121.686060806315012, 38.179529746625853 ], [ -121.684264175711064, 38.179439915315051 ], [ -121.684174344308332, 38.179170420868857 ], [ -121.68447721925142, 38.178718719878766 ], [ -121.684803165272058, 38.178541600206806 ], [ -121.685791311595779, 38.178631431114077 ], [ -121.685791312018353, 38.178990758629048 ], [ -121.686060806506134, 38.179260251841292 ], [ -121.686060806315012, 38.179529746625853 ] ] ] } },
{ "type": "Feature", "properties": { "csb_id": "061825015531015", "acres": 3.2116723664861602, "geoid": "06095" }, "geometry": { "type": "Polygon", "coordinates": [ [ [ -121.867520493550757, 38.132727520005631 ], [ -121.867520494130915, 38.13209869924308 ], [ -121.868059483121996, 38.132098699480139 ], [ -121.868688303996962, 38.131829205374338 ], [ -121.868688304226097, 38.131380047469406 ], [ -121.868239145648758, 38.131380047833559 ], [ -121.868239145124065, 38.131110552652252 ], [ -121.868598471446504, 38.130841058590107 ], [ -121.86886796559503, 38.130841058494987 ], [ -121.86895779875249, 38.13209869972242 ], [ -121.868328978087007, 38.132727519813145 ], [ -121.867520493550757, 38.132727520005631 ] ] ] } },
{ "type": "Feature", "properties": { "csb_id": "061825015532875", "acres": 36.015902082210303, "geoid": "06095" }, "geometry": { "type": "Polygon", "coordinates": [ [ [ -121.730976570434805, 38.102274631963652 ], [ -121.731335897454699, 38.102274631892406 ], [ -121.731335896969085, 38.102094969216544 ], [ -121.730707074722787, 38.102274632579707 ], [ -121.730707075833536, 38.102005137275 ], [ -121.73007825521708, 38.102005137555501 ], [ -121.728400932333642, 38.102843097223285 ], [ -121.728281625261047, 38.102633959024374 ], [ -121.728281625143879, 38.102005137993778 ], [ -121.729808761037674, 38.101106822414003 ], [ -121.729808761354903, 38.100747496481922 ], [ -121.730078255691936, 38.100478001387756 ], [ -121.730976570383575, 38.099849180641591 ], [ -121.731605391167861, 38.099669518043974 ], [ -121.732503705538761, 38.098950865664747 ], [ -121.73286303150104, 38.098411877070788 ], [ -121.733132527744047, 38.098411875969099 ], [ -121.734390168773217, 38.100478001659482 ], [ -121.735557978345184, 38.101106822183723 ], [ -121.736096968427745, 38.10110682248812 ], [ -121.736096967876236, 38.101645811088524 ], [ -121.735647810059035, 38.101645811246541 ], [ -121.735647809654182, 38.101466148128701 ], [ -121.734929158517076, 38.101466148560512 ], [ -121.734929158278049, 38.10164581143966 ], [ -121.735198652585254, 38.102005137464097 ], [ -121.735557979273594, 38.102005137772821 ], [ -121.735647810059035, 38.101645811246541 ], [ -121.735647810362451, 38.102094968713651 ], [ -121.736186800168824, 38.102723790066854 ], [ -121.736725788980877, 38.102993284652072 ], [ -121.735998188370758, 38.103835279999501 ], [ -121.735557978476891, 38.102993284737423 ], [ -121.734450524876024, 38.101944782009156 ], [ -121.73385117981357, 38.101106822298384 ], [ -121.733042696196449, 38.101106822026523 ], [ -121.732593538623732, 38.101286485298878 ], [ -121.732144381302589, 38.102005137891069 ], [ -121.731874886108841, 38.103172947787442 ], [ -121.731066402336509, 38.10281362106381 ], [ -121.730976570434805, 38.102274631963652 ] ] ] } },
{ "type": "Feature", "properties": { "csb_id": "061825015533411", "acres": 3.05820978708564, "geoid": "06095" }, "geometry": { "type": "Polygon", "coordinates": [ [ [ -121.727203647489375, 38.089069399596184 ], [ -121.727113815980488, 38.088799904417343 ], [ -121.726215499996655, 38.088799902538454 ], [ -121.726215499172696, 38.088440577306088 ], [ -121.72648499448988, 38.088440576684256 ], [ -121.726484994903871, 38.088171082546872 ], [ -121.727742634270882, 38.088171082796968 ], [ -121.728012130184283, 38.087991418985212 ], [ -121.72810196177555, 38.088260914010021 ], [ -121.727742634775325, 38.089069397904069 ], [ -121.727203647489375, 38.089069399596184 ] ] ] } }
]
}
