{
"type": "FeatureCollection",
"name": "06113",
"crs": { "type": "name", "properties": { "name": "urn:ogc:def:crs:OGC:1.3:CRS84" } },
"features": [
{ "type": "Feature", "properties": { "csb_id": "061825012478221", "acres": 4.0605736839261599, "geoid": "06113" }, "geometry": { "type": "Polygon", "coordinates": [ [ [ -122.005402678319626, 38.917517297063206 ], [ -122.00540267863137, 38.916888476221487 ], [ -122.004773858621533, 38.916798644623213 ], [ -122.004773858129013, 38.916169823328858 ], [ -122.005043352783161, 38.915900328934327 ], [ -122.004773857527482, 38.915900328853184 ], [ -122.004773858456986, 38.915720666206269 ], [ -122.006031499376476, 38.915720665697989 ], [ -122.006031499169907, 38.916259655098123 ], [ -122.006300994457334, 38.916259655505122 ], [ -122.006300994213774, 38.916618981175311 ], [ -122.006031499489367, 38.916888475992884 ], [ -122.005672173060091, 38.916888475900436 ], [ -122.005672173639695, 38.917517296124252 ], [ -122.005402678319626, 38.917517297063206 ] ] ] } },
{ "type": "Feature", "properties": { "csb_id": "061825012478256", "acres": 4.0608333234295397, "geoid": "06113" }, "geometry": { "type": "Polygon", "coordinates": [ [ [ -122.016990945697884, 38.91203757331364 ], [ -122.014385831529864, 38.912037573088497 ], [ -122.014385831678979, 38.911408752728477 ], [ -122.016990946223714, 38.911408752665601 ], [ -122.016990945697884, 38.91203757331364 ] ] ] } },
{ "type": "Feature", "properties": { "csb_id": "061825012478283", "acres": 5.9714378525628797, "geoid": "06113" }, "geometry": { "type": "Polygon", "coordinates": [ [ [ -122.294300874114796, 38.910330773915192 ], [ -122.294300873475535, 38.909971448148617 ], [ -122.293402558210474, 38.909881616556504 ], [ -122.293402558426919, 38.909701954047136 ], [ -122.29394154767003, 38.909432458802613 ], [ -122.293941547683588, 38.909073133321783 ], [ -122.294300874676736, 38.909073133196365 ], [ -122.294570368398311, 38.909342627595564 ], [ -122.294570368475149, 38.909612122201516 ], [ -122.294929695085926, 38.909612121843189 ], [ -122.295199189385286, 38.909432459005174 ], [ -122.295199189111557, 38.909073133163986 ], [ -122.296366998767439, 38.909073133307196 ], [ -122.296366999079865, 38.908803638116041 ], [ -122.29699581960358, 38.908803637995327 ], [ -122.296995820298974, 38.909701953245289 ], [ -122.29546868359887, 38.909701953297599 ], [ -122.294929694348184, 38.909971448567838 ], [ -122.294929694412232, 38.910330774207289 ], [ -122.294300874114796, 38.910330773915192 ] ] ] } },
{ "type": "Feature", "properties": { "csb_id": "061825012478344", "acres": 3.7445718203779399, "geoid": "06113" }, "geometry": { "type": "Polygon", "coordinates": [ [ [ -121.98599906800321, 38.90242559949408 ], [ -121.985370247850071, 38.901886611016096 ], [ -121.985370247907497, 38.901527284186052 ], [ -121.98563973997139, 38.901257790491705 ], [ -121.985909236799444, 38.901257789594816 ], [ -121.985909236999845, 38.900359474424484 ], [ -121.986538058079461, 38.900359474680535 ], [ -121.986538057361329, 38.902156104819944 ], [ -121.986268562741841, 38.902425600120736 ], [ -121.98599906800321, 38.90242559949408 ] ] ] } },
{ "type": "Feature", "properties": { "csb_id": "061825012478350", "acres": 12.2801301938657, "geoid": "06113" }, "geometry": { "type": "Polygon", "coordinates": [ [ [ -121.992466938334161, 38.903323915131082 ], [ -121.992556769815167, 38.903054420367226 ], [ -121.992826264557081, 38.903054420211319 ], [ -121.992826264193098, 38.902156105148364 ], [ -121.993724579420871, 38.90152728424372 ], [ -121.994622895585607, 38.901257789946357 ], [ -121.994622894695226, 38.90107812693094 ], [ -121.995790705438722, 38.901078126903627 ], [ -121.995790704553642, 38.901527284350934 ], [ -121.995521210704737, 38.901527284560686 ], [ -121.99552121099893, 38.901886610962229 ], [ -121.996060199114027, 38.901886610439064 ], [ -121.996060199131691, 38.902156105028553 ], [ -121.99552121040827, 38.90242559942746 ], [ -121.994892390160601, 38.902425599949922 ], [ -121.99462289462312, 38.903144251757951 ], [ -121.994622895513487, 38.903323914820767 ], [ -121.994892389896876, 38.903503578499816 ], [ -121.992826264896266, 38.90350357821103 ], [ -121.992466938334161, 38.903323915131082 ] ] ] } },
{ "type": "Feature", "properties": { "csb_id": "061825012478407", "acres": 3.6584704825471399, "geoid": "06113" }, "geometry": { "type": "Polygon", "coordinates": [ [ [ -122.244354543745743, 38.895688235219225 ], [ -122.244085049198887, 38.89532890944146 ], [ -122.243725723991929, 38.895239077485847 ], [ -122.243456229340566, 38.894969582997113 ], [ -122.243456228998014, 38.894789919915844 ], [ -122.245791848996816, 38.894789919933615 ], [ -122.245791848865977, 38.89496958251442 ], [ -122.245522353578806, 38.894969582976522 ], [ -122.245252860095377, 38.895239077718401 ], [ -122.245252859296414, 38.895867898649669 ], [ -122.244893532926227, 38.895957730601275 ], [ -122.244354543745743, 38.895688235219225 ] ] ] } },
{ "type": "Feature", "properties": { "csb_id": "061825012478446", "acres": 5.9538249886534, "geoid": "06113" }, "geometry": { "type": "Polygon", "coordinates": [ [ [ -121.982046480954693, 38.891376322246323 ], [ -121.982046481625972, 38.891106826975765 ], [ -121.981417660806514, 38.891106827536028 ], [ -121.981417660858298, 38.890747500752958 ], [ -121.98204648144592, 38.890747501429004 ], [ -121.982046480996701, 38.890478006420402 ], [ -121.981417660493989, 38.890478006226147 ], [ -121.981417660129665, 38.89020851170833 ], [ -121.982046481352924, 38.889579691553692 ], [ -121.983483785604719, 38.889220364999453 ], [ -121.983483785836029, 38.889579691064604 ], [ -121.983214291415507, 38.889579690825542 ], [ -121.983304122903277, 38.890478006311326 ], [ -121.982315975967595, 38.891376321692626 ], [ -121.982046480954693, 38.891376322246323 ] ], [ [ -121.982405807827675, 38.889849185730476 ], [ -121.982315976351245, 38.89020851162168 ], [ -121.982675302536336, 38.890208512238573 ], [ -121.982675302616556, 38.889849186009151 ], [ -121.982405807827675, 38.889849185730476 ] ] ] } },
{ "type": "Feature", "properties": { "csb_id": "061825012478498", "acres": 4.2737324548012596, "geoid": "06113" }, "geometry": { "type": "Polygon", "coordinates": [ [ [ -122.018787575966343, 38.883920305255181 ], [ -122.018787576663954, 38.883560978844883 ], [ -122.018248587405353, 38.883560978802521 ], [ -122.018248587320116, 38.8831118215017 ], [ -122.018787576187307, 38.883021990050295 ], [ -122.018787576086467, 38.882393169427708 ], [ -122.020045218264258, 38.882393168612481 ], [ -122.020045217386453, 38.883021989929539 ], [ -122.019416396717759, 38.883021989746545 ], [ -122.019775723617073, 38.883111821061398 ], [ -122.019775723524404, 38.883560978574195 ], [ -122.019416397050108, 38.883560978647097 ], [ -122.019416396898265, 38.883920304680885 ], [ -122.018787575966343, 38.883920305255181 ] ] ] } },
{ "type": "Feature", "properties": { "csb_id": "061825012478563", "acres": 13.023756346474601, "geoid": "06113" }, "geometry": { "type": "Polygon", "coordinates": [ [ [ -122.224591608497533, 38.879967717709874 ], [ -122.224591607479979, 38.879428728252087 ], [ -122.224322112796031, 38.879428728357205 ], [ -122.223693291113094, 38.878530413765667 ], [ -122.223693291944898, 38.877991424515123 ], [ -122.226388238829585, 38.876733783015759 ], [ -122.226657733122607, 38.876823614346023 ], [ -122.226657733281939, 38.877003277347313 ], [ -122.227017059904981, 38.877003277517098 ], [ -122.227017059402314, 38.87745243478652 ], [ -122.226657733279794, 38.877632098003765 ], [ -122.226118744440271, 38.87763209825696 ], [ -122.22611874434017, 38.877991423812006 ], [ -122.226388238969321, 38.877991424221499 ], [ -122.226388238573449, 38.878530413069377 ], [ -122.225759417568952, 38.878799908143669 ], [ -122.225759417284507, 38.879069402103241 ], [ -122.225489923770127, 38.879428728777107 ], [ -122.22486110293579, 38.879967717504961 ], [ -122.224591608497533, 38.879967717709874 ] ] ] } },
{ "type": "Feature", "properties": { "csb_id": "061825012478565", "acres": 23.1466208539807, "geoid": "06113" }, "geometry": { "type": "Polygon", "coordinates": [ [ [ -122.220459357014931, 38.880866032801677 ], [ -122.217405085705821, 38.880866033052932 ], [ -122.217405086111256, 38.881225358582327 ], [ -122.216866095499441, 38.881225359574387 ], [ -122.216866096517322, 38.879967718071342 ], [ -122.217135591381776, 38.879698223460956 ], [ -122.217405086151942, 38.879698223416767 ], [ -122.217405085883911, 38.878889739616149 ], [ -122.21686609681359, 38.878799907687551 ], [ -122.216866096105321, 38.878530413674802 ], [ -122.217135591034719, 38.878530413244491 ], [ -122.217135590983474, 38.877991424516161 ], [ -122.2168660966109, 38.877991424331064 ], [ -122.216866096914558, 38.87835075010819 ], [ -122.216506771066022, 38.878350750423643 ], [ -122.216506770825802, 38.87790159249613 ], [ -122.217135591055879, 38.877901592738233 ], [ -122.217405085753256, 38.877632097624662 ], [ -122.217405085947689, 38.877093108468408 ], [ -122.218662726798811, 38.877093109295757 ], [ -122.218662726690056, 38.877721929839019 ], [ -122.21947121120489, 38.877991424249771 ], [ -122.219561042468698, 38.878620244800658 ], [ -122.219830535264265, 38.879069402438745 ], [ -122.220100031047039, 38.879069402300701 ], [ -122.220100031062429, 38.880596538471487 ], [ -122.220459357403115, 38.880596538380715 ], [ -122.220459357014931, 38.880866032801677 ] ], [ [ -122.219201716664216, 38.879249065003741 ], [ -122.218932222287393, 38.879249065520831 ], [ -122.218932221655834, 38.879698223246777 ], [ -122.219201716574233, 38.879698222972721 ], [ -122.219201716664216, 38.879249065003741 ] ] ] } },
{ "type": "Feature", "properties": { "csb_id": "061825012478759", "acres": 44.707510302013802, "geoid": "06113" }, "geometry": { "type": "Polygon", "coordinates": [ [ [ -122.210577889116607, 38.862720064349759 ], [ -122.209050753231921, 38.862450570038803 ], [ -122.209050754266656, 38.861731918598444 ], [ -122.208152437599054, 38.861731917741487 ], [ -122.20815243882538, 38.860923433498392 ], [ -122.207254123577087, 38.86056410759879 ], [ -122.206086313268003, 38.860564107439544 ], [ -122.206086311631438, 38.85966579286827 ], [ -122.206625301639448, 38.859486129153645 ], [ -122.206625302112684, 38.859665792128048 ], [ -122.206984627016396, 38.859665792329665 ], [ -122.206984626816194, 38.859935287284003 ], [ -122.207613447915662, 38.859486129079613 ], [ -122.207681304839525, 38.859750492281705 ], [ -122.210996868089836, 38.858647467523788 ], [ -122.21147620505748, 38.858767476497135 ], [ -122.211745699480517, 38.859036971666328 ], [ -122.212644015287637, 38.859036971902235 ], [ -122.212644014586431, 38.859396298143764 ], [ -122.212913509573866, 38.859755623479423 ], [ -122.213272835659382, 38.859755623829194 ], [ -122.213811824975892, 38.8605641073367 ], [ -122.213811824557894, 38.861192927840563 ], [ -122.213272835310676, 38.861282759858618 ], [ -122.213272834073919, 38.861552254571357 ], [ -122.212913508071949, 38.861731917837538 ], [ -122.211476204746774, 38.862181074622328 ], [ -122.211476204260421, 38.863079390424012 ], [ -122.21084738462369, 38.86307939002409 ], [ -122.210577889742083, 38.862989558394247 ], [ -122.210577889116607, 38.862720064349759 ] ] ] } },
{ "type": "Feature", "properties": { "csb_id": "061825012478760", "acres": 5.6682005382626297, "geoid": "06113" }, "geometry": { "type": "Polygon", "coordinates": [ [ [ -122.206984628815121, 38.85975562357531 ], [ -122.206984626776759, 38.859486129112312 ], [ -122.206355808024028, 38.859486129144685 ], [ -122.206625301985142, 38.858767476807174 ], [ -122.207254123639856, 38.858767477140432 ], [ -122.207254123483423, 38.858228487927462 ], [ -122.206984628411135, 38.858138656209533 ], [ -122.208421933031616, 38.85813865659005 ], [ -122.20842193324728, 38.8584979827137 ], [ -122.209050753368771, 38.859036971467511 ], [ -122.206984628815121, 38.85975562357531 ] ] ] } },
{ "type": "Feature", "properties": { "csb_id": "061825012478765", "acres": 6.94734764859819, "geoid": "06113" }, "geometry": { "type": "Polygon", "coordinates": [ [ [ -122.209050753368771, 38.859036971467511 ], [ -122.20842193324728, 38.8584979827137 ], [ -122.208421933031616, 38.85813865659005 ], [ -122.207882943326524, 38.85813865630162 ], [ -122.207882943879881, 38.857869161532193 ], [ -122.208781259127093, 38.857869161736097 ], [ -122.208781259165917, 38.857240340774752 ], [ -122.209320248605906, 38.857240341334311 ], [ -122.209320248139491, 38.857599666676144 ], [ -122.210577889734751, 38.857599667102697 ], [ -122.21057788955774, 38.857869162090481 ], [ -122.210847384036782, 38.85786916163061 ], [ -122.210847384539363, 38.858138655768215 ], [ -122.210488058150034, 38.858587813905274 ], [ -122.209050753368771, 38.859036971467511 ] ] ] } },
{ "type": "Feature", "properties": { "csb_id": "061825012478995", "acres": 30.023195781870001, "geoid": "06113" }, "geometry": { "type": "Polygon", "coordinates": [ [ [ -122.046006529104787, 38.835411279412646 ], [ -122.046006529780442, 38.835141784996004 ], [ -122.045737035399682, 38.835411279283548 ], [ -122.044838719935385, 38.835411279306321 ], [ -122.04420989909039, 38.8351417847432 ], [ -122.04367091010279, 38.835141786118363 ], [ -122.043670909531286, 38.831279029508615 ], [ -122.045467539874025, 38.831368861032786 ], [ -122.045737035499755, 38.831818018711509 ], [ -122.047533665401389, 38.832446839601673 ], [ -122.047533665812665, 38.833075659988687 ], [ -122.046904844293209, 38.833075659754357 ], [ -122.046635350654796, 38.833345154433509 ], [ -122.046635350064463, 38.833614649281529 ], [ -122.047264171177801, 38.834333301612688 ], [ -122.047264169538209, 38.834872290621334 ], [ -122.046904845071765, 38.83514178509256 ], [ -122.046635350299113, 38.835141784582838 ], [ -122.046635349708751, 38.835411279482464 ], [ -122.046006529104787, 38.835411279412646 ] ] ] } },
{ "type": "Feature", "properties": { "csb_id": "061825012479024", "acres": 3.2580874308453498, "geoid": "06113" }, "geometry": { "type": "Polygon", "coordinates": [ [ [ -122.043670909531286, 38.831279029508615 ], [ -122.043670909350425, 38.829841724752995 ], [ -122.044569224605553, 38.830021388149092 ], [ -122.044569225086121, 38.830919703256271 ], [ -122.045108214564834, 38.83100953494376 ], [ -122.045108214241992, 38.831279029376759 ], [ -122.043670909531286, 38.831279029508615 ] ] ] } },
{ "type": "Feature", "properties": { "csb_id": "061825012479035", "acres": 6.39565585400236, "geoid": "06113" }, "geometry": { "type": "Polygon", "coordinates": [ [ [ -122.191982761105578, 38.830380714902908 ], [ -122.191713268173828, 38.830470545557205 ], [ -122.191713267431837, 38.830740040494646 ], [ -122.192342086426237, 38.830740040529648 ], [ -122.192342088517279, 38.830470545722314 ], [ -122.191982761105578, 38.830380714902908 ], [ -122.191982760851559, 38.830111219975691 ], [ -122.192395251413856, 38.829878394274935 ], [ -122.193240404283301, 38.830919703213887 ], [ -122.193240405070583, 38.831279029518036 ], [ -122.192881078883019, 38.83127902936458 ], [ -122.192611584395138, 38.830919702961516 ], [ -122.19225225742413, 38.831368860862781 ], [ -122.191982760925626, 38.83136886111263 ], [ -122.191982762854337, 38.83154852372958 ], [ -122.191443773637801, 38.831548523215908 ], [ -122.191443774073591, 38.831009534889667 ], [ -122.190814953218393, 38.831009534829263 ], [ -122.190545458731123, 38.831279029367344 ], [ -122.190545457346104, 38.831548524457851 ], [ -122.190814952367319, 38.831638355761783 ], [ -122.1899166382169, 38.831548524016661 ], [ -122.189916635856321, 38.83082987219003 ], [ -122.191084445164094, 38.830380714755307 ], [ -122.191982761105578, 38.830380714902908 ] ] ] } },
{ "type": "Feature", "properties": { "csb_id": "061825012479041", "acres": 2.62560715653628, "geoid": "06113" }, "geometry": { "type": "Polygon", "coordinates": [ [ [ -122.202223557527944, 38.830290882214285 ], [ -122.20159473580901, 38.829572230596291 ], [ -122.202133725122692, 38.829572230103118 ], [ -122.202133724459912, 38.829123072631418 ], [ -122.203032039965336, 38.829123072817204 ], [ -122.203032041369539, 38.829572230401887 ], [ -122.203391368471898, 38.829572229678718 ], [ -122.202223557527944, 38.830290882214285 ] ] ] } },
{ "type": "Feature", "properties": { "csb_id": "061825012479044", "acres": 5.4206790031869199, "geoid": "06113" }, "geometry": { "type": "Polygon", "coordinates": [ [ [ -122.203930356098851, 38.829392567180811 ], [ -122.203930356567739, 38.829123072739662 ], [ -122.201864231705954, 38.829123072191287 ], [ -122.201864231146175, 38.828224756938567 ], [ -122.203660861605755, 38.827955262418854 ], [ -122.203660861458246, 38.828853577968687 ], [ -122.204559177758881, 38.828853578238267 ], [ -122.204559177059764, 38.829123072299147 ], [ -122.203930356098851, 38.829392567180811 ] ] ] } },
{ "type": "Feature", "properties": { "csb_id": "061825012479074", "acres": 3.017998582852, "geoid": "06113" }, "geometry": { "type": "Polygon", "coordinates": [ [ [ -121.932100151523102, 38.827146778800511 ], [ -121.932100151677957, 38.826877284528827 ], [ -121.932998466497452, 38.826877284659943 ], [ -121.932998466890339, 38.826248463978224 ], [ -121.933357792549771, 38.826248464007335 ], [ -121.933357793001804, 38.826607789943971 ], [ -121.934256107635036, 38.826607789544759 ], [ -121.934795097118624, 38.826877284619734 ], [ -121.934795097339176, 38.827146779096736 ], [ -121.932100151523102, 38.827146778800511 ] ] ] } },
{ "type": "Feature", "properties": { "csb_id": "061825012479111", "acres": 8.7467812706307395, "geoid": "06113" }, "geometry": { "type": "Polygon", "coordinates": [ [ [ -122.035047082639252, 38.824182338920714 ], [ -122.033250452823751, 38.824362001411231 ], [ -122.03262163143998, 38.82382301255354 ], [ -122.032621631913514, 38.823553518055746 ], [ -122.033250452767518, 38.823284023674681 ], [ -122.033250452351098, 38.823014529809406 ], [ -122.032891126753498, 38.82301452836635 ], [ -122.032891126236365, 38.822116213522449 ], [ -122.034687757624312, 38.822116214073873 ], [ -122.034687757755776, 38.822385709121114 ], [ -122.0344182631802, 38.822385708834879 ], [ -122.034148768178113, 38.822655203634362 ], [ -122.034148767999952, 38.823284023633263 ], [ -122.034687757564996, 38.823284024281214 ], [ -122.035047083535588, 38.823553518891885 ], [ -122.035047082639252, 38.824182338920714 ] ] ] } },
{ "type": "Feature", "properties": { "csb_id": "061825012479155", "acres": 14.0340493265546, "geoid": "06113" }, "geometry": { "type": "Polygon", "coordinates": [ [ [ -122.190186132485806, 38.820589077094425 ], [ -122.189916637419344, 38.82022975124265 ], [ -122.189287817344507, 38.819870424903833 ], [ -122.188748828317415, 38.819870424860348 ], [ -122.188748827753926, 38.819331436162599 ], [ -122.189018323230727, 38.819331436299898 ], [ -122.189018322912986, 38.818792447146201 ], [ -122.188748828057072, 38.818702615380495 ], [ -122.18991663740438, 38.818702615142364 ], [ -122.189916637756639, 38.818433121138462 ], [ -122.190186132140497, 38.818163625969376 ], [ -122.190814953550998, 38.818163626389776 ], [ -122.191084448019851, 38.818433120805366 ], [ -122.191713268544675, 38.81843312106944 ], [ -122.191982763170415, 38.818702615367044 ], [ -122.191982762140469, 38.820319582761542 ], [ -122.191713268519536, 38.820589077737225 ], [ -122.190186132485806, 38.820589077094425 ] ], [ [ -122.189287817466663, 38.81960093049495 ], [ -122.189377648633098, 38.819421267155455 ], [ -122.189287817069754, 38.819421267354635 ], [ -122.189287817466663, 38.81960093049495 ] ] ] } },
{ "type": "Feature", "properties": { "csb_id": "061825012479187", "acres": 174.23133193805, "geoid": "06113" }, "geometry": { "type": "Polygon", "coordinates": [ [ [ -122.039179333035548, 38.824721327882479 ], [ -122.040077648964058, 38.824721327426886 ], [ -122.040077649057366, 38.824362001314178 ], [ -122.0391793338827, 38.824362001635052 ], [ -122.039179333035548, 38.824721327882479 ], [ -122.038550512091248, 38.824721327523655 ], [ -122.038550512678967, 38.824362002000413 ], [ -122.038281018357054, 38.824362001076203 ], [ -122.038281018189934, 38.824721328075739 ], [ -122.038550512091248, 38.824721327523655 ], [ -122.038550512643596, 38.825260316450972 ], [ -122.037382702259194, 38.825260316586075 ], [ -122.037382702800656, 38.824451832922996 ], [ -122.036484387825439, 38.824362001613721 ], [ -122.03648438730869, 38.823553517621413 ], [ -122.036214893070266, 38.823553517461235 ], [ -122.036214892811557, 38.822655202950045 ], [ -122.035945398534963, 38.822655202927564 ], [ -122.035945398874802, 38.822116213471347 ], [ -122.036484387116744, 38.822116213064653 ], [ -122.036484387441519, 38.821487392473443 ], [ -122.03594539793616, 38.821487393228118 ], [ -122.035586072019356, 38.821756886875875 ], [ -122.035316577522622, 38.822385708322336 ], [ -122.035316577732942, 38.823284023212857 ], [ -122.035047083195494, 38.823284023570871 ], [ -122.034687757118959, 38.823014528350264 ], [ -122.034687757624312, 38.822116214073873 ], [ -122.032891126236365, 38.822116213522449 ], [ -122.032891126763985, 38.821756887634969 ], [ -122.032262306126739, 38.821128066681247 ], [ -122.032262305580275, 38.819331436024576 ], [ -122.03262163237271, 38.819331436048131 ], [ -122.032621631899218, 38.819600930429367 ], [ -122.0328911267476, 38.819600930493927 ], [ -122.032891126438344, 38.818972109468547 ], [ -122.033789442069093, 38.818972109761539 ], [ -122.03378944189943, 38.818702615532388 ], [ -122.03351994718858, 38.818702615328725 ], [ -122.033519946581023, 38.81843312048936 ], [ -122.033519947682635, 38.818073794871772 ], [ -122.033789441189072, 38.818073794834056 ], [ -122.033789441428283, 38.817175479746943 ], [ -122.034058936360367, 38.816905984594705 ], [ -122.034418262672503, 38.81690598434546 ], [ -122.034418262765428, 38.816277164272478 ], [ -122.034058934760139, 38.816277164628239 ], [ -122.034058935833059, 38.816007669989823 ], [ -122.034687757474828, 38.816007669387417 ], [ -122.034687757606292, 38.816277164267213 ], [ -122.034957251642453, 38.816277164775798 ], [ -122.034957251711816, 38.816636490676061 ], [ -122.034687756347893, 38.816636490167497 ], [ -122.034687756793872, 38.816905985923263 ], [ -122.034957251405416, 38.81690598495539 ], [ -122.034957251711816, 38.816636490676061 ], [ -122.035316577639719, 38.816636490396881 ], [ -122.035316578164583, 38.817534805619886 ], [ -122.035586072371146, 38.817534805725458 ], [ -122.035586071835397, 38.817804299653126 ], [ -122.036214892947811, 38.817804300311387 ], [ -122.03675388218997, 38.816905984511898 ], [ -122.037382702864662, 38.816905986004635 ], [ -122.037382702742718, 38.81717547940427 ], [ -122.03828101777863, 38.817175479539962 ], [ -122.038909838715327, 38.81699581653082 ], [ -122.038909838337219, 38.816636490190909 ], [ -122.040347143504732, 38.816636490378194 ], [ -122.04034714338944, 38.816277164320638 ], [ -122.041514952860183, 38.816277163785777 ], [ -122.041874279283846, 38.816007669302039 ], [ -122.041874278811306, 38.815378848516239 ], [ -122.043042088460936, 38.815468680041867 ], [ -122.043221752145087, 38.816726321316622 ], [ -122.043042089368782, 38.819690762318835 ], [ -122.043221752527458, 38.819690761891692 ], [ -122.043221752482452, 38.820319582789793 ], [ -122.043042089469012, 38.820768740282425 ], [ -122.043042088788681, 38.824362001548735 ], [ -122.041874279612458, 38.824362001468693 ], [ -122.041514953246619, 38.824451833211086 ], [ -122.041514952900869, 38.824721327380281 ], [ -122.041245459035878, 38.824721327888057 ], [ -122.041245458943663, 38.824451833101449 ], [ -122.040975964051597, 38.824721328050849 ], [ -122.04097596426719, 38.824990822603539 ], [ -122.039179333641997, 38.824990821845567 ], [ -122.039179333035548, 38.824721327882479 ] ] ] } },
{ "type": "Feature", "properties": { "csb_id": "061825012479208", "acres": 26.076605389191698, "geoid": "06113" }, "geometry": { "type": "Polygon", "coordinates": [ [ [ -122.037382702742718, 38.81717547940427 ], [ -122.037382703162166, 38.816636489794199 ], [ -122.036843713179948, 38.816277164179745 ], [ -122.036753882007588, 38.816007669160776 ], [ -122.036214893097096, 38.816097500614497 ], [ -122.036214892510543, 38.816636490223296 ], [ -122.035316577639719, 38.816636490396881 ], [ -122.035316577737575, 38.816366995883463 ], [ -122.035945398768575, 38.816366995255009 ], [ -122.035945397976562, 38.816097501366443 ], [ -122.034687757474828, 38.816007669387417 ], [ -122.034687757263427, 38.814929690800156 ], [ -122.035047083245516, 38.814929691331187 ], [ -122.035136914452906, 38.815558511972142 ], [ -122.035316577716557, 38.815558511528252 ], [ -122.035226746383032, 38.813672049741093 ], [ -122.038550513047468, 38.813672050075411 ], [ -122.038550512480597, 38.814211038638064 ], [ -122.038909839011012, 38.814211039125851 ], [ -122.03890983856185, 38.81582800643686 ], [ -122.038550512265459, 38.816277163780242 ], [ -122.038550511992398, 38.816636489865715 ], [ -122.038909838337219, 38.816636490190909 ], [ -122.038909838715327, 38.81699581653082 ], [ -122.03828101777863, 38.817175479539962 ], [ -122.037382702742718, 38.81717547940427 ] ] ] } },
{ "type": "Feature", "properties": { "csb_id": "061825012479218", "acres": 8.2864271593549397, "geoid": "06113" }, "geometry": { "type": "Polygon", "coordinates": [ [ [ -121.948898646977, 38.814929690980073 ], [ -121.948539321022011, 38.814929691573091 ], [ -121.948000332071672, 38.815199185925337 ], [ -121.94800033174036, 38.815468680491357 ], [ -121.947371511038128, 38.815468679977222 ], [ -121.947371511454065, 38.815199185892361 ], [ -121.947012184616554, 38.814929691034948 ], [ -121.946742690844502, 38.814929691028695 ], [ -121.946742690907868, 38.814300870741008 ], [ -121.947102016675231, 38.814300870103494 ], [ -121.947102017269998, 38.813133060690319 ], [ -121.947371511747036, 38.813133060189408 ], [ -121.94737151164459, 38.813402555077609 ], [ -121.947641005771899, 38.813672049366716 ], [ -121.948898647138137, 38.813672049859257 ], [ -121.948898647181679, 38.814031376123097 ], [ -121.949168142066185, 38.814300870507893 ], [ -121.949168142134454, 38.815468680539652 ], [ -121.948898647042284, 38.815468680448646 ], [ -121.948898646977, 38.814929690980073 ] ] ] } },
{ "type": "Feature", "properties": { "csb_id": "061825012479223", "acres": 25.984078237390499, "geoid": "06113" }, "geometry": { "type": "Polygon", "coordinates": [ [ [ -121.944676564138376, 38.816097500569413 ], [ -121.944676564447605, 38.815199185642264 ], [ -121.944946058767599, 38.81519918560884 ], [ -121.944946058876582, 38.814929692596792 ], [ -121.944676565711887, 38.814570366128088 ], [ -121.944407071163042, 38.814570365196928 ], [ -121.944407069635034, 38.815199187047973 ], [ -121.942879934979061, 38.815468679978679 ], [ -121.942879935206236, 38.815738174998636 ], [ -121.942610440461806, 38.815738174831189 ], [ -121.942610439013421, 38.813043229701577 ], [ -121.942879933930399, 38.812683903194369 ], [ -121.94404774366177, 38.812683903180151 ], [ -121.944047744882056, 38.813043228652184 ], [ -121.94431723826591, 38.813043229403171 ], [ -121.944676563792669, 38.813043228965149 ], [ -121.944676564265635, 38.812683903390059 ], [ -121.946473195541103, 38.812683903257437 ], [ -121.946473195685456, 38.81340255521102 ], [ -121.946203700899773, 38.813672049408275 ], [ -121.946203701667812, 38.814570365228874 ], [ -121.946473196453113, 38.815468680831927 ], [ -121.945844375720426, 38.816366995177901 ], [ -121.944946060525936, 38.816277163744303 ], [ -121.944676564138376, 38.816097500569413 ] ] ] } },
{ "type": "Feature", "properties": { "csb_id": "061825012479229", "acres": 17.476593246233701, "geoid": "06113" }, "geometry": { "type": "Polygon", "coordinates": [ [ [ -121.987166878657021, 38.814480533654169 ], [ -121.987166878867853, 38.814031375555935 ], [ -121.986897384672716, 38.814031376649297 ], [ -121.986807552338576, 38.813672050482211 ], [ -121.986538057723962, 38.813672049316423 ], [ -121.986538057624472, 38.813312724887069 ], [ -121.985909237470693, 38.813133060541276 ], [ -121.985909237734703, 38.812414409261741 ], [ -121.986268563132157, 38.812144913692464 ], [ -121.986807552267379, 38.812234745142341 ], [ -121.986807552578313, 38.812414407886102 ], [ -121.988604183398081, 38.812414408505084 ], [ -121.988604183316255, 38.812683902783796 ], [ -121.988963509411846, 38.813133060639494 ], [ -121.988963508798875, 38.81421103908005 ], [ -121.988604182333887, 38.814300870567514 ], [ -121.988604182484167, 38.814839860092896 ], [ -121.988963509467325, 38.81483985966986 ], [ -121.988963508276882, 38.816277164609474 ], [ -121.98806519397715, 38.816097501233877 ], [ -121.98743637298017, 38.815738174662812 ], [ -121.987436372554768, 38.814570365377286 ], [ -121.987166878657021, 38.814480533654169 ] ] ] } },
{ "type": "Feature", "properties": { "csb_id": "061825012479234", "acres": 23.3981071001026, "geoid": "06113" }, "geometry": { "type": "Polygon", "coordinates": [ [ [ -122.040347143504732, 38.816636490378194 ], [ -122.038550511992398, 38.816636489865715 ], [ -122.038550512265459, 38.816277163780242 ], [ -122.03890983856185, 38.81582800643686 ], [ -122.038909839011012, 38.814211039125851 ], [ -122.038550512480597, 38.814211038638064 ], [ -122.038550513016361, 38.81340255494613 ], [ -122.03890983899592, 38.81313306020521 ], [ -122.038909839445097, 38.811516093329779 ], [ -122.040077648608545, 38.811516092751546 ], [ -122.040347143155159, 38.811785588043612 ], [ -122.040347143270409, 38.812144913939612 ], [ -122.040077648278938, 38.812144913832896 ], [ -122.04007764829629, 38.812683902768278 ], [ -122.040347143041089, 38.812683903357836 ], [ -122.040347143715309, 38.812414408524404 ], [ -122.040975964374638, 38.812414408442272 ], [ -122.040975964446119, 38.813043229310615 ], [ -122.040347143156367, 38.81304322928591 ], [ -122.040077649085788, 38.813312723681364 ], [ -122.040077648458961, 38.814480533048503 ], [ -122.040975964116555, 38.815109354229222 ], [ -122.043042089441812, 38.815109353705957 ], [ -122.043042088460936, 38.815468680041867 ], [ -122.041874278811306, 38.815378848516239 ], [ -122.041874279283846, 38.816007669302039 ], [ -122.041514952860183, 38.816277163785777 ], [ -122.04034714338944, 38.816277164320638 ], [ -122.040347143504732, 38.816636490378194 ] ] ] } },
{ "type": "Feature", "properties": { "csb_id": "061825012479235", "acres": 3.29737274032462, "geoid": "06113" }, "geometry": { "type": "Polygon", "coordinates": [ [ [ -121.947371511180151, 38.812504239911533 ], [ -121.947371511282626, 38.812234745047434 ], [ -121.948000331730782, 38.812234745182948 ], [ -121.948000332441168, 38.811875418846142 ], [ -121.947641005548022, 38.811875419341455 ], [ -121.947641005774116, 38.811605924253662 ], [ -121.949168141677816, 38.811605924423382 ], [ -121.949168141989773, 38.811875418755292 ], [ -121.948898646964054, 38.812234744932901 ], [ -121.94853932103193, 38.812234745595006 ], [ -121.948539321192769, 38.813133060187475 ], [ -121.948269826894702, 38.813133060412021 ], [ -121.948269826277397, 38.81277373404312 ], [ -121.94800033139947, 38.812504239669025 ], [ -121.947371511180151, 38.812504239911533 ] ] ] } },
{ "type": "Feature", "properties": { "csb_id": "061825012479237", "acres": 4.7008866610426301, "geoid": "06113" }, "geometry": { "type": "Polygon", "coordinates": [ [ [ -122.034148767684641, 38.813672049828305 ], [ -122.034148767974727, 38.81277373417317 ], [ -122.033789441083556, 38.812234745334038 ], [ -122.033789441662009, 38.811875418839819 ], [ -122.034418262648131, 38.811875419477673 ], [ -122.034687756899984, 38.811605925009161 ], [ -122.035047083118556, 38.811605924737727 ], [ -122.035047082975282, 38.813672050161216 ], [ -122.034148767684641, 38.813672049828305 ] ] ] } },
{ "type": "Feature", "properties": { "csb_id": "061825012479239", "acres": 3.3262281879621098, "geoid": "06113" }, "geometry": { "type": "Polygon", "coordinates": [ [ [ -121.985370247889747, 38.811516093429319 ], [ -121.985370247758496, 38.812144913839667 ], [ -121.985010921908255, 38.81241440803835 ], [ -121.984741426794443, 38.812414408703127 ], [ -121.984112606420609, 38.812144914176486 ], [ -121.983843111974679, 38.811246598479151 ], [ -121.985010921361237, 38.811246598260098 ], [ -121.985010921570407, 38.81151609329337 ], [ -121.985370247889747, 38.811516093429319 ] ] ] } },
{ "type": "Feature", "properties": { "csb_id": "061825012479240", "acres": 2.7974879677683799, "geoid": "06113" }, "geometry": { "type": "Polygon", "coordinates": [ [ [ -122.035316577562114, 38.812773734558682 ], [ -122.035316577317133, 38.81097710395035 ], [ -122.03594539786539, 38.810977103597523 ], [ -122.035945398120532, 38.812504239875217 ], [ -122.035586072221761, 38.812773734479229 ], [ -122.035316577562114, 38.812773734558682 ] ] ] } },
{ "type": "Feature", "properties": { "csb_id": "061825012479245", "acres": 29.4452808398432, "geoid": "06113" }, "geometry": { "type": "Polygon", "coordinates": [ [ [ -122.043042089441812, 38.815109353705957 ], [ -122.040975964116555, 38.815109354229222 ], [ -122.040077648458961, 38.814480533048503 ], [ -122.040077649085788, 38.813312723681364 ], [ -122.040347143156367, 38.81304322928591 ], [ -122.040975964446119, 38.813043229310615 ], [ -122.040975964374638, 38.812414408442272 ], [ -122.040347143715309, 38.812414408524404 ], [ -122.040347143041089, 38.812683903357836 ], [ -122.04007764829629, 38.812683902768278 ], [ -122.040077648278938, 38.812144913832896 ], [ -122.040347143270409, 38.812144913939612 ], [ -122.040347143155159, 38.811785588043612 ], [ -122.040077648608545, 38.811516092751546 ], [ -122.038909839445097, 38.811516093329779 ], [ -122.038909838977048, 38.810348283016566 ], [ -122.039808153853087, 38.810348283625494 ], [ -122.040347142954644, 38.81088727195074 ], [ -122.040347143384452, 38.811246598673527 ], [ -122.042143773402756, 38.811246598550859 ], [ -122.042772594308133, 38.811516092977335 ], [ -122.042772594132913, 38.811785587758912 ], [ -122.043042088565102, 38.811785587395001 ], [ -122.043042089523894, 38.812414408168515 ], [ -122.043311583966286, 38.813043229238176 ], [ -122.043311583920001, 38.814480533744295 ], [ -122.043042089441812, 38.815109353705957 ] ] ] } },
{ "type": "Feature", "properties": { "csb_id": "061825012479248", "acres": 8.7386810936061394, "geoid": "06113" }, "geometry": { "type": "Polygon", "coordinates": [ [ [ -122.042772594132913, 38.811785587758912 ], [ -122.042772594308133, 38.811516092977335 ], [ -122.042143773402756, 38.811246598550859 ], [ -122.040347143384452, 38.811246598673527 ], [ -122.040347142954644, 38.81088727195074 ], [ -122.039808153978768, 38.810438114689696 ], [ -122.03980815297264, 38.810168619781692 ], [ -122.043042089061984, 38.810168620424335 ], [ -122.043311583358133, 38.810348283183025 ], [ -122.043311582199777, 38.810887272797856 ], [ -122.043042088565102, 38.811785587395001 ], [ -122.042772594132913, 38.811785587758912 ] ] ] } },
{ "type": "Feature", "properties": { "csb_id": "061825012479252", "acres": 16.688970166326001, "geoid": "06113" }, "geometry": { "type": "Polygon", "coordinates": [ [ [ -121.987166878177163, 38.812414408549081 ], [ -121.987166878100425, 38.812234745564382 ], [ -121.985909236444925, 38.812144913722541 ], [ -121.98590923746444, 38.810707609397106 ], [ -121.985370247603413, 38.810617777800744 ], [ -121.985100753481916, 38.810348283483933 ], [ -121.985100752940838, 38.810078788481789 ], [ -121.98860418287876, 38.809988956884865 ], [ -121.988604183233889, 38.810887272677199 ], [ -121.988963508789297, 38.810887272075959 ], [ -121.98896350932084, 38.812144913978059 ], [ -121.988604183165975, 38.812144913374517 ], [ -121.988604183398081, 38.812414408505084 ], [ -121.987166878177163, 38.812414408549081 ] ] ] } },
{ "type": "Feature", "properties": { "csb_id": "061825012479271", "acres": 3.07643495719114, "geoid": "06113" }, "geometry": { "type": "Polygon", "coordinates": [ [ [ -122.039179333151608, 38.808821146771237 ], [ -122.039179332355062, 38.80765333776214 ], [ -122.039448826732595, 38.807653337303066 ], [ -122.039448828173178, 38.807383842227559 ], [ -122.03980815362587, 38.807383843279723 ], [ -122.0403471428519, 38.807922832255315 ], [ -122.040347143412063, 38.808551652495943 ], [ -122.039808153789608, 38.808551652712794 ], [ -122.039808153362117, 38.808821146960305 ], [ -122.039179333151608, 38.808821146771237 ] ] ] } },
{ "type": "Feature", "properties": { "csb_id": "061825012479307", "acres": 731.75248884753, "geoid": "06113" }, "geometry": { "type": "Polygon", "coordinates": [ [ [ -122.021213027369697, 38.823463686149758 ], [ -122.021482522581948, 38.823463686238526 ], [ -122.021482521899173, 38.823194191606902 ], [ -122.021213027682819, 38.823194191518162 ], [ -122.021213027369697, 38.823463686149758 ], [ -122.020943533591151, 38.823463686092275 ], [ -122.020943532851177, 38.822924697560296 ], [ -122.021482522335702, 38.822924696741566 ], [ -122.021482522180236, 38.821667055843349 ], [ -122.021841848269318, 38.821397561400673 ], [ -122.023009657844312, 38.82139756120079 ], [ -122.023009658862748, 38.821128066896684 ], [ -122.02327915261246, 38.82112806616415 ], [ -122.023638479384957, 38.820319582652452 ], [ -122.023638478515977, 38.819600930707466 ], [ -122.023907973434703, 38.819421267676958 ], [ -122.024806288737793, 38.819331435852419 ], [ -122.024806288480804, 38.818433120520389 ], [ -122.025075783814785, 38.818073794199847 ], [ -122.025435108999673, 38.818073794625462 ], [ -122.025435109724057, 38.81753480540597 ], [ -122.025075783836996, 38.817534805704199 ], [ -122.024536794701632, 38.816905984468491 ], [ -122.02327915288663, 38.816905985083032 ], [ -122.022111343473583, 38.81609750133552 ], [ -122.021572353828816, 38.816007669114917 ], [ -122.021482522539415, 38.816636489946795 ], [ -122.020943533348031, 38.816905984694706 ], [ -122.020045218194639, 38.816905984637167 ], [ -122.019416397017594, 38.816366995499578 ], [ -122.018518081887535, 38.816366995983287 ], [ -122.01851808231811, 38.816636489974115 ], [ -122.017979092925799, 38.816636489740219 ], [ -122.017619767166451, 38.816905984946146 ], [ -122.016990946033189, 38.816995815786221 ], [ -122.010523076157241, 38.816905984760602 ], [ -122.009894255139216, 38.816636490390756 ], [ -122.00926543389464, 38.816636489868173 ], [ -122.009265434303046, 38.816905984843949 ], [ -122.008636613425224, 38.816905985181954 ], [ -122.007738298719815, 38.816277164199846 ], [ -122.007468803645537, 38.814839859532981 ], [ -122.007738298362881, 38.814480533932709 ], [ -122.007738298810978, 38.812683902888956 ], [ -122.007199309001919, 38.812414408660132 ], [ -122.007199309119599, 38.811246598219249 ], [ -122.007468803759707, 38.811246598813973 ], [ -122.007468803982249, 38.809988956714314 ], [ -122.008097623960253, 38.809809294123987 ], [ -122.00809762448273, 38.809449968137692 ], [ -122.007468804147763, 38.808641483953352 ], [ -122.007468804096334, 38.808282157872767 ], [ -122.007738298095376, 38.808192326615092 ], [ -122.00782813030483, 38.807922831539599 ], [ -122.007738298229327, 38.806395695830247 ], [ -122.010433243722375, 38.806395695657045 ], [ -122.010433244454688, 38.806216033234776 ], [ -122.010792570238948, 38.806216032850536 ], [ -122.012674119852903, 38.806591588103224 ], [ -122.012853782792448, 38.806390476226419 ], [ -122.015454598940622, 38.805634672267352 ], [ -122.017104989348681, 38.806030579559959 ], [ -122.019548600402146, 38.807071976870759 ], [ -122.021527613841613, 38.807434811562864 ], [ -122.022839293672192, 38.808147542424784 ], [ -122.025435109427832, 38.808461821252592 ], [ -122.0256147728998, 38.808551652815289 ], [ -122.02561477290125, 38.810078788473419 ], [ -122.02570460468398, 38.810258451634162 ], [ -122.026063930760898, 38.810348283082263 ], [ -122.031363990295077, 38.810258452046149 ], [ -122.031992810750239, 38.81034828278321 ], [ -122.03199281082054, 38.81061777815659 ], [ -122.031363990706836, 38.810617777545716 ], [ -122.031363990691958, 38.810887272443601 ], [ -122.031992811695503, 38.810887272436929 ], [ -122.03199281082054, 38.81061777815659 ], [ -122.032262304994163, 38.810707609080104 ], [ -122.032262305331798, 38.810887272748445 ], [ -122.03289112647407, 38.810887271856757 ], [ -122.033789441995538, 38.810348282999115 ], [ -122.035047083166546, 38.810258451309743 ], [ -122.035047083118556, 38.811605924737727 ], [ -122.034687756899984, 38.811605925009161 ], [ -122.034418262648131, 38.811875419477673 ], [ -122.033789441662009, 38.811875418839819 ], [ -122.033789441083556, 38.812234745334038 ], [ -122.034148767974727, 38.81277373417317 ], [ -122.034148767684641, 38.813672049828305 ], [ -122.035047082975282, 38.813672050161216 ], [ -122.035136914617581, 38.815199185869488 ], [ -122.035047083245516, 38.814929691331187 ], [ -122.034687757263427, 38.814929690800156 ], [ -122.034687757482558, 38.8153788488885 ], [ -122.03441826107688, 38.81600766901645 ], [ -122.03172331653164, 38.816007669634331 ], [ -122.031723316410833, 38.816277164059805 ], [ -122.031992811440929, 38.816636489864074 ], [ -122.031992811104885, 38.817534805711354 ], [ -122.03262163208359, 38.81780429983894 ], [ -122.033160621117077, 38.818702614717481 ], [ -122.03378944189943, 38.818702615532388 ], [ -122.033789442069093, 38.818972109761539 ], [ -122.032262305947867, 38.819061941033134 ], [ -122.032262305580275, 38.819331436024576 ], [ -122.031363990731251, 38.819331435578142 ], [ -122.031363990783916, 38.820499245998896 ], [ -122.031992811147475, 38.82049924546655 ], [ -122.031992811706189, 38.820229751543351 ], [ -122.03226230569625, 38.820229750882291 ], [ -122.032262306126739, 38.821128066681247 ], [ -122.032891126763985, 38.821756887634969 ], [ -122.032891126753498, 38.82301452836635 ], [ -122.033250452351098, 38.823014529809406 ], [ -122.033250452767518, 38.823284023674681 ], [ -122.032621631913514, 38.823553518055746 ], [ -122.03262163143998, 38.82382301255354 ], [ -122.033250452823751, 38.824362001411231 ], [ -122.033789441438586, 38.824362001404623 ], [ -122.03378944166478, 38.824721327253584 ], [ -122.033160621203038, 38.824721327226058 ], [ -122.033160620717297, 38.824362002101203 ], [ -122.03262163161223, 38.824362001330314 ], [ -122.032621632309841, 38.824721327690291 ], [ -122.03046567421157, 38.82472132887596 ], [ -122.030465673873763, 38.824451833465773 ], [ -122.029926686269249, 38.824451833473759 ], [ -122.029926685420051, 38.824721327783649 ], [ -122.027231740434061, 38.824721327206895 ], [ -122.026602919065823, 38.824092507514727 ], [ -122.026333424472696, 38.824092506813521 ], [ -122.026063930074216, 38.824362002083632 ], [ -122.02597409878679, 38.82472132795349 ], [ -122.023009658735731, 38.824721327558422 ], [ -122.022740163603444, 38.82436200171275 ], [ -122.021482522782861, 38.824362001560644 ], [ -122.021213028236389, 38.824092506950542 ], [ -122.021213027369697, 38.823463686149758 ] ], [ [ -122.022111342470907, 38.823194191537553 ], [ -122.022740163180885, 38.823194191952339 ], [ -122.022740163521263, 38.822565370891468 ], [ -122.022111342322376, 38.822565370824044 ], [ -122.022111342470907, 38.823194191537553 ] ], [ [ -122.024806289194316, 38.822026381483269 ], [ -122.025435109656883, 38.822026381851003 ], [ -122.025435109254914, 38.820499246183857 ], [ -122.02507578313633, 38.820499246163479 ], [ -122.024806288422553, 38.820858572360336 ], [ -122.024806289194316, 38.822026381483269 ] ], [ [ -122.025704604172063, 38.819870425143961 ], [ -122.02543510919665, 38.819870425007068 ], [ -122.025435109459892, 38.820229751074528 ], [ -122.025704604643877, 38.82022975145275 ], [ -122.025704604172063, 38.819870425143961 ] ] ] } },
{ "type": "Feature", "properties": { "csb_id": "061825012479312", "acres": 16.689619123758501, "geoid": "06113" }, "geometry": { "type": "Polygon", "coordinates": [ [ [ -122.012344094083247, 38.806260071264951 ], [ -122.010163748083684, 38.805856707189754 ], [ -122.010163750247528, 38.80549738064925 ], [ -122.010433241786146, 38.804958391559708 ], [ -122.010792568718102, 38.804958391446576 ], [ -122.011690884778673, 38.804329570884533 ], [ -122.011690883931323, 38.80370075140862 ], [ -122.01133155826642, 38.803700750557475 ], [ -122.011331560119885, 38.803431256581284 ], [ -122.012229875596731, 38.803431256218516 ], [ -122.012229872271604, 38.803700750300436 ], [ -122.013128188790347, 38.803700750397255 ], [ -122.013128189395616, 38.804688897142604 ], [ -122.013487516708679, 38.804688897179986 ], [ -122.013757011074574, 38.804958391147331 ], [ -122.014385829540387, 38.804958392244174 ], [ -122.0149248201608, 38.805227885733245 ], [ -122.014924820882612, 38.805497380209147 ], [ -122.012344094083247, 38.806260071264951 ] ], [ [ -122.011690885389569, 38.805317718126283 ], [ -122.011421389587682, 38.805227885942621 ], [ -122.011421390035991, 38.805317717694827 ], [ -122.011690885389569, 38.805317718126283 ] ] ] } },
{ "type": "Feature", "properties": { "csb_id": "061825012479314", "acres": 70.989548026989098, "geoid": "06113" }, "geometry": { "type": "Polygon", "coordinates": [ [ [ -121.961385229919472, 38.805587212321974 ], [ -121.961475061053122, 38.805856706422908 ], [ -121.96147506125395, 38.805587212556034 ], [ -121.961385229919472, 38.805587212321974 ], [ -121.962642871728505, 38.805227886068991 ], [ -121.962642871417955, 38.805856706594064 ], [ -121.963810679949916, 38.805856707263132 ], [ -121.963810681173598, 38.805497380973037 ], [ -121.96497849107412, 38.805497380214213 ], [ -121.96497849081257, 38.805856706608182 ], [ -121.96560731172039, 38.805856706395979 ], [ -121.966146300128059, 38.805227885921298 ], [ -121.966505627281052, 38.805227885776326 ], [ -121.966505626735625, 38.805856707028433 ], [ -121.966775120925718, 38.806126201092283 ], [ -121.968302257393489, 38.806126201759874 ], [ -121.968302257237639, 38.807294010983327 ], [ -121.969200572901272, 38.807294011482718 ], [ -121.969200572842695, 38.80765333773725 ], [ -121.968841246409696, 38.807653337418856 ], [ -121.968571752206643, 38.80792283194188 ], [ -121.968571752234894, 38.808551652435078 ], [ -121.969470067157729, 38.809090642016749 ], [ -121.969470066993765, 38.809449967716432 ], [ -121.961744555892125, 38.809449968079576 ], [ -121.961744555160294, 38.809090641492865 ], [ -121.960846241115448, 38.809090642017402 ], [ -121.960846240683367, 38.807383842916757 ], [ -121.96048691446569, 38.807294011347032 ], [ -121.960486914512487, 38.806755022411714 ], [ -121.960217419687467, 38.806755022317986 ], [ -121.960217420054605, 38.805856706905089 ], [ -121.961385229919472, 38.805587212321974 ] ] ] } },
{ "type": "Feature", "properties": { "csb_id": "061825012479326", "acres": 3.2496028331169899, "geoid": "06113" }, "geometry": { "type": "Polygon", "coordinates": [ [ [ -121.978453219742804, 38.804329570818879 ], [ -121.978453219677107, 38.804599065146569 ], [ -121.978722715057046, 38.804599065410102 ], [ -121.978722714426198, 38.805497380689552 ], [ -121.979082040592502, 38.805497380679753 ], [ -121.979082040991045, 38.805856707054396 ], [ -121.977554904733395, 38.806395696227618 ], [ -121.977554905279007, 38.805856706971213 ], [ -121.978183725449142, 38.805856706978204 ], [ -121.978183725672338, 38.804329570827839 ], [ -121.978453219742804, 38.804329570818879 ] ] ] } },
{ "type": "Feature", "properties": { "csb_id": "061825012479335", "acres": 14.0945671768973, "geoid": "06113" }, "geometry": { "type": "Polygon", "coordinates": [ [ [ -121.966505627281052, 38.805227885776326 ], [ -121.966146300128059, 38.805227885921298 ], [ -121.96560731172039, 38.805856706395979 ], [ -121.96497849081257, 38.805856706608182 ], [ -121.96497849107412, 38.805497380214213 ], [ -121.965247985329796, 38.805497381113149 ], [ -121.965247985649526, 38.805227886085206 ], [ -121.96524798511652, 38.805048222897661 ], [ -121.964708996399125, 38.805227886141132 ], [ -121.964708996544303, 38.804688897069418 ], [ -121.964978490922419, 38.804599065384181 ], [ -121.964978490457071, 38.803700749773455 ], [ -121.964439502104057, 38.803700749963816 ], [ -121.964439501425886, 38.804060075813474 ], [ -121.964080175192024, 38.804060076561157 ], [ -121.963810680997753, 38.803790581396449 ], [ -121.963810681102174, 38.80343125541922 ], [ -121.964080176155903, 38.803251592541244 ], [ -121.964978491097654, 38.803251592736089 ], [ -121.965607311561129, 38.803431255882934 ], [ -121.96560731113604, 38.803700750245568 ], [ -121.965876806096674, 38.803700750049444 ], [ -121.965876806588895, 38.804060076243822 ], [ -121.966775121415253, 38.804149907808188 ], [ -121.966775121633304, 38.804419402052716 ], [ -121.967134447983128, 38.804419402178475 ], [ -121.968302257492851, 38.805587212498914 ], [ -121.968302257393489, 38.806126201759874 ], [ -121.966775120925718, 38.806126201092283 ], [ -121.966505626735625, 38.805856707028433 ], [ -121.966505627281052, 38.805227885776326 ] ], [ [ -121.965607311703906, 38.80441940216528 ], [ -121.9653378166403, 38.804419402152355 ], [ -121.96533781739457, 38.804599065328908 ], [ -121.965607312002703, 38.8045990655826 ], [ -121.965607311703906, 38.80441940216528 ] ] ] } },
{ "type": "Feature", "properties": { "csb_id": "061825012479341", "acres": 66.405603259254605, "geoid": "06113" }, "geometry": { "type": "Polygon", "coordinates": [ [ [ -122.025614772556224, 38.808192326067783 ], [ -122.022932898475077, 38.807876468740183 ], [ -122.02154489542059, 38.80716145728649 ], [ -122.019416396865026, 38.806755022504575 ], [ -122.016601441782896, 38.805617390216625 ], [ -122.015553641776279, 38.805407549392768 ], [ -122.014924820882612, 38.805497380209147 ], [ -122.0149248201608, 38.805227885733245 ], [ -122.014655326211169, 38.805048222991253 ], [ -122.013757011074574, 38.804958391147331 ], [ -122.013487516708679, 38.804688897179986 ], [ -122.013128189395616, 38.804688897142604 ], [ -122.013128188790347, 38.803700750397255 ], [ -122.012229872271604, 38.803700750300436 ], [ -122.012229875271856, 38.803341424241644 ], [ -122.015245020395341, 38.803650044190313 ], [ -122.016901113729844, 38.804599065414486 ], [ -122.017767321734212, 38.804772148955671 ], [ -122.020045217404359, 38.804599065465737 ], [ -122.025435109905217, 38.804599065430644 ], [ -122.025614772783896, 38.804958391680358 ], [ -122.025614773071979, 38.807653337138042 ], [ -122.025614772556224, 38.808192326067783 ] ] ] } },
{ "type": "Feature", "properties": { "csb_id": "061825012479344", "acres": 39.850251183723202, "geoid": "06113" }, "geometry": { "type": "Polygon", "coordinates": [ [ [ -121.97063787698329, 38.809988957391361 ], [ -121.970637876865865, 38.809719462687831 ], [ -121.969470066993765, 38.809449967716432 ], [ -121.969470067157729, 38.809090642016749 ], [ -121.968571752234894, 38.808551652435078 ], [ -121.968571752206643, 38.80792283194188 ], [ -121.968841246409696, 38.807653337418856 ], [ -121.969200572842695, 38.80765333773725 ], [ -121.969200572901272, 38.807294011482718 ], [ -121.968302257237639, 38.807294010983327 ], [ -121.968302257492851, 38.805587212498914 ], [ -121.967134447983128, 38.804419402178475 ], [ -121.966775121633304, 38.804419402052716 ], [ -121.966775121415253, 38.804149907808188 ], [ -121.968302256978518, 38.804329571160487 ], [ -121.968302257840577, 38.803700750308117 ], [ -121.968571752444703, 38.803700749881997 ], [ -121.968571751840656, 38.804060076388218 ], [ -121.969200572937964, 38.804599065525714 ], [ -121.969470067011443, 38.804599065825528 ], [ -121.969470067319705, 38.803431255633292 ], [ -121.969739561869261, 38.803431255242465 ], [ -121.970368382219846, 38.803700750470213 ], [ -121.970368382245141, 38.80432957125722 ], [ -121.971266698029837, 38.804329571123461 ], [ -121.97126669791831, 38.804599065307308 ], [ -121.970637877187031, 38.804599065053715 ], [ -121.970637877414475, 38.805497380962009 ], [ -121.970997203587331, 38.805856706553115 ], [ -121.971895517227438, 38.805856707291191 ], [ -121.971895517979419, 38.806395695609304 ], [ -121.971266697742877, 38.806395696037356 ], [ -121.971266698169444, 38.807024516715934 ], [ -121.971895519036252, 38.80702451639204 ], [ -121.971895518570904, 38.808551652465681 ], [ -121.971536192232151, 38.808551652509991 ], [ -121.971536191310506, 38.809180473184952 ], [ -121.970997203225579, 38.809719462777331 ], [ -121.970997203237616, 38.809988956862597 ], [ -121.97063787698329, 38.809988957391361 ] ] ] } },
{ "type": "Feature", "properties": { "csb_id": "061825012479346", "acres": 17.4824150807184, "geoid": "06113" }, "geometry": { "type": "Polygon", "coordinates": [ [ [ -122.004773858316966, 38.805497380711245 ], [ -122.004773857578996, 38.805227885980081 ], [ -122.005133183541119, 38.805227886106465 ], [ -122.005133184200659, 38.804688896559881 ], [ -122.004504362817798, 38.804688896859737 ], [ -122.003246722225398, 38.804329570571454 ], [ -122.003246721522729, 38.8033414239978 ], [ -122.005672172978535, 38.803161761070868 ], [ -122.006570488863687, 38.80379058142848 ], [ -122.007468803536355, 38.804060076667888 ], [ -122.00698297699293, 38.805281048584632 ], [ -122.007199308785289, 38.805856706523898 ], [ -122.005402678290338, 38.805856706502055 ], [ -122.005402678835694, 38.805497380730358 ], [ -122.004773858316966, 38.805497380711245 ] ] ] } },
{ "type": "Feature", "properties": { "csb_id": "061825012479349", "acres": 8.2107234863621095, "geoid": "06113" }, "geometry": { "type": "Polygon", "coordinates": [ [ [ -122.019416396777331, 38.804419402223076 ], [ -122.016990945142226, 38.804329570535153 ], [ -122.016451956678509, 38.803970244798144 ], [ -122.01645195622423, 38.803700750015139 ], [ -122.01609263063655, 38.803700749991584 ], [ -122.01609263039073, 38.803431255456893 ], [ -122.016990945290672, 38.803161760591848 ], [ -122.018248587517675, 38.80343125506964 ], [ -122.019685891395397, 38.80343125576551 ], [ -122.020045217351594, 38.803700750144003 ], [ -122.020045217883208, 38.804060076338622 ], [ -122.019416397105232, 38.804060076498402 ], [ -122.019416396777331, 38.804419402223076 ] ] ] } },
{ "type": "Feature", "properties": { "csb_id": "061825012479363", "acres": 13.335198857754399, "geoid": "06113" }, "geometry": { "type": "Polygon", "coordinates": [ [ [ -121.983843112017098, 38.805227885925838 ], [ -121.983843111828577, 38.804149907296846 ], [ -121.984202438125394, 38.804149907648593 ], [ -121.984202438496197, 38.802532940377468 ], [ -121.986807551899602, 38.802532940562926 ], [ -121.986538057542688, 38.802622771573198 ], [ -121.986538057150796, 38.802982097584227 ], [ -121.986268562965861, 38.803251592689335 ], [ -121.986268562781973, 38.803790581690969 ], [ -121.986897383699159, 38.803790581631063 ], [ -121.986897383958151, 38.804149907923616 ], [ -121.985999068721682, 38.804149907854637 ], [ -121.985999068910203, 38.804419402563994 ], [ -121.985639741934946, 38.804688897124919 ], [ -121.98510075309315, 38.804688896843061 ], [ -121.985100753190935, 38.805317717208546 ], [ -121.983843112017098, 38.805227885925838 ] ] ] } },
{ "type": "Feature", "properties": { "csb_id": "061825012479364", "acres": 3.9323438987698598, "geoid": "06113" }, "geometry": { "type": "Polygon", "coordinates": [ [ [ -121.967044616475732, 38.803700750382617 ], [ -121.967044615973052, 38.80316176059754 ], [ -121.966775121935967, 38.802802434491319 ], [ -121.966505627114771, 38.802802434547054 ], [ -121.966505627237026, 38.802263445530954 ], [ -121.967044615762603, 38.802263446069574 ], [ -121.9674039428089, 38.802532940500498 ], [ -121.967403941678867, 38.802802434566075 ], [ -121.96857175258971, 38.802802434891291 ], [ -121.968571751671988, 38.80316176050723 ], [ -121.968302257890244, 38.803431255737628 ], [ -121.967942931482028, 38.803431255427974 ], [ -121.967942931224044, 38.803700749757716 ], [ -121.967044616475732, 38.803700750382617 ] ] ] } },
{ "type": "Feature", "properties": { "csb_id": "061825012479365", "acres": 468.89763169228303, "geoid": "06113" }, "geometry": { "type": "Polygon", "coordinates": [ [ [ -121.973961644295855, 38.814480534498209 ], [ -121.974231137136954, 38.814480533481877 ], [ -121.974231137310383, 38.814211039445361 ], [ -121.973961643226374, 38.814211040943363 ], [ -121.973961644295855, 38.814480534498209 ], [ -121.973692150335395, 38.814480535168876 ], [ -121.973692149328656, 38.815109354672103 ], [ -121.973332823771059, 38.815109354664777 ], [ -121.973063328103549, 38.815378848782601 ], [ -121.97306332871635, 38.815738174642121 ], [ -121.972793834342738, 38.816007670904284 ], [ -121.971626023905444, 38.815738174698794 ], [ -121.971266697444889, 38.814839859883307 ], [ -121.972434507802049, 38.814839859796216 ], [ -121.972434509017248, 38.814570366954086 ], [ -121.972165013264018, 38.814300871329642 ], [ -121.971626024389749, 38.814300871240903 ], [ -121.971626024223198, 38.813672049387286 ], [ -121.97189551905511, 38.813582218895696 ], [ -121.971895517334985, 38.813312722514532 ], [ -121.972434506878002, 38.813312723421689 ], [ -121.972434507561516, 38.812773736349648 ], [ -121.973332823097977, 38.812144915914203 ], [ -121.973332821649294, 38.811785588224843 ], [ -121.972793832193631, 38.81124659881015 ], [ -121.972165013260195, 38.810887273350886 ], [ -121.971895518830834, 38.810887272142033 ], [ -121.971895519260514, 38.809719462116121 ], [ -121.972165011927387, 38.809719463702422 ], [ -121.972165012883266, 38.809449967561314 ], [ -121.971895518016666, 38.80918047558113 ], [ -121.971536191310506, 38.809180473184952 ], [ -121.971536192232151, 38.808551652509991 ], [ -121.971895518570904, 38.808551652465681 ], [ -121.971895519036252, 38.80702451639204 ], [ -121.971266698169444, 38.807024516715934 ], [ -121.971266697742877, 38.806395696037356 ], [ -121.971895517979419, 38.806395695609304 ], [ -121.971895517227438, 38.805856707291191 ], [ -121.970997203587331, 38.805856706553115 ], [ -121.970637877414475, 38.805497380962009 ], [ -121.970637877187031, 38.804599065053715 ], [ -121.97126669791831, 38.804599065307308 ], [ -121.971266698029837, 38.804329571123461 ], [ -121.970368382245141, 38.80432957125722 ], [ -121.970368382219846, 38.803700750470213 ], [ -121.969739561869261, 38.803431255242465 ], [ -121.969470067319705, 38.803431255633292 ], [ -121.969470067011443, 38.804599065825528 ], [ -121.969200572937964, 38.804599065525714 ], [ -121.968571751840656, 38.804060076388218 ], [ -121.968571752444703, 38.803700749881997 ], [ -121.968302257840577, 38.803700750308117 ], [ -121.968302256978518, 38.804329571160487 ], [ -121.967403941760054, 38.804149907472521 ], [ -121.966146300892149, 38.804149907768107 ], [ -121.965876806588895, 38.804060076243822 ], [ -121.965876808078178, 38.803431256064449 ], [ -121.965337817596136, 38.803431255492448 ], [ -121.964978491097654, 38.803251592736089 ], [ -121.964080176155903, 38.803251592541244 ], [ -121.963810681102174, 38.80343125541922 ], [ -121.963810680822263, 38.803161760789862 ], [ -121.963541186377043, 38.80316176236542 ], [ -121.963541187405482, 38.802532942037807 ], [ -121.96408017668027, 38.80235327921423 ], [ -121.964080176575379, 38.802532941873395 ], [ -121.964708996414075, 38.80262277177664 ], [ -121.96524798594433, 38.802263445642311 ], [ -121.966505627237026, 38.802263445530954 ], [ -121.966505627114771, 38.802802434547054 ], [ -121.966775121935967, 38.802802434491319 ], [ -121.967044615973052, 38.80316176059754 ], [ -121.967044616475732, 38.803700750382617 ], [ -121.967942931224044, 38.803700749757716 ], [ -121.967942931482028, 38.803431255427974 ], [ -121.968302257890244, 38.803431255737628 ], [ -121.968571751671988, 38.80316176050723 ], [ -121.96857175258971, 38.802802434891291 ], [ -121.967403941678867, 38.802802434566075 ], [ -121.967403941700567, 38.802263446923476 ], [ -121.972165011771139, 38.802353277723967 ], [ -121.973332821759826, 38.802532940100058 ], [ -121.974231137003144, 38.802353277301464 ], [ -121.976656588752121, 38.80253294033831 ], [ -121.984202438496197, 38.802532940377468 ], [ -121.984202438125394, 38.804149907648593 ], [ -121.983843111828577, 38.804149907296846 ], [ -121.983843111187412, 38.805946537995901 ], [ -121.984202437872582, 38.805946538315936 ], [ -121.98420243822666, 38.806485527762824 ], [ -121.983843112017666, 38.807922831705341 ], [ -121.984112606626837, 38.808282157705371 ], [ -121.983843111187937, 38.808641483964927 ], [ -121.9838431122445, 38.809180472831557 ], [ -121.984471932921664, 38.809180472905418 ], [ -121.984471932465439, 38.808910978416222 ], [ -121.984741426769006, 38.808910978505956 ], [ -121.98537024799414, 38.809539799179213 ], [ -121.985370247396091, 38.810078789025589 ], [ -121.985100752940838, 38.810078788481789 ], [ -121.985100753481916, 38.810348283483933 ], [ -121.985370247603413, 38.810617777800744 ], [ -121.98590923746444, 38.810707609397106 ], [ -121.985909237470693, 38.813133060541276 ], [ -121.986538057624472, 38.813312724887069 ], [ -121.986538058293334, 38.813941546478475 ], [ -121.986897384672716, 38.814031376649297 ], [ -121.986807551342068, 38.814480533022682 ], [ -121.987436372554768, 38.814570365377286 ], [ -121.98743637298017, 38.815738174662812 ], [ -121.988604181242351, 38.816277164445744 ], [ -121.988604182170747, 38.816905984443416 ], [ -121.983214291334107, 38.81690598454928 ], [ -121.982315975409932, 38.816277165599821 ], [ -121.981148164265278, 38.816366994620083 ], [ -121.98087867180638, 38.816905984636513 ], [ -121.979980355665674, 38.816905985116392 ], [ -121.979710861534656, 38.816726323039568 ], [ -121.979710861709933, 38.816366996414089 ], [ -121.979082041276911, 38.816726322686591 ], [ -121.978722715044753, 38.816726321925167 ], [ -121.978453219803214, 38.816636489708777 ], [ -121.97845321975683, 38.816097503236719 ], [ -121.979082041893832, 38.815738174680533 ], [ -121.979082040539353, 38.81492969244308 ], [ -121.978812544689276, 38.814929690408334 ], [ -121.978453220217574, 38.815738176979231 ], [ -121.977914229591306, 38.81582800687756 ], [ -121.977554903416518, 38.816097501279501 ], [ -121.977554904481934, 38.81663648888361 ], [ -121.977824400100417, 38.816636492282605 ], [ -121.977824399359591, 38.816277164151025 ], [ -121.978183725795418, 38.816277164219379 ], [ -121.978183725692162, 38.817534804921031 ], [ -121.977285410458165, 38.817534806227364 ], [ -121.977285409723706, 38.816905983985947 ], [ -121.97548877881313, 38.816905986228981 ], [ -121.974859957283172, 38.816636490196615 ], [ -121.972793834054073, 38.816636490536489 ], [ -121.972793833335857, 38.816277164026218 ], [ -121.973332822890853, 38.816277163880407 ], [ -121.973692149023222, 38.816007669529348 ], [ -121.973961643951654, 38.815378850021197 ], [ -121.973961644295855, 38.814480534498209 ] ], [ [ -121.984112606420609, 38.812144914176486 ], [ -121.985010921908255, 38.81241440803835 ], [ -121.985370247758496, 38.812144913839667 ], [ -121.985370247889747, 38.811516093429319 ], [ -121.985010921570407, 38.81151609329337 ], [ -121.985010921361237, 38.811246598260098 ], [ -121.983843111974679, 38.811246598479151 ], [ -121.984112606420609, 38.812144914176486 ] ], [ [ -121.973332822277854, 38.81421103937447 ], [ -121.973063327074442, 38.814211039158216 ], [ -121.973063328810298, 38.814480533708839 ], [ -121.973332823084561, 38.81448053526578 ], [ -121.973332822277854, 38.81421103937447 ] ], [ [ -121.972434508445659, 38.81403137637799 ], [ -121.97279383256415, 38.813941544430435 ], [ -121.972793834062827, 38.813672049412759 ], [ -121.972434508037225, 38.813582219425342 ], [ -121.972434507790751, 38.81394154473854 ], [ -121.97216501341434, 38.814031376165644 ], [ -121.972434508445659, 38.81403137637799 ] ], [ [ -121.980878671722593, 38.811785587199417 ], [ -121.98114816486823, 38.811785589305572 ], [ -121.981417659124673, 38.811516092798648 ], [ -121.981417661228747, 38.810887273777766 ], [ -121.980878671068879, 38.810617777858042 ], [ -121.979980356210845, 38.810617778050485 ], [ -121.979980355563569, 38.810887272030577 ], [ -121.980249851091841, 38.811246598120768 ], [ -121.980519344887199, 38.811516092533545 ], [ -121.980878671289304, 38.811516092713504 ], [ -121.980878671722593, 38.811785587199417 ] ], [ [ -121.980249850900861, 38.813312725432802 ], [ -121.979980355292753, 38.813312723466879 ], [ -121.979980356706349, 38.81358221985554 ], [ -121.98024985124934, 38.81358221948517 ], [ -121.980249850900861, 38.813312725432802 ] ], [ [ -121.974231136582063, 38.815738174213784 ], [ -121.974590463940359, 38.815738174673221 ], [ -121.974590463775129, 38.815378850805047 ], [ -121.97423113818715, 38.815378850345596 ], [ -121.974231136582063, 38.815738174213784 ] ], [ [ -121.979082039826878, 38.814570364887018 ], [ -121.979082039845991, 38.814839859968792 ], [ -121.979621029398857, 38.81510935441343 ], [ -121.98024985053911, 38.815109356252179 ], [ -121.980249850996117, 38.814839861058708 ], [ -121.979980355758727, 38.814480535626323 ], [ -121.979082039826878, 38.814570364887018 ] ], [ [ -121.977554904733395, 38.806395696227618 ], [ -121.979082040991045, 38.805856707054396 ], [ -121.979082040592502, 38.805497380679753 ], [ -121.978722714426198, 38.805497380689552 ], [ -121.978722715057046, 38.804599065410102 ], [ -121.978453219677107, 38.804599065146569 ], [ -121.978453219742804, 38.804329570818879 ], [ -121.978183725672338, 38.804329570827839 ], [ -121.978183725449142, 38.805856706978204 ], [ -121.977554905279007, 38.805856706971213 ], [ -121.977554904733395, 38.806395696227618 ] ] ] } },
{ "type": "Feature", "properties": { "csb_id": "061825012479369", "acres": 6.9512953228038104, "geoid": "06113" }, "geometry": { "type": "Polygon", "coordinates": [ [ [ -122.019416396777331, 38.804419402223076 ], [ -122.019416397105232, 38.804060076498402 ], [ -122.020045217883208, 38.804060076338622 ], [ -122.020045217351594, 38.803700750144003 ], [ -122.019685891395397, 38.80343125576551 ], [ -122.018248587517675, 38.80343125506964 ], [ -122.016990945290672, 38.803161760591848 ], [ -122.016990945433065, 38.802802434746333 ], [ -122.017350272125427, 38.802263445406339 ], [ -122.017619766817859, 38.802263445469968 ], [ -122.017619766774445, 38.802802435179807 ], [ -122.018787576654518, 38.802802434650502 ], [ -122.019146902367964, 38.80253293999543 ], [ -122.019685892096291, 38.802532940410039 ], [ -122.020045217298815, 38.802802434900336 ], [ -122.020584206816551, 38.804329570847528 ], [ -122.019416396777331, 38.804419402223076 ] ] ] } },
{ "type": "Feature", "properties": { "csb_id": "061825012479371", "acres": 6.77836181599507, "geoid": "06113" }, "geometry": { "type": "Polygon", "coordinates": [ [ [ -122.252708876485144, 38.801185467194131 ], [ -122.252978370744941, 38.80073631011269 ], [ -122.253337697620665, 38.800736309807192 ], [ -122.254775001929858, 38.801904119067785 ], [ -122.255403822021449, 38.802532940446227 ], [ -122.255403822203306, 38.802802434567489 ], [ -122.254505507226412, 38.802802434929859 ], [ -122.254236012249365, 38.80253294055818 ], [ -122.253607191553726, 38.802353276875237 ], [ -122.253337697470755, 38.801904119484753 ], [ -122.252708876228056, 38.801904119290676 ], [ -122.252708876485144, 38.801185467194131 ] ] ] } },
{ "type": "Feature", "properties": { "csb_id": "061825012479379", "acres": 4.1055260819798596, "geoid": "06113" }, "geometry": { "type": "Polygon", "coordinates": [ [ [ -122.256571632239059, 38.80190411971423 ], [ -122.256302137238862, 38.801185467754095 ], [ -122.25567331671202, 38.801005803916553 ], [ -122.255673316534342, 38.800197320983273 ], [ -122.256302138033519, 38.800197320482368 ], [ -122.257200453140499, 38.800826141260472 ], [ -122.257200452767194, 38.801724457742317 ], [ -122.256571632239059, 38.80190411971423 ] ] ] } },
{ "type": "Feature", "properties": { "csb_id": "061825012479385", "acres": 3.2497533070173601, "geoid": "06113" }, "geometry": { "type": "Polygon", "coordinates": [ [ [ -121.994892389669545, 38.801365130794352 ], [ -121.995161884538277, 38.801365129876864 ], [ -121.995521210567219, 38.801634624533193 ], [ -121.996060200077466, 38.802263445569018 ], [ -121.996060199918006, 38.802532939968188 ], [ -121.995790704861307, 38.802802435183253 ], [ -121.99516188428521, 38.802802434914973 ], [ -121.994622894992716, 38.802532940552098 ], [ -121.994622895357793, 38.8022634453989 ], [ -121.994892390187985, 38.802263445791063 ], [ -121.994892389669545, 38.801365130794352 ] ] ] } },
{ "type": "Feature", "properties": { "csb_id": "061825012479394", "acres": 21.873257734443602, "geoid": "06113" }, "geometry": { "type": "Polygon", "coordinates": [ [ [ -122.010792570075694, 38.803610918834963 ], [ -122.008367119255936, 38.803700750336908 ], [ -122.007738298313868, 38.803431255845787 ], [ -122.007468803444766, 38.802802434593936 ], [ -122.007468803770124, 38.802263445234225 ], [ -122.007738297950354, 38.802263445603856 ], [ -122.007828129498733, 38.80163462486567 ], [ -122.008367118989767, 38.801365130119464 ], [ -122.009265434304723, 38.801634624722517 ], [ -122.01043324399501, 38.801634624872065 ], [ -122.010433244062639, 38.801365130196231 ], [ -122.009894254898541, 38.801365130159439 ], [ -122.00989425453929, 38.800736309462337 ], [ -122.010163749752891, 38.800736309600637 ], [ -122.010163749808669, 38.801005804019056 ], [ -122.011690885244121, 38.801005804472176 ], [ -122.011690885286598, 38.801634624884663 ], [ -122.011960380285274, 38.801634624653687 ], [ -122.011960379950082, 38.801904119683329 ], [ -122.011421391096135, 38.802083782523653 ], [ -122.011421390873664, 38.80226344621525 ], [ -122.01169088532906, 38.802263445335221 ], [ -122.011690883913559, 38.802982098038079 ], [ -122.010792570075694, 38.803610918834963 ] ] ] } },
{ "type": "Feature", "properties": { "csb_id": "061825012479396", "acres": 7.4129846522524199, "geoid": "06113" }, "geometry": { "type": "Polygon", "coordinates": [ [ [ -121.925542449964709, 38.801904119376168 ], [ -121.924644134791038, 38.802083782304997 ], [ -121.924284808646604, 38.801904119787835 ], [ -121.923745819419906, 38.801904119116976 ], [ -121.923745819375767, 38.800736310063442 ], [ -121.924015313592434, 38.800736309850926 ], [ -121.92401531424666, 38.80046681518737 ], [ -121.925542449703869, 38.800466814942922 ], [ -121.925811944317985, 38.801365130684587 ], [ -121.926081438752405, 38.801365130132531 ], [ -121.926081439346632, 38.802263445400776 ], [ -121.925542450573658, 38.802083782783747 ], [ -121.925542449964709, 38.801904119376168 ] ] ] } },
{ "type": "Feature", "properties": { "csb_id": "061825012479401", "acres": 3.22093993033441, "geoid": "06113" }, "geometry": { "type": "Polygon", "coordinates": [ [ [ -122.018787576845128, 38.802263445829027 ], [ -122.019416397031137, 38.801365130337366 ], [ -122.019416397365831, 38.800826141484457 ], [ -122.019146902673683, 38.80073630983572 ], [ -122.019416396652602, 38.800736309559646 ], [ -122.019416397379445, 38.800466815025374 ], [ -122.019685891796001, 38.800466814780371 ], [ -122.020045217835033, 38.800736309622891 ], [ -122.02004521836507, 38.801904119493379 ], [ -122.019685891827521, 38.802263445829198 ], [ -122.018787576845128, 38.802263445829027 ] ] ] } },
{ "type": "Feature", "properties": { "csb_id": "061825012479402", "acres": 8.9706704036578095, "geoid": "06113" }, "geometry": { "type": "Polygon", "coordinates": [ [ [ -121.921949188827313, 38.801634624895641 ], [ -121.921949188653045, 38.801365130172975 ], [ -121.922488178108154, 38.801365130349772 ], [ -121.922488178336408, 38.800466815220567 ], [ -121.922488177907695, 38.800287151564739 ], [ -121.922218682931828, 38.800287151751675 ], [ -121.922218682807681, 38.799388836577101 ], [ -121.921949188911867, 38.799388836658103 ], [ -121.921949188830141, 38.79893967946029 ], [ -121.922847504357861, 38.798939679189829 ], [ -121.922847504120398, 38.799299005220647 ], [ -121.923116998310576, 38.799299004902551 ], [ -121.923116998826231, 38.799837994212218 ], [ -121.923745819004353, 38.800197320605221 ], [ -121.923745819593137, 38.800466814781075 ], [ -121.92401531424666, 38.80046681518737 ], [ -121.924015313592434, 38.800736309850926 ], [ -121.923745819375767, 38.800736310063442 ], [ -121.923745819419906, 38.801904119116976 ], [ -121.922218683728261, 38.801904119508379 ], [ -121.921949188827313, 38.801634624895641 ] ] ] } },
{ "type": "Feature", "properties": { "csb_id": "061825012479406", "acres": 3.4132677293459999, "geoid": "06113" }, "geometry": { "type": "Polygon", "coordinates": [ [ [ -122.023279153394043, 38.800197320751479 ], [ -122.023638478847602, 38.800197320320308 ], [ -122.023907973612879, 38.800736309278335 ], [ -122.02390797295412, 38.801365130286875 ], [ -122.022111342761548, 38.801365130547623 ], [ -122.022111343103475, 38.800736309239738 ], [ -122.02300965797474, 38.800736309820628 ], [ -122.023279152252499, 38.800466814738023 ], [ -122.023279153394043, 38.800197320751479 ] ] ] } },
{ "type": "Feature", "properties": { "csb_id": "061825012479407", "acres": 5.2304804640000402, "geoid": "06113" }, "geometry": { "type": "Polygon", "coordinates": [ [ [ -122.01312819033177, 38.800736310004027 ], [ -122.010163749808669, 38.801005804019056 ], [ -122.010163749697114, 38.800466815189182 ], [ -122.009534928781946, 38.800466815420755 ], [ -122.009534928497018, 38.80019732063959 ], [ -122.012589201425016, 38.80019732067678 ], [ -122.013128190023892, 38.800466815140069 ], [ -122.01312819033177, 38.800736310004027 ] ] ] } },
{ "type": "Feature", "properties": { "csb_id": "061825012479408", "acres": 7.6437722823146697, "geoid": "06113" }, "geometry": { "type": "Polygon", "coordinates": [ [ [ -122.009265434304723, 38.801634624722517 ], [ -122.008367118989767, 38.801365130119464 ], [ -122.007828129498733, 38.80163462486567 ], [ -122.007738298809528, 38.801904119264059 ], [ -122.007468803718695, 38.801904119376715 ], [ -122.007468803992623, 38.801005804237199 ], [ -122.00764846672412, 38.800466815337472 ], [ -122.008097624015647, 38.800466815302237 ], [ -122.008367119573279, 38.800197320516482 ], [ -122.009534928497018, 38.80019732063959 ], [ -122.009534928781946, 38.800466815420755 ], [ -122.010163749697114, 38.800466815189182 ], [ -122.010163749752891, 38.800736309600637 ], [ -122.00989425453929, 38.800736309462337 ], [ -122.009894254898541, 38.801365130159439 ], [ -122.010433244062639, 38.801365130196231 ], [ -122.01043324399501, 38.801634624872065 ], [ -122.009265434304723, 38.801634624722517 ] ] ] } },
{ "type": "Feature", "properties": { "csb_id": "061825012479416", "acres": 4.5383062321420997, "geoid": "06113" }, "geometry": { "type": "Polygon", "coordinates": [ [ [ -122.253966518188776, 38.800287152320706 ], [ -122.253876686272591, 38.799927825428213 ], [ -122.253337697662829, 38.799837994561543 ], [ -122.252978371540308, 38.799568499822577 ], [ -122.252978370900507, 38.798939678826933 ], [ -122.25243938211716, 38.798670184498363 ], [ -122.252439381626701, 38.798131195706496 ], [ -122.25333769743014, 38.798041363443247 ], [ -122.253337697567559, 38.79849052140856 ], [ -122.253607191468802, 38.799029510221288 ], [ -122.254505506533363, 38.799658331178968 ], [ -122.254505507385218, 38.799927826212453 ], [ -122.254236012478771, 38.800287152184303 ], [ -122.253966518188776, 38.800287152320706 ] ] ] } },
{ "type": "Feature", "properties": { "csb_id": "061825012479417", "acres": 17.470188332136502, "geoid": "06113" }, "geometry": { "type": "Polygon", "coordinates": [ [ [ -121.972165013354342, 38.802083783494545 ], [ -121.970637877374244, 38.802083781861462 ], [ -121.970368382492865, 38.801904119389569 ], [ -121.969470067274983, 38.800287152326121 ], [ -121.969470067501248, 38.799299005293193 ], [ -121.969739562118804, 38.799029510647884 ], [ -121.97063787732661, 38.799029510424056 ], [ -121.970727708783656, 38.799568499568039 ], [ -121.970997204208857, 38.799837995342052 ], [ -121.973063328566965, 38.799927826457612 ], [ -121.973063328287665, 38.801365130231339 ], [ -121.972434508344676, 38.801365131032838 ], [ -121.972165013354342, 38.802083783494545 ] ] ] } },
{ "type": "Feature", "properties": { "csb_id": "061825012479424", "acres": 4.0960039488832596, "geoid": "06113" }, "geometry": { "type": "Polygon", "coordinates": [ [ [ -121.962014050428763, 38.799568499639349 ], [ -121.962014050876732, 38.799299005454614 ], [ -121.96228354479544, 38.799299005173651 ], [ -121.962283545651417, 38.798670184668431 ], [ -121.962642871390628, 38.798670184457592 ], [ -121.963181860016221, 38.798939679035556 ], [ -121.963810680750115, 38.798939678866581 ], [ -121.964080175013223, 38.799299005033092 ], [ -121.964080175639467, 38.799837995439148 ], [ -121.962912365771501, 38.799837994233734 ], [ -121.962912366200598, 38.7996583312434 ], [ -121.962014050428763, 38.799568499639349 ] ] ] } },
{ "type": "Feature", "properties": { "csb_id": "061825012479431", "acres": 25.989121538950801, "geoid": "06113" }, "geometry": { "type": "Polygon", "coordinates": [ [ [ -121.926710260041247, 38.80208378203988 ], [ -121.926710259421071, 38.801904119869903 ], [ -121.926081439458073, 38.801904119579731 ], [ -121.926081438752405, 38.801365130132531 ], [ -121.925811944317985, 38.801365130684587 ], [ -121.925542449703869, 38.800466814942922 ], [ -121.923745819593137, 38.800466814781075 ], [ -121.923745819004353, 38.800197320605221 ], [ -121.923116998826231, 38.799837994212218 ], [ -121.923116998310576, 38.799299004902551 ], [ -121.924015314365491, 38.799299005333324 ], [ -121.924913628582317, 38.798939678886789 ], [ -121.925183123334904, 38.798670184747031 ], [ -121.927608575504195, 38.798670184601384 ], [ -121.927608575254794, 38.799299005587457 ], [ -121.928237395381515, 38.800197320667969 ], [ -121.928237395733902, 38.801634625331239 ], [ -121.927608575238025, 38.802083782476167 ], [ -121.926710260041247, 38.80208378203988 ] ] ] } },
{ "type": "Feature", "properties": { "csb_id": "061825012479435", "acres": 5.2017376626541001, "geoid": "06113" }, "geometry": { "type": "Polygon", "coordinates": [ [ [ -121.989861824044468, 38.798400690342476 ], [ -121.989861823818529, 38.798670184358123 ], [ -121.990131318529549, 38.798670184868094 ], [ -121.990131318565076, 38.798400689752384 ], [ -121.989861824044468, 38.798400690342476 ], [ -121.989861824673255, 38.79804136369296 ], [ -121.990400813120402, 38.798041364262311 ], [ -121.99040081336075, 38.799299005358051 ], [ -121.990131319612843, 38.799837994996267 ], [ -121.989233004140559, 38.799837994663974 ], [ -121.989233003771588, 38.800197320652146 ], [ -121.988334688623851, 38.800197320192012 ], [ -121.988334688627418, 38.799837994308611 ], [ -121.98860418280772, 38.799568500629746 ], [ -121.989233004137489, 38.799568500241193 ], [ -121.989233004186389, 38.798670184609293 ], [ -121.989502498269601, 38.798670184770039 ], [ -121.989502498390024, 38.79840069013629 ], [ -121.989861824044468, 38.798400690342476 ] ] ] } },
{ "type": "Feature", "properties": { "csb_id": "061825012479437", "acres": 15.0570578798292, "geoid": "06113" }, "geometry": { "type": "Polygon", "coordinates": [ [ [ -121.9091032799857, 38.801724456544164 ], [ -121.90910328017091, 38.801454961739225 ], [ -121.909372775040367, 38.801454961405227 ], [ -121.909372774581783, 38.800826140839938 ], [ -121.908833785818004, 38.800826140782831 ], [ -121.908474459647266, 38.800556646812232 ], [ -121.907576144042807, 38.800556646924164 ], [ -121.907306649553291, 38.800287151593928 ], [ -121.907306649982061, 38.799658331025277 ], [ -121.907576144648829, 38.799029510430977 ], [ -121.908204964625824, 38.799029510452996 ], [ -121.908474459759276, 38.798760015897642 ], [ -121.908474460028856, 38.79849052164969 ], [ -121.909372774407117, 38.798490521865439 ], [ -121.909372774634406, 38.798670184157707 ], [ -121.91000159495654, 38.79867018450571 ], [ -121.91027108959976, 38.798400690002822 ], [ -121.910271090004102, 38.798041363370068 ], [ -121.91054058419337, 38.797771869534621 ], [ -121.910899911031592, 38.797771869156897 ], [ -121.910899910141666, 38.798041363589931 ], [ -121.911169404978182, 38.798041364056601 ], [ -121.911169405014718, 38.798400689691682 ], [ -121.910899910283064, 38.798400689843952 ], [ -121.910540584039737, 38.798670184328827 ], [ -121.910271089798513, 38.799299004989294 ], [ -121.910271089595213, 38.799837994457924 ], [ -121.909372774745165, 38.799927826166083 ], [ -121.909372775242559, 38.800197320072293 ], [ -121.90964226944989, 38.800197320149373 ], [ -121.909732101446295, 38.801365130165749 ], [ -121.910001595490471, 38.801365130421594 ], [ -121.910001595265868, 38.801634625944899 ], [ -121.910271090305642, 38.801634625614163 ], [ -121.910271090450678, 38.801904119426005 ], [ -121.9091032799857, 38.801724456544164 ] ], [ [ -121.910001595970328, 38.799388836865596 ], [ -121.90964226965265, 38.799299004808908 ], [ -121.909642269219944, 38.79956850003861 ], [ -121.910001595507623, 38.799568499653788 ], [ -121.910001595970328, 38.799388836865596 ] ] ] } },
{ "type": "Feature", "properties": { "csb_id": "061825012479448", "acres": 79.687447593052994, "geoid": "06113" }, "geometry": { "type": "Polygon", "coordinates": [ [ [ -122.020584206816551, 38.804329570847528 ], [ -122.020045217298815, 38.802802434900336 ], [ -122.019685892096291, 38.802532940410039 ], [ -122.019416397075005, 38.802532940066527 ], [ -122.019416396682828, 38.802263445726922 ], [ -122.019685891827521, 38.802263445829198 ], [ -122.02004521836507, 38.801904119493379 ], [ -122.020045217835033, 38.800736309622891 ], [ -122.019685891796001, 38.800466814780371 ], [ -122.019416397379445, 38.800466815025374 ], [ -122.019416396652602, 38.800736309559646 ], [ -122.019146902673683, 38.80073630983572 ], [ -122.019146902514422, 38.800287151700026 ], [ -122.019416397386266, 38.800287151800411 ], [ -122.019416397399851, 38.79992782535993 ], [ -122.019775723663685, 38.799927825485312 ], [ -122.020045217359353, 38.799658331180147 ], [ -122.020045217306603, 38.798760016285364 ], [ -122.019775723176068, 38.798490521217204 ], [ -122.019775722852998, 38.798131195456008 ], [ -122.023009658408355, 38.797861700355142 ], [ -122.023009657993285, 38.797592206059122 ], [ -122.023368983866348, 38.797592206333029 ], [ -122.023368983994558, 38.79813119565582 ], [ -122.023907973184407, 38.798131195814527 ], [ -122.023907973644626, 38.798760016425199 ], [ -122.024177467765213, 38.798760016227796 ], [ -122.024267299718446, 38.798490521731878 ], [ -122.02561477290169, 38.798400689533992 ], [ -122.025614772612528, 38.80370074972835 ], [ -122.025435109196053, 38.804060076313533 ], [ -122.025075783815012, 38.804329570332555 ], [ -122.020584206816551, 38.804329570847528 ] ], [ [ -122.023638478847602, 38.800197320320308 ], [ -122.023279153394043, 38.800197320751479 ], [ -122.023279152252499, 38.800466814738023 ], [ -122.02300965797474, 38.800736309820628 ], [ -122.022111343103475, 38.800736309239738 ], [ -122.022111342761548, 38.801365130547623 ], [ -122.02390797295412, 38.801365130286875 ], [ -122.023907973612879, 38.800736309278335 ], [ -122.023638478847602, 38.800197320320308 ] ] ] } },
{ "type": "Feature", "properties": { "csb_id": "061825012479453", "acres": 2.6730333143111902, "geoid": "06113" }, "geometry": { "type": "Polygon", "coordinates": [ [ [ -122.265285291033436, 38.796963385653733 ], [ -122.265914111192302, 38.796963385268775 ], [ -122.265914111103086, 38.797592206465715 ], [ -122.266453100232155, 38.797592205705698 ], [ -122.26645310049021, 38.798131194802394 ], [ -122.265914111388014, 38.798490521774262 ], [ -122.265015795586322, 38.798490521109599 ], [ -122.265015796001904, 38.798131194897749 ], [ -122.265644616330505, 38.798131195254292 ], [ -122.265644616810718, 38.797232879605026 ], [ -122.265285290519884, 38.797232880310482 ], [ -122.265285291033436, 38.796963385653733 ] ] ] } },
{ "type": "Feature", "properties": { "csb_id": "061825012479461", "acres": 23.4763398298163, "geoid": "06113" }, "geometry": { "type": "Polygon", "coordinates": [ [ [ -122.066937274724069, 38.798400689894613 ], [ -122.065499970826792, 38.798400690119237 ], [ -122.065499971117816, 38.798670184046451 ], [ -122.064062666773182, 38.798670184143695 ], [ -122.063204310117115, 38.797282752348679 ], [ -122.063433844857414, 38.796604059213934 ], [ -122.062805025560252, 38.796604058829594 ], [ -122.062805025626304, 38.796244732726826 ], [ -122.063703340067448, 38.796244732945688 ], [ -122.064332160933233, 38.795795575549775 ], [ -122.065230476035097, 38.795705744163968 ], [ -122.065499970231059, 38.795346418093793 ], [ -122.065230475167979, 38.795346418493473 ], [ -122.064871149015545, 38.795076923654065 ], [ -122.066038959823459, 38.795076923168104 ], [ -122.066038960182809, 38.795346418352686 ], [ -122.06639828675921, 38.795346418160946 ], [ -122.066398285485363, 38.795975239247525 ], [ -122.067296602065682, 38.795975238164651 ], [ -122.067296602281019, 38.79624473347981 ], [ -122.066667778641374, 38.79660405949663 ], [ -122.066667781358717, 38.798131194777483 ], [ -122.066937275032146, 38.798131195624904 ], [ -122.066937274724069, 38.798400689894613 ] ] ] } },
{ "type": "Feature", "properties": { "csb_id": "061825012479467", "acres": 281.19320667364502, "geoid": "06113" }, "geometry": { "type": "Polygon", "coordinates": [ [ [ -121.990670307355217, 38.798939678873531 ], [ -121.990760139277683, 38.799299004779833 ], [ -121.991029634387502, 38.799299004675262 ], [ -121.991029634368132, 38.798939678749193 ], [ -121.990670307355217, 38.798939678873531 ], [ -121.9910296343391, 38.798400689883159 ], [ -121.991927949726431, 38.798760016003214 ], [ -121.991927949364381, 38.799299005474523 ], [ -121.992466939178684, 38.799837994593688 ], [ -121.993994074557691, 38.799927825839241 ], [ -121.993994074107704, 38.800197320449954 ], [ -121.993724580509962, 38.800197320407484 ], [ -121.993724579844368, 38.801005804417343 ], [ -121.994622894809922, 38.801005804090266 ], [ -121.994892389525006, 38.800556646923624 ], [ -121.995161884372365, 38.800466815093657 ], [ -121.996419525955204, 38.800466814791044 ], [ -121.996958515156379, 38.801005803746399 ], [ -121.998216156016497, 38.801005804029664 ], [ -121.998485650807552, 38.801365130445525 ], [ -121.999383966148855, 38.801365130730545 ], [ -121.999383966135795, 38.801634624939766 ], [ -122.000551776554801, 38.801634624547191 ], [ -122.000551776379766, 38.801904119727702 ], [ -122.000911102329468, 38.802263445639198 ], [ -122.002707732977569, 38.802083782680505 ], [ -122.003246721749889, 38.802802434865882 ], [ -122.003606048565189, 38.802802434813323 ], [ -122.003606048255406, 38.802982098095271 ], [ -122.002078911918431, 38.803251592156414 ], [ -122.001180597294052, 38.804149907638489 ], [ -122.000551776277604, 38.804329570790131 ], [ -121.996689019899748, 38.803521086907338 ], [ -121.991568623768558, 38.803071929124222 ], [ -121.991029634487774, 38.802802434511534 ], [ -121.990131318214551, 38.802712603123418 ], [ -121.988604182753861, 38.802263445746853 ], [ -121.977824398984211, 38.80217361376603 ], [ -121.974590465063301, 38.801904119792098 ], [ -121.974590464714666, 38.801634624988516 ], [ -121.974859959257046, 38.801634624997398 ], [ -121.974859958924966, 38.8007363093785 ], [ -121.975758274116885, 38.800466815033445 ], [ -121.975758274201795, 38.800287151785561 ], [ -121.975219284943606, 38.800197320241537 ], [ -121.975129453247007, 38.799568500259518 ], [ -121.974320970019434, 38.799299004911063 ], [ -121.974231137661207, 38.797771868902117 ], [ -121.974590464493431, 38.797771868962592 ], [ -121.974590464893026, 38.796604059482334 ], [ -121.975129453921809, 38.796244732682112 ], [ -121.976027768742625, 38.79624473330751 ], [ -121.976027768993504, 38.795975238304244 ], [ -121.975758274137192, 38.795975238918253 ], [ -121.975758274222073, 38.795795575747107 ], [ -121.976387095124167, 38.795705743581067 ], [ -121.977015915848142, 38.795975238342272 ], [ -121.977914231311729, 38.796065070473965 ], [ -121.978453219938885, 38.795975238476281 ], [ -121.978453220004582, 38.795705744371098 ], [ -121.979710861235404, 38.795795575941071 ], [ -121.979710861096834, 38.795436249190452 ], [ -121.979980356294334, 38.795436249662444 ], [ -121.979980355960961, 38.795705744106066 ], [ -121.980249851034941, 38.795705744232272 ], [ -121.980249850578062, 38.795975238923667 ], [ -121.981417661154595, 38.796065070398427 ], [ -121.981776986466357, 38.796604059216001 ], [ -121.982315975376366, 38.796604059240778 ], [ -121.98321429077609, 38.796963385410294 ], [ -121.983214291171421, 38.797502374664028 ], [ -121.984471932698895, 38.79750237447093 ], [ -121.984741427616513, 38.796963385633177 ], [ -121.986268563251699, 38.796873554218038 ], [ -121.986807551972959, 38.796604059417376 ], [ -121.986807552156463, 38.796244733384405 ], [ -121.987705867556699, 38.79624473346496 ], [ -121.988065193107758, 38.796873553660795 ], [ -121.987166877951083, 38.797232879937305 ], [ -121.988604182588873, 38.797771869139154 ], [ -121.989502498671015, 38.797771869351124 ], [ -121.989502498269601, 38.798670184770039 ], [ -121.989233004186389, 38.798670184609293 ], [ -121.989233004137489, 38.799568500241193 ], [ -121.98860418280772, 38.799568500629746 ], [ -121.988334688627418, 38.799837994308611 ], [ -121.988334688623851, 38.800197320192012 ], [ -121.989233003771588, 38.800197320652146 ], [ -121.989233004140559, 38.799837994663974 ], [ -121.990131319612843, 38.799837994996267 ], [ -121.99040081336075, 38.799299005358051 ], [ -121.990400814200626, 38.798939679913971 ], [ -121.990670307355217, 38.798939678873531 ] ], [ [ -121.976656589178191, 38.800466814820481 ], [ -121.976926084646237, 38.800466814763709 ], [ -121.976926083651975, 38.799837994300923 ], [ -121.976387095123755, 38.799837994309513 ], [ -121.976387095499319, 38.800197320415514 ], [ -121.97665658965802, 38.800197320086312 ], [ -121.976656589178191, 38.800466814820481 ], [ -121.976027768957422, 38.800466815213973 ], [ -121.976027768706544, 38.800736310332468 ], [ -121.976656589817452, 38.800736309320726 ], [ -121.976656589178191, 38.800466814820481 ] ], [ [ -121.987166878418449, 38.797592206244843 ], [ -121.987166878495159, 38.797771868973655 ], [ -121.987436372480488, 38.797771869232108 ], [ -121.98743637174006, 38.797592206503253 ], [ -121.987166878418449, 38.797592206244843 ] ], [ [ -121.977824398897624, 38.799837994100621 ], [ -121.977285410233463, 38.799837994343079 ], [ -121.977285410243638, 38.800197320553409 ], [ -121.97782439932449, 38.800197320792698 ], [ -121.977824398897624, 38.799837994100621 ] ], [ [ -121.993365253448644, 38.800556646214737 ], [ -121.993455085811974, 38.801005804165207 ], [ -121.993455085941079, 38.800556646680469 ], [ -121.993365253448644, 38.800556646214737 ] ], [ [ -121.994892389669545, 38.801365130794352 ], [ -121.994892390187985, 38.802263445791063 ], [ -121.994622895357793, 38.8022634453989 ], [ -121.994622894992716, 38.802532940552098 ], [ -121.99516188428521, 38.802802434914973 ], [ -121.995790704861307, 38.802802435183253 ], [ -121.996060199918006, 38.802532939968188 ], [ -121.996060200077466, 38.802263445569018 ], [ -121.995521210567219, 38.801634624533193 ], [ -121.995161884538277, 38.801365129876864 ], [ -121.994892389669545, 38.801365130794352 ] ], [ [ -121.997317840911734, 38.801365130698692 ], [ -121.99758733576158, 38.801454961916832 ], [ -121.997587335426246, 38.80136513013764 ], [ -121.997317840911734, 38.801365130698692 ] ] ] } },
{ "type": "Feature", "properties": { "csb_id": "061825012479471", "acres": 8.6634313010470407, "geoid": "06113" }, "geometry": { "type": "Polygon", "coordinates": [ [ [ -121.973332822753434, 38.797232880352226 ], [ -121.970997203181838, 38.796963385886173 ], [ -121.970997202856125, 38.79669389128145 ], [ -121.972793834181147, 38.796693890554252 ], [ -121.972793833463129, 38.7963345647441 ], [ -121.974590464544391, 38.796334564814984 ], [ -121.974859958756454, 38.796065070364648 ], [ -121.974859958531368, 38.79579557547023 ], [ -121.976027768993504, 38.795975238304244 ], [ -121.976027768742625, 38.79624473330751 ], [ -121.975129453921809, 38.796244732682112 ], [ -121.974590464893026, 38.796604059482334 ], [ -121.974590464493431, 38.797771868962592 ], [ -121.973332823425324, 38.797771868672079 ], [ -121.973332822753434, 38.797232880352226 ] ] ] } },
{ "type": "Feature", "properties": { "csb_id": "061825012479478", "acres": 16.759663862946802, "geoid": "06113" }, "geometry": { "type": "Polygon", "coordinates": [ [ [ -121.926979753676363, 38.798041363487201 ], [ -121.927608574947527, 38.798041364752478 ], [ -121.927608575265666, 38.797771869232314 ], [ -121.92644076512255, 38.797771869332657 ], [ -121.926440765315945, 38.796244732851896 ], [ -121.925811944621458, 38.796244734415893 ], [ -121.92581194423488, 38.79597523866552 ], [ -121.926440765784335, 38.79597523919842 ], [ -121.926710259254236, 38.795705744080486 ], [ -121.926710259436618, 38.794448102262336 ], [ -121.927339080401097, 38.794448102942113 ], [ -121.928506889954846, 38.7950769230129 ], [ -121.928506890037085, 38.796873554499591 ], [ -121.928237395646249, 38.797771867922485 ], [ -121.928776384589383, 38.797861700608401 ], [ -121.928506890773363, 38.798041364519882 ], [ -121.927878069681938, 38.798041364999428 ], [ -121.927878070009911, 38.798670184469941 ], [ -121.926979754229237, 38.798670184952009 ], [ -121.926979753676363, 38.798041363487201 ] ] ] } },
{ "type": "Feature", "properties": { "csb_id": "061825012479484", "acres": 76.644014217964198, "geoid": "06113" }, "geometry": { "type": "Polygon", "coordinates": [ [ [ -121.920691547267083, 38.80019732075165 ], [ -121.920691547432114, 38.798670184756986 ], [ -121.920422052340186, 38.798670184193483 ], [ -121.920422053095507, 38.798939679363343 ], [ -121.919793231636078, 38.798939678883464 ], [ -121.919793232397581, 38.79867018481314 ], [ -121.920152557874445, 38.798670184761754 ], [ -121.920422051897987, 38.798400689889739 ], [ -121.920422051950197, 38.798041363715598 ], [ -121.919793231504244, 38.79786170054679 ], [ -121.919793231726729, 38.798400690130876 ], [ -121.919254243173967, 38.798400690142188 ], [ -121.919254243157738, 38.797502374606566 ], [ -121.919523737473398, 38.797502374173284 ], [ -121.919523736040887, 38.797143048372256 ], [ -121.918894916865725, 38.796873554868924 ], [ -121.918894917194208, 38.796244733464732 ], [ -121.919254243349457, 38.796244734236261 ], [ -121.919523736545116, 38.795795575465462 ], [ -121.919523737832421, 38.795346417627663 ], [ -121.919883063170417, 38.795076924692353 ], [ -121.920781377851455, 38.794807429231469 ], [ -121.921320367758611, 38.794178608481758 ], [ -121.921949189318013, 38.794178608120099 ], [ -121.921949187253801, 38.794448103139409 ], [ -121.925811944340552, 38.794448102510728 ], [ -121.925811944267096, 38.794178607665209 ], [ -121.926710260028685, 38.794178608414036 ], [ -121.926710259254236, 38.795705744080486 ], [ -121.926440765784335, 38.79597523919842 ], [ -121.92581194423488, 38.79597523866552 ], [ -121.925811944621458, 38.796244734415893 ], [ -121.926440765315945, 38.796244732851896 ], [ -121.92644076512255, 38.797771869332657 ], [ -121.927608575265666, 38.797771869232314 ], [ -121.927608574947527, 38.798041364752478 ], [ -121.926979753676363, 38.798041363487201 ], [ -121.926979754229237, 38.798670184952009 ], [ -121.925183123334904, 38.798670184747031 ], [ -121.924913628582317, 38.798939678886789 ], [ -121.924015314365491, 38.799299005333324 ], [ -121.922847504120398, 38.799299005220647 ], [ -121.922847504357861, 38.798939679189829 ], [ -121.922218683305289, 38.798939678898513 ], [ -121.922218683567834, 38.7986701848642 ], [ -121.921949188655873, 38.798670184807143 ], [ -121.921949188133055, 38.797861700889136 ], [ -121.922218683130566, 38.797771868968965 ], [ -121.921320368058929, 38.797771869519565 ], [ -121.921320368432688, 38.798760015993572 ], [ -121.921589863295608, 38.799299005397501 ], [ -121.921949188958152, 38.799299005388818 ], [ -121.921949187874262, 38.799837994115606 ], [ -121.921050873683086, 38.799837995396132 ], [ -121.921050874176558, 38.800197321253371 ], [ -121.920691547267083, 38.80019732075165 ] ] ] } },
{ "type": "Feature", "properties": { "csb_id": "061825012479508", "acres": 7.6927122294493504, "geoid": "06113" }, "geometry": { "type": "Polygon", "coordinates": [ [ [ -122.013128189503547, 38.793280292503191 ], [ -122.013128190015166, 38.792381977854802 ], [ -122.013757010737393, 38.792381977753919 ], [ -122.013757010265778, 38.791842988352826 ], [ -122.015284147282088, 38.791842988053027 ], [ -122.015284146904577, 38.792381977289082 ], [ -122.014924820530354, 38.792381977722926 ], [ -122.014924820346963, 38.793549787686402 ], [ -122.015284146564312, 38.793549787599595 ], [ -122.015284146476148, 38.793909113158229 ], [ -122.014385831524066, 38.793909113581854 ], [ -122.014385831360286, 38.793639618786543 ], [ -122.013487516017094, 38.793639619051142 ], [ -122.013487516179381, 38.793280292612963 ], [ -122.013128189503547, 38.793280292503191 ] ] ] } },
{ "type": "Feature", "properties": { "csb_id": "061825012479513", "acres": 4.3463842174787999, "geoid": "06113" }, "geometry": { "type": "Polygon", "coordinates": [ [ [ -122.042772594368458, 38.793280292224821 ], [ -122.043042088586731, 38.792381977701723 ], [ -122.042413268723635, 38.792381977174557 ], [ -122.042413268080807, 38.791753156862505 ], [ -122.043581078548584, 38.791753156634684 ], [ -122.0435810782934, 38.794178608035544 ], [ -122.043042089417099, 38.794178608014633 ], [ -122.043042089262869, 38.793549787248651 ], [ -122.042772594368458, 38.793280292224821 ] ] ] } },
{ "type": "Feature", "properties": { "csb_id": "061825012479514", "acres": 14.567999499503401, "geoid": "06113" }, "geometry": { "type": "Polygon", "coordinates": [ [ [ -122.042143773678845, 38.795166754625804 ], [ -122.041874279370759, 38.795076923626496 ], [ -122.041874279210759, 38.794178607697582 ], [ -122.042413268752128, 38.794178608025724 ], [ -122.042413269135835, 38.793909113943798 ], [ -122.041874279365288, 38.793280292703272 ], [ -122.041874279519817, 38.79238197778448 ], [ -122.041514953593577, 38.792381977459868 ], [ -122.041245458908492, 38.792651472857216 ], [ -122.041245459379624, 38.793280293867177 ], [ -122.040975964325966, 38.793280293158048 ], [ -122.040706470179046, 38.792471810132213 ], [ -122.040077648083496, 38.79175315650162 ], [ -122.040347143135122, 38.791483661951467 ], [ -122.040975963298521, 38.791483661970716 ], [ -122.040975963887306, 38.791214167204551 ], [ -122.041874279182423, 38.791214167691926 ], [ -122.041874278418419, 38.791753156720361 ], [ -122.042413268080807, 38.791753156862505 ], [ -122.042413268723635, 38.792381977174557 ], [ -122.043042088586731, 38.792381977701723 ], [ -122.042772594368458, 38.793280292224821 ], [ -122.043042089262869, 38.793549787248651 ], [ -122.043042089417099, 38.794178608014633 ], [ -122.0435810782934, 38.794178608035544 ], [ -122.043581078313863, 38.795436249892717 ], [ -122.042143773732946, 38.795436249357053 ], [ -122.042143773678845, 38.795166754625804 ] ] ] } },
{ "type": "Feature", "properties": { "csb_id": "061825012479516", "acres": 14.837125915526601, "geoid": "06113" }, "geometry": { "type": "Polygon", "coordinates": [ [ [ -122.015284146236453, 38.79516675454753 ], [ -122.015553641580865, 38.794268439595818 ], [ -122.014924820616102, 38.794268439810111 ], [ -122.014385831524066, 38.793909113581854 ], [ -122.015284146476148, 38.793909113158229 ], [ -122.015284146564312, 38.793549787599595 ], [ -122.014924820346963, 38.793549787686402 ], [ -122.014924820530354, 38.792381977722926 ], [ -122.015284146904577, 38.792381977289082 ], [ -122.015284147282088, 38.791842988053027 ], [ -122.016451955606641, 38.791753156610326 ], [ -122.016451956794697, 38.79211248307351 ], [ -122.016721451679501, 38.792112482527656 ], [ -122.016721450542093, 38.796244733083235 ], [ -122.01618246162208, 38.796334564492277 ], [ -122.016182461585743, 38.795795575568214 ], [ -122.015284146236453, 38.79516675454753 ] ] ] } },
{ "type": "Feature", "properties": { "csb_id": "061825012479517", "acres": 32.155287363255603, "geoid": "06113" }, "geometry": { "type": "Polygon", "coordinates": [ [ [ -122.011062065308238, 38.796604058998341 ], [ -122.011062064462834, 38.795975238375142 ], [ -122.010792570764551, 38.79534641782876 ], [ -122.010433244081469, 38.795346417898216 ], [ -122.010433244216728, 38.794807428875934 ], [ -122.010792570482991, 38.794807428324127 ], [ -122.010792570841573, 38.794178608048625 ], [ -122.0101637498679, 38.794178608341184 ], [ -122.010163750042551, 38.792651472423678 ], [ -122.009534928804698, 38.792651472415855 ], [ -122.008995939349518, 38.791842988662161 ], [ -122.008995940209815, 38.791303999168875 ], [ -122.009265434913971, 38.79130399942342 ], [ -122.009265434128807, 38.790854841962428 ], [ -122.010792570106489, 38.790854841871699 ], [ -122.01079256908389, 38.79175315771716 ], [ -122.011062065276448, 38.791842988515349 ], [ -122.012229875046501, 38.791753156938036 ], [ -122.012319706761417, 38.791573493358328 ], [ -122.012319706199264, 38.791753156494373 ], [ -122.013128190015166, 38.792381977854802 ], [ -122.013128189503547, 38.793280292503191 ], [ -122.013487516179381, 38.793280292612963 ], [ -122.013487516735523, 38.79417860806042 ], [ -122.013128190424965, 38.794178607844827 ], [ -122.013128189919641, 38.794807428784367 ], [ -122.012589201383335, 38.794807428547095 ], [ -122.012589200457825, 38.795705743911931 ], [ -122.011960380563934, 38.79606507049138 ], [ -122.011960380235777, 38.79624473346199 ], [ -122.011331559532707, 38.796244733009857 ], [ -122.01133155945017, 38.796604059095685 ], [ -122.011062065308238, 38.796604058998341 ] ] ] } },
{ "type": "Feature", "properties": { "csb_id": "061825012479518", "acres": 122.488430609045, "geoid": "06113" }, "geometry": { "type": "Polygon", "coordinates": [ [ [ -122.018518081580396, 38.802802434928537 ], [ -122.017619766774445, 38.802802435179807 ], [ -122.017619766817859, 38.802263445469968 ], [ -122.017350272125427, 38.802263445406339 ], [ -122.016990945433065, 38.802802434746333 ], [ -122.016990945290672, 38.803161760591848 ], [ -122.01609263039073, 38.803431255456893 ], [ -122.01609263063655, 38.803700749991584 ], [ -122.014804811193201, 38.803191938319017 ], [ -122.011690885812811, 38.80307192952953 ], [ -122.01169088532906, 38.802263445335221 ], [ -122.011421390873664, 38.80226344621525 ], [ -122.011421391096135, 38.802083782523653 ], [ -122.011690886193833, 38.801904119432031 ], [ -122.013757010555281, 38.801904119377596 ], [ -122.013757010397839, 38.801365130349488 ], [ -122.01312819032546, 38.801005804015979 ], [ -122.013128190023892, 38.800466815140069 ], [ -122.01285869507943, 38.800287151675633 ], [ -122.008367119573279, 38.800197320516482 ], [ -122.008097624015647, 38.800466815302237 ], [ -122.007738298889166, 38.800466814752482 ], [ -122.007738298526974, 38.795975238167188 ], [ -122.00755863498658, 38.794268439886714 ], [ -122.007738298788112, 38.793010798317404 ], [ -122.007468803825304, 38.793010798068565 ], [ -122.007468803785102, 38.792112482826994 ], [ -122.007828130180954, 38.790854841355184 ], [ -122.008367118773393, 38.790315852005783 ], [ -122.008995939405892, 38.790405683888935 ], [ -122.009265434128807, 38.790854841962428 ], [ -122.009265434913971, 38.79130399942342 ], [ -122.008995940209815, 38.791303999168875 ], [ -122.008995939335847, 38.791753156648589 ], [ -122.009265433190393, 38.792381977442574 ], [ -122.009534928804698, 38.792651472415855 ], [ -122.010163750042551, 38.792651472423678 ], [ -122.0101637498679, 38.794178608341184 ], [ -122.010792570841573, 38.794178608048625 ], [ -122.010792570482991, 38.794807428324127 ], [ -122.010433244216728, 38.794807428875934 ], [ -122.010433244081469, 38.795346417898216 ], [ -122.010792570764551, 38.79534641782876 ], [ -122.011062064462834, 38.795975238375142 ], [ -122.011062065308238, 38.796604058998341 ], [ -122.01133155945017, 38.796604059095685 ], [ -122.011331559532707, 38.796244733009857 ], [ -122.011960380235777, 38.79624473346199 ], [ -122.011960380691434, 38.796693891090072 ], [ -122.012319706002302, 38.796693891094257 ], [ -122.012589200854293, 38.796963385556673 ], [ -122.012589200844673, 38.797502374387939 ], [ -122.013487516332134, 38.797592206513073 ], [ -122.013487515415292, 38.797861700926511 ], [ -122.014385831667923, 38.797861699625081 ], [ -122.014385831304097, 38.798490521236253 ], [ -122.014655326781437, 38.798490521799174 ], [ -122.014655326547953, 38.799029511267115 ], [ -122.014385831631643, 38.799029511080803 ], [ -122.014385831080318, 38.800287151662765 ], [ -122.016451957065755, 38.800826140678645 ], [ -122.017350272329068, 38.800826140775946 ], [ -122.017350271718655, 38.801185467035516 ], [ -122.017889261455053, 38.801454961670267 ], [ -122.018248587446422, 38.801454961421449 ], [ -122.018248587008017, 38.802263445663066 ], [ -122.019416396682828, 38.802263445726922 ], [ -122.019416397075005, 38.802532940066527 ], [ -122.018518081580396, 38.802802434928537 ] ], [ [ -122.015284146458683, 38.80172445639986 ], [ -122.014385831270786, 38.801634624839849 ], [ -122.014385831434581, 38.801904119839804 ], [ -122.015284146974111, 38.801904119196585 ], [ -122.015284146458683, 38.80172445639986 ] ] ] } },
{ "type": "Feature", "properties": { "csb_id": "061825012479519", "acres": 69.339606720905806, "geoid": "06113" }, "geometry": { "type": "Polygon", "coordinates": [ [ [ -122.042143773732946, 38.795436249357053 ], [ -122.034418262818477, 38.795346418077834 ], [ -122.034418261994503, 38.794807429048326 ], [ -122.034148768078623, 38.794807428695499 ], [ -122.034058935663623, 38.794178607875459 ], [ -122.034058935672761, 38.793549787099224 ], [ -122.03441826172714, 38.793549787110784 ], [ -122.034418262330675, 38.791573493377626 ], [ -122.034148767424853, 38.791573493961934 ], [ -122.034148767352235, 38.79121416794078 ], [ -122.034418262632457, 38.790585346647475 ], [ -122.036214893245301, 38.79058534674617 ], [ -122.036214892659984, 38.791214167774889 ], [ -122.036484388124975, 38.791214167845922 ], [ -122.036484387551283, 38.791483661809075 ], [ -122.036753881705991, 38.791753157705266 ], [ -122.040077648083496, 38.79175315650162 ], [ -122.040706470179046, 38.792471810132213 ], [ -122.040975964325966, 38.793280293158048 ], [ -122.041245459379624, 38.793280293867177 ], [ -122.041245458908492, 38.792651472857216 ], [ -122.041514953593577, 38.792381977459868 ], [ -122.041874279519817, 38.79238197778448 ], [ -122.041874279365288, 38.793280292703272 ], [ -122.042413269135835, 38.793909113943798 ], [ -122.042413268752128, 38.794178608025724 ], [ -122.041874279210759, 38.794178607697582 ], [ -122.041874279370759, 38.795076923626496 ], [ -122.042143773678845, 38.795166754625804 ], [ -122.042143773732946, 38.795436249357053 ] ] ] } },
{ "type": "Feature", "properties": { "csb_id": "061825012479523", "acres": 336.20049192781102, "geoid": "06113" }, "geometry": { "type": "Polygon", "coordinates": [ [ [ -122.000012785962582, 38.791753156856331 ], [ -121.999653461305414, 38.791842989130473 ], [ -122.001180597142294, 38.791842987933926 ], [ -122.001180595619317, 38.792112482728719 ], [ -122.000911100853187, 38.792112482776169 ], [ -122.000911101954159, 38.793549787493951 ], [ -122.000641608101404, 38.793549787467406 ], [ -122.000641607675846, 38.79399894498183 ], [ -122.001450090930916, 38.794448102522253 ], [ -122.001450091824225, 38.794807428969314 ], [ -122.000551775990772, 38.796334565132611 ], [ -122.000012785404479, 38.796873553838545 ], [ -122.000012785790432, 38.797143049273394 ], [ -122.00118059643296, 38.797143048724749 ], [ -122.001180596803863, 38.797502374163201 ], [ -122.000911102439161, 38.797771868863599 ], [ -122.00055177560732, 38.79777186921612 ], [ -122.000551776551347, 38.798041364055983 ], [ -122.000282281909193, 38.798041363549387 ], [ -122.000282280088285, 38.797502375217697 ], [ -121.999653461250901, 38.797143048118606 ], [ -121.999114472004493, 38.797232879956212 ], [ -121.999114471750943, 38.79929900553703 ], [ -121.998755145491685, 38.800736309612255 ], [ -121.997587336259031, 38.800736309799653 ], [ -121.997048347265988, 38.800466816223491 ], [ -121.996958515259251, 38.800197320478183 ], [ -121.996419525906248, 38.800197320204333 ], [ -121.996419525955204, 38.800466814791044 ], [ -121.995161884372365, 38.800466815093657 ], [ -121.995521210652171, 38.799837993928641 ], [ -121.995161884085576, 38.799837993994288 ], [ -121.994622894983095, 38.799568499751331 ], [ -121.993724579675103, 38.799568500257323 ], [ -121.9933652539886, 38.799299004913927 ], [ -121.993365253478089, 38.798939679396099 ], [ -121.992197444434581, 38.798939679373966 ], [ -121.9910296343391, 38.798400689883159 ], [ -121.990131317096825, 38.7977718691034 ], [ -121.989861824673255, 38.79804136369296 ], [ -121.989502498550578, 38.798041363968764 ], [ -121.989502498671015, 38.797771869351124 ], [ -121.988604182588873, 38.797771869139154 ], [ -121.987705866195142, 38.797502374879883 ], [ -121.98716687862921, 38.797143048886134 ], [ -121.988065193107758, 38.796873553660795 ], [ -121.988065193370659, 38.796693891324352 ], [ -121.987705867556699, 38.79624473346496 ], [ -121.987436372989862, 38.796244733279813 ], [ -121.987436373400811, 38.79597523843573 ], [ -121.986268563408089, 38.795975238313169 ], [ -121.986268563473075, 38.796244733052511 ], [ -121.985909237029063, 38.796244734139542 ], [ -121.985909236753699, 38.796873553723216 ], [ -121.98384311199932, 38.796873553473468 ], [ -121.983843111565392, 38.797143048267337 ], [ -121.984112606939874, 38.797143049402337 ], [ -121.984112606419586, 38.797502374533764 ], [ -121.983214291171421, 38.797502374664028 ], [ -121.98321429077609, 38.796963385410294 ], [ -121.982315975376366, 38.796604059240778 ], [ -121.981776986466357, 38.796604059216001 ], [ -121.981417661154595, 38.796065070398427 ], [ -121.980519345528549, 38.795975238704031 ], [ -121.980519344989872, 38.795705744012622 ], [ -121.980249851034941, 38.795705744232272 ], [ -121.980249850793484, 38.795346417861929 ], [ -121.979710861096834, 38.795436249190452 ], [ -121.979710861235404, 38.795795575941071 ], [ -121.979082041094173, 38.795705743949767 ], [ -121.979082040619275, 38.794268439681922 ], [ -121.978722714457419, 38.793909113868374 ], [ -121.978183725723511, 38.793909113566038 ], [ -121.978183725335555, 38.793010798148138 ], [ -121.978453219898086, 38.793010798299626 ], [ -121.978453219650035, 38.792741303410345 ], [ -121.978183725690741, 38.792651472077566 ], [ -121.978453219796904, 38.792381977107951 ], [ -121.978722714902133, 38.792381977909088 ], [ -121.978722714712902, 38.792651472171102 ], [ -121.979621029662823, 38.79265147238138 ], [ -121.979621029890751, 38.792381977396779 ], [ -121.980878671184669, 38.79238197715086 ], [ -121.981148164563692, 38.792202314506717 ], [ -121.981148166120377, 38.791842988768103 ], [ -121.981776986556099, 38.791842988016356 ], [ -121.981776986950621, 38.792112482714693 ], [ -121.982315975400724, 38.792112483107672 ], [ -121.982315975681601, 38.79175315640844 ], [ -121.982675301933199, 38.79175315639695 ], [ -121.983214291489574, 38.79238197744629 ], [ -121.983843112189717, 38.792381977334998 ], [ -121.985010921686793, 38.791753156569641 ], [ -121.986268562644597, 38.791753156753146 ], [ -121.986807552169068, 38.791483662103388 ], [ -121.988334687048706, 38.791483662293651 ], [ -121.988334688523238, 38.791753156406138 ], [ -121.988963509056575, 38.791753157878347 ], [ -121.989233003458651, 38.791483662543456 ], [ -121.989233003510606, 38.790854841790043 ], [ -121.989502497703938, 38.790315852457105 ], [ -121.989861823830353, 38.789687031411589 ], [ -121.990400813610535, 38.789417537206461 ], [ -121.990400813017501, 38.78905821147756 ], [ -121.991029634053362, 38.789058211243194 ], [ -121.991029633998608, 38.789687032447475 ], [ -121.991658455487297, 38.789687031941618 ], [ -121.991299128497758, 38.789776863592373 ], [ -121.991299129105215, 38.790046358353777 ], [ -121.992466939035239, 38.790046359166048 ], [ -121.992466938478174, 38.790405683660566 ], [ -121.992197443987621, 38.790405684569343 ], [ -121.991927949135047, 38.790944673939201 ], [ -121.991029634380297, 38.79094467300677 ], [ -121.991658454274415, 38.791214167606185 ], [ -121.991927948837628, 38.791753156581983 ], [ -121.992466938508073, 38.791753156419915 ], [ -121.992466938690441, 38.791483662369927 ], [ -121.993365253955346, 38.791483662531263 ], [ -121.993365254244878, 38.792112482578645 ], [ -121.993994075161027, 38.792112484100223 ], [ -121.99426356906541, 38.792112483544066 ], [ -121.994263568606371, 38.791753157305585 ], [ -121.993724579467482, 38.791753156836165 ], [ -121.993724579793991, 38.791483662681308 ], [ -121.995521210653223, 38.791483662253356 ], [ -121.995790705284421, 38.791573493639831 ], [ -121.995790705201401, 38.791753157168543 ], [ -121.99668902044354, 38.791753157095329 ], [ -121.996689020518048, 38.791483662489313 ], [ -121.998216156237788, 38.79148366198288 ], [ -121.998216155895747, 38.79175315693508 ], [ -121.999114471508605, 38.791753156787081 ], [ -121.999114471084226, 38.791483662211817 ], [ -121.999383965628326, 38.791483661916487 ], [ -122.000012785962582, 38.791753156856331 ] ], [ [ -121.991927949347897, 38.798490521398428 ], [ -121.992197443531865, 38.798490521087835 ], [ -121.99219744294308, 38.798041363679886 ], [ -121.991927948494265, 38.798041365331464 ], [ -121.991927949347897, 38.798490521398428 ] ] ] } },
{ "type": "Feature", "properties": { "csb_id": "061825012479559", "acres": 18.011159971483298, "geoid": "06113" }, "geometry": { "type": "Polygon", "coordinates": [ [ [ -122.002707732756505, 38.791753157057357 ], [ -122.002707732309133, 38.791483662407323 ], [ -122.001809417621985, 38.791483662273556 ], [ -122.001809416988877, 38.791753156441466 ], [ -122.001450091226957, 38.791842988158791 ], [ -122.001180596457431, 38.791483661827591 ], [ -122.001180596861474, 38.791214167289617 ], [ -122.001809418255107, 38.791214168112553 ], [ -122.001809417344106, 38.790585347399691 ], [ -122.001450090809442, 38.790585346801635 ], [ -122.001450091812586, 38.789417537132643 ], [ -122.002078912404002, 38.789417537129644 ], [ -122.002348406089936, 38.789058210775259 ], [ -122.002348406969872, 38.788788716192592 ], [ -122.003606047932024, 38.788788716403921 ], [ -122.003606047597103, 38.789956525883348 ], [ -122.00477385841144, 38.789956525921198 ], [ -122.004773857953239, 38.791483662223058 ], [ -122.004145037206655, 38.791753156882862 ], [ -122.002707732756505, 38.791753157057357 ] ] ] } },
{ "type": "Feature", "properties": { "csb_id": "061825012479580", "acres": 23.791451301067799, "geoid": "06113" }, "geometry": { "type": "Polygon", "coordinates": [ [ [ -122.003606047932024, 38.788788716403921 ], [ -122.002348406969872, 38.788788716192592 ], [ -122.002348406730945, 38.788519221857598 ], [ -122.0014500908554, 38.788519221676744 ], [ -122.000911101697483, 38.788159895653003 ], [ -122.000911101944681, 38.787620906372588 ], [ -122.001450091331108, 38.787620906913126 ], [ -122.001450091556748, 38.787261580464815 ], [ -122.001180596355482, 38.787261580420022 ], [ -122.00118059616473, 38.786363264765242 ], [ -122.001809417736268, 38.786363264881658 ], [ -122.001809417569547, 38.785824276202554 ], [ -122.002348407108116, 38.785195454827253 ], [ -122.002977227035174, 38.785195455536503 ], [ -122.003246721969532, 38.785464949735349 ], [ -122.003246722132175, 38.785824276094196 ], [ -122.003875542386908, 38.786453096880756 ], [ -122.004145037300773, 38.786992085720399 ], [ -122.004145036632067, 38.787620906269311 ], [ -122.003875543008945, 38.787620906832579 ], [ -122.003875542637772, 38.788159895298513 ], [ -122.004504363008607, 38.788159895512763 ], [ -122.00477385809323, 38.788788716261266 ], [ -122.00477385841144, 38.789956525921198 ], [ -122.003606047597103, 38.789956525883348 ], [ -122.003606047932024, 38.788788716403921 ] ] ] } },
{ "type": "Feature", "properties": { "csb_id": "061825012479658", "acres": 19.244044882434402, "geoid": "06113" }, "geometry": { "type": "Polygon", "coordinates": [ [ [ -122.002707733451089, 38.784027645972941 ], [ -122.002078912086461, 38.784027645446379 ], [ -122.002078912448809, 38.784297139429547 ], [ -122.001809417185598, 38.784297140346482 ], [ -122.001809417823694, 38.783758150668682 ], [ -122.001180597025211, 38.783668318860585 ], [ -122.001180596310391, 38.783398824756951 ], [ -122.001450091612057, 38.783398824485893 ], [ -122.001450091020715, 38.783129330147766 ], [ -122.002078911847079, 38.783129330463424 ], [ -122.002977227168913, 38.781332700450641 ], [ -122.002977226900683, 38.78097337361995 ], [ -122.005043352203927, 38.781063205254526 ], [ -122.00504335231382, 38.781602194227986 ], [ -122.005402679242493, 38.781602194236797 ], [ -122.005133184712378, 38.781871688764248 ], [ -122.005133183499396, 38.781692025353898 ], [ -122.005043352928126, 38.781871688603921 ], [ -122.004773857889347, 38.781871688590932 ], [ -122.004504363690359, 38.78232084616802 ], [ -122.004145037733636, 38.782500509443373 ], [ -122.004145037064987, 38.783129329735289 ], [ -122.004504363545536, 38.783129330362634 ], [ -122.004504363220761, 38.784297139553729 ], [ -122.003875542586982, 38.784566634654475 ], [ -122.002977227875832, 38.784566634478658 ], [ -122.002977227830087, 38.784925960566987 ], [ -122.002707732972752, 38.784925960998578 ], [ -122.002707733451089, 38.784027645972941 ] ] ] } },
{ "type": "Feature", "properties": { "csb_id": "061825012479663", "acres": 221.50070064865699, "geoid": "06113" }, "geometry": { "type": "Polygon", "coordinates": [ [ [ -122.006300993416858, 38.802532939851332 ], [ -122.004145037644307, 38.80253294055958 ], [ -122.004145037194036, 38.801904119369929 ], [ -122.003875542338079, 38.801724456610835 ], [ -122.002977227930671, 38.801634624825169 ], [ -122.002707732995049, 38.801365131803479 ], [ -122.001450091814448, 38.801365130475517 ], [ -122.001450091762663, 38.800736309642176 ], [ -122.000911102137081, 38.800556646917478 ], [ -122.000911102417732, 38.800287152389807 ], [ -122.001450092012732, 38.80019732072023 ], [ -122.001450090829721, 38.799658331208271 ], [ -122.001809417399329, 38.799299005900657 ], [ -122.001809417607262, 38.798670184468364 ], [ -122.001450091845214, 38.798400689543691 ], [ -122.001450091201946, 38.797502374191247 ], [ -122.002078911869731, 38.797502375285561 ], [ -122.002078912669134, 38.797143048641765 ], [ -122.000012785790432, 38.797143049273394 ], [ -122.000012785404479, 38.796873553838545 ], [ -122.000551775990772, 38.796334565132611 ], [ -122.001450091824225, 38.794807428969314 ], [ -122.001450090930916, 38.794448102522253 ], [ -122.000641607675846, 38.79399894498183 ], [ -122.000641608101404, 38.793549787467406 ], [ -122.000911101954159, 38.793549787493951 ], [ -122.000911100853187, 38.792112482776169 ], [ -122.001180595619317, 38.792112482728719 ], [ -122.001180597142294, 38.791842987933926 ], [ -122.001809416988877, 38.791753156441466 ], [ -122.001809417621985, 38.791483662273556 ], [ -122.002707732309133, 38.791483662407323 ], [ -122.002707732756505, 38.791753157057357 ], [ -122.004145037206655, 38.791753156882862 ], [ -122.004773857953239, 38.791483662223058 ], [ -122.00477385809323, 38.788788716261266 ], [ -122.004504363008607, 38.788159895512763 ], [ -122.003875542637772, 38.788159895298513 ], [ -122.003875543008945, 38.787620906832579 ], [ -122.004145036632067, 38.787620906269311 ], [ -122.004145037300773, 38.786992085720399 ], [ -122.003875542386908, 38.786453096880756 ], [ -122.003246722132175, 38.785824276094196 ], [ -122.003246721969532, 38.785464949735349 ], [ -122.002977227035174, 38.785195455536503 ], [ -122.002707733420038, 38.785195455485969 ], [ -122.002707732972752, 38.784925960998578 ], [ -122.002977227830087, 38.784925960566987 ], [ -122.002977227875832, 38.784566634478658 ], [ -122.003875542586982, 38.784566634654475 ], [ -122.004504363220761, 38.784297139553729 ], [ -122.004504363545536, 38.783129330362634 ], [ -122.004145037064987, 38.783129329735289 ], [ -122.004145037733636, 38.782500509443373 ], [ -122.004504363690359, 38.78232084616802 ], [ -122.004773857889347, 38.781871688590932 ], [ -122.005133184712378, 38.781871688764248 ], [ -122.005402679242493, 38.781602194236797 ], [ -122.006300993904688, 38.781602193974727 ], [ -122.006570488432303, 38.781871689062264 ], [ -122.006570489163025, 38.782231015002424 ], [ -122.007199309155723, 38.782320846150292 ], [ -122.007199309235219, 38.790585346504976 ], [ -122.007468803575676, 38.800287151762447 ], [ -122.006570488736571, 38.802263445562396 ], [ -122.006300993416858, 38.802532939851332 ] ] ] } },
{ "type": "Feature", "properties": { "csb_id": "061825012479713", "acres": 4.95310811767588, "geoid": "06113" }, "geometry": { "type": "Polygon", "coordinates": [ [ [ -122.16745875542874, 38.779895394742539 ], [ -122.166919767170256, 38.779895395102784 ], [ -122.166290945914128, 38.779536069374487 ], [ -122.166290944410747, 38.779176743242544 ], [ -122.166919766870478, 38.778637753932138 ], [ -122.166919766492015, 38.778907247956887 ], [ -122.167728250534694, 38.778907247974146 ], [ -122.167728250163563, 38.778637753464245 ], [ -122.168357071498875, 38.778637753250457 ], [ -122.168357070527321, 38.779536068612892 ], [ -122.168087576935392, 38.779536068895986 ], [ -122.168087576397241, 38.77980556391261 ], [ -122.167728250652019, 38.780075057915191 ], [ -122.167458755701247, 38.780075058546245 ], [ -122.16745875542874, 38.779895394742539 ] ] ] } },
{ "type": "Feature", "properties": { "csb_id": "061825012479729", "acres": 4.1645265005998198, "geoid": "06113" }, "geometry": { "type": "Polygon", "coordinates": [ [ [ -122.166919766492015, 38.778907247956887 ], [ -122.166919765941017, 38.778278427959847 ], [ -122.166560439031215, 38.778278427691788 ], [ -122.166560439302685, 38.778008933066118 ], [ -122.16718925971152, 38.777380112605378 ], [ -122.167728249177102, 38.77738011234181 ], [ -122.168087577054834, 38.77773943822384 ], [ -122.168087576436022, 38.778637753645334 ], [ -122.167728250163563, 38.778637753464245 ], [ -122.167728250534694, 38.778907247974146 ], [ -122.166919766492015, 38.778907247956887 ] ] ] } },
{ "type": "Feature", "properties": { "csb_id": "061825012479755", "acres": 9.8486483569191403, "geoid": "06113" }, "geometry": { "type": "Polygon", "coordinates": [ [ [ -121.894101415460014, 38.777380112569659 ], [ -121.893831920196305, 38.777380112719023 ], [ -121.893831920878682, 38.77773943866363 ], [ -121.894101414918609, 38.777739438135185 ], [ -121.894101415460014, 38.777380112569659 ], [ -121.894460741512034, 38.777110617995518 ], [ -121.89473023609311, 38.777110617336184 ], [ -121.894730235327131, 38.777739438423701 ], [ -121.894999729904825, 38.778008932714542 ], [ -121.895898046009023, 38.778008932692217 ], [ -121.8958980457287, 38.778637754032253 ], [ -121.895628551283849, 38.778637753215961 ], [ -121.895628551332294, 38.778278427040362 ], [ -121.89437090924018, 38.778278427898051 ], [ -121.894370909682081, 38.779176742694929 ], [ -121.89257427850805, 38.779176742861658 ], [ -121.892574279094561, 38.778907247739042 ], [ -121.891406468998909, 38.77890724799822 ], [ -121.891406469673697, 38.778278427452058 ], [ -121.891675963256077, 38.778008932908612 ], [ -121.892035290063006, 38.778008933063596 ], [ -121.892574278874704, 38.778637753722258 ], [ -121.892933604927165, 38.77863775394809 ], [ -121.893472594641807, 38.777739438329021 ], [ -121.893472594429454, 38.777110617923967 ], [ -121.894101415195436, 38.777110617388978 ], [ -121.894101415460014, 38.777380112569659 ] ] ] } },
{ "type": "Feature", "properties": { "csb_id": "061825012479769", "acres": 21.0915915125133, "geoid": "06113" }, "geometry": { "type": "Polygon", "coordinates": [ [ [ -122.006929814406405, 38.780703879017636 ], [ -122.002977227695567, 38.780703878753236 ], [ -122.002977227371701, 38.780434384134068 ], [ -122.003606048074062, 38.780434383759761 ], [ -122.004145037178006, 38.780075058107442 ], [ -122.004145037335846, 38.778368259491138 ], [ -122.003606047091978, 38.778368259652538 ], [ -122.003606046489224, 38.777380112536505 ], [ -122.004145036774403, 38.777380112646512 ], [ -122.004145035807696, 38.777110618242865 ], [ -122.004504363620541, 38.777110617755625 ], [ -122.004234868502863, 38.777200449156084 ], [ -122.004234869102135, 38.778098764670652 ], [ -122.007109477972733, 38.778098763970291 ], [ -122.007199309175135, 38.780524216129017 ], [ -122.006929814406405, 38.780703879017636 ] ] ] } },
{ "type": "Feature", "properties": { "csb_id": "061825012479839", "acres": 23.7474024966215, "geoid": "06113" }, "geometry": { "type": "Polygon", "coordinates": [ [ [ -121.997587336130934, 38.777200449602887 ], [ -121.995790704246389, 38.77720044944266 ], [ -121.995790705141275, 38.775942807322025 ], [ -121.995521210486984, 38.775942807550486 ], [ -121.995521210085627, 38.775673313435469 ], [ -121.995790704863367, 38.775673312965978 ], [ -121.995790705704152, 38.775403818375381 ], [ -121.995521208222584, 38.775313987627094 ], [ -121.995521209657298, 38.774774998951223 ], [ -121.995790703834757, 38.774415672355651 ], [ -121.996060199070399, 38.774415672053308 ], [ -121.996060199608593, 38.774236008565026 ], [ -121.995161883498895, 38.774146177112129 ], [ -121.995161884017023, 38.773517356428883 ], [ -121.998485651342747, 38.773607187774658 ], [ -121.998485650930675, 38.774864829346974 ], [ -121.998216156941538, 38.774864829671714 ], [ -121.998216155915543, 38.775673313332106 ], [ -121.99848565052713, 38.7762123020104 ], [ -121.998485651045883, 38.776930954190163 ], [ -121.997587335125218, 38.776930954870821 ], [ -121.997587336130934, 38.777200449602887 ] ] ] } },
{ "type": "Feature", "properties": { "csb_id": "061825012479840", "acres": 5.6940637772773899, "geoid": "06113" }, "geometry": { "type": "Polygon", "coordinates": [ [ [ -121.895269224585803, 38.775313986756828 ], [ -121.895269224514962, 38.774774998256397 ], [ -121.894999730594606, 38.774774998092909 ], [ -121.894999730106633, 38.775313987212535 ], [ -121.894730235627449, 38.775313987081404 ], [ -121.894730235238285, 38.774415671630926 ], [ -121.894370909460179, 38.773607188415724 ], [ -121.894370909480884, 38.773247861881543 ], [ -121.89562855115912, 38.773337693463745 ], [ -121.89562855057541, 38.773517356591903 ], [ -121.895359056134012, 38.773607187897895 ], [ -121.895359056190273, 38.773966514544611 ], [ -121.896167539501477, 38.774505503205376 ], [ -121.896167540111705, 38.775134323731535 ], [ -121.895269224585803, 38.775313986756828 ] ] ] } },
{ "type": "Feature", "properties": { "csb_id": "061825012479841", "acres": 68.905063472699993, "geoid": "06113" }, "geometry": { "type": "Polygon", "coordinates": [ [ [ -122.005043352052397, 38.777110617630584 ], [ -122.004145035807696, 38.777110618242865 ], [ -122.004145036774403, 38.777380112646512 ], [ -122.003606046489224, 38.777380112536505 ], [ -122.003336553404438, 38.776661460126185 ], [ -122.002977227626587, 38.776661460040899 ], [ -122.002707733066472, 38.776302134046517 ], [ -122.002707732619228, 38.776032639773874 ], [ -122.002977227024644, 38.775763145197729 ], [ -122.003336553167742, 38.775763145177606 ], [ -122.003336553681493, 38.775403818901673 ], [ -122.002707733230793, 38.775403818854933 ], [ -122.002707732976674, 38.775763144407627 ], [ -122.001809417579352, 38.775763144432652 ], [ -122.001809417260318, 38.776032639075716 ], [ -122.002078912480371, 38.77603263900388 ], [ -122.002078912357419, 38.776661459611269 ], [ -122.001180597362548, 38.776661460015511 ], [ -122.001180596868593, 38.777200449245463 ], [ -122.000012786499028, 38.777200449009669 ], [ -121.999383966426961, 38.777110617843668 ], [ -121.999383966121755, 38.776930954584493 ], [ -121.998485651045883, 38.776930954190163 ], [ -121.99848565052713, 38.7762123020104 ], [ -121.998216155915543, 38.775673313332106 ], [ -121.998216156941538, 38.774864829671714 ], [ -121.998485650930675, 38.774864829346974 ], [ -121.998485651342747, 38.773607187774658 ], [ -122.000012787421085, 38.773517356860012 ], [ -122.000012786686369, 38.773337693416522 ], [ -122.000551775925885, 38.773517356660861 ], [ -122.002078912615318, 38.773607187959009 ], [ -122.003875542325616, 38.77333769327565 ], [ -122.005133184333459, 38.773517356172626 ], [ -122.005402678174789, 38.773247861830015 ], [ -122.005402678470816, 38.772978367177807 ], [ -122.00657048799728, 38.772978367040487 ], [ -122.006570488690897, 38.773517356080035 ], [ -122.006839983492171, 38.773517356702072 ], [ -122.007109477936851, 38.77396651366179 ], [ -122.00710947780901, 38.775313987118047 ], [ -122.006929814785579, 38.775403818738162 ], [ -122.006929815048267, 38.775763144953643 ], [ -122.006570488840097, 38.776032638957503 ], [ -122.006031498832471, 38.776032639448992 ], [ -122.005672172905719, 38.776302134422707 ], [ -122.005672172882925, 38.776661460320064 ], [ -122.006300993710127, 38.776661459606061 ], [ -122.006300994494353, 38.776930954827677 ], [ -122.005672173268181, 38.77693095420053 ], [ -122.005672172837322, 38.777380112148983 ], [ -122.005043352666675, 38.77738011189853 ], [ -122.005043352052397, 38.777110617630584 ] ] ] } },
{ "type": "Feature", "properties": { "csb_id": "061825012479886", "acres": 4.8863414667637803, "geoid": "06113" }, "geometry": { "type": "Polygon", "coordinates": [ [ [ -122.166290946461032, 38.771271568243229 ], [ -122.16422482139717, 38.77145123161057 ], [ -122.163596000629909, 38.770822410647796 ], [ -122.163865494167084, 38.770552916309072 ], [ -122.164494314696341, 38.770552916147714 ], [ -122.16449431445092, 38.770822411717617 ], [ -122.165392629851155, 38.770822410559617 ], [ -122.166021451812753, 38.7703732533448 ], [ -122.16656044030151, 38.77037325178722 ], [ -122.166560438154278, 38.770912242886411 ], [ -122.166290943839755, 38.770912242614969 ], [ -122.166290946461032, 38.771271568243229 ] ] ] } },
{ "type": "Feature", "properties": { "csb_id": "061825012480014", "acres": 2.6069021166386301, "geoid": "06113" }, "geometry": { "type": "Polygon", "coordinates": [ [ [ -121.941083303778697, 38.764534203672532 ], [ -121.941981619475172, 38.764534204167731 ], [ -121.941981619284519, 38.765791845450373 ], [ -121.941352798715286, 38.765791845221763 ], [ -121.941083304091521, 38.765522350977655 ], [ -121.941083303778697, 38.764534203672532 ] ] ] } },
{ "type": "Feature", "properties": { "csb_id": "061825012480020", "acres": 4.0883255757559098, "geoid": "06113" }, "geometry": { "type": "Polygon", "coordinates": [ [ [ -122.152187395689509, 38.765702014053154 ], [ -122.151917901355006, 38.764983361608323 ], [ -122.151917901765572, 38.764534203270649 ], [ -122.153445037867087, 38.764354540953576 ], [ -122.153445037370588, 38.764983361193259 ], [ -122.153714531988285, 38.76534268701095 ], [ -122.152187395689509, 38.765702014053154 ] ] ] } },
{ "type": "Feature", "properties": { "csb_id": "061825012480024", "acres": 5.6467261047678203, "geoid": "06113" }, "geometry": { "type": "Polygon", "coordinates": [ [ [ -121.939825662761891, 38.765252857110291 ], [ -121.939556168013937, 38.764893530213598 ], [ -121.93865785335278, 38.764893530393508 ], [ -121.93865785347694, 38.764534203594359 ], [ -121.939286673478151, 38.764264709547447 ], [ -121.939286674392747, 38.763995215638545 ], [ -121.941083303839918, 38.763995214302525 ], [ -121.941083304400863, 38.765163024331699 ], [ -121.939825662761891, 38.765252857110291 ] ] ] } },
{ "type": "Feature", "properties": { "csb_id": "061825012480086", "acres": 6.3876873111239298, "geoid": "06113" }, "geometry": { "type": "Polygon", "coordinates": [ [ [ -121.926081439146714, 38.762468078293203 ], [ -121.924284808102271, 38.762468078690297 ], [ -121.924105145541262, 38.761569763186301 ], [ -121.924644134590153, 38.761300269107267 ], [ -121.924644134846659, 38.761030774056998 ], [ -121.925811944538935, 38.760940942957944 ], [ -121.925811944845492, 38.76130026893339 ], [ -121.926440765413304, 38.761569763054652 ], [ -121.926171270762453, 38.761839257950619 ], [ -121.926081439146714, 38.762468078293203 ] ] ] } },
{ "type": "Feature", "properties": { "csb_id": "061825012480087", "acres": 11.101235607460801, "geoid": "06113" }, "geometry": { "type": "Polygon", "coordinates": [ [ [ -121.922847504104269, 38.764264709375553 ], [ -121.922847503834404, 38.763725720312991 ], [ -121.922488178439238, 38.763725719735859 ], [ -121.922488177247359, 38.763995214264085 ], [ -121.92069154685349, 38.763995214491395 ], [ -121.920781378565096, 38.763186731273109 ], [ -121.921320368564352, 38.763186730505701 ], [ -121.921320368161318, 38.763456225778661 ], [ -121.92167969433406, 38.763456225589096 ], [ -121.922218683206665, 38.762827404308702 ], [ -121.92221868315616, 38.762557910287676 ], [ -121.921949188557022, 38.762468078202588 ], [ -121.923745819521486, 38.762468078382753 ], [ -121.923745819304244, 38.762737572744314 ], [ -121.924554301611863, 38.763635888263231 ], [ -121.923745819528108, 38.764624034924552 ], [ -121.923116999156605, 38.764534203655124 ], [ -121.922847504104269, 38.764264709375553 ] ] ] } },
{ "type": "Feature", "properties": { "csb_id": "061825012480091", "acres": 19.990103351112801, "geoid": "06113" }, "geometry": { "type": "Polygon", "coordinates": [ [ [ -121.888172534064694, 38.764983361496164 ], [ -121.888172534167978, 38.763096899278764 ], [ -121.887274219265038, 38.763096899022173 ], [ -121.887274219163331, 38.762468078804282 ], [ -121.887813207783836, 38.762198584087592 ], [ -121.888711523575168, 38.762198583426603 ], [ -121.88871152294189, 38.76192908924267 ], [ -121.888981017474549, 38.761569763050296 ], [ -121.891675963843412, 38.761300268376154 ], [ -121.891675963374908, 38.761839258085885 ], [ -121.891406469290047, 38.761839257603441 ], [ -121.891406468817465, 38.762737572753728 ], [ -121.890508153993167, 38.763096899578443 ], [ -121.890508154163854, 38.76363588830818 ], [ -121.890238659389183, 38.763995214211725 ], [ -121.889879333556792, 38.763995214171509 ], [ -121.889879332869711, 38.763635888198984 ], [ -121.889340343327589, 38.763635888311363 ], [ -121.889340343911329, 38.763995214663019 ], [ -121.889070849960603, 38.763995214767682 ], [ -121.889070849746261, 38.764624034749978 ], [ -121.888442028368104, 38.765073192667259 ], [ -121.888172534064694, 38.764983361496164 ] ] ] } },
{ "type": "Feature", "properties": { "csb_id": "061825012480109", "acres": 12.823339678183, "geoid": "06113" }, "geometry": { "type": "Polygon", "coordinates": [ [ [ -121.940184988825763, 38.763995214124513 ], [ -121.940184988752961, 38.763096899741832 ], [ -121.940454483681108, 38.763096899490385 ], [ -121.940454483730235, 38.762737573639548 ], [ -121.939825662983736, 38.76246807816743 ], [ -121.939825662502614, 38.761839258097446 ], [ -121.939556168862183, 38.761839257700885 ], [ -121.939556168310446, 38.761390100135472 ], [ -121.939915494144955, 38.761390100465171 ], [ -121.939915494433549, 38.761659594555553 ], [ -121.940184988842432, 38.761659594788142 ], [ -121.940184988565562, 38.760671447631879 ], [ -121.940723978363863, 38.760671449188827 ], [ -121.940813808865215, 38.761390100401329 ], [ -121.94171212465902, 38.761390100070507 ], [ -121.941981619321311, 38.761839257941475 ], [ -121.941981619701451, 38.764264709187692 ], [ -121.941083302847204, 38.764264709654533 ], [ -121.941083303839918, 38.763995214302525 ], [ -121.940184988825763, 38.763995214124513 ] ], [ [ -121.94135279885829, 38.763456225807673 ], [ -121.940813808451736, 38.763456225478329 ], [ -121.940813809819986, 38.763725720096566 ], [ -121.941352798547484, 38.763725720288299 ], [ -121.94135279885829, 38.763456225807673 ] ], [ [ -121.941083303775571, 38.76219858361263 ], [ -121.940723977809071, 38.762198583993793 ], [ -121.940723977726918, 38.762468078824035 ], [ -121.941083302782857, 38.762468078923888 ], [ -121.941083303775571, 38.76219858361263 ] ] ] } },
{ "type": "Feature", "properties": { "csb_id": "061825012480117", "acres": 41.009977516983298, "geoid": "06113" }, "geometry": { "type": "Polygon", "coordinates": [ [ [ -121.895269224153253, 38.764264708788666 ], [ -121.895269224677278, 38.763995214671823 ], [ -121.89383192031157, 38.763995214102088 ], [ -121.893831919629349, 38.763635888584709 ], [ -121.893472592933591, 38.763635888427359 ], [ -121.892933605081055, 38.764534203593279 ], [ -121.891675963451064, 38.764534203702468 ], [ -121.892035289389852, 38.763995214329519 ], [ -121.892035290624762, 38.762468079335115 ], [ -121.891406468927968, 38.76246807811561 ], [ -121.891406469290047, 38.761839257603441 ], [ -121.891675963374908, 38.761839258085885 ], [ -121.891675964199592, 38.760940943142188 ], [ -121.893472594620079, 38.76040195358523 ], [ -121.89410141467053, 38.759862964124537 ], [ -121.894999729883608, 38.759503637796307 ], [ -121.894999730477579, 38.759144311832614 ], [ -121.895269224974726, 38.758874817639871 ], [ -121.895898045411712, 38.758874817867593 ], [ -121.89589804581054, 38.759773132429572 ], [ -121.894999729708374, 38.76004262707157 ], [ -121.89499973054582, 38.760401953681317 ], [ -121.895359056128285, 38.760401953636972 ], [ -121.895359056007962, 38.760132458748181 ], [ -121.895628551124489, 38.7600426269126 ], [ -121.896167539929721, 38.760042627222269 ], [ -121.896167540288999, 38.760940942591866 ], [ -121.895898045801985, 38.761569762854322 ], [ -121.895898045513221, 38.7639952140917 ], [ -121.895628551032715, 38.764264708985685 ], [ -121.895269224153253, 38.764264708788666 ] ] ] } },
{ "type": "Feature", "properties": { "csb_id": "061825012480163", "acres": 10.7265208542437, "geoid": "06113" }, "geometry": { "type": "Polygon", "coordinates": [ [ [ -121.915301655480889, 38.761569763681656 ], [ -121.915032161341955, 38.761300268213873 ], [ -121.915032160491734, 38.760401953097279 ], [ -121.915930475665505, 38.760401953093762 ], [ -121.915930475700023, 38.760132458538394 ], [ -121.915660982085129, 38.760132458402843 ], [ -121.915660982443455, 38.759773132865156 ], [ -121.916828791694229, 38.759773132766583 ], [ -121.917457611703199, 38.759503637824608 ], [ -121.917727106798154, 38.759503637862522 ], [ -121.917996601343489, 38.75977313267768 ], [ -121.91835592764329, 38.759773132658857 ], [ -121.918355927856098, 38.758874816978647 ], [ -121.919254242883625, 38.75887481755764 ], [ -121.919254242995649, 38.759144311910376 ], [ -121.918894916479175, 38.759234143526726 ], [ -121.91862542178113, 38.759503638193955 ], [ -121.918625422121679, 38.759773132939301 ], [ -121.918894916600067, 38.759773132632795 ], [ -121.918894916816981, 38.760042627624472 ], [ -121.91772710661003, 38.760132458728158 ], [ -121.917727106734773, 38.760761280485944 ], [ -121.917188117951866, 38.760761279378762 ], [ -121.916828791321237, 38.761030774012639 ], [ -121.916828792053252, 38.76130026820956 ], [ -121.916199971448378, 38.761300268924053 ], [ -121.916199970977317, 38.761569762886793 ], [ -121.915301655480889, 38.761569763681656 ] ] ] } },
{ "type": "Feature", "properties": { "csb_id": "061825012480167", "acres": 45.542155451381802, "geoid": "06113" }, "geometry": { "type": "Polygon", "coordinates": [ [ [ -121.928506890733544, 38.762288415617988 ], [ -121.928506890182391, 38.762468078348633 ], [ -121.926979754755763, 38.762468078484567 ], [ -121.926710259515417, 38.762198583868006 ], [ -121.926710259574122, 38.761839257763135 ], [ -121.926171270762453, 38.761839257950619 ], [ -121.926440765413304, 38.761569763054652 ], [ -121.926979753979538, 38.761569763171266 ], [ -121.926979754381932, 38.761300269009801 ], [ -121.926710259818691, 38.761300269055738 ], [ -121.926710259877396, 38.760940942977903 ], [ -121.924284808437278, 38.760940942785489 ], [ -121.924284808247634, 38.760401953428342 ], [ -121.925542449789674, 38.760401953097762 ], [ -121.926440764844614, 38.759503637957145 ], [ -121.926440764795686, 38.758605323208513 ], [ -121.926710259975351, 38.758425659874717 ], [ -121.93245947725994, 38.758425659586486 ], [ -121.932998466605639, 38.758874817063955 ], [ -121.932998466659782, 38.759503638322848 ], [ -121.932369645851225, 38.759503638421442 ], [ -121.931830657347561, 38.759773132359435 ], [ -121.93030352131106, 38.759773132957939 ], [ -121.930034026080989, 38.760042626944887 ], [ -121.930034026655974, 38.761300268729755 ], [ -121.929674699755807, 38.761569763110103 ], [ -121.929764531733611, 38.762737573343948 ], [ -121.929135710712714, 38.762737573300406 ], [ -121.928776385409634, 38.762288415198199 ], [ -121.928506890733544, 38.762288415617988 ] ] ] } },
{ "type": "Feature", "properties": { "csb_id": "061825012480171", "acres": 32.0448879082942, "geoid": "06113" }, "geometry": { "type": "Polygon", "coordinates": [ [ [ -121.923745819521486, 38.762468078382753 ], [ -121.921949188557022, 38.762468078202588 ], [ -121.921949189014427, 38.761929089564106 ], [ -121.920422052494871, 38.761839257766376 ], [ -121.920422052858697, 38.761569763251039 ], [ -121.92069154707859, 38.761569763291412 ], [ -121.920691547403564, 38.761390100124338 ], [ -121.920422053535418, 38.761300269600973 ], [ -121.919254243399052, 38.761300268908172 ], [ -121.919254242556121, 38.760671448155712 ], [ -121.919793232373095, 38.760671448236224 ], [ -121.920152558167743, 38.760491784965495 ], [ -121.920152558940899, 38.760042627814315 ], [ -121.920691546484676, 38.760042627178237 ], [ -121.920691545853416, 38.759773132703252 ], [ -121.920422052360777, 38.759773133005318 ], [ -121.9204220517598, 38.758605323224934 ], [ -121.920691545728289, 38.758605322820713 ], [ -121.920781377467875, 38.75842566029192 ], [ -121.924015313668036, 38.758425659342414 ], [ -121.923745818662553, 38.759593470140487 ], [ -121.923745819521486, 38.762468078382753 ] ] ] } },
{ "type": "Feature", "properties": { "csb_id": "061825012480172", "acres": 17.433130346102299, "geoid": "06113" }, "geometry": { "type": "Polygon", "coordinates": [ [ [ -121.919883063528673, 38.759593470529005 ], [ -121.919254242913766, 38.759593469544818 ], [ -121.918984747902826, 38.759862964143529 ], [ -121.918984748451408, 38.760132459137225 ], [ -121.918355927620709, 38.76013245912155 ], [ -121.918894916816981, 38.760042627624472 ], [ -121.918894916600067, 38.759773132632795 ], [ -121.918625422121679, 38.759773132939301 ], [ -121.91862542178113, 38.759503638193955 ], [ -121.918894916479175, 38.759234143526726 ], [ -121.919254242995649, 38.759144311910376 ], [ -121.919254242883625, 38.75887481755764 ], [ -121.918355927856098, 38.758874816978647 ], [ -121.91835592764329, 38.759773132658857 ], [ -121.917996601343489, 38.75977313267768 ], [ -121.917727106798154, 38.759503637862522 ], [ -121.917457611703199, 38.759503637824608 ], [ -121.916828791694229, 38.759773132766583 ], [ -121.915660982443455, 38.759773132865156 ], [ -121.915660982085129, 38.760132458402843 ], [ -121.915930475700023, 38.760132458538394 ], [ -121.915930475665505, 38.760401953093762 ], [ -121.915032160491734, 38.760401953097279 ], [ -121.915032160711064, 38.758335827931276 ], [ -121.920691547171927, 38.758425659457586 ], [ -121.920691545728289, 38.758605322820713 ], [ -121.9204220517598, 38.758605323224934 ], [ -121.920422052360777, 38.759773133005318 ], [ -121.920691545853416, 38.759773132703252 ], [ -121.920691546484676, 38.760042627178237 ], [ -121.920152558940899, 38.760042627814315 ], [ -121.919883063528673, 38.759593470529005 ] ] ] } },
{ "type": "Feature", "properties": { "csb_id": "061825012480184", "acres": 2.9246585205490798, "geoid": "06113" }, "geometry": { "type": "Polygon", "coordinates": [ [ [ -121.913864350990067, 38.757976501870353 ], [ -121.9126965417679, 38.758066333654277 ], [ -121.912966036353581, 38.75797650243409 ], [ -121.912966036395034, 38.757347681258416 ], [ -121.912696541201981, 38.757347681845765 ], [ -121.912696541051403, 38.75707818718368 ], [ -121.912966035535362, 38.756808692559169 ], [ -121.913864351798011, 38.756898524753275 ], [ -121.913864350990067, 38.757976501870353 ] ] ] } },
{ "type": "Feature", "properties": { "csb_id": "061825012480186", "acres": 3.6366055207914099, "geoid": "06113" }, "geometry": { "type": "Polygon", "coordinates": [ [ [ -122.020943533488008, 38.757437513165065 ], [ -122.019416397356338, 38.757347681451876 ], [ -122.019416397768666, 38.757078187100198 ], [ -122.01968589176424, 38.756808692206604 ], [ -122.020045218288359, 38.756808692039641 ], [ -122.02058420719564, 38.756449366513536 ], [ -122.020584206651208, 38.756179871458016 ], [ -122.020943533572733, 38.756179871635545 ], [ -122.021482522562366, 38.756808692450051 ], [ -122.021482522440323, 38.757078186525298 ], [ -122.021213027409971, 38.757078186450421 ], [ -122.021213027725338, 38.757347681149341 ], [ -122.020943533488008, 38.757437513165065 ] ] ] } },
{ "type": "Feature", "properties": { "csb_id": "061825012480189", "acres": 7.5329511663138504, "geoid": "06113" }, "geometry": { "type": "Polygon", "coordinates": [ [ [ -121.910899911480072, 38.75797650249266 ], [ -121.91089991062519, 38.757707007539729 ], [ -121.910630416122444, 38.757437513835264 ], [ -121.910271089991483, 38.757437513306982 ], [ -121.910271090008536, 38.756269703300674 ], [ -121.911798226573381, 38.756179873319773 ], [ -121.9123372161866, 38.757347682541059 ], [ -121.912337215764865, 38.758066334728241 ], [ -121.910899911480072, 38.75797650249266 ] ] ] } },
{ "type": "Feature", "properties": { "csb_id": "061825012480202", "acres": 3.1460003699522598, "geoid": "06113" }, "geometry": { "type": "Polygon", "coordinates": [ [ [ -121.918355927034369, 38.756449366108924 ], [ -121.917457611966327, 38.756449366355781 ], [ -121.917188117633145, 38.756179871605895 ], [ -121.917188117990463, 38.75564088248499 ], [ -121.916828792026109, 38.755551052000349 ], [ -121.917098285951511, 38.755551050524218 ], [ -121.917098286461822, 38.755281555974598 ], [ -121.917996602012963, 38.755281556071751 ], [ -121.918355927247219, 38.755551050674818 ], [ -121.918355927034369, 38.756449366108924 ] ] ] } },
{ "type": "Feature", "properties": { "csb_id": "061825012480213", "acres": 14.1904629392583, "geoid": "06113" }, "geometry": { "type": "Polygon", "coordinates": [ [ [ -121.918625422133019, 38.757976502162485 ], [ -121.917098286458895, 38.75797650249519 ], [ -121.915930476010757, 38.757707007811199 ], [ -121.913864351315297, 38.757707007092428 ], [ -121.913864350943101, 38.757347681830687 ], [ -121.914403340163005, 38.757347681717256 ], [ -121.914403341048384, 38.757078187331977 ], [ -121.915032161565634, 38.756808692339469 ], [ -121.915032161037843, 38.756449365902839 ], [ -121.914133845827024, 38.756269702876409 ], [ -121.914133846678311, 38.75591037803575 ], [ -121.914403340313015, 38.755640881202233 ], [ -121.914762667079316, 38.755640882516403 ], [ -121.915032160402603, 38.755910376697443 ], [ -121.91655929803521, 38.756000209604174 ], [ -121.916828792242512, 38.756179871838043 ], [ -121.916828791726957, 38.756539197611446 ], [ -121.917727107295619, 38.757347682345035 ], [ -121.91862542191987, 38.757347681685523 ], [ -121.918625422133019, 38.757976502162485 ] ], [ [ -121.915930476079808, 38.757168018826704 ], [ -121.915660981597583, 38.757168019375712 ], [ -121.915660981821347, 38.757347681554791 ], [ -121.915930474729521, 38.757347681486365 ], [ -121.915930476079808, 38.757168018826704 ] ] ] } },
{ "type": "Feature", "properties": { "csb_id": "061825012480222", "acres": 47.391356040697602, "geoid": "06113" }, "geometry": { "type": "Polygon", "coordinates": [ [ [ -121.925542449790001, 38.758156165149124 ], [ -121.920422052798997, 38.758156164804156 ], [ -121.918625422133019, 38.757976502162485 ], [ -121.91862542191987, 38.757347681685523 ], [ -121.918894917018221, 38.757347681174863 ], [ -121.918894915778665, 38.756808692417088 ], [ -121.918625421366229, 38.75644936656375 ], [ -121.918355927034369, 38.756449366108924 ], [ -121.918355927879134, 38.755640882352843 ], [ -121.919523735929175, 38.755640882710367 ], [ -121.919523735917551, 38.755910377231679 ], [ -121.919793233537419, 38.756179871526754 ], [ -121.92069154739039, 38.756449366003714 ], [ -121.920691547896482, 38.755551050816123 ], [ -121.925542450810426, 38.755551051801618 ], [ -121.925542449477319, 38.755910376757789 ], [ -121.925811944901696, 38.755910376646725 ], [ -121.925811944908133, 38.755551051690531 ], [ -121.926081439318821, 38.755551051851654 ], [ -121.926081438430103, 38.755281555108752 ], [ -121.926710259784826, 38.755281555871484 ], [ -121.926710259814001, 38.757976501741943 ], [ -121.925542449790001, 38.758156165149124 ] ] ] } },
{ "type": "Feature", "properties": { "csb_id": "061825012480233", "acres": 15.4608019434007, "geoid": "06113" }, "geometry": { "type": "Polygon", "coordinates": [ [ [ -121.925542450810426, 38.755551051801618 ], [ -121.920691547896482, 38.755551050816123 ], [ -121.92069154739039, 38.756449366003714 ], [ -121.920422052925588, 38.756449366371925 ], [ -121.919523735917551, 38.755910377231679 ], [ -121.919523735940814, 38.755371388195037 ], [ -121.918625421122726, 38.755371387673463 ], [ -121.918625421095086, 38.755101893885062 ], [ -121.91979323185528, 38.755281556425032 ], [ -121.920422052375528, 38.755012061682883 ], [ -121.920422053233438, 38.754652735786372 ], [ -121.921320368375177, 38.754652735190248 ], [ -121.92132036797247, 38.754383241213347 ], [ -121.921949189112368, 38.754383240469274 ], [ -121.921949188480838, 38.75465273516722 ], [ -121.922218683782987, 38.754652735426177 ], [ -121.9224881780396, 38.75438324125944 ], [ -121.923745818927429, 38.754383240753384 ], [ -121.923745818733494, 38.755012061378309 ], [ -121.924644134128741, 38.755012061633089 ], [ -121.924644134990928, 38.755281556309008 ], [ -121.92491362858631, 38.755281556195797 ], [ -121.925542449674637, 38.754383240688568 ], [ -121.925811944561076, 38.754383241334303 ], [ -121.925811944634489, 38.754652735239539 ], [ -121.926081439397322, 38.754652735538698 ], [ -121.926081438430103, 38.755281555108752 ], [ -121.925811944208775, 38.755281556047166 ], [ -121.925811944901696, 38.755910376646725 ], [ -121.925542449477319, 38.755910376757789 ], [ -121.925542450810426, 38.755551051801618 ] ] ] } },
{ "type": "Feature", "properties": { "csb_id": "061825012480262", "acres": 13.3732487804022, "geoid": "06113" }, "geometry": { "type": "Polygon", "coordinates": [ [ [ -121.924644134990928, 38.755281556309008 ], [ -121.924644134128741, 38.755012061633089 ], [ -121.923745818733494, 38.755012061378309 ], [ -121.923745818927429, 38.754383240753384 ], [ -121.9224881780396, 38.75438324125944 ], [ -121.922488177799792, 38.754113746327036 ], [ -121.922847504064805, 38.754113746740956 ], [ -121.92284750367628, 38.753754420425942 ], [ -121.92311699852489, 38.753754419965922 ], [ -121.923116998513564, 38.753484925425788 ], [ -121.923386493709387, 38.753305262466782 ], [ -121.924015314131069, 38.753484926159835 ], [ -121.924015314158979, 38.753215430904532 ], [ -121.925542450283345, 38.753215431164506 ], [ -121.925542449871912, 38.752856104809155 ], [ -121.926081439061676, 38.752856105068616 ], [ -121.926081439576237, 38.753215431045483 ], [ -121.926710259731138, 38.753215431020308 ], [ -121.926710259706681, 38.753844251478398 ], [ -121.926440765378601, 38.753844252170495 ], [ -121.926440764733499, 38.754652735551225 ], [ -121.925811944634489, 38.754652735239539 ], [ -121.925811944561076, 38.754383241334303 ], [ -121.925542449674637, 38.754383240688568 ], [ -121.925272954929113, 38.754652735698237 ], [ -121.925183123311342, 38.755012061816956 ], [ -121.92491362858631, 38.755281556195797 ], [ -121.924644134990928, 38.755281556309008 ] ] ] } },
{ "type": "Feature", "properties": { "csb_id": "061825012480292", "acres": 141.080723683147, "geoid": "06113" }, "geometry": { "type": "Polygon", "coordinates": [ [ [ -121.988334687763825, 38.758874818371581 ], [ -121.984741427577063, 38.758874817912961 ], [ -121.983573616318935, 38.758695155573221 ], [ -121.983214291321431, 38.758605322654994 ], [ -121.983214291526295, 38.75833582840523 ], [ -121.982944796583496, 38.75824599695639 ], [ -121.981776986671775, 38.758245996434773 ], [ -121.981148165790358, 38.757707007802793 ], [ -121.981148165600572, 38.757347681675029 ], [ -121.979980355752076, 38.757347681177279 ], [ -121.979710861337253, 38.757168018390409 ], [ -121.979710861233386, 38.756898524245202 ], [ -121.979351535786321, 38.756898523706823 ], [ -121.979351535064566, 38.756179871686712 ], [ -121.979621029572257, 38.756179871525994 ], [ -121.979621029968641, 38.753484925405481 ], [ -121.979351535626904, 38.753215431092812 ], [ -121.978722714414317, 38.753215431128325 ], [ -121.978722715033228, 38.752586610536348 ], [ -121.979082041131292, 38.752586610042577 ], [ -121.979082041251615, 38.75177812655383 ], [ -121.979980356518396, 38.751688294597017 ], [ -121.979980356426566, 38.752137452659149 ], [ -121.980249851133067, 38.752586609993692 ], [ -121.980878671182992, 38.75258661054621 ], [ -121.981417660924151, 38.752856104589831 ], [ -121.981776986697625, 38.752856104964181 ], [ -121.981776987108091, 38.752586610086674 ], [ -121.98204648123766, 38.7525866102064 ], [ -121.982046481676065, 38.751688295020578 ], [ -121.987166878179096, 38.751778127021282 ], [ -121.987166878569468, 38.751957789886582 ], [ -121.988065193805014, 38.751957789508445 ], [ -121.988065194067758, 38.751778127879263 ], [ -121.988604182411677, 38.75177812663145 ], [ -121.988604182782026, 38.758605322565067 ], [ -121.988334687899467, 38.758605322838086 ], [ -121.988334687763825, 38.758874818371581 ] ] ] } },
{ "type": "Feature", "properties": { "csb_id": "061825012480293", "acres": 82.0094090615749, "geoid": "06113" }, "geometry": { "type": "Polygon", "coordinates": [ [ [ -121.976656589716882, 38.757078186678683 ], [ -121.976926083725331, 38.756449366620032 ], [ -121.977824398227852, 38.756449366485967 ], [ -121.977824398392812, 38.755910377446661 ], [ -121.976926084304225, 38.755910377066911 ], [ -121.976926084014764, 38.756179871840459 ], [ -121.975129453060973, 38.756179871995592 ], [ -121.975129452645874, 38.755910376948954 ], [ -121.974231138431392, 38.755910376488274 ], [ -121.973961643333553, 38.755551050459765 ], [ -121.971895518693771, 38.755551050740095 ], [ -121.970997203162497, 38.755101892890309 ], [ -121.970188719753068, 38.755012061770685 ], [ -121.970188719594162, 38.753484926031348 ], [ -121.972165013031017, 38.753574757180012 ], [ -121.97243450710252, 38.753484925508275 ], [ -121.972434507376207, 38.75321543158833 ], [ -121.973332823138563, 38.753215431132951 ], [ -121.973332822809482, 38.752856105112755 ], [ -121.97396164324536, 38.752586610039636 ], [ -121.974231138023285, 38.751957789930948 ], [ -121.97459046477853, 38.751957789628349 ], [ -121.974590464068967, 38.751778127012678 ], [ -121.973692149024089, 38.751688294746387 ], [ -121.979082041251615, 38.75177812655383 ], [ -121.979082041131292, 38.752586610042577 ], [ -121.978722715033228, 38.752586610536348 ], [ -121.978722714414317, 38.753215431128325 ], [ -121.979351535626904, 38.753215431092812 ], [ -121.979621029968641, 38.753484925405481 ], [ -121.979621029572257, 38.756179871525994 ], [ -121.979351535064566, 38.756179871686712 ], [ -121.979351534982015, 38.757707007396597 ], [ -121.97782439954328, 38.75770700792188 ], [ -121.977824399444813, 38.757078187067243 ], [ -121.976656589716882, 38.757078186678683 ] ] ] } },
{ "type": "Feature", "properties": { "csb_id": "061825012480294", "acres": 14.4317968775328, "geoid": "06113" }, "geometry": { "type": "Polygon", "coordinates": [ [ [ -121.97243450710252, 38.753484925508275 ], [ -121.970368382701622, 38.75348492579883 ], [ -121.970278551526306, 38.751688295446769 ], [ -121.974590464068967, 38.751778127012678 ], [ -121.97459046477853, 38.751957789628349 ], [ -121.974231138023285, 38.751957789930948 ], [ -121.97396164324536, 38.752586610039636 ], [ -121.973332822809482, 38.752856105112755 ], [ -121.973332823138563, 38.753215431132951 ], [ -121.972434507376207, 38.75321543158833 ], [ -121.97243450710252, 38.753484925508275 ] ] ] } },
{ "type": "Feature", "properties": { "csb_id": "061825012480295", "acres": 4.6855620351204301, "geoid": "06113" }, "geometry": { "type": "Polygon", "coordinates": [ [ [ -121.981417660924151, 38.752856104589831 ], [ -121.980878671182992, 38.75258661054621 ], [ -121.980249851133067, 38.752586609993692 ], [ -121.979980356426566, 38.752137452659149 ], [ -121.979980356518396, 38.751688294597017 ], [ -121.982046481676065, 38.751688295020578 ], [ -121.98204648123766, 38.7525866102064 ], [ -121.981776987108091, 38.752586610086674 ], [ -121.981776986697625, 38.752856104964181 ], [ -121.981417660924151, 38.752856104589831 ] ] ] } },
{ "type": "Feature", "properties": { "csb_id": "061825012480299", "acres": 4.3391853927132003, "geoid": "06113" }, "geometry": { "type": "Polygon", "coordinates": [ [ [ -121.924644134227108, 38.753215431208098 ], [ -121.924644134931157, 38.751957790485726 ], [ -121.925811945378385, 38.751957790576199 ], [ -121.92581194467904, 38.751688295011419 ], [ -121.92644076604013, 38.751688296048805 ], [ -121.926710259467171, 38.751957789341077 ], [ -121.926710259315556, 38.752406946393947 ], [ -121.926440764970494, 38.752586610529633 ], [ -121.925542449674893, 38.752586611183624 ], [ -121.925542449871912, 38.752856104809155 ], [ -121.924913629410256, 38.752856106115246 ], [ -121.924913628650486, 38.753215431130648 ], [ -121.924644134227108, 38.753215431208098 ] ] ] } },
{ "type": "Feature", "properties": { "csb_id": "061825012480320", "acres": 21.513101166001899, "geoid": "06113" }, "geometry": { "type": "Polygon", "coordinates": [ [ [ -121.932369645294116, 38.754113746754356 ], [ -121.931830657382747, 38.754113746603792 ], [ -121.931830656859148, 38.754383240775063 ], [ -121.931201835284668, 38.754383240879264 ], [ -121.931201836583625, 38.752856105256342 ], [ -121.930932342177684, 38.752317116016968 ], [ -121.930034025444797, 38.75168829505575 ], [ -121.929135710383292, 38.75168829540516 ], [ -121.929135710968936, 38.751418800638568 ], [ -121.9300340263826, 38.751418800427032 ], [ -121.930303521192712, 38.751059474200744 ], [ -121.930303519959907, 38.750520485216896 ], [ -121.930932341635739, 38.750520485283282 ], [ -121.930932341464313, 38.750789979514195 ], [ -121.930573014967734, 38.750789980206569 ], [ -121.930573015706827, 38.751059473962435 ], [ -121.931830655568859, 38.750879811335906 ], [ -121.931830655660946, 38.7512391378704 ], [ -121.932100150808907, 38.751418800514912 ], [ -121.934166276750432, 38.7514188000521 ], [ -121.933627287659405, 38.752317115853899 ], [ -121.933627287115371, 38.753215430747865 ], [ -121.933267961646578, 38.75375442035989 ], [ -121.933267961472154, 38.754383240976118 ], [ -121.932369645641884, 38.75438324116611 ], [ -121.932369645294116, 38.754113746754356 ] ] ] } },
{ "type": "Feature", "properties": { "csb_id": "061825012480327", "acres": 3.0596201199456798, "geoid": "06113" }, "geometry": { "type": "Polygon", "coordinates": [ [ [ -121.94225111405899, 38.750789979663054 ], [ -121.942251113709204, 38.751059474584267 ], [ -121.939286673415097, 38.751059474726162 ], [ -121.939286673186132, 38.750520485163662 ], [ -121.939556168848441, 38.750250990517443 ], [ -121.940184988509714, 38.75025099073995 ], [ -121.940184988987824, 38.750520485684149 ], [ -121.940454483474397, 38.750789980075147 ], [ -121.94225111405899, 38.750789979663054 ] ] ] } },
{ "type": "Feature", "properties": { "csb_id": "061825012480361", "acres": 3.7428287621177798, "geoid": "06113" }, "geometry": { "type": "Polygon", "coordinates": [ [ [ -121.93659172783228, 38.749891664737625 ], [ -121.936591727377134, 38.749622169875032 ], [ -121.93632223347376, 38.749622170336153 ], [ -121.936322232895037, 38.749352675719827 ], [ -121.936052738555034, 38.749352674975299 ], [ -121.936052738685078, 38.748544191401507 ], [ -121.936322233395799, 38.7485441914246 ], [ -121.936861222087316, 38.748993349072812 ], [ -121.937759537887871, 38.748993349266627 ], [ -121.937759537795273, 38.749622169604372 ], [ -121.937490043055675, 38.749891664756852 ], [ -121.93659172783228, 38.749891664737625 ] ] ] } },
{ "type": "Feature", "properties": { "csb_id": "061825012480412", "acres": 20.138176989252401, "geoid": "06113" }, "geometry": { "type": "Polygon", "coordinates": [ [ [ -121.944317239620489, 38.751059474745766 ], [ -121.944317239679677, 38.750789980099533 ], [ -121.944676565098419, 38.750789979559393 ], [ -121.94494605948384, 38.750520485126323 ], [ -121.944946059990841, 38.747825539625744 ], [ -121.944676565831628, 38.747825539384031 ], [ -121.944676565682727, 38.747556044566807 ], [ -121.946113869806609, 38.747556044616474 ], [ -121.946473196123378, 38.747196718309098 ], [ -121.946473195560372, 38.74692722402073 ], [ -121.946742690206008, 38.746927224163272 ], [ -121.946742690645451, 38.747196718692173 ], [ -121.947012185167551, 38.747196718488254 ], [ -121.947371510881695, 38.747556044519136 ], [ -121.947012185323118, 38.74782553914693 ], [ -121.947012184676169, 38.748723854879685 ], [ -121.947102017037096, 38.749712001834745 ], [ -121.947371511271044, 38.749712001054469 ], [ -121.947371511622336, 38.750789979890811 ], [ -121.947012185624644, 38.751059474038023 ], [ -121.944317239620489, 38.751059474745766 ] ] ] } },
{ "type": "Feature", "properties": { "csb_id": "061825012480417", "acres": 7.3896267183042204, "geoid": "06113" }, "geometry": { "type": "Polygon", "coordinates": [ [ [ -121.927608575146479, 38.74962217012331 ], [ -121.927608575575348, 38.748993349055361 ], [ -121.92733908018721, 38.74899334929588 ], [ -121.927339080776179, 38.747825539663474 ], [ -121.927608575521546, 38.747825539560957 ], [ -121.927608574831908, 38.74719671882319 ], [ -121.926710259842707, 38.746927224512319 ], [ -121.926440764900391, 38.74665772916029 ], [ -121.926440765703219, 38.746118740499199 ], [ -121.926710259520078, 38.746028909097348 ], [ -121.92787807022772, 38.746028909081403 ], [ -121.92787806957034, 38.746657729623081 ], [ -121.928237396039208, 38.746657729612565 ], [ -121.928237395460116, 38.747825539444015 ], [ -121.92787806914842, 38.747825539111673 ], [ -121.927878069480954, 38.74872385496176 ], [ -121.928237395114508, 38.748723854537396 ], [ -121.928237395315364, 38.749352675694311 ], [ -121.927878069500522, 38.749622170016949 ], [ -121.927608575146479, 38.74962217012331 ] ] ] } },
{ "type": "Feature", "properties": { "csb_id": "061825012480457", "acres": 30.871922898466501, "geoid": "06113" }, "geometry": { "type": "Polygon", "coordinates": [ [ [ -122.137544856105393, 38.747825539889632 ], [ -122.137634688745521, 38.745849245994478 ], [ -122.136107553109213, 38.745759414327772 ], [ -122.136107551224228, 38.744950930384668 ], [ -122.135748226459626, 38.744771267357713 ], [ -122.139341487550482, 38.743693288848036 ], [ -122.139700813015423, 38.743693288902072 ], [ -122.139700813934297, 38.743962783239901 ], [ -122.140239802516788, 38.743962783565898 ], [ -122.140868623384705, 38.744232278742253 ], [ -122.140868623964082, 38.745489919926726 ], [ -122.141138117827595, 38.746028908756436 ], [ -122.141138117882505, 38.74638823515884 ], [ -122.140599129276609, 38.74638823486945 ], [ -122.140599128914076, 38.746747560797353 ], [ -122.141138117621963, 38.746747560712727 ], [ -122.141138118208318, 38.746927223801656 ], [ -122.140239802755247, 38.746927223907605 ], [ -122.1402398034284, 38.74719671879857 ], [ -122.138802497682207, 38.747196718377126 ], [ -122.138443171908833, 38.746747561300324 ], [ -122.138173677054311, 38.746747560972679 ], [ -122.13817367757332, 38.747556044724369 ], [ -122.137904181482767, 38.747556045284682 ], [ -122.137904181673534, 38.747825539351609 ], [ -122.137544856105393, 38.747825539889632 ] ] ] } },
{ "type": "Feature", "properties": { "csb_id": "061825012480476", "acres": 10.3726829199286, "geoid": "06113" }, "geometry": { "type": "Polygon", "coordinates": [ [ [ -121.945844375241251, 38.746657729241711 ], [ -121.944946059866069, 38.746657729915256 ], [ -121.944946060309434, 38.746298403412148 ], [ -121.945215554029218, 38.746028908557051 ], [ -121.945574880081494, 38.746028908569436 ], [ -121.946113870188327, 38.745400087934712 ], [ -121.946113869833439, 38.745130593925097 ], [ -121.945574880386246, 38.745130593200116 ], [ -121.945574880690941, 38.744232277894199 ], [ -121.94647319601458, 38.744232278290305 ], [ -121.946473196883119, 38.743962784683319 ], [ -121.947012185671284, 38.743962783487525 ], [ -121.947012184861279, 38.744950930887669 ], [ -121.947371511610754, 38.745400088111786 ], [ -121.947371510982251, 38.745759414417648 ], [ -121.947012184696078, 38.746298403104788 ], [ -121.947012185167551, 38.747196718488254 ], [ -121.946742690645451, 38.747196718692173 ], [ -121.946742690206008, 38.746927224163272 ], [ -121.945844374914444, 38.746927224142901 ], [ -121.945844375241251, 38.746657729241711 ] ] ] } },
{ "type": "Feature", "properties": { "csb_id": "061825012480477", "acres": 3.4543999186765002, "geoid": "06113" }, "geometry": { "type": "Polygon", "coordinates": [ [ [ -121.931471329491714, 38.745400088794518 ], [ -121.931471330015867, 38.744861098748167 ], [ -121.931830656497027, 38.744861099367597 ], [ -121.93183065528649, 38.744501773255479 ], [ -121.930932340529665, 38.744501773168921 ], [ -121.930932340388125, 38.744232278213175 ], [ -121.931201835985334, 38.743962784098052 ], [ -121.931471329174272, 38.743962783967625 ], [ -121.931471329874114, 38.744232278298952 ], [ -121.932369646235003, 38.744232278046148 ], [ -121.932459478113188, 38.743962784011686 ], [ -121.932459476429614, 38.744501773984851 ], [ -121.932728972547253, 38.744501773692257 ], [ -121.932728971155754, 38.744861100387858 ], [ -121.932998467168417, 38.744861098889473 ], [ -121.932998465363738, 38.745130594063717 ], [ -121.932100151549577, 38.745130593179375 ], [ -121.932100150097, 38.745400088497163 ], [ -121.931471329491714, 38.745400088794518 ] ] ] } },
{ "type": "Feature", "properties": { "csb_id": "061825012480520", "acres": 3.2331498490178601, "geoid": "06113" }, "geometry": { "type": "Polygon", "coordinates": [ [ [ -121.93982566293441, 38.741806827067897 ], [ -121.940184989052568, 38.741806827134283 ], [ -121.94018498906081, 38.74423227836499 ], [ -121.939825663127735, 38.744232278470939 ], [ -121.939286674024117, 38.743962783443457 ], [ -121.939286673603036, 38.743603457634435 ], [ -121.939556168389146, 38.743064468070585 ], [ -121.939825662598892, 38.743064468263853 ], [ -121.93982566293441, 38.741806827067897 ] ] ] } },
{ "type": "Feature", "properties": { "csb_id": "061825012480522", "acres": 5.7639407418602104, "geoid": "06113" }, "geometry": { "type": "Polygon", "coordinates": [ [ [ -121.936322232938878, 38.742435648159159 ], [ -121.935693412819532, 38.742435647509147 ], [ -121.935423917969032, 38.742705142096376 ], [ -121.93542391803193, 38.743064469427836 ], [ -121.935064591224958, 38.74306446731979 ], [ -121.934795097688735, 38.742794973411677 ], [ -121.933896782805206, 38.742435648658358 ], [ -121.93416627702139, 38.742435647709428 ], [ -121.934525602984934, 38.74216615414813 ], [ -121.934525602556874, 38.741806826944398 ], [ -121.935064591893052, 38.741806827012432 ], [ -121.935693412453432, 38.74135766941221 ], [ -121.936591728293919, 38.741627164703672 ], [ -121.936591726654356, 38.742166153717164 ], [ -121.936861222066909, 38.742166152911459 ], [ -121.936591727507619, 38.742794974129886 ], [ -121.936322232938878, 38.742435648159159 ] ] ] } },
{ "type": "Feature", "properties": { "csb_id": "061825012480549", "acres": 22.699763610709599, "geoid": "06113" }, "geometry": { "type": "Polygon", "coordinates": [ [ [ -121.947012184903855, 38.740369523001647 ], [ -121.946742689906415, 38.740369522243761 ], [ -121.946742690658965, 38.74063901749382 ], [ -121.947012184906598, 38.740639016773983 ], [ -121.947012184903855, 38.740369523001647 ], [ -121.94737151146272, 38.740369522812493 ], [ -121.947371510938765, 38.740100027945985 ], [ -121.947641006372876, 38.740100027952515 ], [ -121.947641005742312, 38.740639017553654 ], [ -121.947102016747053, 38.740728848521414 ], [ -121.947102016244841, 38.741357668243268 ], [ -121.947371510661526, 38.741537332155389 ], [ -121.947371511185494, 38.741806827051782 ], [ -121.94701218535748, 38.742435648767753 ], [ -121.947012185671284, 38.743962783487525 ], [ -121.946473196883119, 38.743962784683319 ], [ -121.94647319601458, 38.744232278290305 ], [ -121.945215555026778, 38.744232277847473 ], [ -121.944676565486915, 38.743962783588145 ], [ -121.944676565373626, 38.742705142031156 ], [ -121.944317239710543, 38.742705141918222 ], [ -121.944317239769717, 38.742435647449895 ], [ -121.945574880182022, 38.742435647712021 ], [ -121.945574880698416, 38.74216615400541 ], [ -121.945215554434171, 38.741806826928993 ], [ -121.944946059678131, 38.741806827549276 ], [ -121.944946060039982, 38.7421661528264 ], [ -121.944317239828877, 38.74216615298721 ], [ -121.944317239699032, 38.74180682647296 ], [ -121.944676565727292, 38.741806826482787 ], [ -121.944946059940548, 38.741267838552773 ], [ -121.944946060646316, 38.740369523241768 ], [ -121.945215554570098, 38.740369521659211 ], [ -121.945215554274412, 38.739830533340992 ], [ -121.945844375861157, 38.740010197306304 ], [ -121.946113869698124, 38.739830533012608 ], [ -121.946203701909127, 38.740100029117571 ], [ -121.946742690459018, 38.739830534097287 ], [ -121.947012184903855, 38.740369523001647 ] ], [ [ -121.945844375376169, 38.740459354305884 ], [ -121.94557488098657, 38.740459353581208 ], [ -121.945574881104591, 38.7406390183992 ], [ -121.945844375531095, 38.740639017405535 ], [ -121.945844375376169, 38.740459354305884 ] ] ] } },
{ "type": "Feature", "properties": { "csb_id": "061825012480550", "acres": 702.876224011977, "geoid": "06113" }, "geometry": { "type": "Polygon", "coordinates": [ [ [ -121.926710258631985, 38.755012061471596 ], [ -121.926979754228839, 38.755012061772902 ], [ -121.926979752960889, 38.754652735881521 ], [ -121.926710258690719, 38.754652735580308 ], [ -121.926710258631985, 38.755012061471596 ], [ -121.926440764733499, 38.754652735551225 ], [ -121.926440765378601, 38.753844252170495 ], [ -121.926710259706681, 38.753844251478398 ], [ -121.926710259731138, 38.753215431020308 ], [ -121.926440765174561, 38.753215431334077 ], [ -121.926440765128319, 38.752856104876393 ], [ -121.926979754451395, 38.752856104899486 ], [ -121.926979754540781, 38.752586610071965 ], [ -121.926440764970494, 38.752586610529633 ], [ -121.926710259721418, 38.752317116013089 ], [ -121.926710259467171, 38.751957789341077 ], [ -121.92644076604013, 38.751688296048805 ], [ -121.92581194467904, 38.751688295011419 ], [ -121.925811945378385, 38.751957790576199 ], [ -121.924644134931157, 38.751957790485726 ], [ -121.924644134569007, 38.752856104714674 ], [ -121.924284808269363, 38.753215431337551 ], [ -121.923386493105411, 38.753215431322509 ], [ -121.923116998513564, 38.753484925425788 ], [ -121.922847504972879, 38.753484926744981 ], [ -121.92284750367628, 38.753754420425942 ], [ -121.921589862389865, 38.753754420699487 ], [ -121.921320367256868, 38.75411374638314 ], [ -121.92132036797247, 38.754383241213347 ], [ -121.921050873172533, 38.754383240956429 ], [ -121.920422053387355, 38.753754420592308 ], [ -121.918355927672906, 38.753754420004292 ], [ -121.918355927863175, 38.753215431026234 ], [ -121.9188949154656, 38.753215431078893 ], [ -121.918894915384982, 38.75285610519871 ], [ -121.920152556862163, 38.752856105791814 ], [ -121.920422051354933, 38.752586610769193 ], [ -121.920422052263675, 38.751957789781748 ], [ -121.920152558588242, 38.751957789250589 ], [ -121.920152557271436, 38.751059474354626 ], [ -121.920422052417621, 38.751059474783681 ], [ -121.920422052883097, 38.750250990251509 ], [ -121.920152558484574, 38.750250990303094 ], [ -121.920152558119014, 38.74989166416627 ], [ -121.919793230832923, 38.749442507268164 ], [ -121.918984748607713, 38.749352675038715 ], [ -121.919254242807469, 38.748993348842319 ], [ -121.920152555610983, 38.748723854808105 ], [ -121.920422050640951, 38.748454360187232 ], [ -121.920422052617297, 38.748095034240094 ], [ -121.920691546718402, 38.747915370908125 ], [ -121.921589860951926, 38.747825539430437 ], [ -121.921589861543836, 38.748095034364724 ], [ -121.921949188203129, 38.748095033716069 ], [ -121.921949187716109, 38.747825539400608 ], [ -121.921589860951926, 38.747825539430437 ], [ -121.921589861096024, 38.746927224422258 ], [ -121.922488176850536, 38.745759414193195 ], [ -121.922488176632655, 38.744861098886659 ], [ -121.9219491892718, 38.743693288921193 ], [ -121.921320368011678, 38.743154299593513 ], [ -121.9267102585179, 38.743064468849639 ], [ -121.927878069101581, 38.743603457645968 ], [ -121.928506890474139, 38.743603457298448 ], [ -121.928506888907322, 38.743333963666203 ], [ -121.929135710328836, 38.743333963318619 ], [ -121.929674699367851, 38.742794973642972 ], [ -121.930573013992529, 38.742525479078004 ], [ -121.930662845536361, 38.74270514284742 ], [ -121.931201835244735, 38.742705142562279 ], [ -121.931201835539724, 38.74243564826299 ], [ -121.931830655349586, 38.742435647723021 ], [ -121.932728970870343, 38.742705143148214 ], [ -121.933267960854593, 38.742166153173628 ], [ -121.934795097688735, 38.742794973411677 ], [ -121.935064591224958, 38.74306446731979 ], [ -121.935962905782262, 38.743064468845816 ], [ -121.936322233167942, 38.743333962827272 ], [ -121.936322232628243, 38.743603457556041 ], [ -121.936052738839223, 38.743693289326949 ], [ -121.93659172632313, 38.743603457921147 ], [ -121.936591727839669, 38.743962783421729 ], [ -121.936322233131378, 38.743962783915848 ], [ -121.936322232591664, 38.744232278657833 ], [ -121.936052739125316, 38.744232278083857 ], [ -121.936052737183573, 38.74459160470181 ], [ -121.93632223224202, 38.744861098931459 ], [ -121.937220548909366, 38.744861099330826 ], [ -121.937490041757798, 38.745130593564738 ], [ -121.937490041893753, 38.745759414088177 ], [ -121.937759537150029, 38.745759414211328 ], [ -121.937759536908999, 38.745400088076373 ], [ -121.938118863974225, 38.745130593328639 ], [ -121.938657852214803, 38.745130593444316 ], [ -121.938657852711628, 38.74450177250575 ], [ -121.939017179031893, 38.744501773214374 ], [ -121.939017178126491, 38.74486109904872 ], [ -121.941352797796696, 38.74486109905699 ], [ -121.9413527990163, 38.744501772535756 ], [ -121.943149428378234, 38.74450177330916 ], [ -121.943149428663645, 38.743962784268199 ], [ -121.942879933419576, 38.743962784339537 ], [ -121.942879935223814, 38.742705142541716 ], [ -121.943149429465834, 38.742166152783255 ], [ -121.943149429178916, 38.741806826612603 ], [ -121.942520608170824, 38.741806826816287 ], [ -121.942520608711661, 38.740369522680183 ], [ -121.941622292587653, 38.740010197014612 ], [ -121.941352798511531, 38.739740701820701 ], [ -121.941352798509143, 38.739471207001557 ], [ -121.941622293143027, 38.73947120774875 ], [ -121.942251114317429, 38.739111880689137 ], [ -121.943149429174341, 38.739111881578474 ], [ -121.943149428444741, 38.738842386428729 ], [ -121.94350875553927, 38.738842386463155 ], [ -121.943418923090732, 38.739740702110176 ], [ -121.94377824870179, 38.73974070170533 ], [ -121.94404774515516, 38.740010196735525 ], [ -121.944047743659382, 38.73974070194528 ], [ -121.944676565798531, 38.739830533204128 ], [ -121.944946060646316, 38.740369523241768 ], [ -121.944946059940548, 38.741267838552773 ], [ -121.944676565727292, 38.741806826482787 ], [ -121.944317239699032, 38.74180682647296 ], [ -121.944317239828877, 38.74216615298721 ], [ -121.944946060039982, 38.7421661528264 ], [ -121.944946059678131, 38.741806827549276 ], [ -121.945215554434171, 38.741806826928993 ], [ -121.945574880698416, 38.74216615400541 ], [ -121.945574880182022, 38.742435647712021 ], [ -121.944317239769717, 38.742435647449895 ], [ -121.944317239710543, 38.742705141918222 ], [ -121.944676565373626, 38.742705142031156 ], [ -121.944676565486915, 38.743962783588145 ], [ -121.945215555026778, 38.744232277847473 ], [ -121.945574880690941, 38.744232277894199 ], [ -121.945574880386246, 38.745130593200116 ], [ -121.946113869833439, 38.745130593925097 ], [ -121.946113870188327, 38.745400087934712 ], [ -121.945844374779753, 38.745759414205956 ], [ -121.944946060309434, 38.746298403412148 ], [ -121.944946059866069, 38.746657729915256 ], [ -121.945844375241251, 38.746657729241711 ], [ -121.945844374914444, 38.746927224142901 ], [ -121.946473195560372, 38.74692722402073 ], [ -121.946473196123378, 38.747196718309098 ], [ -121.946113869806609, 38.747556044616474 ], [ -121.944676565682727, 38.747556044566807 ], [ -121.944676565831628, 38.747825539384031 ], [ -121.944946059990841, 38.747825539625744 ], [ -121.944946060502886, 38.749622170021027 ], [ -121.94494605948384, 38.750520485126323 ], [ -121.944676565098419, 38.750789979559393 ], [ -121.944317239679677, 38.750789980099533 ], [ -121.944317239620489, 38.751059474745766 ], [ -121.942340945048841, 38.751059474268828 ], [ -121.942340946183222, 38.753484925765115 ], [ -121.942251113745968, 38.753754420579348 ], [ -121.941981619038785, 38.753754420069228 ], [ -121.941981619256609, 38.754383240990336 ], [ -121.941352798255508, 38.75447307300923 ], [ -121.941352799166879, 38.75465273562137 ], [ -121.941981620148923, 38.75465273550892 ], [ -121.941981619256609, 38.754383240990336 ], [ -121.942251113735153, 38.754383241122461 ], [ -121.942251114216745, 38.757976502533246 ], [ -121.941981618818659, 38.75815616571807 ], [ -121.926710257703846, 38.758156165645715 ], [ -121.926710259819046, 38.75555105051766 ], [ -121.926979753020831, 38.755281556893941 ], [ -121.926710259784826, 38.755281555871484 ], [ -121.926710258631985, 38.755012061471596 ] ], [ [ -121.931201835284668, 38.754383240879264 ], [ -121.931830656859148, 38.754383240775063 ], [ -121.931830657382747, 38.754113746603792 ], [ -121.932369645294116, 38.754113746754356 ], [ -121.932369645641884, 38.75438324116611 ], [ -121.933267961472154, 38.754383240976118 ], [ -121.933267961646578, 38.75375442035989 ], [ -121.933627287115371, 38.753215430747865 ], [ -121.933627287659405, 38.752317115853899 ], [ -121.934166276750432, 38.7514188000521 ], [ -121.932100150808907, 38.751418800514912 ], [ -121.931830655660946, 38.7512391378704 ], [ -121.931830655568859, 38.750879811335906 ], [ -121.930573015706827, 38.751059473962435 ], [ -121.930573014967734, 38.750789980206569 ], [ -121.930932341464313, 38.750789979514195 ], [ -121.930932341635739, 38.750520485283282 ], [ -121.930303519959907, 38.750520485216896 ], [ -121.930303521192712, 38.751059474200744 ], [ -121.9300340263826, 38.751418800427032 ], [ -121.929135710968936, 38.751418800638568 ], [ -121.929135710383292, 38.75168829540516 ], [ -121.930034025444797, 38.75168829505575 ], [ -121.930932342177684, 38.752317116016968 ], [ -121.931201836583625, 38.752856105256342 ], [ -121.931201835284668, 38.754383240879264 ] ], [ [ -121.93632223347376, 38.749622170336153 ], [ -121.936591727633186, 38.749712001781646 ], [ -121.93659172783228, 38.749891664737625 ], [ -121.937490043055675, 38.749891664756852 ], [ -121.937759537795273, 38.749622169604372 ], [ -121.937759537887871, 38.748993349266627 ], [ -121.936861222087316, 38.748993349072812 ], [ -121.936322233395799, 38.7485441914246 ], [ -121.936052738685078, 38.748544191401507 ], [ -121.936052737029343, 38.749442507120506 ], [ -121.936322233624878, 38.749442506524908 ], [ -121.93632223347376, 38.749622170336153 ] ], [ [ -121.93632223373946, 38.749891664099195 ], [ -121.935693412563424, 38.749891664690814 ], [ -121.935693411089787, 38.750250990988853 ], [ -121.93632223312413, 38.750250990878122 ], [ -121.93632223373946, 38.749891664099195 ] ], [ [ -121.939556168848441, 38.750250990517443 ], [ -121.939286673186132, 38.750520485163662 ], [ -121.939286673415097, 38.751059474726162 ], [ -121.942251113709204, 38.751059474584267 ], [ -121.94225111405899, 38.750789979663054 ], [ -121.940454483474397, 38.750789980075147 ], [ -121.940184988987824, 38.750520485684149 ], [ -121.940184988509714, 38.75025099073995 ], [ -121.939556168848441, 38.750250990517443 ] ], [ [ -121.940454484048828, 38.755012061803519 ], [ -121.941083302891812, 38.755012061823273 ], [ -121.941083304319648, 38.754652735250922 ], [ -121.940454483784819, 38.754652735334084 ], [ -121.940454484048828, 38.755012061803519 ] ], [ [ -121.939825661303587, 38.755910376904041 ], [ -121.939825662692229, 38.756179871490836 ], [ -121.940184988559892, 38.756179872001162 ], [ -121.940184989200333, 38.755910376692825 ], [ -121.939825661303587, 38.755910376904041 ] ], [ [ -121.939556168246682, 38.756179871127777 ], [ -121.939286672995678, 38.75617987127734 ], [ -121.939286672707439, 38.756449366729235 ], [ -121.939556168640308, 38.756449365720471 ], [ -121.939556168246682, 38.756179871127777 ] ], [ [ -121.936322233784438, 38.748454360385509 ], [ -121.936322232702551, 38.747825539314988 ], [ -121.935693412413301, 38.747825539836697 ], [ -121.935693410315466, 38.74845436042623 ], [ -121.936322233784438, 38.748454360385509 ] ], [ [ -121.927878069500522, 38.749622170016949 ], [ -121.928237395315364, 38.749352675694311 ], [ -121.928237395114508, 38.748723854537396 ], [ -121.927878069480954, 38.74872385496176 ], [ -121.92787806914842, 38.747825539111673 ], [ -121.928237395460116, 38.747825539444015 ], [ -121.928237396039208, 38.746657729612565 ], [ -121.92787806957034, 38.746657729623081 ], [ -121.92787807022772, 38.746028909081403 ], [ -121.926440765703219, 38.746118740499199 ], [ -121.926440764900391, 38.74665772916029 ], [ -121.926710259842707, 38.746927224512319 ], [ -121.927608574831908, 38.74719671882319 ], [ -121.927608575521546, 38.747825539560957 ], [ -121.927339080776179, 38.747825539663474 ], [ -121.92733908018721, 38.74899334929588 ], [ -121.927608575575348, 38.748993349055361 ], [ -121.927608575146479, 38.74962217012331 ], [ -121.927878069500522, 38.749622170016949 ] ], [ [ -121.922218684007504, 38.749622170282628 ], [ -121.921949188128963, 38.749622170432538 ], [ -121.921949188616026, 38.749891664786567 ], [ -121.922218681820965, 38.74989166449857 ], [ -121.922218684007504, 38.749622170282628 ] ], [ [ -121.921050873826772, 38.749622170187237 ], [ -121.921050874106115, 38.749352675460557 ], [ -121.920691545550497, 38.749352675356661 ], [ -121.920691546494567, 38.749622170461876 ], [ -121.921050873826772, 38.749622170187237 ] ], [ [ -121.925183123665221, 38.748723854827922 ], [ -121.925542449640744, 38.748454360240764 ], [ -121.925542450035024, 38.747196718591439 ], [ -121.924913627524091, 38.74728655040574 ], [ -121.924284807519982, 38.748095034559547 ], [ -121.923745817690957, 38.748095034165168 ], [ -121.923745817714249, 38.748454360418975 ], [ -121.92401531222383, 38.74854419176134 ], [ -121.924015313055207, 38.748723855322936 ], [ -121.925183123665221, 38.748723854827922 ] ], [ [ -121.931471329491714, 38.745400088794518 ], [ -121.932100150097, 38.745400088497163 ], [ -121.932100151549577, 38.745130593179375 ], [ -121.932998465363738, 38.745130594063717 ], [ -121.932998467168417, 38.744861098889473 ], [ -121.932728971155754, 38.744861100387858 ], [ -121.932728970873072, 38.744232279493076 ], [ -121.932459477674129, 38.744232278445665 ], [ -121.932459478113188, 38.743962784011686 ], [ -121.932369646235003, 38.744232278046148 ], [ -121.931471329874114, 38.744232278298952 ], [ -121.931471329174272, 38.743962783967625 ], [ -121.931201835985334, 38.743962784098052 ], [ -121.930932340388125, 38.744232278213175 ], [ -121.930932340529665, 38.744501773168921 ], [ -121.93183065528649, 38.744501773255479 ], [ -121.931830656497027, 38.744861099367597 ], [ -121.931471330015867, 38.744861098748167 ], [ -121.931471329491714, 38.745400088794518 ] ], [ [ -121.935693412444365, 38.746028908520735 ], [ -121.935962905519418, 38.746028910461149 ], [ -121.935962906759556, 38.745759413962801 ], [ -121.93569341195014, 38.745759414462121 ], [ -121.935693412444365, 38.746028908520735 ] ], [ [ -121.944317239733493, 38.744501772997253 ], [ -121.94467656466631, 38.744501773316351 ], [ -121.944676565148598, 38.744322110643878 ], [ -121.944317239981729, 38.744322110565321 ], [ -121.944317239733493, 38.744501772997253 ] ], [ [ -121.933357790185539, 38.743064468947608 ], [ -121.933267961297403, 38.743333962996786 ], [ -121.933627286926637, 38.743333963450148 ], [ -121.933627285291593, 38.743064468554174 ], [ -121.933357790185539, 38.743064468947608 ] ], [ [ -121.920152558419133, 38.753484926722777 ], [ -121.920422052319623, 38.753484925637743 ], [ -121.920422052683378, 38.753215431307915 ], [ -121.920152558033479, 38.753215430914899 ], [ -121.920152558419133, 38.753484926722777 ] ] ] } },
{ "type": "Feature", "properties": { "csb_id": "061825012480554", "acres": 78.722798597807994, "geoid": "06113" }, "geometry": { "type": "Polygon", "coordinates": [ [ [ -121.943149428378234, 38.74450177330916 ], [ -121.9413527990163, 38.744501772535756 ], [ -121.941352797796696, 38.74486109905699 ], [ -121.939017178126491, 38.74486109904872 ], [ -121.939017179031893, 38.744501773214374 ], [ -121.938657852711628, 38.74450177250575 ], [ -121.938657852214803, 38.745130593444316 ], [ -121.938118863974225, 38.745130593328639 ], [ -121.937759536908999, 38.745400088076373 ], [ -121.937759537150029, 38.745759414211328 ], [ -121.937490041893753, 38.745759414088177 ], [ -121.937490041757798, 38.745130593564738 ], [ -121.937220548909366, 38.744861099330826 ], [ -121.93632223224202, 38.744861098931459 ], [ -121.936052737183573, 38.74459160470181 ], [ -121.936052739125316, 38.744232278083857 ], [ -121.936591728607837, 38.744232279022938 ], [ -121.936591727507619, 38.742794974129886 ], [ -121.936861222579111, 38.741806826739612 ], [ -121.937490042865704, 38.741357669732849 ], [ -121.93749004305306, 38.739740701452654 ], [ -121.937220548404881, 38.739471207364581 ], [ -121.936861222866355, 38.739471208446425 ], [ -121.936861222752469, 38.739111880630993 ], [ -121.937220549471704, 38.73884238738853 ], [ -121.937490043127127, 38.738842387584782 ], [ -121.938118863793676, 38.739471207636633 ], [ -121.938657853330923, 38.739471206826714 ], [ -121.938657853082049, 38.73857289180976 ], [ -121.938388358696116, 38.738213566023653 ], [ -121.938118864186052, 38.738213565688071 ], [ -121.93811886319331, 38.737944071827677 ], [ -121.939556168293066, 38.737944071025851 ], [ -121.939825663330581, 38.738213566110907 ], [ -121.939825663006303, 38.738842386089956 ], [ -121.941083304684696, 38.738842386929797 ], [ -121.941083304558745, 38.738572892369689 ], [ -121.941352798918601, 38.738572892123344 ], [ -121.941352798920988, 38.738842386923935 ], [ -121.941622293157295, 38.738842386331022 ], [ -121.941622293143027, 38.73947120774875 ], [ -121.941352798509143, 38.739471207001557 ], [ -121.941352798511531, 38.739740701820701 ], [ -121.941622292587653, 38.740010197014612 ], [ -121.942520608711661, 38.740369522680183 ], [ -121.942520608170824, 38.741806826816287 ], [ -121.943149429178916, 38.741806826612603 ], [ -121.943149429465834, 38.742166152783255 ], [ -121.942879935223814, 38.742705142541716 ], [ -121.942879933419576, 38.743962784339537 ], [ -121.943149428663645, 38.743962784268199 ], [ -121.943149428378234, 38.74450177330916 ] ], [ [ -121.94018498906081, 38.74423227836499 ], [ -121.940184989052568, 38.741806827134283 ], [ -121.93982566293441, 38.741806827067897 ], [ -121.939825662598892, 38.743064468263853 ], [ -121.939556168389146, 38.743064468070585 ], [ -121.939286673603036, 38.743603457634435 ], [ -121.939286674024117, 38.743962783443457 ], [ -121.939825663127735, 38.744232278470939 ], [ -121.94018498906081, 38.74423227836499 ] ] ] } },
{ "type": "Feature", "properties": { "csb_id": "061825012480581", "acres": 5.4178142779417904, "geoid": "06113" }, "geometry": { "type": "Polygon", "coordinates": [ [ [ -121.947371511215977, 38.738662723895594 ], [ -121.946742690495924, 38.738572891739025 ], [ -121.946742690551176, 38.73821356549589 ], [ -121.948000331810093, 38.737674577028024 ], [ -121.948539321502295, 38.737674576600298 ], [ -121.94916814219691, 38.738033903130315 ], [ -121.949168142016646, 38.738303397679388 ], [ -121.948898647175383, 38.738303397666613 ], [ -121.948898647318202, 38.739111881484483 ], [ -121.948808815445744, 38.738932218671863 ], [ -121.947371511739931, 38.738932218732302 ], [ -121.947371511215977, 38.738662723895594 ] ] ] } },
{ "type": "Feature", "properties": { "csb_id": "061825012480582", "acres": 4.2341612113017604, "geoid": "06113" }, "geometry": { "type": "Polygon", "coordinates": [ [ [ -121.941352798920988, 38.738842386923935 ], [ -121.941352798918601, 38.738572892123344 ], [ -121.941981618020392, 38.738303397906655 ], [ -121.941981618246572, 38.738033903495271 ], [ -121.943418924597069, 38.737944071485991 ], [ -121.943418924084853, 38.738213567098242 ], [ -121.943149429977993, 38.738213565591394 ], [ -121.943149429174341, 38.739111881578474 ], [ -121.941622293036161, 38.73911188137766 ], [ -121.941622293157295, 38.738842386331022 ], [ -121.941352798920988, 38.738842386923935 ] ] ] } },
{ "type": "Feature", "properties": { "csb_id": "061825012480583", "acres": 7.1788871482136596, "geoid": "06113" }, "geometry": { "type": "Polygon", "coordinates": [ [ [ -121.941352798214552, 38.738213567117178 ], [ -121.941083304432823, 38.738303397815137 ], [ -121.941981618020392, 38.738303397906655 ], [ -121.941083304558745, 38.738572892369689 ], [ -121.941083304684696, 38.738842386929797 ], [ -121.939825663006303, 38.738842386089956 ], [ -121.939825663330581, 38.738213566110907 ], [ -121.939556168293066, 38.737944071025851 ], [ -121.938388357513873, 38.737944071063659 ], [ -121.938388358031204, 38.737045755773252 ], [ -121.939286673284755, 38.736955924339817 ], [ -121.939825662477517, 38.737674576368853 ], [ -121.94018498872579, 38.737764408567884 ], [ -121.941352799014979, 38.737674576447702 ], [ -121.941352798214552, 38.738213567117178 ] ] ] } },
{ "type": "Feature", "properties": { "csb_id": "061825012480625", "acres": 327.37451307685899, "geoid": "06113" }, "geometry": { "type": "Polygon", "coordinates": [ [ [ -121.965876805773533, 38.747196718589066 ], [ -121.965607312318994, 38.747196719816699 ], [ -121.965607311797768, 38.747556045082355 ], [ -121.965247986273113, 38.747556045931837 ], [ -121.965247985386128, 38.747196718570393 ], [ -121.963541186621342, 38.747196719738319 ], [ -121.963541186622223, 38.747556044555566 ], [ -121.962642871485428, 38.748095034817048 ], [ -121.96201405011935, 38.748095033583752 ], [ -121.961744555866403, 38.747825539679546 ], [ -121.96174455556384, 38.747556045236145 ], [ -121.962014050074515, 38.747556045068826 ], [ -121.962014051013824, 38.747286550149717 ], [ -121.959588598549374, 38.747286550455122 ], [ -121.959319103049083, 38.747556044827498 ], [ -121.958151293721258, 38.747645876335227 ], [ -121.958151293173344, 38.748095034157124 ], [ -121.957522474398857, 38.748454360432056 ], [ -121.957252980018538, 38.748454360265306 ], [ -121.957252979531958, 38.748723855035415 ], [ -121.956354663553896, 38.748723854455108 ], [ -121.956354664135958, 38.748184865505635 ], [ -121.95572584321053, 38.748184865404497 ], [ -121.955456348963793, 38.748723854465602 ], [ -121.954827527512037, 38.748723854471891 ], [ -121.954558033565419, 38.748813685764617 ], [ -121.954558033468189, 38.74899334901729 ], [ -121.953659718704387, 38.749083181046217 ], [ -121.953030897977911, 38.748723854591269 ], [ -121.953061074683589, 38.747945548184184 ], [ -121.954198707297067, 38.744501773551008 ], [ -121.954198707676014, 38.742884804907895 ], [ -121.954827527790556, 38.74216615369113 ], [ -121.954827527776942, 38.741806827140572 ], [ -121.95455803393746, 38.741267837810547 ], [ -121.955097022365763, 38.740010196926519 ], [ -121.9550970226597, 38.73947120855135 ], [ -121.955725843205414, 38.737674577257224 ], [ -121.955725843994827, 38.736776262359498 ], [ -121.956085168989063, 38.736416935301463 ], [ -121.956624158883542, 38.73641693559108 ], [ -121.956624159141398, 38.736147440700861 ], [ -121.95689365340715, 38.736147440824041 ], [ -121.956893653322339, 38.736776261704925 ], [ -121.957522474235219, 38.737045757155876 ], [ -121.958690284252867, 38.737045756069683 ], [ -121.958690283167286, 38.737315250944768 ], [ -121.960486913914124, 38.737315250636016 ], [ -121.960846240626324, 38.737045757082527 ], [ -121.96111573596751, 38.737315251543578 ], [ -121.9631818600228, 38.737315250817161 ], [ -121.96354118663001, 38.737045756581757 ], [ -121.964708996822111, 38.736776262222314 ], [ -121.964708995797338, 38.736147440989306 ], [ -121.964978491112205, 38.735877945895155 ], [ -121.965876805742312, 38.73587794647954 ], [ -121.965876805978354, 38.737045756823797 ], [ -121.966775121388451, 38.738932217838453 ], [ -121.966775120527927, 38.739471206340092 ], [ -121.966505626737074, 38.739471206471116 ], [ -121.966505627186109, 38.740459354445527 ], [ -121.966775120956385, 38.740459354177709 ], [ -121.966775121733789, 38.741896658876847 ], [ -121.967403941669403, 38.743064468714536 ], [ -121.967403942381694, 38.745130593974437 ], [ -121.968032762988969, 38.745400088801979 ], [ -121.968302258117475, 38.746388235191752 ], [ -121.968302257840165, 38.746927224454858 ], [ -121.967673436997231, 38.747196718964332 ], [ -121.966505627414506, 38.747196718847874 ], [ -121.966505627291966, 38.746747561256967 ], [ -121.966236132005278, 38.746747560899543 ], [ -121.966146301181652, 38.747556044858101 ], [ -121.965876805773803, 38.747556044954607 ], [ -121.965876805773533, 38.747196718589066 ] ], [ [ -121.955456348927939, 38.742255985912266 ], [ -121.955097023146962, 38.742255984257724 ], [ -121.955097023257821, 38.742435647658347 ], [ -121.955456349296554, 38.742435647594647 ], [ -121.955456348927939, 38.742255985912266 ] ] ] } },
{ "type": "Feature", "properties": { "csb_id": "061825012480626", "acres": 7.7562408224943296, "geoid": "06113" }, "geometry": { "type": "Polygon", "coordinates": [ [ [ -121.911798226366926, 38.739471207213725 ], [ -121.911798226078574, 38.738572891903537 ], [ -121.912337214843291, 38.737674576611141 ], [ -121.912337214900674, 38.737405082609293 ], [ -121.91269654163591, 38.737135587497477 ], [ -121.913594856642419, 38.737045756102212 ], [ -121.913594856922771, 38.738842386872193 ], [ -121.912966036452076, 38.738842386739108 ], [ -121.912966036410637, 38.739471206989194 ], [ -121.911798226366926, 38.739471207213725 ] ] ] } },
{ "type": "Feature", "properties": { "csb_id": "061825012480639", "acres": 199.391664263346, "geoid": "06113" }, "geometry": { "type": "Polygon", "coordinates": [ [ [ -121.908474459814997, 38.743962783676174 ], [ -121.908474459175892, 38.743603458081722 ], [ -121.908204963762216, 38.743603457977905 ], [ -121.908204964506083, 38.743962784191375 ], [ -121.908474458173785, 38.744052615926414 ], [ -121.90730664988051, 38.743962783479404 ], [ -121.907037155360058, 38.743693288584204 ], [ -121.906049007976023, 38.743962783503122 ], [ -121.905150693386474, 38.743962783802878 ], [ -121.905150693283275, 38.744232277811314 ], [ -121.904611703441844, 38.744232278001341 ], [ -121.904252377317519, 38.743962783455522 ], [ -121.904252377999939, 38.743603457408291 ], [ -121.904881198166478, 38.743603457904001 ], [ -121.904881198951827, 38.743333963049537 ], [ -121.904881198618682, 38.743064468440934 ], [ -121.90461170322223, 38.743064468343952 ], [ -121.904611703459423, 38.742166153136665 ], [ -121.904881197913838, 38.741806827135058 ], [ -121.904881198699186, 38.741537332318224 ], [ -121.904881198366041, 38.741267837747223 ], [ -121.904611703696617, 38.741267837991948 ], [ -121.90461170393381, 38.740369522909695 ], [ -121.90488119895528, 38.740369522803576 ], [ -121.904881198779691, 38.740010196376048 ], [ -121.904611703196707, 38.739740701564017 ], [ -121.904252378044873, 38.739740702051805 ], [ -121.904252377791394, 38.738932217949895 ], [ -121.904611703433872, 38.73884238658728 ], [ -121.904611704052414, 38.73731525020321 ], [ -121.904252377597132, 38.73731525075538 ], [ -121.904252377905152, 38.736776261654711 ], [ -121.904611704257235, 38.736776261481367 ], [ -121.905150693239079, 38.736506766939684 ], [ -121.908474459208449, 38.73650676719226 ], [ -121.909103280277591, 38.736776261366352 ], [ -121.90964226932465, 38.736776261451439 ], [ -121.910271090025219, 38.736506766527008 ], [ -121.915930476771265, 38.736596598118822 ], [ -121.915930476012434, 38.737045756258908 ], [ -121.915391486828895, 38.738303397288369 ], [ -121.915391487354427, 38.738572891752717 ], [ -121.915660981815947, 38.738662723777303 ], [ -121.915660982352421, 38.738842386551518 ], [ -121.915660981635895, 38.739111881507597 ], [ -121.915301656150177, 38.739111881477349 ], [ -121.915391487677823, 38.7404593538798 ], [ -121.91628980219879, 38.741357669604064 ], [ -121.916828791431954, 38.741627163616236 ], [ -121.91745761185409, 38.742255984449962 ], [ -121.917727107250329, 38.742255984639456 ], [ -121.917727106665268, 38.743333963434658 ], [ -121.918894916831988, 38.743333963103154 ], [ -121.918894917048846, 38.743603457737905 ], [ -121.918625421957884, 38.743603458031686 ], [ -121.918894917129464, 38.743962783353624 ], [ -121.91862542217099, 38.744232277814774 ], [ -121.917996601719381, 38.744232278452358 ], [ -121.917996601150421, 38.743962783666113 ], [ -121.918355927962835, 38.743962783492321 ], [ -121.918355927985417, 38.743603457498054 ], [ -121.917727107045025, 38.743603457108172 ], [ -121.917727106335192, 38.74405261507578 ], [ -121.914133845709927, 38.743962783255604 ], [ -121.914133845261134, 38.744232277976252 ], [ -121.913864351915365, 38.744232279067923 ], [ -121.912696541720337, 38.744232277929576 ], [ -121.912696541142907, 38.744052614803635 ], [ -121.912337215044786, 38.744052614966051 ], [ -121.911438899404942, 38.744232278107781 ], [ -121.911438898645358, 38.744861099654749 ], [ -121.910540584787668, 38.744861098579676 ], [ -121.910271089733754, 38.744591604769596 ], [ -121.910271089860416, 38.743962783679656 ], [ -121.908474459814997, 38.743962783676174 ] ], [ [ -121.90820496541437, 38.742705142197252 ], [ -121.908743954595792, 38.741537332733515 ], [ -121.908743954363388, 38.741267837857613 ], [ -121.907576144325915, 38.741267837442784 ], [ -121.907576144114088, 38.741896658991692 ], [ -121.906947323577995, 38.742166153197317 ], [ -121.906677828444742, 38.742435647857967 ], [ -121.906677828073768, 38.742705142176113 ], [ -121.90820496541437, 38.742705142197252 ] ], [ [ -121.912966036410637, 38.739471206989194 ], [ -121.912966036452076, 38.738842386739108 ], [ -121.913594856922771, 38.738842386872193 ], [ -121.913594856642419, 38.737045756102212 ], [ -121.91269654163591, 38.737135587497477 ], [ -121.912337214900674, 38.737405082609293 ], [ -121.912337214843291, 38.737674576611141 ], [ -121.911798226078574, 38.738572891903537 ], [ -121.911798226366926, 38.739471207213725 ], [ -121.912966036410637, 38.739471206989194 ] ] ] } },
{ "type": "Feature", "properties": { "csb_id": "061825012480647", "acres": 14.945105237287899, "geoid": "06113" }, "geometry": { "type": "Polygon", "coordinates": [ [ [ -121.96111573596751, 38.737315251543578 ], [ -121.960846240626324, 38.737045757082527 ], [ -121.960486913914124, 38.737315250636016 ], [ -121.958690283167286, 38.737315250944768 ], [ -121.958690284252867, 38.737045756069683 ], [ -121.958420788772941, 38.73704575570234 ], [ -121.958420789258568, 38.736416935597624 ], [ -121.959588598568686, 38.736416935136276 ], [ -121.959947925472122, 38.736147441151921 ], [ -121.959947926045359, 38.735518621019736 ], [ -121.960846240494419, 38.735518620163347 ], [ -121.960846240957963, 38.735249125598962 ], [ -121.96228354495625, 38.735249125634738 ], [ -121.962283545465468, 38.736416935536404 ], [ -121.962912366269734, 38.736416935179406 ], [ -121.962912366038978, 38.736776260933048 ], [ -121.962642870970484, 38.736776261550972 ], [ -121.962642871184599, 38.737315250577453 ], [ -121.96111573596751, 38.737315251543578 ] ] ] } },
{ "type": "Feature", "properties": { "csb_id": "061825012480650", "acres": 7.9778105189823698, "geoid": "06113" }, "geometry": { "type": "Polygon", "coordinates": [ [ [ -121.962642871184599, 38.737315250577453 ], [ -121.962642870970484, 38.736776261550972 ], [ -121.962912366038978, 38.736776260933048 ], [ -121.962912366269734, 38.736416935179406 ], [ -121.962283545465468, 38.736416935536404 ], [ -121.96228354495625, 38.735249125634738 ], [ -121.962014050738489, 38.735249124986467 ], [ -121.962014050425125, 38.734620304963364 ], [ -121.962642870918984, 38.734620304565276 ], [ -121.962642871007503, 38.735518619841649 ], [ -121.963181859822754, 38.73551862001068 ], [ -121.963181860119292, 38.735249125479491 ], [ -121.963541186041937, 38.735249125845073 ], [ -121.963541186267733, 38.73587794596861 ], [ -121.964080176103849, 38.736147440548208 ], [ -121.964708995797338, 38.736147440989306 ], [ -121.964708996822111, 38.736776262222314 ], [ -121.96354118663001, 38.737045756581757 ], [ -121.9631818600228, 38.737315250817161 ], [ -121.962642871184599, 38.737315250577453 ] ] ] } },
{ "type": "Feature", "properties": { "csb_id": "061825012480679", "acres": 12.5778469880005, "geoid": "06113" }, "geometry": { "type": "Polygon", "coordinates": [ [ [ -121.956893653322339, 38.736776261704925 ], [ -121.95689365340715, 38.736147440824041 ], [ -121.956624159141398, 38.736147440700861 ], [ -121.956624158281016, 38.735877946056789 ], [ -121.956354664205037, 38.735877946446287 ], [ -121.956354664145834, 38.735249125711732 ], [ -121.958151294366019, 38.735249125333965 ], [ -121.958690283525542, 38.734979630515788 ], [ -121.958690283959214, 38.734620304607439 ], [ -121.959049610228291, 38.734620304308677 ], [ -121.959319104404756, 38.734620304439204 ], [ -121.95931910463338, 38.735249125043502 ], [ -121.959947925843451, 38.735249125459241 ], [ -121.959947925472122, 38.736147441151921 ], [ -121.959588598568686, 38.736416935136276 ], [ -121.958420789258568, 38.736416935597624 ], [ -121.958420788772941, 38.73704575570234 ], [ -121.957522474235219, 38.737045757155876 ], [ -121.956893653322339, 38.736776261704925 ] ] ] } },
{ "type": "Feature", "properties": { "csb_id": "061825012480711", "acres": 17.053079095891398, "geoid": "06113" }, "geometry": { "type": "Polygon", "coordinates": [ [ [ -121.963541186267733, 38.73587794596861 ], [ -121.963541186041937, 38.735249125845073 ], [ -121.963181860119292, 38.735249125479491 ], [ -121.963181859822754, 38.73551862001068 ], [ -121.962642871007503, 38.735518619841649 ], [ -121.96264287096858, 38.734350810533748 ], [ -121.962912365538486, 38.734350809948978 ], [ -121.96291236611539, 38.733452495747549 ], [ -121.96264287088006, 38.733452495336287 ], [ -121.962642871055209, 38.732823675053588 ], [ -121.962912365892592, 38.73282367412429 ], [ -121.962912365975143, 38.733183000639777 ], [ -121.963181860529104, 38.733183001322971 ], [ -121.963810680692063, 38.732823674174696 ], [ -121.963810680833319, 38.732644010868633 ], [ -121.964080175142684, 38.732644011072033 ], [ -121.964439501280822, 38.732823674262974 ], [ -121.964439501933015, 38.733272831301861 ], [ -121.964708996159914, 38.73345249441261 ], [ -121.965247985291242, 38.733452495198478 ], [ -121.965247985852542, 38.734350809782242 ], [ -121.965607311783927, 38.73435080967797 ], [ -121.965607311488696, 38.735249126385177 ], [ -121.965247985609039, 38.735249125526479 ], [ -121.96497849074683, 38.735518619958292 ], [ -121.964978491112205, 38.735877945895155 ], [ -121.964708995797338, 38.736147440989306 ], [ -121.964080176103849, 38.736147440548208 ], [ -121.963541186267733, 38.73587794596861 ] ] ] } },
{ "type": "Feature", "properties": { "csb_id": "061825012480713", "acres": 16.533367778377698, "geoid": "06113" }, "geometry": { "type": "Polygon", "coordinates": [ [ [ -121.905150692855571, 38.736147440377927 ], [ -121.905510019600257, 38.736147440551669 ], [ -121.905510019495509, 38.735877946470616 ], [ -121.905150692958756, 38.73587794653713 ], [ -121.905150692855571, 38.736147440377927 ], [ -121.904881198747077, 38.736147440516625 ], [ -121.904881198690504, 38.734979630623435 ], [ -121.90461170441894, 38.734979631135694 ], [ -121.904611704343466, 38.734081315624543 ], [ -121.904881197848709, 38.734081315491068 ], [ -121.904881198791472, 38.733721988995072 ], [ -121.90515069138624, 38.733452495342085 ], [ -121.90577951217314, 38.733183000332126 ], [ -121.905779512210984, 38.732644011815268 ], [ -121.906408334064338, 38.732823674253353 ], [ -121.906408334485391, 38.733452494954783 ], [ -121.907576142857266, 38.734081315853501 ], [ -121.907845638551009, 38.73408131527593 ], [ -121.907845638288833, 38.734620304395946 ], [ -121.907306648530778, 38.73524912537134 ], [ -121.906677828620047, 38.735249125738719 ], [ -121.906408332974252, 38.735518620417828 ], [ -121.906408334738742, 38.735967777438276 ], [ -121.906677829434713, 38.735967777409392 ], [ -121.906947323948714, 38.736237272077318 ], [ -121.905150692855571, 38.736147440377927 ] ] ] } },
{ "type": "Feature", "properties": { "csb_id": "061825012480718", "acres": 15.5999566396386, "geoid": "06113" }, "geometry": { "type": "Polygon", "coordinates": [ [ [ -121.959947926045359, 38.735518621019736 ], [ -121.959947925843451, 38.735249125459241 ], [ -121.95931910463338, 38.735249125043502 ], [ -121.959319104404756, 38.734620304439204 ], [ -121.959049610228291, 38.734620304308677 ], [ -121.959049610300838, 38.73435081034755 ], [ -121.959319104483512, 38.734081315181975 ], [ -121.959947925207985, 38.734081315390434 ], [ -121.960486914102034, 38.733452494825976 ], [ -121.960486914505992, 38.732823673858405 ], [ -121.960846240030364, 38.732823674009779 ], [ -121.960846240634922, 38.733183000077048 ], [ -121.962014050379423, 38.733183000697224 ], [ -121.962014049931824, 38.73282367428552 ], [ -121.962642871055209, 38.732823675053588 ], [ -121.96264287088006, 38.733452495336287 ], [ -121.96291236611539, 38.733452495747549 ], [ -121.962912365538486, 38.734350809948978 ], [ -121.96264287096858, 38.734350810533748 ], [ -121.962642870918984, 38.734620304565276 ], [ -121.962014050425125, 38.734620304963364 ], [ -121.962014050738489, 38.735249124986467 ], [ -121.960846240957963, 38.735249125598962 ], [ -121.960846240494419, 38.735518620163347 ], [ -121.959947926045359, 38.735518621019736 ] ] ] } },
{ "type": "Feature", "properties": { "csb_id": "061825012480735", "acres": 5.8512461402589198, "geoid": "06113" }, "geometry": { "type": "Polygon", "coordinates": [ [ [ -121.966505627217671, 38.734350809816114 ], [ -121.965247985852542, 38.734350809782242 ], [ -121.965247985528663, 38.732823673778256 ], [ -121.965607311078102, 38.732554179503992 ], [ -121.966146300735559, 38.732554179467087 ], [ -121.966505627068841, 38.732823673670197 ], [ -121.966775121360143, 38.733452495129043 ], [ -121.966775121839987, 38.73408131555005 ], [ -121.966505627217671, 38.734350809816114 ] ] ] } },
{ "type": "Feature", "properties": { "csb_id": "061825012480746", "acres": 16.2835074233688, "geoid": "06113" }, "geometry": { "type": "Polygon", "coordinates": [ [ [ -121.907576142857266, 38.734081315853501 ], [ -121.906408334485391, 38.733452494954783 ], [ -121.906408334064338, 38.732823674253353 ], [ -121.906947323371057, 38.732823674199821 ], [ -121.906947323770552, 38.731655863886687 ], [ -121.907306649743433, 38.731655864449422 ], [ -121.907576144215639, 38.73192535845461 ], [ -121.907576144414136, 38.7322846847268 ], [ -121.908204965225721, 38.732284686158202 ], [ -121.908204965600262, 38.731925360024562 ], [ -121.908743954444631, 38.731925359154445 ], [ -121.908743954173246, 38.732284684909274 ], [ -121.90910328033074, 38.73228468550969 ], [ -121.909103280771035, 38.73255418044193 ], [ -121.90937277351388, 38.732823674911657 ], [ -121.909642268053034, 38.732823673376124 ], [ -121.909642269603694, 38.73255417943615 ], [ -121.910899910446091, 38.73255417963982 ], [ -121.910899910709816, 38.73228468498462 ], [ -121.911438899561631, 38.732284684982318 ], [ -121.911438899672007, 38.733272831560839 ], [ -121.910630416069523, 38.733183000641283 ], [ -121.90937277437429, 38.733542326580881 ], [ -121.909372774964851, 38.734171147205444 ], [ -121.907576142857266, 38.734081315853501 ] ] ] } },
{ "type": "Feature", "properties": { "csb_id": "061825012480767", "acres": 4.3019013817608398, "geoid": "06113" }, "geometry": { "type": "Polygon", "coordinates": [ [ [ -121.91233721528107, 38.732284685727507 ], [ -121.910899910709816, 38.73228468498462 ], [ -121.910899910446091, 38.73255417963982 ], [ -121.909642269603694, 38.73255417943615 ], [ -121.909642268053034, 38.732823673376124 ], [ -121.90937277351388, 38.732823674911657 ], [ -121.909103280771035, 38.73255418044193 ], [ -121.90910328033074, 38.73228468550969 ], [ -121.909372774311549, 38.732284685180311 ], [ -121.909372774839312, 38.731655864404075 ], [ -121.909642269361157, 38.731655864725496 ], [ -121.909642269723335, 38.732284684882693 ], [ -121.910540582988901, 38.732284685307413 ], [ -121.91054058414953, 38.731655864087465 ], [ -121.911169405666783, 38.731655863955332 ], [ -121.911169405279452, 38.731925358838204 ], [ -121.912696541174157, 38.731925359040254 ], [ -121.912696541361086, 38.732554179340298 ], [ -121.912337215223658, 38.732554179625367 ], [ -121.91233721528107, 38.732284685727507 ] ] ] } },
{ "type": "Feature", "properties": { "csb_id": "061825012480773", "acres": 8.1322215711381602, "geoid": "06113" }, "geometry": { "type": "Polygon", "coordinates": [ [ [ -121.964708996159914, 38.73345249441261 ], [ -121.964439501933015, 38.733272831301861 ], [ -121.964439501280822, 38.732823674262974 ], [ -121.963810680833319, 38.732644010868633 ], [ -121.963810681118687, 38.731655864687333 ], [ -121.964080175783934, 38.731386369852132 ], [ -121.965876806073211, 38.731386369278923 ], [ -121.966146300930234, 38.731655864314611 ], [ -121.96587680630924, 38.732554179229169 ], [ -121.965607311078102, 38.732554179503992 ], [ -121.965247985528663, 38.732823673778256 ], [ -121.965247985291242, 38.733452495198478 ], [ -121.964708996159914, 38.73345249441261 ] ] ] } },
{ "type": "Feature", "properties": { "csb_id": "061825012480789", "acres": 16.995856019492301, "geoid": "06113" }, "geometry": { "type": "Polygon", "coordinates": [ [ [ -121.960846240634922, 38.733183000077048 ], [ -121.960846240030364, 38.732823674009779 ], [ -121.960217420116919, 38.732823674039373 ], [ -121.960217419233615, 38.732554179392451 ], [ -121.959947924721078, 38.732554179226938 ], [ -121.959947925579314, 38.733182999837439 ], [ -121.95904960967539, 38.733183000668539 ], [ -121.958690283264559, 38.732823673974146 ], [ -121.958690283632947, 38.731925359057207 ], [ -121.959319104798595, 38.731925358370781 ], [ -121.959319104994591, 38.731655864223271 ], [ -121.959049609710888, 38.731386370020921 ], [ -121.958420789519352, 38.731386369200273 ], [ -121.958420789691743, 38.730757548503391 ], [ -121.959049610371778, 38.730757548979746 ], [ -121.959588598919481, 38.731027043261037 ], [ -121.959588599552205, 38.731386369794961 ], [ -121.962642871557406, 38.731386370050672 ], [ -121.962912366015928, 38.731655864089277 ], [ -121.962912365892592, 38.73282367412429 ], [ -121.962014049931824, 38.73282367428552 ], [ -121.962014050379423, 38.733183000697224 ], [ -121.960846240634922, 38.733183000077048 ] ] ] } },
{ "type": "Feature", "properties": { "csb_id": "061825012480811", "acres": 11.7702251300166, "geoid": "06113" }, "geometry": { "type": "Polygon", "coordinates": [ [ [ -121.973961643592247, 38.731655864715115 ], [ -121.97243450772217, 38.731655864273513 ], [ -121.972434507761989, 38.731925358601039 ], [ -121.970637877598136, 38.73192535888964 ], [ -121.970637877099477, 38.732284685353591 ], [ -121.970098888127836, 38.732284684859451 ], [ -121.970098887924664, 38.731925359117916 ], [ -121.969470067106514, 38.731027043405348 ], [ -121.969470067245155, 38.730128727900379 ], [ -121.970637877050621, 38.730128728295348 ], [ -121.970637877296028, 38.730757549288846 ], [ -121.971536192948108, 38.730757548726416 ], [ -121.971536192556158, 38.730488054285587 ], [ -121.971895518180247, 38.730488054123718 ], [ -121.971895518780357, 38.730757548805357 ], [ -121.972165012870974, 38.731027043502642 ], [ -121.973332823321712, 38.731027043645526 ], [ -121.973961643819848, 38.731386370048035 ], [ -121.973961643592247, 38.731655864715115 ] ] ] } },
{ "type": "Feature", "properties": { "csb_id": "061825012480816", "acres": 7.87250562756285, "geoid": "06113" }, "geometry": { "type": "Polygon", "coordinates": [ [ [ -121.966146300885356, 38.731925359221748 ], [ -121.966146300930234, 38.731655864314611 ], [ -121.965876806073211, 38.731386369278923 ], [ -121.964708996429096, 38.731386369599328 ], [ -121.964708996281686, 38.73048805469957 ], [ -121.965876805915769, 38.7304880540675 ], [ -121.965876805994341, 38.73075754871055 ], [ -121.966146300766681, 38.73102704325224 ], [ -121.966775121272534, 38.73102704390417 ], [ -121.966775121506288, 38.730488054027241 ], [ -121.966505627057032, 38.730488054026765 ], [ -121.96650562651179, 38.730128728508298 ], [ -121.966775121026487, 38.729859233774356 ], [ -121.967403941986774, 38.729859233598759 ], [ -121.967403941789215, 38.730757549184077 ], [ -121.967673437234168, 38.731027043320211 ], [ -121.967403941780546, 38.731386369823433 ], [ -121.967403942207554, 38.731925358740369 ], [ -121.966146300885356, 38.731925359221748 ] ] ] } },
{ "type": "Feature", "properties": { "csb_id": "061825012480817", "acres": 12.097453292398299, "geoid": "06113" }, "geometry": { "type": "Polygon", "coordinates": [ [ [ -121.962912365975143, 38.733183000639777 ], [ -121.962912366015928, 38.731655864089277 ], [ -121.962642871557406, 38.731386370050672 ], [ -121.962283545009285, 38.73138636944951 ], [ -121.962283544666846, 38.731027043704188 ], [ -121.962014050377618, 38.730757549271019 ], [ -121.961744556143984, 38.73075754882823 ], [ -121.961744555841463, 38.730488054737393 ], [ -121.962283544555689, 38.730488054554343 ], [ -121.962283545275781, 38.72985923403246 ], [ -121.962642871330729, 38.729859234048448 ], [ -121.962642871281105, 38.730128727989829 ], [ -121.964080174993754, 38.730128728131334 ], [ -121.964080175642394, 38.729859233845353 ], [ -121.96470899637508, 38.729859233521758 ], [ -121.964708996429096, 38.731386369599328 ], [ -121.964080175783934, 38.731386369852132 ], [ -121.963810681118687, 38.731655864687333 ], [ -121.963810680692063, 38.732823674174696 ], [ -121.963181860529104, 38.733183001322971 ], [ -121.962912365975143, 38.733183000639777 ] ] ] } },
{ "type": "Feature", "properties": { "csb_id": "061825012480818", "acres": 43.047916023065497, "geoid": "06113" }, "geometry": { "type": "Polygon", "coordinates": [ [ [ -121.958151294366019, 38.735249125333965 ], [ -121.956354664145834, 38.735249125711732 ], [ -121.956354664011457, 38.735518620342965 ], [ -121.955995338377107, 38.735518620063594 ], [ -121.955995337630569, 38.73497963066945 ], [ -121.956354664280198, 38.734979631085892 ], [ -121.956354664355331, 38.734081315786419 ], [ -121.956624158733902, 38.73372198937583 ], [ -121.95662415870251, 38.732913505985408 ], [ -121.956893653661822, 38.732554179533913 ], [ -121.956893653704341, 38.731386369877733 ], [ -121.957252979086192, 38.73138636971057 ], [ -121.957252979457209, 38.729859233756343 ], [ -121.957522474016557, 38.728960918682503 ], [ -121.958420789724258, 38.728960918730372 ], [ -121.959049610647924, 38.729230413367361 ], [ -121.960217419342925, 38.729230412935337 ], [ -121.960217419402483, 38.729589739284563 ], [ -121.960846240170866, 38.730488054393803 ], [ -121.960846240825504, 38.730757548621646 ], [ -121.962014050377618, 38.730757549271019 ], [ -121.962283544666846, 38.731027043704188 ], [ -121.962283545009285, 38.73138636944951 ], [ -121.959588599552205, 38.731386369794961 ], [ -121.959588598919481, 38.731027043261037 ], [ -121.959049610371778, 38.730757548979746 ], [ -121.958420789691743, 38.730757548503391 ], [ -121.958420789519352, 38.731386369200273 ], [ -121.959049609710888, 38.731386370020921 ], [ -121.959319104994591, 38.731655864223271 ], [ -121.959319104798595, 38.731925358370781 ], [ -121.958690283632947, 38.731925359057207 ], [ -121.958690283264559, 38.732823673974146 ], [ -121.95904960967539, 38.733183000668539 ], [ -121.959947925579314, 38.733182999837439 ], [ -121.959947924721078, 38.732554179226938 ], [ -121.960217419233615, 38.732554179392451 ], [ -121.960217420116919, 38.732823674039373 ], [ -121.960486914505992, 38.732823673858405 ], [ -121.960486914102034, 38.733452494825976 ], [ -121.959947925207985, 38.734081315390434 ], [ -121.959319104483512, 38.734081315181975 ], [ -121.959049610300838, 38.73435081034755 ], [ -121.959049610228291, 38.734620304308677 ], [ -121.958690283959214, 38.734620304607439 ], [ -121.958690283525542, 38.734979630515788 ], [ -121.958151294366019, 38.735249125333965 ] ] ] } },
{ "type": "Feature", "properties": { "csb_id": "061825012480827", "acres": 2.7332683612987698, "geoid": "06113" }, "geometry": { "type": "Polygon", "coordinates": [ [ [ -121.965876805994341, 38.73075754871055 ], [ -121.965876805915457, 38.730128728171529 ], [ -121.966146300961356, 38.730128728201571 ], [ -121.966146301364446, 38.72958973932343 ], [ -121.967403942488971, 38.72958973948792 ], [ -121.967403941986774, 38.729859233598759 ], [ -121.966775121026487, 38.729859233774356 ], [ -121.96650562651179, 38.730128728508298 ], [ -121.966505627057032, 38.730488054026765 ], [ -121.966775121506288, 38.730488054027241 ], [ -121.966775121272534, 38.73102704390417 ], [ -121.966146300766681, 38.73102704325224 ], [ -121.965876805994341, 38.73075754871055 ] ] ] } },
{ "type": "Feature", "properties": { "csb_id": "061825012480837", "acres": 32.250451220757803, "geoid": "06113" }, "geometry": { "type": "Polygon", "coordinates": [ [ [ -121.909642269723335, 38.732284684882693 ], [ -121.909642269361157, 38.731655864725496 ], [ -121.909372774839312, 38.731655864404075 ], [ -121.909372774311549, 38.732284685180311 ], [ -121.908743954173246, 38.732284684909274 ], [ -121.908743954444631, 38.731925359154445 ], [ -121.908204965600262, 38.731925360024562 ], [ -121.908204965225721, 38.732284686158202 ], [ -121.907576144414136, 38.7322846847268 ], [ -121.907576144215639, 38.73192535845461 ], [ -121.907306649743433, 38.731655864449422 ], [ -121.906947323770552, 38.731655863886687 ], [ -121.906947323588625, 38.731925359083384 ], [ -121.90604900864767, 38.731925358884041 ], [ -121.905779513244056, 38.731745695916267 ], [ -121.905779513642102, 38.730757549118351 ], [ -121.906408334144444, 38.730757548587597 ], [ -121.906408334391713, 38.730488054753891 ], [ -121.907306649181848, 38.730488054135954 ], [ -121.907306649764564, 38.729589739073504 ], [ -121.907576144669036, 38.729589739397177 ], [ -121.907576144470568, 38.729230413196682 ], [ -121.909372774983638, 38.729230413122615 ], [ -121.910271090057591, 38.729050749912361 ], [ -121.91027108945282, 38.729230412731965 ], [ -121.911438899460904, 38.729230413051567 ], [ -121.911438899810122, 38.731925359162403 ], [ -121.911169405279452, 38.731925358838204 ], [ -121.911169405666783, 38.731655863955332 ], [ -121.91054058414953, 38.731655864087465 ], [ -121.910540582988901, 38.732284685307413 ], [ -121.909642269723335, 38.732284684882693 ] ] ] } },
{ "type": "Feature", "properties": { "csb_id": "061825012480845", "acres": 6.6696407540773901, "geoid": "06113" }, "geometry": { "type": "Polygon", "coordinates": [ [ [ -121.962642871281105, 38.730128727989829 ], [ -121.962642871330729, 38.729859234048448 ], [ -121.962283545275781, 38.72985923403246 ], [ -121.962283544508935, 38.728960918379506 ], [ -121.962014050689163, 38.728960918009257 ], [ -121.962014050510135, 38.728691423713421 ], [ -121.963181859804791, 38.728691423882218 ], [ -121.963181860626378, 38.728960918041111 ], [ -121.964439501646211, 38.72896091824267 ], [ -121.96470899637508, 38.729859233521758 ], [ -121.964080175642394, 38.729859233845353 ], [ -121.964080174993754, 38.730128728131334 ], [ -121.962642871281105, 38.730128727989829 ] ] ] } },
{ "type": "Feature", "properties": { "csb_id": "061825012480846", "acres": 9.9900202021457005, "geoid": "06113" }, "geometry": { "type": "Polygon", "coordinates": [ [ [ -121.960846240825504, 38.730757548621646 ], [ -121.960846240170866, 38.730488054393803 ], [ -121.960217419402483, 38.729589739284563 ], [ -121.960217419342925, 38.729230412935337 ], [ -121.960486915140393, 38.729230413302403 ], [ -121.961115735242728, 38.728332098076088 ], [ -121.961115735829623, 38.728062603415012 ], [ -121.962283545173449, 38.728062603404197 ], [ -121.962283544453342, 38.728691423842918 ], [ -121.962014050510135, 38.728691423713421 ], [ -121.962014050689163, 38.728960918009257 ], [ -121.962283544508935, 38.728960918379506 ], [ -121.962283544555689, 38.730488054554343 ], [ -121.961744555841463, 38.730488054737393 ], [ -121.961744556143984, 38.73075754882823 ], [ -121.960846240825504, 38.730757548621646 ] ] ] } },
{ "type": "Feature", "properties": { "csb_id": "061825012480883", "acres": 38.853095144317102, "geoid": "06113" }, "geometry": { "type": "Polygon", "coordinates": [ [ [ -121.970098888127836, 38.732284684859451 ], [ -121.968302257677067, 38.732284684589374 ], [ -121.96830225713606, 38.732554179476296 ], [ -121.967942931322128, 38.732554180022412 ], [ -121.967403942701097, 38.732284685269711 ], [ -121.967403941780546, 38.731386369823433 ], [ -121.967673437234168, 38.731027043320211 ], [ -121.967403941789215, 38.730757549184077 ], [ -121.967403942488971, 38.72958973948792 ], [ -121.966146301364446, 38.72958973932343 ], [ -121.966146300961356, 38.730128728201571 ], [ -121.965876805915457, 38.730128728171529 ], [ -121.965876805915769, 38.7304880540675 ], [ -121.964708996281686, 38.73048805469957 ], [ -121.96470899582097, 38.729589739000453 ], [ -121.964439501646211, 38.72896091824267 ], [ -121.963181860626378, 38.728960918041111 ], [ -121.963181860129851, 38.727433782722279 ], [ -121.964708996173684, 38.727433782918418 ], [ -121.964708996330927, 38.72779310839865 ], [ -121.96560731107985, 38.72806260334827 ], [ -121.966505627467939, 38.728062603301183 ], [ -121.967403942686488, 38.72869142397991 ], [ -121.967942930892605, 38.728691424184866 ], [ -121.96857175191856, 38.72923041313593 ], [ -121.969470067697202, 38.729230413314063 ], [ -121.969739562114171, 38.72958973953466 ], [ -121.970368382475954, 38.72985923417383 ], [ -121.971266698570531, 38.729859234019791 ], [ -121.97153619230177, 38.730128728006221 ], [ -121.971536192948108, 38.730757548726416 ], [ -121.970637877296028, 38.730757549288846 ], [ -121.970637877050621, 38.730128728295348 ], [ -121.969470067245155, 38.730128727900379 ], [ -121.969470067106514, 38.731027043405348 ], [ -121.970098887924664, 38.731925359117916 ], [ -121.970098888127836, 38.732284684859451 ] ] ] } },
{ "type": "Feature", "properties": { "csb_id": "061825012480892", "acres": 7.9017425794496097, "geoid": "06113" }, "geometry": { "type": "Polygon", "coordinates": [ [ [ -121.960486914696318, 38.727793108755733 ], [ -121.96048691434045, 38.726894793275996 ], [ -121.962283545469063, 38.726894793127663 ], [ -121.962912365275798, 38.727164287947907 ], [ -121.962912365416017, 38.727433782935805 ], [ -121.963181860129851, 38.727433782722279 ], [ -121.963181859804791, 38.728691423882218 ], [ -121.962283544453342, 38.728691423842918 ], [ -121.962283545173449, 38.728062603404197 ], [ -121.961115735829623, 38.728062603415012 ], [ -121.961115734985228, 38.72779310814083 ], [ -121.960486914696318, 38.727793108755733 ] ] ] } },
{ "type": "Feature", "properties": { "csb_id": "061825012480927", "acres": 21.7610931773809, "geoid": "06113" }, "geometry": { "type": "Polygon", "coordinates": [ [ [ -121.959049610647924, 38.729230413367361 ], [ -121.958420789724258, 38.728960918730372 ], [ -121.957522474016557, 38.728960918682503 ], [ -121.957522474081713, 38.728062603473852 ], [ -121.958151294384706, 38.727164287728478 ], [ -121.958151295110682, 38.72563715183265 ], [ -121.9584207890057, 38.725637151476882 ], [ -121.958420788849608, 38.725367657316674 ], [ -121.959588598643762, 38.725637151820564 ], [ -121.959947925083995, 38.72626597280572 ], [ -121.959947924972596, 38.726535467327764 ], [ -121.960217420141291, 38.72689479349399 ], [ -121.96048691434045, 38.726894793275996 ], [ -121.960486914696318, 38.727793108755733 ], [ -121.961115734985228, 38.72779310814083 ], [ -121.961115735242728, 38.728332098076088 ], [ -121.960486915140393, 38.729230413302403 ], [ -121.959049610647924, 38.729230413367361 ] ] ] } },
{ "type": "Feature", "properties": { "csb_id": "061825012481001", "acres": 4.25434648522939, "geoid": "06113" }, "geometry": { "type": "Polygon", "coordinates": [ [ [ -122.121375180331853, 38.723301532885003 ], [ -122.121375180224604, 38.723032037689748 ], [ -122.122632821228109, 38.722133722251648 ], [ -122.122632821802014, 38.721774396640292 ], [ -122.123171811046944, 38.721774396760722 ], [ -122.123171813095865, 38.723301531911034 ], [ -122.121375180331853, 38.723301532885003 ] ] ] } },
{ "type": "Feature", "properties": { "csb_id": "061825012481006", "acres": 3.7057174298111901, "geoid": "06113" }, "geometry": { "type": "Polygon", "coordinates": [ [ [ -121.870206228772673, 38.723032037264836 ], [ -121.868679092559347, 38.723032037819031 ], [ -121.868679091855782, 38.72150490176368 ], [ -121.869577408400787, 38.721594732641165 ], [ -121.869307911943054, 38.721774396260429 ], [ -121.869307913148148, 38.722133722387831 ], [ -121.869577407353574, 38.722403216950362 ], [ -121.870206228227957, 38.722493048202047 ], [ -121.870206228772673, 38.723032037264836 ] ] ] } },
{ "type": "Feature", "properties": { "csb_id": "061825012481066", "acres": 785.68863153553502, "geoid": "06113" }, "geometry": { "type": "Polygon", "coordinates": [ [ [ -121.983843110538345, 38.751508632190088 ], [ -121.97962103014703, 38.751418800102151 ], [ -121.979621030289024, 38.750879811210687 ], [ -121.979351534768156, 38.750879811170982 ], [ -121.97935153466328, 38.750340822784565 ], [ -121.979621029312653, 38.750340822583375 ], [ -121.979621030421143, 38.749981496156991 ], [ -121.97908204084608, 38.749891664505888 ], [ -121.979082040892578, 38.749712001229653 ], [ -121.978453220332483, 38.749712001621873 ], [ -121.978453220161114, 38.748813686106303 ], [ -121.978812545716963, 38.748813686218412 ], [ -121.978812546680359, 38.74818486560774 ], [ -121.979351535226129, 38.748184865553263 ], [ -121.979351535705888, 38.746747561224176 ], [ -121.979621030408182, 38.74665772964363 ], [ -121.979621030140919, 38.745489919275599 ], [ -121.978453220037068, 38.745489919331405 ], [ -121.9784532193991, 38.745849246143401 ], [ -121.977554905302668, 38.746118740485294 ], [ -121.977554904784498, 38.746388234669382 ], [ -121.977285410815739, 38.746388235219158 ], [ -121.977285410259697, 38.745759414183318 ], [ -121.97602776866097, 38.745759413835898 ], [ -121.974590463731573, 38.745849246054242 ], [ -121.9739616432107, 38.746118740515605 ], [ -121.971895518638405, 38.746028908800362 ], [ -121.970637877344956, 38.746927224143761 ], [ -121.970098887945099, 38.74692722455535 ], [ -121.970098887869042, 38.746298403747574 ], [ -121.968302258117475, 38.746388235191752 ], [ -121.968032762988969, 38.745400088801979 ], [ -121.967403942381694, 38.745130593974437 ], [ -121.967403941669403, 38.743064468714536 ], [ -121.966775121733789, 38.741896658876847 ], [ -121.966775120956385, 38.740459354177709 ], [ -121.966505627186109, 38.740459354445527 ], [ -121.966505626737074, 38.739471206471116 ], [ -121.966775120527927, 38.739471206340092 ], [ -121.966775121388451, 38.738932217838453 ], [ -121.965876805978354, 38.737045756823797 ], [ -121.965876805742312, 38.73587794647954 ], [ -121.964978491112205, 38.735877945895155 ], [ -121.96497849074683, 38.735518619958292 ], [ -121.965247985609039, 38.735249125526479 ], [ -121.965607311488696, 38.735249126385177 ], [ -121.965607311783927, 38.73435080967797 ], [ -121.966505627217671, 38.734350809816114 ], [ -121.966775121839987, 38.73408131555005 ], [ -121.966775121360143, 38.733452495129043 ], [ -121.966505627068841, 38.732823673670197 ], [ -121.966146300735559, 38.732554179467087 ], [ -121.96587680630924, 38.732554179229169 ], [ -121.966146300885356, 38.731925359221748 ], [ -121.967403942207554, 38.731925358740369 ], [ -121.967403942701097, 38.732284685269711 ], [ -121.967942931322128, 38.732554180022412 ], [ -121.96830225713606, 38.732554179476296 ], [ -121.968302257677067, 38.732284684589374 ], [ -121.970637877099477, 38.732284685353591 ], [ -121.970637877598136, 38.73192535888964 ], [ -121.972434507761989, 38.731925358601039 ], [ -121.97243450772217, 38.731655864273513 ], [ -121.973961643592247, 38.731655864715115 ], [ -121.973961643819848, 38.731386370048035 ], [ -121.973332823321712, 38.731027043645526 ], [ -121.972165012870974, 38.731027043502642 ], [ -121.971895518780357, 38.730757548805357 ], [ -121.971895518180247, 38.730488054123718 ], [ -121.971536192556158, 38.730488054285587 ], [ -121.97153619230177, 38.730128728006221 ], [ -121.971266698570531, 38.729859234019791 ], [ -121.970368382475954, 38.72985923417383 ], [ -121.969739562114171, 38.72958973953466 ], [ -121.969470067697202, 38.729230413314063 ], [ -121.96857175191856, 38.72923041313593 ], [ -121.967942930892605, 38.728691424184866 ], [ -121.967403942686488, 38.72869142397991 ], [ -121.966505627467939, 38.728062603301183 ], [ -121.96560731107985, 38.72806260334827 ], [ -121.964708996330927, 38.72779310839865 ], [ -121.964708996173684, 38.727433782918418 ], [ -121.962912365416017, 38.727433782935805 ], [ -121.962912365275798, 38.727164287947907 ], [ -121.962283545469063, 38.726894793127663 ], [ -121.960217420141291, 38.72689479349399 ], [ -121.959588598643762, 38.725637151820564 ], [ -121.95878011520675, 38.725367657245883 ], [ -121.958151294517904, 38.725367657054058 ], [ -121.958420789655506, 38.724828668771373 ], [ -121.958510620420611, 38.723930352734378 ], [ -121.959947925121597, 38.721954059688045 ], [ -121.96174455582269, 38.72096591215125 ], [ -121.962014049966896, 38.720965912245397 ], [ -121.965756797040669, 38.722253731582285 ], [ -121.969619552481703, 38.72378086738243 ], [ -121.971406182286586, 38.725438232777869 ], [ -121.971715855645087, 38.726086309867796 ], [ -121.973332821832415, 38.727254119562033 ], [ -121.979621030093512, 38.729320244849177 ], [ -121.979621029232774, 38.730128728381239 ], [ -121.979980354529928, 38.730128728512284 ], [ -121.980249849776669, 38.730757549617856 ], [ -121.980878670793714, 38.731027043849195 ], [ -121.980878670972345, 38.73192535900148 ], [ -121.980519345156736, 38.732554179689622 ], [ -121.979980355724166, 38.732823674097169 ], [ -121.979351535329897, 38.732823674216164 ], [ -121.979351535863458, 38.733721989070986 ], [ -121.979621029876554, 38.734350809964852 ], [ -121.97971086185639, 38.735249125476869 ], [ -121.979980354682226, 38.735518620706138 ], [ -121.979980355616718, 38.736416935470253 ], [ -121.980519343710753, 38.736416935801756 ], [ -121.980519345325476, 38.737045755668881 ], [ -121.979980356570834, 38.737045756332812 ], [ -121.979980356551266, 38.737315250295438 ], [ -121.980249849437158, 38.737674577291443 ], [ -121.980249851308244, 38.738842386919359 ], [ -121.9805193456083, 38.738842387739048 ], [ -121.980519344673141, 38.739471207345233 ], [ -121.980878671265032, 38.739471208006677 ], [ -121.981148166091188, 38.740010196796135 ], [ -121.981148166412865, 38.7406390182813 ], [ -121.981776987070589, 38.740639016986712 ], [ -121.981776986321037, 38.743333962747954 ], [ -121.982315976457656, 38.743333963032256 ], [ -121.982315975486827, 38.743603457334466 ], [ -121.982046481816951, 38.743603457433572 ], [ -121.981776986958906, 38.743962783640612 ], [ -121.98177698725631, 38.744501772790699 ], [ -121.984112606031758, 38.74459160455492 ], [ -121.984112606663146, 38.745130593668044 ], [ -121.984471932172099, 38.745130593832684 ], [ -121.984471932894536, 38.745759414236716 ], [ -121.98411260684064, 38.745759414449282 ], [ -121.984112606548052, 38.750340822431319 ], [ -121.983843110538345, 38.751508632190088 ] ], [ [ -121.979980356405719, 38.73956103908877 ], [ -121.979710861198257, 38.739561038571942 ], [ -121.979710860462802, 38.739740702186971 ], [ -121.979980356019965, 38.739740701844703 ], [ -121.979980356405719, 38.73956103908877 ] ], [ [ -121.977554904757952, 38.739830532982978 ], [ -121.976656589417146, 38.739830533688234 ], [ -121.976656589306515, 38.740010196480021 ], [ -121.977554904621527, 38.740010196256485 ], [ -121.977554904757952, 38.739830532982978 ] ], [ [ -121.975758273949566, 38.740010196675179 ], [ -121.976387095262737, 38.740010196453632 ], [ -121.976387094720764, 38.739471206849281 ], [ -121.975758274381832, 38.739471206934361 ], [ -121.975758273949566, 38.740010196675179 ] ] ] } },
{ "type": "Feature", "properties": { "csb_id": "061825012481067", "acres": 3.46514970531587, "geoid": "06113" }, "geometry": { "type": "Polygon", "coordinates": [ [ [ -121.881525001478323, 38.721415070364344 ], [ -121.879458876007803, 38.721415070457198 ], [ -121.880087696433421, 38.720337091756413 ], [ -121.880626685830876, 38.720337092111528 ], [ -121.880626686097386, 38.720876080979423 ], [ -121.88152500048507, 38.720876081135245 ], [ -121.881525001478323, 38.721415070364344 ] ] ] } },
{ "type": "Feature", "properties": { "csb_id": "061825012481077", "acres": 4.4532704870579503, "geoid": "06113" }, "geometry": { "type": "Polygon", "coordinates": [ [ [ -121.886016577353246, 38.721504901687474 ], [ -121.885118261580502, 38.721235406970209 ], [ -121.884579273037659, 38.721235406984242 ], [ -121.884579272760575, 38.720876081230948 ], [ -121.884219946701052, 38.720876080701764 ], [ -121.884219946544903, 38.720606586203161 ], [ -121.884579273514817, 38.72060658625238 ], [ -121.884579273150862, 38.720337091518964 ], [ -121.884848767618024, 38.720337091515205 ], [ -121.884848766014983, 38.719977765784769 ], [ -121.884579271755612, 38.719977766028563 ], [ -121.884579271617071, 38.719798103166788 ], [ -121.886375904076345, 38.720876080966747 ], [ -121.886375903623204, 38.721235406921586 ], [ -121.886016577588578, 38.721235406596037 ], [ -121.886016577353246, 38.721504901687474 ] ] ] } },
{ "type": "Feature", "properties": { "csb_id": "061825012481078", "acres": 6.43958898467623, "geoid": "06113" }, "geometry": { "type": "Polygon", "coordinates": [ [ [ -121.883680956708332, 38.721504902220211 ], [ -121.883052137354142, 38.721235406781275 ], [ -121.882782642362699, 38.720876081134485 ], [ -121.882782641819048, 38.719708270715721 ], [ -121.883560948427998, 38.719678093305177 ], [ -121.884309778508353, 38.720067597306468 ], [ -121.884848766014983, 38.719977765784769 ], [ -121.884848767618024, 38.720337091515205 ], [ -121.884219946388768, 38.720337091709766 ], [ -121.884219946701052, 38.720876080701764 ], [ -121.884579272760575, 38.720876081230948 ], [ -121.884579273401613, 38.721504901734853 ], [ -121.883680956708332, 38.721504902220211 ] ] ] } },
{ "type": "Feature", "properties": { "csb_id": "061825012481085", "acres": 11.358035722386299, "geoid": "06113" }, "geometry": { "type": "Polygon", "coordinates": [ [ [ -121.895269225104443, 38.721504901944577 ], [ -121.892035289735631, 38.721504901750606 ], [ -121.892035289901074, 38.719977765532335 ], [ -121.893203099951393, 38.720067596852601 ], [ -121.893203099335096, 38.719798102762404 ], [ -121.894730235902358, 38.719798102513614 ], [ -121.894730235657832, 38.719977765260971 ], [ -121.894999730511884, 38.720067596883659 ], [ -121.894999730736757, 38.72033709156036 ], [ -121.894101415273965, 38.720337091818983 ], [ -121.894101414420177, 38.720606586020594 ], [ -121.894730235829812, 38.720606586063568 ], [ -121.895269225076532, 38.720876081000817 ], [ -121.895269225104443, 38.721504901944577 ] ] ] } },
{ "type": "Feature", "properties": { "csb_id": "061825012481121", "acres": 13.127790382172, "geoid": "06113" }, "geometry": { "type": "Polygon", "coordinates": [ [ [ -121.890777647478771, 38.721504901894122 ], [ -121.886016577353246, 38.721504901687474 ], [ -121.886016577588578, 38.721235406596037 ], [ -121.886375903623204, 38.721235406921586 ], [ -121.886375904076345, 38.720876080966747 ], [ -121.886860764350374, 38.720983107061734 ], [ -121.886914891716359, 38.720337091460912 ], [ -121.886645397118016, 38.720337092289917 ], [ -121.886645397363353, 38.719977766117928 ], [ -121.887543712347536, 38.719708271076016 ], [ -121.887543712044831, 38.719438776777316 ], [ -121.888172534022431, 38.719438776387882 ], [ -121.888442029460634, 38.720337091364527 ], [ -121.889609837813254, 38.720606586696384 ], [ -121.890777649651397, 38.720606586276013 ], [ -121.890777647478771, 38.721504901894122 ] ] ] } },
{ "type": "Feature", "properties": { "csb_id": "061825012481134", "acres": 22.042577029284999, "geoid": "06113" }, "geometry": { "type": "Polygon", "coordinates": [ [ [ -121.879458876007803, 38.721415070457198 ], [ -121.877662244825814, 38.721235407217655 ], [ -121.877392750754808, 38.720337091516278 ], [ -121.877033424465992, 38.720337092029958 ], [ -121.877033424960246, 38.71997776576525 ], [ -121.877392750911525, 38.719977765870972 ], [ -121.877392750601643, 38.718540460802707 ], [ -121.877662243818293, 38.71854046141042 ], [ -121.877662243767247, 38.718181135570575 ], [ -121.87829106551257, 38.718181134983524 ], [ -121.878291065302989, 38.718540461543199 ], [ -121.880087696478, 38.718540461593896 ], [ -121.880087696858652, 38.718809955511162 ], [ -121.880626685822023, 38.718899787178437 ], [ -121.88062668580676, 38.71907944982749 ], [ -121.881525001214058, 38.7190794505794 ], [ -121.881525000610083, 38.720337091686723 ], [ -121.880087696433421, 38.720337091756413 ], [ -121.879458876007803, 38.721415070457198 ] ], [ [ -121.877931739688989, 38.720067597500886 ], [ -121.877662245453038, 38.719977765479825 ], [ -121.877662245621949, 38.720067597379945 ], [ -121.877931739688989, 38.720067597500886 ] ] ] } },
{ "type": "Feature", "properties": { "csb_id": "061825012481145", "acres": 16.296076948630901, "geoid": "06113" }, "geometry": { "type": "Polygon", "coordinates": [ [ [ -121.890777649651397, 38.720606586276013 ], [ -121.889609837813254, 38.720606586696384 ], [ -121.888442029460634, 38.720337091364527 ], [ -121.888172534409293, 38.719708271166688 ], [ -121.888172534087545, 38.719079450516972 ], [ -121.888981018002468, 38.718540460820812 ], [ -121.8905081540222, 38.71854046086326 ], [ -121.890508153319729, 38.719438776249163 ], [ -121.892035289901074, 38.719977765532335 ], [ -121.892035289735631, 38.721504901750606 ], [ -121.890777647478771, 38.721504901894122 ], [ -121.890777649651397, 38.720606586276013 ] ] ] } },
{ "type": "Feature", "properties": { "csb_id": "061825012481165", "acres": 13.7069374375571, "geoid": "06113" }, "geometry": { "type": "Polygon", "coordinates": [ [ [ -121.880626686097386, 38.720876080979423 ], [ -121.880626685830876, 38.720337092111528 ], [ -121.881525000610083, 38.720337091686723 ], [ -121.881525001214058, 38.7190794505794 ], [ -121.88062668580676, 38.71907944982749 ], [ -121.880626685258505, 38.718181134886429 ], [ -121.880357191181986, 38.7181811347238 ], [ -121.880357190925025, 38.717911640578393 ], [ -121.881525001641066, 38.717911640711144 ], [ -121.881525000429221, 38.717642145850917 ], [ -121.882153821361214, 38.717642146106037 ], [ -121.882153822017429, 38.717282820025858 ], [ -121.882423316576805, 38.717282820089729 ], [ -121.88278264261551, 38.717821808715335 ], [ -121.882692810384626, 38.718540461157495 ], [ -121.883052136918238, 38.719618439710175 ], [ -121.882782641819048, 38.719708270715721 ], [ -121.882782642725431, 38.720606586736729 ], [ -121.882423316198924, 38.720606586003726 ], [ -121.882423315940642, 38.720876081020911 ], [ -121.880626686097386, 38.720876080979423 ] ] ] } },
{ "type": "Feature", "properties": { "csb_id": "061825012481166", "acres": 3.5904509974636198, "geoid": "06113" }, "geometry": { "type": "Polygon", "coordinates": [ [ [ -121.877392750758347, 38.718181135202883 ], [ -121.877392751240265, 38.717642145840735 ], [ -121.877033424551755, 38.717372651243096 ], [ -121.877033425045994, 38.717013325053209 ], [ -121.878560561050534, 38.717013324984215 ], [ -121.878560560893092, 38.717282819631386 ], [ -121.878830055365555, 38.71737265143534 ], [ -121.878830054772109, 38.717642145469959 ], [ -121.878560560579061, 38.717642145549164 ], [ -121.878291065546307, 38.717911640559358 ], [ -121.87829106551257, 38.718181134983524 ], [ -121.877392750758347, 38.718181135202883 ] ] ] } },
{ "type": "Feature", "properties": { "csb_id": "061825012481177", "acres": 16.6909707336632, "geoid": "06113" }, "geometry": { "type": "Polygon", "coordinates": [ [ [ -121.893203099335096, 38.719798102762404 ], [ -121.893203099951393, 38.720067596852601 ], [ -121.89230478403816, 38.720067596911825 ], [ -121.891406469132647, 38.719708271130152 ], [ -121.891406468355285, 38.718809955525117 ], [ -121.891765795611335, 38.717372651295051 ], [ -121.892574279295729, 38.717282819788302 ], [ -121.892574278081341, 38.717642145878806 ], [ -121.893203098745914, 38.717642145586957 ], [ -121.893203099415047, 38.7172828198755 ], [ -121.893472594268687, 38.717282819881781 ], [ -121.893831920660162, 38.717642145534626 ], [ -121.893831920013255, 38.718540461293316 ], [ -121.894101415431621, 38.718899787352953 ], [ -121.894999730118414, 38.718899787169988 ], [ -121.894999730511884, 38.720067596883659 ], [ -121.894730235657832, 38.719977765260971 ], [ -121.894730235902358, 38.719798102513614 ], [ -121.893203099335096, 38.719798102762404 ] ] ] } },
{ "type": "Feature", "properties": { "csb_id": "061825012481178", "acres": 5.3134172157162203, "geoid": "06113" }, "geometry": { "type": "Polygon", "coordinates": [ [ [ -121.890508153319729, 38.719438776249163 ], [ -121.890508154160386, 38.717911640480615 ], [ -121.890777648029456, 38.717911640585022 ], [ -121.8907776480835, 38.717282819749933 ], [ -121.892035290032396, 38.717282819809547 ], [ -121.891765795611335, 38.717372651295051 ], [ -121.891406468355285, 38.718809955525117 ], [ -121.891406469132647, 38.719708271130152 ], [ -121.890508153319729, 38.719438776249163 ] ] ] } },
{ "type": "Feature", "properties": { "csb_id": "061825012481210", "acres": 7.0943149058358701, "geoid": "06113" }, "geometry": { "type": "Polygon", "coordinates": [ [ [ -121.862750211679341, 38.71737265106934 ], [ -121.861492571127016, 38.717642145827369 ], [ -121.861492569384978, 38.717911640282871 ], [ -121.860594255497944, 38.717642146047574 ], [ -121.860594254060629, 38.717013325730811 ], [ -121.860055264443744, 38.716743831961118 ], [ -121.860055264674656, 38.716204841440053 ], [ -121.860953580953478, 38.716115010922508 ], [ -121.860953580577203, 38.716384504629943 ], [ -121.861492570718397, 38.716743830492547 ], [ -121.863019706113889, 38.716743830446546 ], [ -121.863289200808723, 38.717282820122151 ], [ -121.863289201110547, 38.717642145535343 ], [ -121.862750211223499, 38.717642146239278 ], [ -121.862750211679341, 38.71737265106934 ] ] ] } },
{ "type": "Feature", "properties": { "csb_id": "061825012481221", "acres": 17.429183488162501, "geoid": "06113" }, "geometry": { "type": "Polygon", "coordinates": [ [ [ -121.878291065302989, 38.718540461543199 ], [ -121.878291065546307, 38.717911640559358 ], [ -121.878560560579061, 38.717642145549164 ], [ -121.878830054772109, 38.717642145469959 ], [ -121.878830055365555, 38.71737265143534 ], [ -121.879189381562043, 38.717282819531789 ], [ -121.879189381215127, 38.716743831241168 ], [ -121.878830054947016, 38.71674383150156 ], [ -121.878830054741016, 38.716384504507076 ], [ -121.879728370594947, 38.716384504615746 ], [ -121.879728370109788, 38.716115010124781 ], [ -121.880087697081649, 38.716115011070784 ], [ -121.880087696344148, 38.716384505182383 ], [ -121.880357191361114, 38.716115010140925 ], [ -121.880986011312913, 38.716115010017241 ], [ -121.880986011158512, 38.715486188876881 ], [ -121.880626685850117, 38.715486189921869 ], [ -121.880626685583636, 38.714947201257338 ], [ -121.880986011906856, 38.71494720035173 ], [ -121.880986011752455, 38.714318379262174 ], [ -121.881255506336998, 38.714048884678199 ], [ -121.881255506459397, 38.714587873409883 ], [ -121.881435169517744, 38.714587874322234 ], [ -121.881525001678767, 38.714947201142365 ], [ -121.881525001460162, 38.715216695332764 ], [ -121.8812555063856, 38.715216694131819 ], [ -121.881255507153725, 38.716115011426197 ], [ -121.881525000720899, 38.716384504122132 ], [ -121.881974158819006, 38.716384503966999 ], [ -121.882153822017429, 38.717282820025858 ], [ -121.881525000824837, 38.717282820490766 ], [ -121.881525001641066, 38.717911640711144 ], [ -121.880357190925025, 38.717911640578393 ], [ -121.880357191181986, 38.7181811347238 ], [ -121.880626685258505, 38.718181134886429 ], [ -121.880626685822023, 38.718899787178437 ], [ -121.880087696858652, 38.718809955511162 ], [ -121.880087696478, 38.718540461593896 ], [ -121.878291065302989, 38.718540461543199 ] ], [ [ -121.88008769621031, 38.716743830798727 ], [ -121.879728370123615, 38.716743830851463 ], [ -121.879728370608731, 38.71701332535423 ], [ -121.880087696590948, 38.717013324682178 ], [ -121.88008769621031, 38.716743830798727 ] ] ] } },
{ "type": "Feature", "properties": { "csb_id": "061825012481243", "acres": 5.3906039489803499, "geoid": "06113" }, "geometry": { "type": "Polygon", "coordinates": [ [ [ -121.883680956786392, 38.715845515701929 ], [ -121.883321629941676, 38.715845515264839 ], [ -121.8833216304497, 38.71611500981269 ], [ -121.883680956071757, 38.716115009870478 ], [ -121.883680956786392, 38.715845515701929 ], [ -121.883950450957926, 38.715845516014255 ], [ -121.883950452355919, 38.716115009942818 ], [ -121.884579274080878, 38.716115009693269 ], [ -121.884579271367414, 38.71674383070669 ], [ -121.883052135831036, 38.716743831179052 ], [ -121.883052136462751, 38.71701332550375 ], [ -121.882782641155103, 38.717013325331585 ], [ -121.882782641679228, 38.716115010156422 ], [ -121.882423315015998, 38.71584551561908 ], [ -121.882423314604509, 38.715216694668463 ], [ -121.88368095654657, 38.715216695169225 ], [ -121.883680956786392, 38.715845515701929 ] ] ] } },
{ "type": "Feature", "properties": { "csb_id": "061825012481256", "acres": 10.1940735476449, "geoid": "06113" }, "geometry": { "type": "Polygon", "coordinates": [ [ [ -121.861492570718397, 38.716743830492547 ], [ -121.860953580577203, 38.716384504629943 ], [ -121.860953580898197, 38.715037031846506 ], [ -121.861223075650358, 38.714677705818829 ], [ -121.861851896114231, 38.714677705746638 ], [ -121.861851896772933, 38.714048884640157 ], [ -121.862390885820616, 38.714318378922506 ], [ -121.862390885157083, 38.714587873795473 ], [ -121.863019706499287, 38.715037031713088 ], [ -121.863019706113889, 38.716743830446546 ], [ -121.861492570718397, 38.716743830492547 ] ] ] } },
{ "type": "Feature", "properties": { "csb_id": "061825012481266", "acres": 18.8864868719056, "geoid": "06113" }, "geometry": { "type": "Polygon", "coordinates": [ [ [ -121.878560560893092, 38.717282819631386 ], [ -121.878560561050534, 38.717013324984215 ], [ -121.877931740284239, 38.717013325184041 ], [ -121.877931740213512, 38.716743830162521 ], [ -121.8771232567629, 38.71611501009648 ], [ -121.877033424637503, 38.714408211070037 ], [ -121.877662245479968, 38.71431837963376 ], [ -121.878291064384484, 38.714587874279204 ], [ -121.878830055272218, 38.714587873965549 ], [ -121.878830055553351, 38.714318379128777 ], [ -121.88062668566225, 38.714318378929143 ], [ -121.880626685850117, 38.715486189921869 ], [ -121.880986011158512, 38.715486188876881 ], [ -121.880986011312913, 38.716115010017241 ], [ -121.879458875830352, 38.716115009684309 ], [ -121.879458875321006, 38.716384504175224 ], [ -121.878830054741016, 38.716384504507076 ], [ -121.878830054947016, 38.71674383150156 ], [ -121.879189381215127, 38.716743831241168 ], [ -121.879189381562043, 38.717282819531789 ], [ -121.878560560893092, 38.717282819631386 ] ], [ [ -121.878560560877972, 38.715216694085484 ], [ -121.878291066377471, 38.715216694637725 ], [ -121.878291066343735, 38.715486189011308 ], [ -121.87856056072053, 38.715486188699039 ], [ -121.878560560877972, 38.715216694085484 ] ] ] } },
{ "type": "Feature", "properties": { "csb_id": "061825012481270", "acres": 19.079057802733502, "geoid": "06113" }, "geometry": { "type": "Polygon", "coordinates": [ [ [ -121.891136974324723, 38.716384504715279 ], [ -121.888172534198105, 38.716384504075982 ], [ -121.888172534445317, 38.716743830738373 ], [ -121.887813208065609, 38.71674383026162 ], [ -121.887543713978928, 38.716115009874684 ], [ -121.887543713671519, 38.715216694405406 ], [ -121.887274218583045, 38.714947200216223 ], [ -121.886914892410246, 38.714947199908771 ], [ -121.886914893366011, 38.714138716537875 ], [ -121.888981018241083, 38.714408210883171 ], [ -121.88960983830718, 38.714408210970518 ], [ -121.889879333314255, 38.71413871575087 ], [ -121.89050815405227, 38.714138716185772 ], [ -121.890508153303415, 38.714318379519312 ], [ -121.891406469565993, 38.714318379104768 ], [ -121.890867479326829, 38.714408210625216 ], [ -121.890867480046253, 38.71503703133471 ], [ -121.891136974620466, 38.715037031932489 ], [ -121.891136974324723, 38.716384504715279 ] ] ] } },
{ "type": "Feature", "properties": { "csb_id": "061825012481274", "acres": 29.628929861317101, "geoid": "06113" }, "geometry": { "type": "Polygon", "coordinates": [ [ [ -121.893831920013255, 38.718540461293316 ], [ -121.893831920660162, 38.717642145534626 ], [ -121.893472594268687, 38.717282819881781 ], [ -121.893203099415047, 38.7172828198755 ], [ -121.893203098745914, 38.717642145586957 ], [ -121.892933605427402, 38.71764214623169 ], [ -121.892574278081341, 38.717642145878806 ], [ -121.892574279295729, 38.717282819788302 ], [ -121.8907776480835, 38.717282819749933 ], [ -121.89077764908383, 38.717013325434344 ], [ -121.89113697481595, 38.71701332513183 ], [ -121.891136974780508, 38.714947200140962 ], [ -121.890867479419654, 38.714947199783232 ], [ -121.890867479326829, 38.714408210625216 ], [ -121.891406469565993, 38.714318379104768 ], [ -121.891406469535482, 38.714138716390451 ], [ -121.892304784969213, 38.714138716564321 ], [ -121.892304784661007, 38.714318378899556 ], [ -121.892574278951059, 38.714318379561995 ], [ -121.892574279402012, 38.714138716127451 ], [ -121.893203099851732, 38.714408210931488 ], [ -121.892933605350748, 38.714587874218033 ], [ -121.892933604786208, 38.714947200481411 ], [ -121.894101414954179, 38.715306526082365 ], [ -121.894730236233158, 38.715845515392061 ], [ -121.894999730387056, 38.715845514787034 ], [ -121.895628550720559, 38.716743830280024 ], [ -121.895628551029631, 38.717013325374054 ], [ -121.894999729974828, 38.717013325350315 ], [ -121.895269225184947, 38.717282819737285 ], [ -121.895269223993481, 38.717642145891126 ], [ -121.894999729918538, 38.71764214564277 ], [ -121.894999730118414, 38.718899787169988 ], [ -121.894101415431621, 38.718899787352953 ], [ -121.893831920013255, 38.718540461293316 ] ] ] } },
{ "type": "Feature", "properties": { "csb_id": "061825012481322", "acres": 21.5535483054643, "geoid": "06113" }, "geometry": { "type": "Polygon", "coordinates": [ [ [ -121.876494435038467, 38.714587874158198 ], [ -121.875596119574141, 38.714587873741891 ], [ -121.875596120459832, 38.71494719991037 ], [ -121.875236793541561, 38.714947200102849 ], [ -121.87523679442377, 38.714587873934398 ], [ -121.874967299824675, 38.714318378823293 ], [ -121.874697804115598, 38.714318378999387 ], [ -121.874697805214382, 38.713420063904529 ], [ -121.874338478294789, 38.713420064025485 ], [ -121.874428310137418, 38.712881075050994 ], [ -121.874967298879042, 38.712791243330514 ], [ -121.874967299059406, 38.712521748828379 ], [ -121.875596120339026, 38.712521748809969 ], [ -121.876494434983982, 38.712791243326642 ], [ -121.877392750786669, 38.712521748986724 ], [ -121.877662245523879, 38.712252254393903 ], [ -121.877662245083997, 38.711353939342324 ], [ -121.878560560690318, 38.711353938413986 ], [ -121.878560560058773, 38.712791243268704 ], [ -121.877931739602531, 38.7127912437928 ], [ -121.877931739619868, 38.713420063833631 ], [ -121.879189380803695, 38.713420063705918 ], [ -121.87918938073031, 38.713689558765999 ], [ -121.878830054716389, 38.714048884536965 ], [ -121.878830055272218, 38.714587873965549 ], [ -121.877123255905985, 38.714318379633767 ], [ -121.877033424253653, 38.715037031459708 ], [ -121.876763930234645, 38.715037031501652 ], [ -121.876494435246883, 38.714947199567725 ], [ -121.876494435038467, 38.714587874158198 ] ] ] } },
{ "type": "Feature", "properties": { "csb_id": "061825012481337", "acres": 32.9129709614107, "geoid": "06113" }, "geometry": { "type": "Polygon", "coordinates": [ [ [ -121.86778077686354, 38.71494719991199 ], [ -121.86778077726909, 38.714587874305778 ], [ -121.867511282517611, 38.714587874148116 ], [ -121.867511282501809, 38.713420063726332 ], [ -121.868050271267265, 38.712791243300174 ], [ -121.869577406742039, 38.711892928489711 ], [ -121.869577407977417, 38.711353938607118 ], [ -121.870745218121797, 38.711353939428356 ], [ -121.871104543891505, 38.710994613317865 ], [ -121.872272354087983, 38.710814949600241 ], [ -121.872901174089918, 38.711443770146985 ], [ -121.872901174010536, 38.71234208571785 ], [ -121.872631679242659, 38.712791242974767 ], [ -121.872541847732094, 38.714048885078846 ], [ -121.869936734258076, 38.714138716447849 ], [ -121.868679092388106, 38.714587874140086 ], [ -121.868679092735604, 38.714947199606563 ], [ -121.86778077686354, 38.71494719991199 ] ] ] } },
{ "type": "Feature", "properties": { "csb_id": "061825012481383", "acres": 10.7259118993461, "geoid": "06113" }, "geometry": { "type": "Polygon", "coordinates": [ [ [ -121.879728370230126, 38.714318379593941 ], [ -121.879728370863148, 38.714048884901587 ], [ -121.878830054716389, 38.714048884536965 ], [ -121.87918938073031, 38.713689558765999 ], [ -121.879728370528554, 38.713689559832119 ], [ -121.880087696055597, 38.713420063697569 ], [ -121.880087696614666, 38.712791243254564 ], [ -121.879189380958039, 38.712791244083384 ], [ -121.878560561175121, 38.71315056969415 ], [ -121.878560561017665, 38.713420064269357 ], [ -121.877931739619868, 38.713420063833631 ], [ -121.877931739602531, 38.7127912437928 ], [ -121.87883005549115, 38.712791242787397 ], [ -121.879458875485057, 38.71225225472746 ], [ -121.87945887601974, 38.710455624153738 ], [ -121.879728370791483, 38.710455623712043 ], [ -121.880357190708622, 38.711623433545476 ], [ -121.880357190015616, 38.713150569369425 ], [ -121.880626686098907, 38.71315056974899 ], [ -121.880716516998717, 38.71252174851368 ], [ -121.881221994891831, 38.713583848727893 ], [ -121.881255506336998, 38.714048884678199 ], [ -121.880986011752455, 38.714318379262174 ], [ -121.879728370230126, 38.714318379593941 ] ] ] } },
{ "type": "Feature", "properties": { "csb_id": "061825012481415", "acres": 3.1865134409301801, "geoid": "06113" }, "geometry": { "type": "Polygon", "coordinates": [ [ [ -121.879189381247997, 38.710455624008098 ], [ -121.879189381822584, 38.710096297548013 ], [ -121.877931740644669, 38.710186129861562 ], [ -121.877931739744113, 38.709197982382612 ], [ -121.878291066540399, 38.709197982209737 ], [ -121.878291066295674, 38.708658992839403 ], [ -121.878830054567388, 38.708658992960181 ], [ -121.878830055404308, 38.708928487453214 ], [ -121.878560560676988, 38.708928487136923 ], [ -121.878560560831801, 38.709197982494082 ], [ -121.878830055016934, 38.709557308149478 ], [ -121.879189381163471, 38.709557308663875 ], [ -121.879458876386551, 38.710096297453752 ], [ -121.87945887601974, 38.710455624153738 ], [ -121.879189381247997, 38.710455624008098 ] ], [ [ -121.878560560360356, 38.709826802721828 ], [ -121.878291066297095, 38.709826802816856 ], [ -121.878291066575585, 38.710096297950457 ], [ -121.878560560202914, 38.710096297236078 ], [ -121.878560560360356, 38.709826802721828 ] ] ] } },
{ "type": "Feature", "properties": { "csb_id": "061825012481455", "acres": 137.45085253079699, "geoid": "06113" }, "geometry": { "type": "Polygon", "coordinates": [ [ [ -121.886106409388148, 38.719977765394894 ], [ -121.885747083055605, 38.719438776087145 ], [ -121.885118261784058, 38.719438776034458 ], [ -121.884579271781945, 38.719169281639594 ], [ -121.883052137307843, 38.718989619112428 ], [ -121.882872473578004, 38.718181135318773 ], [ -121.883321631464966, 38.717642146079129 ], [ -121.883321632082726, 38.717013325947811 ], [ -121.883052136462751, 38.71701332550375 ], [ -121.883052135831036, 38.716743831179052 ], [ -121.884579271367414, 38.71674383070669 ], [ -121.884579274080878, 38.716115009693269 ], [ -121.884848767707282, 38.715845516217193 ], [ -121.883950451215725, 38.715935346750356 ], [ -121.88368095654657, 38.715216695169225 ], [ -121.882153821766266, 38.715216694945269 ], [ -121.881884326996229, 38.713240401149463 ], [ -121.881016189701185, 38.712401739269588 ], [ -121.880666863769505, 38.711822352217865 ], [ -121.880626685941564, 38.711623433824414 ], [ -121.880986011696635, 38.711623433236255 ], [ -121.880986011854489, 38.710994613149069 ], [ -121.880626685214352, 38.710994612738553 ], [ -121.880357191475568, 38.710455623581566 ], [ -121.880357190832456, 38.70982680302545 ], [ -121.880087696795954, 38.70901831906405 ], [ -121.879458874927053, 38.708928488392111 ], [ -121.879458874827563, 38.708389499929694 ], [ -121.881884327038847, 38.708928487766244 ], [ -121.883591125873352, 38.708928487316157 ], [ -121.886106409155332, 38.709377645380883 ], [ -121.886016577134896, 38.710096297909075 ], [ -121.886375903546238, 38.710096297504897 ], [ -121.886375903363316, 38.711623433210882 ], [ -121.886016577889862, 38.711623433653486 ], [ -121.886016577669793, 38.712252253814768 ], [ -121.886375904000786, 38.712252253852185 ], [ -121.886375903633464, 38.712791243323295 ], [ -121.8860165771992, 38.712791243665137 ], [ -121.886016576979159, 38.713420063876612 ], [ -121.886106408375426, 38.713779390181237 ], [ -121.886645398454519, 38.713779389895912 ], [ -121.886914892816321, 38.714048885092929 ], [ -121.886914892410246, 38.714947199908771 ], [ -121.887274218583045, 38.714947200216223 ], [ -121.887543713671519, 38.715216694405406 ], [ -121.887543713978928, 38.716115009874684 ], [ -121.887813208065609, 38.71674383026162 ], [ -121.888172534445317, 38.716743830738373 ], [ -121.888172534198105, 38.716384504075982 ], [ -121.891136974324723, 38.716384504715279 ], [ -121.89113697481595, 38.71701332513183 ], [ -121.89077764908383, 38.717013325434344 ], [ -121.890777648029456, 38.717911640585022 ], [ -121.890508154160386, 38.717911640480615 ], [ -121.8905081540222, 38.71854046086326 ], [ -121.888981018002468, 38.718540460820812 ], [ -121.888172534087545, 38.719079450516972 ], [ -121.888172534022431, 38.719438776387882 ], [ -121.887543712044831, 38.719438776777316 ], [ -121.887543712347536, 38.719708271076016 ], [ -121.886645397363353, 38.719977766117928 ], [ -121.886645397118016, 38.720337092289917 ], [ -121.886106409388148, 38.719977765394894 ] ], [ [ -121.88457927150489, 38.718809955938816 ], [ -121.884579273100258, 38.718181135074559 ], [ -121.884219947063627, 38.718181134607626 ], [ -121.884219946041171, 38.718809955611086 ], [ -121.88457927150489, 38.718809955938816 ] ] ] } },
{ "type": "Feature", "properties": { "csb_id": "061825012481479", "acres": 3.0421629716361598, "geoid": "06113" }, "geometry": { "type": "Polygon", "coordinates": [ [ [ -121.915391487102838, 38.708658992893639 ], [ -121.915301655861413, 38.707850509547072 ], [ -121.916828791388511, 38.707760677936221 ], [ -121.917098286366638, 38.708299667000098 ], [ -121.917457612354852, 38.708389498362571 ], [ -121.916289802879206, 38.708389498539397 ], [ -121.91628980224732, 38.708658993386457 ], [ -121.915391487102838, 38.708658992893639 ] ] ] } },
{ "type": "Feature", "properties": { "csb_id": "061825012481480", "acres": 9.0975796752007891, "geoid": "06113" }, "geometry": { "type": "Polygon", "coordinates": [ [ [ -121.877662244959069, 38.709197982686291 ], [ -121.877662245882718, 38.708928487809004 ], [ -121.877033425009884, 38.708928487286194 ], [ -121.876763929789561, 38.70901831942227 ], [ -121.876763929841516, 38.709197981748076 ], [ -121.875596119525241, 38.709197982214882 ], [ -121.875596119797549, 38.709018319509696 ], [ -121.875326626118337, 38.709018319259371 ], [ -121.874967299481099, 38.709287813709253 ], [ -121.874967299300749, 38.709557308152299 ], [ -121.874697804257139, 38.709557308250133 ], [ -121.874697805242633, 38.709197981834279 ], [ -121.874967298154502, 38.709197982835711 ], [ -121.874967299341407, 38.707760677638689 ], [ -121.877662245130665, 38.708030172099939 ], [ -121.87829106538716, 38.708299666763338 ], [ -121.878291066261937, 38.7089284870925 ], [ -121.8779317396734, 38.708928487505311 ], [ -121.877931739744113, 38.709197982382612 ], [ -121.877662244959069, 38.709197982686291 ] ] ] } },
{ "type": "Feature", "properties": { "csb_id": "061825012481903", "acres": 4.2174508147477097, "geoid": "06113" }, "geometry": { "type": "Polygon", "coordinates": [ [ [ -121.799598647416758, 38.695274095211872 ], [ -121.799598646652029, 38.694914769013145 ], [ -121.799868141966215, 38.694914770005042 ], [ -121.799868142112118, 38.694555443335922 ], [ -121.800227467491737, 38.694555442805374 ], [ -121.800407130167088, 38.694285948142088 ], [ -121.802293592447867, 38.694285948363209 ], [ -121.802293590880183, 38.694555443734238 ], [ -121.80166477256067, 38.694555443370731 ], [ -121.801664771373353, 38.694914769375394 ], [ -121.800856288462299, 38.695274095089296 ], [ -121.799598647416758, 38.695274095211872 ] ] ] } },
{ "type": "Feature", "properties": { "csb_id": "061825012482279", "acres": 24.97137973808, "geoid": "06113" }, "geometry": { "type": "Polygon", "coordinates": [ [ [ -121.902815073684309, 38.686290942687236 ], [ -121.902455746453697, 38.686021447614138 ], [ -121.902455746751556, 38.685392626814917 ], [ -121.902186252829566, 38.685392626997313 ], [ -121.902186252100606, 38.685572290605698 ], [ -121.901287937591107, 38.68557229020081 ], [ -121.901287937463991, 38.68503330130283 ], [ -121.90155743117225, 38.684763806317505 ], [ -121.901287936841598, 38.684763806980428 ], [ -121.901287935699386, 38.684404480364726 ], [ -121.900389621438109, 38.68386549085254 ], [ -121.900389621361015, 38.683506164976514 ], [ -121.901916758251531, 38.683506164880683 ], [ -121.902186251962746, 38.683236670544915 ], [ -121.902455746976258, 38.681979029033194 ], [ -121.902455746980053, 38.680811219658835 ], [ -121.902815073575866, 38.680811220159384 ], [ -121.903084568038977, 38.681080714380975 ], [ -121.903084568551463, 38.68179936702532 ], [ -121.903443893922656, 38.681979029230689 ], [ -121.903443893991891, 38.682697680914984 ], [ -121.90371338879487, 38.683236670213418 ], [ -121.903713388800952, 38.683775659219428 ], [ -121.90488119801725, 38.683865491476247 ], [ -121.904881198835568, 38.684673974846049 ], [ -121.904252377853197, 38.684763806482295 ], [ -121.904252377609112, 38.685033301487984 ], [ -121.903354061868185, 38.685033301112341 ], [ -121.903982883017548, 38.685302795201771 ], [ -121.903982882632164, 38.685931616061879 ], [ -121.90434220951056, 38.685931616547819 ], [ -121.903713388662055, 38.686021447583322 ], [ -121.903713388665111, 38.686290942128949 ], [ -121.902815073684309, 38.686290942687236 ] ] ] } },
{ "type": "Feature", "properties": { "csb_id": "061825012482288", "acres": 31.597284003791799, "geoid": "06113" }, "geometry": { "type": "Polygon", "coordinates": [ [ [ -121.900659116386095, 38.686201111181134 ], [ -121.900120127976663, 38.68566212228076 ], [ -121.899850632699597, 38.68566212300685 ], [ -121.899760800668957, 38.685931616128073 ], [ -121.899760801254743, 38.684673976193146 ], [ -121.898862485484372, 38.684763806471523 ], [ -121.89886248560849, 38.685033300831336 ], [ -121.897694675944905, 38.685033301057764 ], [ -121.897694675890733, 38.684673975220548 ], [ -121.897964170744075, 38.684673974797377 ], [ -121.89796417026821, 38.684404480304416 ], [ -121.898592989673389, 38.684404480342742 ], [ -121.898862485463255, 38.68413498594893 ], [ -121.898862485073266, 38.6837756617482 ], [ -121.898323497571837, 38.683775660389571 ], [ -121.898323497365709, 38.684134986927944 ], [ -121.896796360714362, 38.684134986072685 ], [ -121.896796360547938, 38.684404480700159 ], [ -121.896526866195671, 38.684404480535854 ], [ -121.896526866605811, 38.683236669963165 ], [ -121.896167540360878, 38.683236671702922 ], [ -121.896167540174446, 38.682877344767135 ], [ -121.896526867046589, 38.682428187729315 ], [ -121.897425181345099, 38.682338355305312 ], [ -121.89742518189324, 38.681709535555868 ], [ -121.897964171097669, 38.681709534411695 ], [ -121.897694675896034, 38.681440041072108 ], [ -121.897694676647092, 38.681080714211838 ], [ -121.899221812558366, 38.681170546342152 ], [ -121.899491305512612, 38.681440040606638 ], [ -121.899491307046745, 38.681979029944983 ], [ -121.900120127681504, 38.682607850427317 ], [ -121.900389620386875, 38.683236670539841 ], [ -121.900389621438109, 38.68386549085254 ], [ -121.901287935699386, 38.684404480364726 ], [ -121.901287937303337, 38.685931616222533 ], [ -121.901018442330383, 38.685931616436598 ], [ -121.90101844301708, 38.686470605742564 ], [ -121.900659116119002, 38.686470606145839 ], [ -121.900659116386095, 38.686201111181134 ] ] ] } },
{ "type": "Feature", "properties": { "csb_id": "061825012482307", "acres": 3.35145041731329, "geoid": "06113" }, "geometry": { "type": "Polygon", "coordinates": [ [ [ -121.896796361347143, 38.682338355126795 ], [ -121.895898045601911, 38.682428187757317 ], [ -121.895628551170603, 38.681979028074267 ], [ -121.895628551094163, 38.681080713545057 ], [ -121.89589804610516, 38.681080714745079 ], [ -121.895898045771531, 38.681440040543535 ], [ -121.896796360948585, 38.681440039415683 ], [ -121.896796361094488, 38.681709534859472 ], [ -121.89742518189324, 38.681709535555868 ], [ -121.897425180622065, 38.682068861329995 ], [ -121.896796360395982, 38.682068860772446 ], [ -121.896796361347143, 38.682338355126795 ] ] ] } },
{ "type": "Feature", "properties": { "csb_id": "061825012482318", "acres": 26.503599703937699, "geoid": "06113" }, "geometry": { "type": "Polygon", "coordinates": [ [ [ -121.900389621361015, 38.683506164976514 ], [ -121.900120127681504, 38.682607850427317 ], [ -121.899491307046745, 38.681979029944983 ], [ -121.899491305512612, 38.681440040606638 ], [ -121.899221812558366, 38.681170546342152 ], [ -121.898862485623354, 38.681080713527919 ], [ -121.898862486492717, 38.680541724698259 ], [ -121.899221811133373, 38.68018239914916 ], [ -121.899221812704795, 38.679643409627253 ], [ -121.902186252158572, 38.679733240508369 ], [ -121.90281507270403, 38.680182398214434 ], [ -121.902815073575866, 38.680811220159384 ], [ -121.902455746980053, 38.680811219658835 ], [ -121.902455746976258, 38.681979029033194 ], [ -121.902186251962746, 38.683236670544915 ], [ -121.901916758251531, 38.683506164880683 ], [ -121.900389621361015, 38.683506164976514 ] ] ] } },
{ "type": "Feature", "properties": { "csb_id": "061825012482332", "acres": 8.8314022242163492, "geoid": "06113" }, "geometry": { "type": "Polygon", "coordinates": [ [ [ -121.896796361094488, 38.681709534859472 ], [ -121.896796360948585, 38.681440039415683 ], [ -121.895898045771531, 38.681440040543535 ], [ -121.895898045713182, 38.680901051968746 ], [ -121.896526866366585, 38.680811219080859 ], [ -121.896526865928607, 38.679912904170457 ], [ -121.89769467671745, 38.679912904562016 ], [ -121.897694676323852, 38.679373915112357 ], [ -121.898054002653993, 38.679373915023064 ], [ -121.898054001929779, 38.680002735887292 ], [ -121.898323497529603, 38.680182399582598 ], [ -121.898862486595633, 38.680182398614875 ], [ -121.898862485623354, 38.681080713527919 ], [ -121.897694676647092, 38.681080714211838 ], [ -121.897694675896034, 38.681440041072108 ], [ -121.897425181663152, 38.681440039631838 ], [ -121.89742518189324, 38.681709535555868 ], [ -121.896796361094488, 38.681709534859472 ] ] ] } },
{ "type": "Feature", "properties": { "csb_id": "061825012482345", "acres": 2.40770261902464, "geoid": "06113" }, "geometry": { "type": "Polygon", "coordinates": [ [ [ -121.902815073575866, 38.680811220159384 ], [ -121.902815073779166, 38.679912904246578 ], [ -121.903713388609233, 38.679912903542785 ], [ -121.903713388442924, 38.679733241232491 ], [ -121.904252377415759, 38.679912903711788 ], [ -121.904252377358688, 38.680272229917762 ], [ -121.903713389237026, 38.680182399709452 ], [ -121.903354062147329, 38.681080713413969 ], [ -121.903084568038977, 38.681080714380975 ], [ -121.902815073575866, 38.680811220159384 ] ] ] } },
{ "type": "Feature", "properties": { "csb_id": "061825012482346", "acres": 15.4764074991831, "geoid": "06113" }, "geometry": { "type": "Polygon", "coordinates": [ [ [ -121.891136974049616, 38.682877344145638 ], [ -121.890777648785004, 38.68197902860507 ], [ -121.89050815402716, 38.681979029369955 ], [ -121.890508153949526, 38.682877344350992 ], [ -121.8902386595434, 38.682877344667396 ], [ -121.889609837961714, 38.682428186634958 ], [ -121.889070849741231, 38.682607850028717 ], [ -121.889070849776161, 38.682877344025215 ], [ -121.888442028640185, 38.68287734413186 ], [ -121.888442028776865, 38.681979029036356 ], [ -121.887813208173128, 38.681979029342806 ], [ -121.887543713556227, 38.681709534539436 ], [ -121.887543713444273, 38.681170545311033 ], [ -121.888172533795668, 38.681170544935327 ], [ -121.888172532430985, 38.680811219331694 ], [ -121.887813207102027, 38.680811219530092 ], [ -121.887813206610872, 38.680541724807895 ], [ -121.889340343285497, 38.680541725097086 ], [ -121.890238658683003, 38.681080713615358 ], [ -121.891406468996109, 38.681170545246999 ], [ -121.891406469822471, 38.681440040901194 ], [ -121.891675963607341, 38.68170953493545 ], [ -121.892035290082958, 38.681709534400035 ], [ -121.892035289251325, 38.681979029064436 ], [ -121.89140646939245, 38.682877344448407 ], [ -121.891136974049616, 38.682877344145638 ] ], [ [ -121.889879331911985, 38.681979029396182 ], [ -121.889340343333004, 38.681979028999002 ], [ -121.889340343422901, 38.682338355208266 ], [ -121.889879332105124, 38.682338355226264 ], [ -121.889879331911985, 38.681979029396182 ] ] ] } },
{ "type": "Feature", "properties": { "csb_id": "061825012482368", "acres": 4.1894402592665898, "geoid": "06113" }, "geometry": { "type": "Polygon", "coordinates": [ [ [ -121.898054001929779, 38.680002735887292 ], [ -121.897964169379691, 38.679014588566538 ], [ -121.899760799811915, 38.679104420771708 ], [ -121.900120126963287, 38.679643409437723 ], [ -121.899221812704795, 38.679643409627253 ], [ -121.899221811133373, 38.68018239914916 ], [ -121.898323497529603, 38.680182399582598 ], [ -121.898054001929779, 38.680002735887292 ] ] ] } },
{ "type": "Feature", "properties": { "csb_id": "061825012482806", "acres": 31.961613089068699, "geoid": "06113" }, "geometry": { "type": "Polygon", "coordinates": [ [ [ -121.837866878136865, 38.667965310664229 ], [ -121.837327889331732, 38.667066995669842 ], [ -121.83732788862423, 38.665989016936294 ], [ -121.835531257687236, 38.666168680436485 ], [ -121.835531257759399, 38.665629690595594 ], [ -121.835261763364102, 38.665629691201083 ], [ -121.835261763973861, 38.664641543878744 ], [ -121.835531258700996, 38.664641544273437 ], [ -121.835531258773131, 38.664102554476671 ], [ -121.835800752455441, 38.663563565742017 ], [ -121.838495698737873, 38.66347373430078 ], [ -121.839034687927111, 38.66356356597592 ], [ -121.839034688044251, 38.664102554772647 ], [ -121.839573677207696, 38.664102555325982 ], [ -121.839573676979811, 38.665899185264095 ], [ -121.839394014339547, 38.666168680421109 ], [ -121.839483845425292, 38.667336489729053 ], [ -121.838495699587085, 38.667336490975487 ], [ -121.838226203830516, 38.66769581622237 ], [ -121.838226204416117, 38.667965310389583 ], [ -121.837866878136865, 38.667965310664229 ] ] ] } },
{ "type": "Feature", "properties": { "csb_id": "061825012483063", "acres": 13.921220081882399, "geoid": "06113" }, "geometry": { "type": "Polygon", "coordinates": [ [ [ -121.814241184817007, 38.655658391098108 ], [ -121.813612365109606, 38.655388897858003 ], [ -121.812444555867884, 38.655388896150114 ], [ -121.812444556309956, 38.654760076760091 ], [ -121.812175060625734, 38.654760075704054 ], [ -121.812175061277358, 38.654490582593553 ], [ -121.816307311401118, 38.654490582429098 ], [ -121.816307311474546, 38.655748223204668 ], [ -121.816666637399493, 38.656107548749119 ], [ -121.816666637041692, 38.656377043514041 ], [ -121.814241186259295, 38.656377043113707 ], [ -121.814241184817007, 38.655658391098108 ] ] ] } },
{ "type": "Feature", "properties": { "csb_id": "061825012483108", "acres": 11.532367116679101, "geoid": "06113" }, "geometry": { "type": "Polygon", "coordinates": [ [ [ -121.812175061277358, 38.654490582593553 ], [ -121.812175061024675, 38.653951592086088 ], [ -121.812803881576698, 38.653861760339289 ], [ -121.812803881833588, 38.653592265902702 ], [ -121.812444555318336, 38.65359226579352 ], [ -121.812444555782591, 38.65332277159991 ], [ -121.813073376377744, 38.652963445437841 ], [ -121.815139501280044, 38.653053277105244 ], [ -121.815498827523243, 38.653412602786972 ], [ -121.815498827987739, 38.653861760139769 ], [ -121.816037816715848, 38.653951592207548 ], [ -121.816037816144288, 38.654490581584305 ], [ -121.812175061277358, 38.654490582593553 ] ] ] } },
{ "type": "Feature", "properties": { "csb_id": "061825012483123", "acres": 43.537470950059301, "geoid": "06113" }, "geometry": { "type": "Polygon", "coordinates": [ [ [ -121.816307311474546, 38.655748223204668 ], [ -121.816307311401118, 38.654490582429098 ], [ -121.816037816144288, 38.654490581584305 ], [ -121.816037816715848, 38.653951592207548 ], [ -121.815498827987739, 38.653861760139769 ], [ -121.815498828181518, 38.653592266366552 ], [ -121.816666637936507, 38.653412602879271 ], [ -121.816666637757706, 38.65278378238645 ], [ -121.817205626547889, 38.652693950742382 ], [ -121.817205626513157, 38.652065130173938 ], [ -121.817564952735623, 38.652065129709477 ], [ -121.8175649525094, 38.652693950996181 ], [ -121.819900572088955, 38.652693951075719 ], [ -121.820529393056091, 38.652424456447712 ], [ -121.82079888797935, 38.652065129604509 ], [ -121.821158213467584, 38.652065129961031 ], [ -121.821068382389342, 38.656287211671177 ], [ -121.816666637041692, 38.656377043514041 ], [ -121.816666637399493, 38.656107548749119 ], [ -121.816307311474546, 38.655748223204668 ] ] ] } },
{ "type": "Feature", "properties": { "csb_id": "061825012483126", "acres": 23.311600807102099, "geoid": "06113" }, "geometry": { "type": "Polygon", "coordinates": [ [ [ -121.768516938066583, 38.655388896505855 ], [ -121.766091486721024, 38.655388897115685 ], [ -121.766091486363607, 38.652963445110018 ], [ -121.766271149631606, 38.652244793480747 ], [ -121.768516938693068, 38.652244794229766 ], [ -121.768516937839877, 38.652065130415693 ], [ -121.769055927791328, 38.65206513044869 ], [ -121.769055927041549, 38.651885467256783 ], [ -121.769415253475813, 38.651885466752397 ], [ -121.769415253593834, 38.652424456429067 ], [ -121.768786433083065, 38.652424455705749 ], [ -121.768786433214103, 38.652693950501288 ], [ -121.769684748053308, 38.653322772238113 ], [ -121.769684748449706, 38.653951592316659 ], [ -121.769415253627542, 38.653951591982569 ], [ -121.769415253745521, 38.654490581714725 ], [ -121.768516937589098, 38.65449058113051 ], [ -121.768516938066583, 38.655388896505855 ] ] ] } },
{ "type": "Feature", "properties": { "csb_id": "061825012483164", "acres": 2.9770769437381301, "geoid": "06113" }, "geometry": { "type": "Polygon", "coordinates": [ [ [ -121.813342870687265, 38.651166814906176 ], [ -121.813612365542383, 38.651166814459245 ], [ -121.813612365718328, 38.651526140763771 ], [ -121.813971691765886, 38.651526140958005 ], [ -121.813971691419056, 38.652065129736016 ], [ -121.813612365267943, 38.652065129922569 ], [ -121.813612364993475, 38.652963445425812 ], [ -121.813342870529993, 38.652963445295995 ], [ -121.813073376021705, 38.65242445635306 ], [ -121.813073376260547, 38.652065130511275 ], [ -121.812444555886174, 38.651795635358816 ], [ -121.812444555233043, 38.651526141428661 ], [ -121.813342870655816, 38.651526140971349 ], [ -121.813342870687265, 38.651166814906176 ] ] ] } },
{ "type": "Feature", "properties": { "csb_id": "061825012483169", "acres": 12.5634861860329, "geoid": "06113" }, "geometry": { "type": "Polygon", "coordinates": [ [ [ -121.811546241010163, 38.653322771770391 ], [ -121.811546240226392, 38.652424456360194 ], [ -121.811276745642687, 38.652424455879753 ], [ -121.811007251086693, 38.65206513026444 ], [ -121.811546239861826, 38.651166814881428 ], [ -121.811546239776277, 38.650627825420351 ], [ -121.811905566556277, 38.650627825889941 ], [ -121.811905565168388, 38.65044816253274 ], [ -121.813073375998627, 38.65044816227315 ], [ -121.813612365501726, 38.650448162728594 ], [ -121.81397169128779, 38.650627825659875 ], [ -121.813971691673075, 38.650897319915508 ], [ -121.813612365542383, 38.651166814459245 ], [ -121.813342870687265, 38.651166814906176 ], [ -121.813342870655816, 38.651526140971349 ], [ -121.812444555233043, 38.651526141428661 ], [ -121.812444555886174, 38.651795635358816 ], [ -121.813073376260547, 38.652065130511275 ], [ -121.813073376021705, 38.65242445635306 ], [ -121.813342870529993, 38.652963445295995 ], [ -121.813073376377744, 38.652963445437841 ], [ -121.812444555782591, 38.65332277159991 ], [ -121.812444555318336, 38.65359226579352 ], [ -121.811546241010163, 38.653322771770391 ] ] ] } },
{ "type": "Feature", "properties": { "csb_id": "061825012483176", "acres": 23.691521510952501, "geoid": "06113" }, "geometry": { "type": "Polygon", "coordinates": [ [ [ -121.819900572088955, 38.652693951075719 ], [ -121.8175649525094, 38.652693950996181 ], [ -121.817564952735623, 38.652065129709477 ], [ -121.817205626513157, 38.652065130173938 ], [ -121.817205626547889, 38.652693950742382 ], [ -121.816666637757706, 38.65278378238645 ], [ -121.816666637490684, 38.652065129770584 ], [ -121.816307311338505, 38.651795635113544 ], [ -121.816307311053237, 38.650717656899587 ], [ -121.816936132409197, 38.650448162101391 ], [ -121.818463268079171, 38.650448162598565 ], [ -121.818463269008163, 38.650627826728737 ], [ -121.819361583054544, 38.650627825821445 ], [ -121.820529392878584, 38.650268499175844 ], [ -121.821158214007284, 38.650268499162323 ], [ -121.821158213467584, 38.652065129961031 ], [ -121.82079888797935, 38.652065129604509 ], [ -121.820529393056091, 38.652424456447712 ], [ -121.819900572088955, 38.652693951075719 ] ] ] } },
{ "type": "Feature", "properties": { "csb_id": "061825012483180", "acres": 17.351839192107398, "geoid": "06113" }, "geometry": { "type": "Polygon", "coordinates": [ [ [ -121.816666637936507, 38.653412602879271 ], [ -121.815498828181518, 38.653592266366552 ], [ -121.815139501280044, 38.653053277105244 ], [ -121.814870006554102, 38.652963445820667 ], [ -121.813612364993475, 38.652963445425812 ], [ -121.813612365267943, 38.652065129922569 ], [ -121.813971691419056, 38.652065129736016 ], [ -121.813971691765886, 38.651526140958005 ], [ -121.813612365718328, 38.651526140763771 ], [ -121.813612365542383, 38.651166814459245 ], [ -121.813971691673075, 38.650897319915508 ], [ -121.814510680952182, 38.650897319987948 ], [ -121.814510680661471, 38.650448163038561 ], [ -121.815768321840849, 38.650268499788154 ], [ -121.815768321726523, 38.650717657549784 ], [ -121.816307311053237, 38.650717656899587 ], [ -121.816307311338505, 38.651795635113544 ], [ -121.816666637490684, 38.652065129770584 ], [ -121.816666637936507, 38.653412602879271 ] ] ] } },
{ "type": "Feature", "properties": { "csb_id": "061825012483680", "acres": 18.570777750676601, "geoid": "06113" }, "geometry": { "type": "Polygon", "coordinates": [ [ [ -121.886375903664742, 38.634458150201269 ], [ -121.885747082269219, 38.634188655784563 ], [ -121.884579272349413, 38.634188655733972 ], [ -121.884219946920453, 38.630864889719533 ], [ -121.884219947257449, 38.630595394642079 ], [ -121.884579272458893, 38.630595394494634 ], [ -121.884579272675126, 38.630236068635142 ], [ -121.885477588071026, 38.63023606917794 ], [ -121.885477588763877, 38.630056405650308 ], [ -121.885747082250617, 38.630056405566428 ], [ -121.886016577797733, 38.630236069041551 ], [ -121.886106408571692, 38.630954720587432 ], [ -121.88574708167387, 38.631224215823458 ], [ -121.8860165761144, 38.631224215871661 ], [ -121.886106409362753, 38.632392025567121 ], [ -121.886375903640285, 38.632392025791503 ], [ -121.886375903897317, 38.632931014575306 ], [ -121.88610640937398, 38.632931015829428 ], [ -121.886106409025771, 38.633290340593042 ], [ -121.886914892544723, 38.633290340563121 ], [ -121.886914892619572, 38.63445815114715 ], [ -121.886375903664742, 38.634458150201269 ] ] ] } },
{ "type": "Feature", "properties": { "csb_id": "061825012483698", "acres": 16.392794247911901, "geoid": "06113" }, "geometry": { "type": "Polygon", "coordinates": [ [ [ -121.883950452337828, 38.633919161208773 ], [ -121.882513147420752, 38.633919160989315 ], [ -121.882153822051478, 38.633380172257333 ], [ -121.881884327563256, 38.633380172273604 ], [ -121.881884326373608, 38.633020845813704 ], [ -121.882153820788645, 38.632751352134875 ], [ -121.882513147076821, 38.632751351704314 ], [ -121.88251314792295, 38.631853035887666 ], [ -121.883680957541117, 38.630236068913383 ], [ -121.883680957631043, 38.629966574323092 ], [ -121.884579273116486, 38.629966574184138 ], [ -121.884579272458893, 38.630595394494634 ], [ -121.884219947257449, 38.630595394642079 ], [ -121.884219946920453, 38.630864889719533 ], [ -121.884579272349413, 38.634188655733972 ], [ -121.884219946372838, 38.634188655958333 ], [ -121.883950452337828, 38.633919161208773 ] ] ] } },
{ "type": "Feature", "properties": { "csb_id": "061825012483699", "acres": 15.3714658184551, "geoid": "06113" }, "geometry": { "type": "Polygon", "coordinates": [ [ [ -121.878830055477579, 38.632931014934783 ], [ -121.877662245311285, 38.632122530676611 ], [ -121.877662245753413, 38.631763204638659 ], [ -121.876763929947543, 38.631763204450245 ], [ -121.876763929426858, 38.630864889321188 ], [ -121.877033424927603, 38.630864889004052 ], [ -121.877033424505527, 38.630595395149484 ], [ -121.880626685414171, 38.63059539446229 ], [ -121.880626685329133, 38.630056405539904 ], [ -121.881884327122762, 38.630236069355021 ], [ -121.881884327772156, 38.630685227556739 ], [ -121.880357191891378, 38.630685227189403 ], [ -121.880087696366715, 38.63095472108138 ], [ -121.880087696717368, 38.632392025742064 ], [ -121.879189381286139, 38.632392025705499 ], [ -121.879189381451454, 38.632931014240995 ], [ -121.878830055477579, 38.632931014934783 ] ] ] } },
{ "type": "Feature", "properties": { "csb_id": "061825012483702", "acres": 21.703165115480701, "geoid": "06113" }, "geometry": { "type": "Polygon", "coordinates": [ [ [ -121.880716516956753, 38.633290340602535 ], [ -121.880357191427294, 38.632931014604544 ], [ -121.880357190600449, 38.632481856560595 ], [ -121.880087696717368, 38.632392025742064 ], [ -121.880087696366715, 38.63095472108138 ], [ -121.880357191891378, 38.630685227189403 ], [ -121.881884327772156, 38.630685227556739 ], [ -121.881884327122762, 38.630236069355021 ], [ -121.880626685180829, 38.629966574237301 ], [ -121.881884325896777, 38.62969707962035 ], [ -121.881884327252763, 38.629337753596793 ], [ -121.883950452746873, 38.629337753189887 ], [ -121.883950451985996, 38.629697079414868 ], [ -121.883680957720941, 38.629697079735919 ], [ -121.883680957541117, 38.630236068913383 ], [ -121.88251314792295, 38.631853035887666 ], [ -121.882513147076821, 38.632751351704314 ], [ -121.882153820788645, 38.632751352134875 ], [ -121.881884326373608, 38.633020845813704 ], [ -121.881884327287722, 38.633559834766324 ], [ -121.880716516956753, 38.633290340602535 ] ] ] } },
{ "type": "Feature", "properties": { "csb_id": "061825012483738", "acres": 5.3777624038961003, "geoid": "06113" }, "geometry": { "type": "Polygon", "coordinates": [ [ [ -121.881884325896777, 38.62969707962035 ], [ -121.880626685180829, 38.629966574237301 ], [ -121.880626685540761, 38.62969707923218 ], [ -121.880087696417149, 38.629697079730903 ], [ -121.880087696529984, 38.629427585208845 ], [ -121.880357191076087, 38.629068259075268 ], [ -121.881255506162987, 38.628439438122037 ], [ -121.882153821451695, 38.628529269470704 ], [ -121.882153821179386, 38.629337753278556 ], [ -121.881884327252763, 38.629337753596793 ], [ -121.881884325896777, 38.62969707962035 ] ] ] } },
{ "type": "Feature", "properties": { "csb_id": "061825012483749", "acres": 2.73708309045184, "geoid": "06113" }, "geometry": { "type": "Polygon", "coordinates": [ [ [ -121.881884327382764, 38.628439437872771 ], [ -121.882153821586115, 38.628259776099931 ], [ -121.882782642820317, 38.628259775573717 ], [ -121.88305213719805, 38.628529270103456 ], [ -121.883052137336051, 38.628798765056551 ], [ -121.883411463043061, 38.628888595586666 ], [ -121.883411463203117, 38.629337753104728 ], [ -121.882153821179386, 38.629337753278556 ], [ -121.882153821451695, 38.628529269470704 ], [ -121.881884327382764, 38.628439437872771 ] ] ] } },
{ "type": "Feature", "properties": { "csb_id": "061825012483766", "acres": 3.63340212435953, "geoid": "06113" }, "geometry": { "type": "Polygon", "coordinates": [ [ [ -121.882153821586115, 38.628259776099931 ], [ -121.882153822213454, 38.627990280773602 ], [ -121.883950451892389, 38.627990280459997 ], [ -121.88395045222633, 38.628169943871207 ], [ -121.884579272456833, 38.628169943511068 ], [ -121.88457927345317, 38.628888595791771 ], [ -121.883052137336051, 38.628798765056551 ], [ -121.88305213719805, 38.628529270103456 ], [ -121.882782642820317, 38.628259775573717 ], [ -121.882153821586115, 38.628259776099931 ] ] ] } },
{ "type": "Feature", "properties": { "csb_id": "061825012483767", "acres": 19.4099889898343, "geoid": "06113" }, "geometry": { "type": "Polygon", "coordinates": [ [ [ -121.880626685414171, 38.63059539446229 ], [ -121.877033424505527, 38.630595395149484 ], [ -121.876763930204902, 38.630056405188952 ], [ -121.87676392968423, 38.6291580901255 ], [ -121.877123255791247, 38.629158090503786 ], [ -121.877392750287683, 38.628259775171209 ], [ -121.877662245252054, 38.628259775239634 ], [ -121.877662245147306, 38.628798764098029 ], [ -121.878560560637752, 38.62888859560168 ], [ -121.878919885577815, 38.628798764471412 ], [ -121.879458875848471, 38.628259774791765 ], [ -121.879458875903026, 38.627900448851896 ], [ -121.881255506221862, 38.627900449148314 ], [ -121.881255506162987, 38.628439438122037 ], [ -121.88098601198169, 38.628529269596292 ], [ -121.880087696529984, 38.629427585208845 ], [ -121.880087696417149, 38.629697079730903 ], [ -121.880626685540761, 38.62969707923218 ], [ -121.880626685414171, 38.63059539446229 ] ] ] } },
{ "type": "Feature", "properties": { "csb_id": "061825012483802", "acres": 7.5752676461772896, "geoid": "06113" }, "geometry": { "type": "Polygon", "coordinates": [ [ [ -121.877662245147306, 38.628798764098029 ], [ -121.877662245252054, 38.628259775239634 ], [ -121.877392750287683, 38.628259775171209 ], [ -121.87739275082086, 38.627002133630278 ], [ -121.877662244812271, 38.627002133838189 ], [ -121.877662245553296, 38.626373312492667 ], [ -121.877931740084449, 38.626373313351223 ], [ -121.878291066238418, 38.627002133435205 ], [ -121.878830054663766, 38.627002133879344 ], [ -121.878830055243498, 38.627900448744256 ], [ -121.879458875903026, 38.627900448851896 ], [ -121.879458875848471, 38.628259774791765 ], [ -121.878919885577815, 38.628798764471412 ], [ -121.877662245147306, 38.628798764098029 ] ] ] } },
{ "type": "Feature", "properties": { "csb_id": "061825012483839", "acres": 28.479993471534101, "geoid": "06113" }, "geometry": { "type": "Polygon", "coordinates": [ [ [ -121.886016577424911, 38.627990280837672 ], [ -121.88395045222633, 38.628169943871207 ], [ -121.883950451892389, 38.627990280459997 ], [ -121.881524998513413, 38.627900450341443 ], [ -121.881524999489159, 38.627271628268339 ], [ -121.881255506476663, 38.627271628654384 ], [ -121.881255505614689, 38.626642808417067 ], [ -121.881884325996566, 38.626463145426108 ], [ -121.882153820346971, 38.626103819551027 ], [ -121.882153821286224, 38.625834325108322 ], [ -121.883321630002698, 38.625834324306481 ], [ -121.883680956852288, 38.625474997524073 ], [ -121.884579271155488, 38.62547499689623 ], [ -121.884848767442435, 38.62502584072223 ], [ -121.885747083009193, 38.625025840332626 ], [ -121.886016577779998, 38.625474997245391 ], [ -121.886645397513291, 38.625474999092283 ], [ -121.886645397040382, 38.625205503254961 ], [ -121.887813207960548, 38.625205503668369 ], [ -121.887813206708628, 38.625744492110634 ], [ -121.886375902572865, 38.625744494321893 ], [ -121.886375902432263, 38.626103819215793 ], [ -121.886106409056126, 38.62664280741528 ], [ -121.885747081173562, 38.626642807492878 ], [ -121.885747082972529, 38.62736146016907 ], [ -121.886016576396884, 38.627361460154873 ], [ -121.886016577424911, 38.627990280837672 ] ] ] } },
{ "type": "Feature", "properties": { "csb_id": "061825012483850", "acres": 26.417747870812001, "geoid": "06113" }, "geometry": { "type": "Polygon", "coordinates": [ [ [ -121.881524998513413, 38.627900450341443 ], [ -121.878830055243498, 38.627900448744256 ], [ -121.878830054663766, 38.627002133879344 ], [ -121.878560560853572, 38.627002133401682 ], [ -121.878560560543463, 38.626642807581227 ], [ -121.878830055262938, 38.626642807578989 ], [ -121.878830055200851, 38.626103818808119 ], [ -121.878560561039222, 38.626103818191005 ], [ -121.878291066496857, 38.625474997521842 ], [ -121.878830055457101, 38.625474997284968 ], [ -121.878830054764776, 38.625025840443158 ], [ -121.878291066569858, 38.625025840300673 ], [ -121.878291065804291, 38.624846177214785 ], [ -121.878291066331059, 38.624576682228493 ], [ -121.878830052269933, 38.624037693406073 ], [ -121.878830055726326, 38.623678368388241 ], [ -121.879728369739709, 38.623678366867246 ], [ -121.880087695302961, 38.624397019910788 ], [ -121.880357191068597, 38.624576682616244 ], [ -121.880626685628414, 38.624576682649717 ], [ -121.880626686136637, 38.624397018986635 ], [ -121.880986011427893, 38.624307187614463 ], [ -121.881525000925336, 38.624307187546435 ], [ -121.881525000619419, 38.624846176919668 ], [ -121.881255506676155, 38.624846176647743 ], [ -121.880986012365369, 38.625205503361869 ], [ -121.880986011901086, 38.625474997696998 ], [ -121.88188432666675, 38.62547499804446 ], [ -121.882153821286224, 38.625834325108322 ], [ -121.882153820346971, 38.626103819551027 ], [ -121.881884325996566, 38.626463145426108 ], [ -121.881255505614689, 38.626642808417067 ], [ -121.881255506476663, 38.627271628654384 ], [ -121.881524999489159, 38.627271628268339 ], [ -121.881524998513413, 38.627900450341443 ] ] ] } },
{ "type": "Feature", "properties": { "csb_id": "061825012483890", "acres": 7.9708361193501203, "geoid": "06113" }, "geometry": { "type": "Polygon", "coordinates": [ [ [ -121.880986011901086, 38.625474997696998 ], [ -121.880986012365369, 38.625205503361869 ], [ -121.881255506676155, 38.624846176647743 ], [ -121.881525000619419, 38.624846176919668 ], [ -121.881525001002615, 38.623408872969968 ], [ -121.881614832397801, 38.623229209701137 ], [ -121.881884326589329, 38.623229209707674 ], [ -121.881884326516555, 38.622869883161215 ], [ -121.883321631918179, 38.622780051732313 ], [ -121.883411462732568, 38.623498703829597 ], [ -121.883321631446563, 38.62367836740853 ], [ -121.882782642911806, 38.623768198723326 ], [ -121.882423316123948, 38.624307188208093 ], [ -121.882423316407881, 38.625205503258869 ], [ -121.881884327170582, 38.625205502989381 ], [ -121.88188432666675, 38.62547499804446 ], [ -121.880986011901086, 38.625474997696998 ] ] ] } },
{ "type": "Feature", "properties": { "csb_id": "061825012483905", "acres": 11.5852474181775, "geoid": "06113" }, "geometry": { "type": "Polygon", "coordinates": [ [ [ -121.877931738437283, 38.625474998365057 ], [ -121.877931740405643, 38.625025840284579 ], [ -121.87712325638752, 38.625025840163346 ], [ -121.877033424267978, 38.623768198675791 ], [ -121.877392750640979, 38.623768199006371 ], [ -121.877392751303518, 38.623229209640826 ], [ -121.877123255763621, 38.623229209386302 ], [ -121.877123256308892, 38.622869883102688 ], [ -121.877662244844842, 38.622330894297178 ], [ -121.877662245118245, 38.621881736994006 ], [ -121.877931740088499, 38.621612241497942 ], [ -121.878291066360475, 38.621612241591855 ], [ -121.878560560693344, 38.621881736110133 ], [ -121.878560560508618, 38.622600388715469 ], [ -121.878830055071546, 38.623408872315593 ], [ -121.879458875649036, 38.623408872478088 ], [ -121.879458875764101, 38.623678367312095 ], [ -121.878830055726326, 38.623678368388241 ], [ -121.878830052269933, 38.624037693406073 ], [ -121.878291066331059, 38.624576682228493 ], [ -121.878291066569858, 38.625025840300673 ], [ -121.878830054764776, 38.625025840443158 ], [ -121.87883005542605, 38.625205502911086 ], [ -121.878291065906851, 38.625205502768551 ], [ -121.878291066496857, 38.625474997521842 ], [ -121.877931738437283, 38.625474998365057 ] ] ] } },
{ "type": "Feature", "properties": { "csb_id": "061825012483931", "acres": 14.8432935052268, "geoid": "06113" }, "geometry": { "type": "Polygon", "coordinates": [ [ [ -121.8833216312579, 38.624037693688173 ], [ -121.883321631918179, 38.622780051732313 ], [ -121.881884326516555, 38.622869883161215 ], [ -121.881884326958428, 38.621971568536352 ], [ -121.882423316510923, 38.621702074764364 ], [ -121.882423315847163, 38.620983421620096 ], [ -121.883321632056592, 38.620983421576717 ], [ -121.883321631222856, 38.620444432465383 ], [ -121.883950452415661, 38.620444431937926 ], [ -121.883950452202257, 38.620713926662489 ], [ -121.884309777746338, 38.620983421019112 ], [ -121.88457927316864, 38.620983421438602 ], [ -121.884848767456987, 38.621702073439458 ], [ -121.884848767444012, 38.622241062400064 ], [ -121.885118261688191, 38.622330894458024 ], [ -121.884579273152852, 38.622510557451754 ], [ -121.883950452202939, 38.623139377974958 ], [ -121.884848767173764, 38.623229209837469 ], [ -121.884848767169444, 38.623408872834069 ], [ -121.884219947909756, 38.623408873893801 ], [ -121.884219946395717, 38.624037693552268 ], [ -121.8833216312579, 38.624037693688173 ] ] ] } },
{ "type": "Feature", "properties": { "csb_id": "061825012483957", "acres": 23.1515924444689, "geoid": "06113" }, "geometry": { "type": "Polygon", "coordinates": [ [ [ -121.880087695302961, 38.624397019910788 ], [ -121.879818201112045, 38.623768199219555 ], [ -121.879458875764101, 38.623678367312095 ], [ -121.879458875649036, 38.623408872478088 ], [ -121.878830055071546, 38.623408872315593 ], [ -121.878560560508618, 38.622600388715469 ], [ -121.87856056084884, 38.621971567762074 ], [ -121.879458875413022, 38.621881736286475 ], [ -121.879458875609856, 38.621612242331288 ], [ -121.879189381447432, 38.62107325276893 ], [ -121.878560561034462, 38.621073252735755 ], [ -121.878560561064617, 38.620085106096084 ], [ -121.879458875373828, 38.620085106249611 ], [ -121.879458875461566, 38.620534263961609 ], [ -121.879818201679242, 38.621073252418334 ], [ -121.880357190684094, 38.621432579206484 ], [ -121.880716517451347, 38.621432579357979 ], [ -121.880716517221529, 38.621073253178068 ], [ -121.881525000704201, 38.620983421384359 ], [ -121.881884327628555, 38.620983421335318 ], [ -121.881884327389443, 38.621342746995268 ], [ -121.882423316023079, 38.621342747760018 ], [ -121.882423316510923, 38.621702074764364 ], [ -121.881884326958428, 38.621971568536352 ], [ -121.881884326589329, 38.623229209707674 ], [ -121.881614832397801, 38.623229209701137 ], [ -121.881525001002615, 38.623408872969968 ], [ -121.881525000925336, 38.624307187546435 ], [ -121.880626686136637, 38.624397018986635 ], [ -121.880626685628414, 38.624576682649717 ], [ -121.880087695302961, 38.624397019910788 ] ] ] } },
{ "type": "Feature", "properties": { "csb_id": "061825012483967", "acres": 8.3374222934994702, "geoid": "06113" }, "geometry": { "type": "Polygon", "coordinates": [ [ [ -121.87856056084884, 38.621971567762074 ], [ -121.878291066360475, 38.621612241591855 ], [ -121.877931740088499, 38.621612241497942 ], [ -121.877662245286913, 38.621971568406025 ], [ -121.877123256152871, 38.621971568206085 ], [ -121.87676393006106, 38.620085106151407 ], [ -121.878560561064617, 38.620085106096084 ], [ -121.878560561034462, 38.621073252735755 ], [ -121.879189381447432, 38.62107325276893 ], [ -121.879458875609856, 38.621612242331288 ], [ -121.879458875413022, 38.621881736286475 ], [ -121.87856056084884, 38.621971567762074 ] ] ] } },
{ "type": "Feature", "properties": { "csb_id": "061825012484486", "acres": 4.1745702926554502, "geoid": "06113" }, "geometry": { "type": "Polygon", "coordinates": [ [ [ -121.894101414718634, 38.604005262094532 ], [ -121.894101415272559, 38.603106947312725 ], [ -121.894730236187968, 38.603106946977995 ], [ -121.894730235057452, 38.601939137153344 ], [ -121.895359056735998, 38.601939136850788 ], [ -121.895898044963616, 38.602478126469599 ], [ -121.895628550622931, 38.603106946751709 ], [ -121.894999730380519, 38.603106946884949 ], [ -121.894460741388983, 38.604005262225037 ], [ -121.894101414718634, 38.604005262094532 ] ] ] } },
{ "type": "Feature", "properties": { "csb_id": "061825012485868", "acres": 17.616520680559301, "geoid": "06113" }, "geometry": { "type": "Polygon", "coordinates": [ [ [ -121.820529392711549, 38.554328426980675 ], [ -121.817295457745814, 38.554328426826203 ], [ -121.816936132138053, 38.55369960670324 ], [ -121.816397142987242, 38.553699606811385 ], [ -121.81603781651387, 38.553789438275061 ], [ -121.816037817067539, 38.553969100617621 ], [ -121.8157683221215, 38.553969100722895 ], [ -121.815768321829268, 38.552172470209591 ], [ -121.816037816361302, 38.552172470626296 ], [ -121.816037816310455, 38.551633481420815 ], [ -121.816666638022625, 38.551633481645069 ], [ -121.817205626955385, 38.552531796198238 ], [ -121.819092085880598, 38.552531797929056 ], [ -121.819092086545496, 38.552262303078429 ], [ -121.819361581287836, 38.551902976185254 ], [ -121.819631077625147, 38.551902976488726 ], [ -121.819631077682629, 38.552801291735889 ], [ -121.819361582023618, 38.553070786426964 ], [ -121.819002257740451, 38.553160617307967 ], [ -121.819002256865062, 38.553699606780214 ], [ -121.820529393169622, 38.554058932882128 ], [ -121.820529392711549, 38.554328426980675 ] ] ] } },
{ "type": "Feature", "properties": { "csb_id": "061825012485892", "acres": 16.082772908249499, "geoid": "06113" }, "geometry": { "type": "Polygon", "coordinates": [ [ [ -121.820529393169622, 38.554058932882128 ], [ -121.819002256865062, 38.553699606780214 ], [ -121.819002257740451, 38.553160617307967 ], [ -121.819361582023618, 38.553070786426964 ], [ -121.819631077682629, 38.552801291735889 ], [ -121.819631077421391, 38.551633481401808 ], [ -121.819900572598485, 38.551274154956197 ], [ -121.820529392630078, 38.551004660656375 ], [ -121.82052939323529, 38.550465671634477 ], [ -121.820259899025643, 38.550465671193606 ], [ -121.820259898209571, 38.550106344801307 ], [ -121.821427708595905, 38.550106345400764 ], [ -121.821607371807403, 38.551274155349851 ], [ -121.821427708234623, 38.55369960688931 ], [ -121.820798887598514, 38.553699606514783 ], [ -121.820529393169622, 38.554058932882128 ] ] ] } },
{ "type": "Feature", "properties": { "csb_id": "061825012485917", "acres": 8.9438226281950097, "geoid": "06113" }, "geometry": { "type": "Polygon", "coordinates": [ [ [ -121.821158214282519, 38.55010634630203 ], [ -121.819900572006844, 38.550106345655252 ], [ -121.819631078422248, 38.549836850721107 ], [ -121.819631078461427, 38.549477524811685 ], [ -121.819002256779967, 38.549477525140219 ], [ -121.819002257655313, 38.548938535709418 ], [ -121.819361583639875, 38.548579209750791 ], [ -121.820798887236464, 38.548579209422677 ], [ -121.821158213450417, 38.548309714503404 ], [ -121.821158214199443, 38.54777072540876 ], [ -121.821607371732284, 38.547770725369872 ], [ -121.82160737123651, 38.549477524796806 ], [ -121.821427707978216, 38.549836850844372 ], [ -121.821158214657032, 38.549836851745638 ], [ -121.821158214282519, 38.55010634630203 ] ] ] } },
{ "type": "Feature", "properties": { "csb_id": "061825012485933", "acres": 7.4966951338654297, "geoid": "06113" }, "geometry": { "type": "Polygon", "coordinates": [ [ [ -121.817834447359132, 38.549208030204888 ], [ -121.817834447880173, 38.548938535468615 ], [ -121.817205626931525, 38.548938535812006 ], [ -121.817295458701963, 38.547501231073433 ], [ -121.818463267801192, 38.547411399318854 ], [ -121.818732762499408, 38.547501230780838 ], [ -121.819002254942788, 38.547860557820727 ], [ -121.819631078307282, 38.548040220337136 ], [ -121.819631078200189, 38.548309714547393 ], [ -121.819361583312528, 38.548309714919256 ], [ -121.819361583639875, 38.548579209750791 ], [ -121.819002257655313, 38.548938535709418 ], [ -121.818463267840443, 38.548938535837053 ], [ -121.818463268207893, 38.549208029953228 ], [ -121.817834447359132, 38.549208030204888 ] ] ] } },
{ "type": "Feature", "properties": { "csb_id": "061825012485942", "acres": 4.9013427738304403, "geoid": "06113" }, "geometry": { "type": "Polygon", "coordinates": [ [ [ -121.819361583639875, 38.548579209750791 ], [ -121.819361583312528, 38.548309714919256 ], [ -121.819631078200189, 38.548309714547393 ], [ -121.819631078307282, 38.548040220337136 ], [ -121.819900572513603, 38.548040220236111 ], [ -121.819900572576373, 38.547411399651729 ], [ -121.820529393153791, 38.547141905541793 ], [ -121.821427708537428, 38.547231736080647 ], [ -121.821427708656969, 38.547770725409777 ], [ -121.821158214199443, 38.54777072540876 ], [ -121.821158213450417, 38.548309714503404 ], [ -121.820798887236464, 38.548579209422677 ], [ -121.819361583639875, 38.548579209750791 ] ] ] } },
{ "type": "Feature", "properties": { "csb_id": "061825012486056", "acres": 3.7726870277510001, "geoid": "06113" }, "geometry": { "type": "Polygon", "coordinates": [ [ [ -121.893472594124702, 38.544626622169538 ], [ -121.892035289842141, 38.544716454037768 ], [ -121.892035289831227, 38.543818138767207 ], [ -121.892304784719869, 38.543818138189145 ], [ -121.892304784246107, 38.543548644053992 ], [ -121.892574279219389, 38.543279149132417 ], [ -121.893203099353627, 38.543279148956181 ], [ -121.893203100222351, 38.543818138665777 ], [ -121.893472594124702, 38.544626622169538 ] ] ] } },
{ "type": "Feature", "properties": { "csb_id": "061825012486057", "acres": 5.5057497207280202, "geoid": "06113" }, "geometry": { "type": "Polygon", "coordinates": [ [ [ -121.891460596289249, 38.545362468641422 ], [ -121.891316637286508, 38.545255443177368 ], [ -121.890328490897446, 38.54327914946402 ], [ -121.891136974121935, 38.543279149693724 ], [ -121.891136975070097, 38.543548643726652 ], [ -121.892304784246107, 38.543548644053992 ], [ -121.892304784719869, 38.543818138189145 ], [ -121.892035289831227, 38.543818138767207 ], [ -121.892035289140054, 38.544177464282484 ], [ -121.892035289842141, 38.544716454037768 ], [ -121.892304784379689, 38.54471645332071 ], [ -121.892304784207568, 38.545075779940575 ], [ -121.891460596289249, 38.545362468641422 ] ] ] } },
{ "type": "Feature", "properties": { "csb_id": "061825012486093", "acres": 3.9560629737506101, "geoid": "06113" }, "geometry": { "type": "Polygon", "coordinates": [ [ [ -121.892304784576183, 38.543279148820723 ], [ -121.892304783944525, 38.542919823310491 ], [ -121.892933604896356, 38.542650328936077 ], [ -121.892933604152716, 38.542470665942382 ], [ -121.893472594310495, 38.542470665466503 ], [ -121.893831920520242, 38.542650328207827 ], [ -121.893831919619075, 38.543279149251973 ], [ -121.894370909971784, 38.543279148869814 ], [ -121.894370908464566, 38.543818138162493 ], [ -121.893203100222351, 38.543818138665777 ], [ -121.893203099353627, 38.543279148956181 ], [ -121.892304784576183, 38.543279148820723 ] ] ] } },
{ "type": "Feature", "properties": { "csb_id": "061825012486105", "acres": 4.7761456397100002, "geoid": "06113" }, "geometry": { "type": "Polygon", "coordinates": [ [ [ -121.971266697196384, 38.546333421471566 ], [ -121.97126669777694, 38.543368980944436 ], [ -121.971626023535507, 38.543368980577426 ], [ -121.971626024160472, 38.542919823156311 ], [ -121.972165012659531, 38.542919822738966 ], [ -121.97216501305293, 38.544446959126546 ], [ -121.971895518816211, 38.544536790499336 ], [ -121.971626023605708, 38.545075779575996 ], [ -121.971626024300903, 38.546333421176058 ], [ -121.971266697196384, 38.546333421471566 ] ] ] } },
{ "type": "Feature", "properties": { "csb_id": "061825012486108", "acres": 8.2595505361387804, "geoid": "06113" }, "geometry": { "type": "Polygon", "coordinates": [ [ [ -121.891675963355269, 38.543548643947858 ], [ -121.891675963769316, 38.543279149194682 ], [ -121.890328490897446, 38.54327914946402 ], [ -121.889879333067796, 38.542380834916202 ], [ -121.889879333055575, 38.542021508134567 ], [ -121.890238660047387, 38.541752014288342 ], [ -121.891675963720573, 38.541752013414495 ], [ -121.891765794747343, 38.542380833859831 ], [ -121.892933605454076, 38.542380834085606 ], [ -121.892933604896356, 38.542650328936077 ], [ -121.892304783944525, 38.542919823310491 ], [ -121.892304784576183, 38.543279148820723 ], [ -121.892035290037938, 38.543548643772802 ], [ -121.891675963355269, 38.543548643947858 ] ] ] } },
{ "type": "Feature", "properties": { "csb_id": "061825012486123", "acres": 21.487297577016299, "geoid": "06113" }, "geometry": { "type": "Polygon", "coordinates": [ [ [ -121.888172534276009, 38.544177465667374 ], [ -121.886914891583629, 38.543368980516959 ], [ -121.886645396510687, 38.543368980832696 ], [ -121.886645396718393, 38.544267296642182 ], [ -121.886016577395708, 38.544267295667105 ], [ -121.886375904028924, 38.544177464370982 ], [ -121.886375903781726, 38.543279149282874 ], [ -121.88601657702668, 38.54327914902246 ], [ -121.886106408752894, 38.542380834065874 ], [ -121.885747082548932, 38.542111339256934 ], [ -121.885747082610209, 38.541752013120359 ], [ -121.886645397994684, 38.541841845072433 ], [ -121.886914892786336, 38.541752013621085 ], [ -121.886914892181835, 38.541572350073523 ], [ -121.887543713781128, 38.541572350261944 ], [ -121.887813207415164, 38.541213024125618 ], [ -121.88817253415759, 38.54112319221386 ], [ -121.888981017340271, 38.541572350408451 ], [ -121.888981017930377, 38.541752013197609 ], [ -121.889609838511973, 38.541482518723271 ], [ -121.890238659552026, 38.54148251902447 ], [ -121.890508154203218, 38.541752013376673 ], [ -121.890238660047387, 38.541752014288342 ], [ -121.889879333055575, 38.542021508134567 ], [ -121.889879333067796, 38.542380834916202 ], [ -121.889340343784355, 38.542380833542701 ], [ -121.888981017732448, 38.542201170532856 ], [ -121.888801354632022, 38.542380833491542 ], [ -121.889070849218285, 38.542650329647756 ], [ -121.889879333020573, 38.542919823253847 ], [ -121.8901488275784, 38.543548643567483 ], [ -121.889609838128294, 38.543548643409494 ], [ -121.889609839048674, 38.543907969719577 ], [ -121.889340344003031, 38.544177464600359 ], [ -121.888172534276009, 38.544177465667374 ] ] ] } },
{ "type": "Feature", "properties": { "csb_id": "061825012486153", "acres": 8.4621823959248808, "geoid": "06113" }, "geometry": { "type": "Polygon", "coordinates": [ [ [ -121.917727106678896, 38.543907970245662 ], [ -121.917457612194156, 38.543638475892628 ], [ -121.916559297489314, 38.543548644050851 ], [ -121.916559297619159, 38.543279149087269 ], [ -121.916828791073343, 38.543279149476263 ], [ -121.916828791143033, 38.542919822906065 ], [ -121.917098284701723, 38.542919823325228 ], [ -121.917188117332742, 38.54211133951042 ], [ -121.917457613007386, 38.541482518898867 ], [ -121.917996601140629, 38.541482518534586 ], [ -121.919110108636445, 38.543368981224177 ], [ -121.918984747856342, 38.543548643885408 ], [ -121.917727106678896, 38.543907970245662 ] ] ] } },
{ "type": "Feature", "properties": { "csb_id": "061825012486187", "acres": 6.7544001113860803, "geoid": "06113" }, "geometry": { "type": "Polygon", "coordinates": [ [ [ -121.971266697528861, 38.539955383018366 ], [ -121.97216501313234, 38.539955382878212 ], [ -121.972165012659531, 38.542919822738966 ], [ -121.971626024160472, 38.542919823156311 ], [ -121.971626023535507, 38.543368980577426 ], [ -121.97126669777694, 38.543368980944436 ], [ -121.971266697528861, 38.539955383018366 ] ] ] } },
{ "type": "Feature", "properties": { "csb_id": "061825012486286", "acres": 5.5968092847027604, "geoid": "06113" }, "geometry": { "type": "Polygon", "coordinates": [ [ [ -121.97126669759146, 38.536362121378183 ], [ -121.972165013336223, 38.536182458511504 ], [ -121.972165013190605, 38.538877404467144 ], [ -121.971266697610162, 38.538877404678843 ], [ -121.97126669759146, 38.536362121378183 ] ] ] } },
{ "type": "Feature", "properties": { "csb_id": "061825012486294", "acres": 17.0511707404265, "geoid": "06113" }, "geometry": { "type": "Polygon", "coordinates": [ [ [ -122.013757010509863, 38.538518078221813 ], [ -122.013128189937632, 38.538428246366635 ], [ -122.012858695955131, 38.537979089027388 ], [ -122.012589200894084, 38.537350268552871 ], [ -122.012589200703871, 38.53663161646017 ], [ -122.01196037974519, 38.536631615987126 ], [ -122.011690885774158, 38.53645195268642 ], [ -122.011690885872554, 38.536092626628736 ], [ -122.011960380451754, 38.536092627276531 ], [ -122.011960380648532, 38.535823132493249 ], [ -122.01285869556618, 38.535823131922484 ], [ -122.012858695566919, 38.535194311975474 ], [ -122.014924820493974, 38.535194311796609 ], [ -122.014924819977026, 38.535733300547065 ], [ -122.014385831937261, 38.535733300825356 ], [ -122.014385832162418, 38.536362121711925 ], [ -122.014924821173651, 38.536362121298282 ], [ -122.015553641076465, 38.536990942471711 ], [ -122.01555364201775, 38.537260437094254 ], [ -122.015284146472425, 38.5375299317013 ], [ -122.014026505650705, 38.537529931062828 ], [ -122.014026505630824, 38.538248583481753 ], [ -122.013757010509863, 38.538518078221813 ] ] ] } },
{ "type": "Feature", "properties": { "csb_id": "061825012486295", "acres": 7.0249110916591704, "geoid": "06113" }, "geometry": { "type": "Polygon", "coordinates": [ [ [ -121.969739561418493, 38.539955382608802 ], [ -121.970368382623064, 38.539685888852738 ], [ -121.970368383505459, 38.539326562888746 ], [ -121.970098888037327, 38.538787572968253 ], [ -121.970368382324509, 38.538158752308185 ], [ -121.97036838268923, 38.537619764044983 ], [ -121.970098887497272, 38.537619762259958 ], [ -121.970098887472105, 38.537260436788102 ], [ -121.970098888418391, 38.537080773382577 ], [ -121.970368382428831, 38.537080774067782 ], [ -121.970368382738258, 38.536182457287431 ], [ -121.970997203540477, 38.536182458633817 ], [ -121.970997203285421, 38.539955382987536 ], [ -121.969739561418493, 38.539955382608802 ] ] ] } },
{ "type": "Feature", "properties": { "csb_id": "061825012486329", "acres": 8.3086310358664601, "geoid": "06113" }, "geometry": { "type": "Polygon", "coordinates": [ [ [ -122.011331559486734, 38.53609262738081 ], [ -122.011331559118787, 38.535733301807149 ], [ -122.009894255503454, 38.535553638027935 ], [ -122.009894254560891, 38.535194311326862 ], [ -122.00899593943781, 38.535194311483103 ], [ -122.008995939559298, 38.534834985507175 ], [ -122.009894255046348, 38.53483498524529 ], [ -122.010433244147777, 38.534565491804955 ], [ -122.011690885225065, 38.534385828119269 ], [ -122.012229874551451, 38.535194311852052 ], [ -122.012858695566919, 38.535194311975474 ], [ -122.01285869556618, 38.535823131922484 ], [ -122.011960380648532, 38.535823132493249 ], [ -122.011960380451754, 38.536092627276531 ], [ -122.011331559486734, 38.53609262738081 ] ] ] } },
{ "type": "Feature", "properties": { "csb_id": "061825012486343", "acres": 3.4257898712178698, "geoid": "06113" }, "geometry": { "type": "Polygon", "coordinates": [ [ [ -121.782261162228536, 38.534924817459178 ], [ -121.782261161861953, 38.534295996037486 ], [ -121.78163234003371, 38.534295996874192 ], [ -121.781632340833752, 38.534565491399377 ], [ -121.781093351997185, 38.534565490580931 ], [ -121.781093351891542, 38.53375700686594 ], [ -121.782530657103166, 38.53366717690303 ], [ -121.782620488119406, 38.533936670720053 ], [ -121.782889982672444, 38.533936669877569 ], [ -121.78288998224069, 38.53456549077265 ], [ -121.782620487760923, 38.534655322311608 ], [ -121.782530656761452, 38.534924817259402 ], [ -121.782261162228536, 38.534924817459178 ] ] ] } },
{ "type": "Feature", "properties": { "csb_id": "061825012486375", "acres": 8.0867412040216102, "geoid": "06113" }, "geometry": { "type": "Polygon", "coordinates": [ [ [ -121.972793833293693, 38.536182458294448 ], [ -121.97126669759146, 38.536362121378183 ], [ -121.971266698303182, 38.533038355488202 ], [ -121.97153619247652, 38.532768860930517 ], [ -121.972165013189212, 38.532858693273532 ], [ -121.97216501319717, 38.535733301514902 ], [ -121.972793834069805, 38.535733301193737 ], [ -121.972793833293693, 38.536182458294448 ] ] ] } },
{ "type": "Feature", "properties": { "csb_id": "061825012486395", "acres": 16.907135573441, "geoid": "06113" }, "geometry": { "type": "Polygon", "coordinates": [ [ [ -122.009265434320781, 38.53483498544189 ], [ -122.009265434891859, 38.534565490874385 ], [ -122.008097624130215, 38.534565491260359 ], [ -122.008097624980337, 38.533397680916366 ], [ -122.007738298715793, 38.533397681449344 ], [ -122.007738298808889, 38.533038354969406 ], [ -122.008367119262815, 38.533038354645768 ], [ -122.0083671190377, 38.532858691594782 ], [ -122.007468804033365, 38.532858691435365 ], [ -122.007468804214966, 38.532589197462443 ], [ -122.008636613984365, 38.532499365732434 ], [ -122.008636613641613, 38.532768860669542 ], [ -122.009265434773752, 38.532768860679212 ], [ -122.009265433916852, 38.532499365500961 ], [ -122.009534928824777, 38.532499365735823 ], [ -122.009894255415219, 38.532589197386542 ], [ -122.009894255243637, 38.533038355345006 ], [ -122.010433244078712, 38.533038355401985 ], [ -122.010433243695985, 38.532768860117244 ], [ -122.011690885354881, 38.532768860057715 ], [ -122.011690885281098, 38.533038354589188 ], [ -122.011960380080183, 38.533038353684368 ], [ -122.011960380502515, 38.533397680827832 ], [ -122.011690885471111, 38.533487513002605 ], [ -122.011690885225065, 38.534385828119269 ], [ -122.010433244147777, 38.534565491804955 ], [ -122.009894255046348, 38.53483498524529 ], [ -122.009265434320781, 38.53483498544189 ] ], [ [ -122.008636613529404, 38.533487512739555 ], [ -122.008367118598045, 38.533397680990099 ], [ -122.00836711949313, 38.533667175447974 ], [ -122.00863661330088, 38.533667176033099 ], [ -122.008636613529404, 38.533487512739555 ] ] ] } },
{ "type": "Feature", "properties": { "csb_id": "061825012486440", "acres": 10.1282109529206, "geoid": "06113" }, "geometry": { "type": "Polygon", "coordinates": [ [ [ -122.011690885840167, 38.532140040346782 ], [ -122.012229874536999, 38.532140040419584 ], [ -122.012229874856686, 38.531870545408808 ], [ -122.011690885600913, 38.531870544959411 ], [ -122.011690885840167, 38.532140040346782 ], [ -122.011062065259168, 38.531870544911897 ], [ -122.011331559730536, 38.531870546375366 ], [ -122.011331559699016, 38.531601051229991 ], [ -122.011062065417718, 38.531601050866676 ], [ -122.011062065259168, 38.531870544911897 ], [ -122.010163749292374, 38.53187054496896 ], [ -122.010163749570097, 38.531511218661407 ], [ -122.011205059238137, 38.531474550486237 ], [ -122.011421391031277, 38.531331555709009 ], [ -122.011421391038169, 38.531690882362618 ], [ -122.013128190437229, 38.531690882371173 ], [ -122.013128190570285, 38.531870546113133 ], [ -122.012858695961697, 38.531870544897956 ], [ -122.012858695159082, 38.532499365918298 ], [ -122.012229874227927, 38.532499365223345 ], [ -122.012229875023166, 38.532768859995059 ], [ -122.012858696039046, 38.532768861172343 ], [ -122.012858696038307, 38.533397681099636 ], [ -122.012589201207334, 38.533397680907804 ], [ -122.012589201095324, 38.533667176164869 ], [ -122.012858695490308, 38.533667175738927 ], [ -122.012858696038307, 38.533397681099636 ], [ -122.013128189754354, 38.53339768094385 ], [ -122.01312819015142, 38.534026502217387 ], [ -122.013487516242506, 38.534295996539186 ], [ -122.013757010664875, 38.534834985124647 ], [ -122.013757011161218, 38.535194311387734 ], [ -122.01258920112538, 38.535194311195632 ], [ -122.012589200472775, 38.534834985279389 ], [ -122.011960380108988, 38.533936670378324 ], [ -122.011960380080183, 38.533038353684368 ], [ -122.011690885281098, 38.533038354589188 ], [ -122.011690885840167, 38.532140040346782 ] ] ] } },
{ "type": "Feature", "properties": { "csb_id": "061825012487275", "acres": 11.9943003339505, "geoid": "06113" }, "geometry": { "type": "Polygon", "coordinates": [ [ [ -122.015553640469591, 38.500878667545464 ], [ -122.015553641592675, 38.49962102608356 ], [ -122.01528414529659, 38.49962102655914 ], [ -122.01528414646171, 38.499351531776597 ], [ -122.015553641138368, 38.499082037618763 ], [ -122.016092630703213, 38.499082037477258 ], [ -122.016092630229181, 38.498632879883473 ], [ -122.016451957048403, 38.498632879142995 ], [ -122.016451956983317, 38.498093890090999 ], [ -122.01675233030852, 38.497853169877338 ], [ -122.01761976695299, 38.49764473278136 ], [ -122.017619766135923, 38.498093890827292 ], [ -122.017350271829415, 38.49863287968784 ], [ -122.017529934672851, 38.498992206162981 ], [ -122.017619767062271, 38.500249846921115 ], [ -122.016721451686905, 38.500519341705072 ], [ -122.01672145145325, 38.501148162219145 ], [ -122.016182462599659, 38.501148162591619 ], [ -122.016182461574061, 38.50087866756688 ], [ -122.015553640469591, 38.500878667545464 ] ] ] } },
{ "type": "Feature", "properties": { "csb_id": "061825013244346", "acres": 9.5124397634633304, "geoid": "06113" }, "geometry": { "type": "Polygon", "coordinates": [ [ [ -121.841659207738132, 38.921762544811024 ], [ -121.839233756379386, 38.921762544321751 ], [ -121.83896426240284, 38.921493050085175 ], [ -121.838604935996102, 38.921403219277643 ], [ -121.838604936731073, 38.920774398258146 ], [ -121.838964262483657, 38.92077439755338 ], [ -121.83896426267161, 38.92014557696691 ], [ -121.839862576471631, 38.919876081511042 ], [ -121.840491397799283, 38.920235408599694 ], [ -121.840491398347979, 38.920504902618624 ], [ -121.840132071694242, 38.920864228745273 ], [ -121.839862577869752, 38.920864229186577 ], [ -121.839862577525651, 38.921133723848016 ], [ -121.842018533694315, 38.921133723883599 ], [ -121.842557522904087, 38.921762544100801 ], [ -121.842557522935536, 38.922032038992818 ], [ -121.841659207809727, 38.922032038984099 ], [ -121.841659207738132, 38.921762544811024 ] ] ] } },
{ "type": "Feature", "properties": { "csb_id": "061825013244362", "acres": 2.6781115255332302, "geoid": "06113" }, "geometry": { "type": "Polygon", "coordinates": [ [ [ -121.839503250848892, 38.919876082959441 ], [ -121.839862577441011, 38.919606588613703 ], [ -121.840760892982559, 38.919606588672288 ], [ -121.84192870254995, 38.920235408367603 ], [ -121.841928702584084, 38.92059473446642 ], [ -121.841120218916032, 38.920594734813946 ], [ -121.841120219193854, 38.920235408574541 ], [ -121.840491397799283, 38.920235408599694 ], [ -121.839862576471631, 38.919876081511042 ], [ -121.839503250848892, 38.919876082959441 ] ] ] } },
{ "type": "Feature", "properties": { "csb_id": "061825013244393", "acres": 8.0729232371423301, "geoid": "06113" }, "geometry": { "type": "Polygon", "coordinates": [ [ [ -121.836898137077711, 38.91969641924922 ], [ -121.836898136913319, 38.917540462564034 ], [ -121.837167632391981, 38.917540463731633 ], [ -121.837167631990155, 38.917270969636647 ], [ -121.838335442567242, 38.917450632934859 ], [ -121.838335441866761, 38.917720125416352 ], [ -121.838604935857205, 38.91807945195945 ], [ -121.838964260778383, 38.918079452296361 ], [ -121.838694767749161, 38.918169283109876 ], [ -121.838694767026695, 38.918977766775349 ], [ -121.838335440994527, 38.919067598521067 ], [ -121.838335440919295, 38.919337092779315 ], [ -121.837437125670832, 38.919337093396031 ], [ -121.837437127040076, 38.919696420915209 ], [ -121.836898137077711, 38.91969641924922 ] ] ] } },
{ "type": "Feature", "properties": { "csb_id": "061825013244395", "acres": 47.591789772252802, "geoid": "06113" }, "geometry": { "type": "Polygon", "coordinates": [ [ [ -121.835999822044343, 38.922930356095705 ], [ -121.835999822286851, 38.922660861666316 ], [ -121.83321504404347, 38.922840522569906 ], [ -121.832586223653266, 38.921942207445689 ], [ -121.83204723398606, 38.921942207941981 ], [ -121.832047234307652, 38.921403218038336 ], [ -121.832316728985276, 38.921403218153415 ], [ -121.832316728700249, 38.921672713339937 ], [ -121.832586223253614, 38.921672713108897 ], [ -121.832586222860371, 38.921043892294868 ], [ -121.832316729199817, 38.92104389190601 ], [ -121.832047234243106, 38.920504903290571 ], [ -121.831148919588571, 38.919876082385713 ], [ -121.831148919396526, 38.919606587362594 ], [ -121.831418414154697, 38.91960658799271 ], [ -121.831418414002997, 38.919247261930174 ], [ -121.831148919445468, 38.918798104070184 ], [ -121.830789592444333, 38.918708272347239 ], [ -121.830789592460462, 38.918438777605495 ], [ -121.830520098162907, 38.91843877828579 ], [ -121.830520098345758, 38.917809956799147 ], [ -121.831148918918316, 38.917181136027018 ], [ -121.831148919110348, 38.917450630963266 ], [ -121.832586223861995, 38.917450630950498 ], [ -121.83267605485625, 38.917270967779984 ], [ -121.833215043983046, 38.917270968395933 ], [ -121.833215044097031, 38.9174506309271 ], [ -121.834472685762648, 38.917450631246858 ], [ -121.834472685980103, 38.918169283190174 ], [ -121.835640495878621, 38.918169282976592 ], [ -121.835640495723709, 38.919965913418309 ], [ -121.835999822027603, 38.919965913849907 ], [ -121.835999822295378, 38.920594736265294 ], [ -121.834472685849974, 38.920594734537737 ], [ -121.834472686814124, 38.920864231132413 ], [ -121.835011674862102, 38.921403217849395 ], [ -121.835371000278286, 38.921403218102803 ], [ -121.835371000604781, 38.921133724207685 ], [ -121.836538810937284, 38.921133725596412 ], [ -121.836538810747001, 38.922660859277762 ], [ -121.836269316398287, 38.9229303544546 ], [ -121.835999822044343, 38.922930356095705 ] ], [ [ -121.834742179909398, 38.919965914279189 ], [ -121.835371001175432, 38.919337092965421 ], [ -121.835371001203214, 38.918798103614641 ], [ -121.835101506623474, 38.918798103839698 ], [ -121.835101506733807, 38.919067598270651 ], [ -121.834113359821174, 38.919067598269315 ], [ -121.833574370113169, 38.919337093025142 ], [ -121.833574370183726, 38.919696419529011 ], [ -121.8341133591356, 38.919965913817776 ], [ -121.834742179909398, 38.919965914279189 ] ] ] } },
{ "type": "Feature", "properties": { "csb_id": "061825013244426", "acres": 14.418207232362899, "geoid": "06113" }, "geometry": { "type": "Polygon", "coordinates": [ [ [ -121.829891276688343, 38.918977765970858 ], [ -121.828364141142814, 38.918079451501079 ], [ -121.828364141665134, 38.917720125807435 ], [ -121.827465826251981, 38.9177201251714 ], [ -121.827196332354362, 38.917450630952324 ], [ -121.827196331271708, 38.91718113655142 ], [ -121.826567511028955, 38.917181136190266 ], [ -121.826567511218741, 38.917450631211132 ], [ -121.825669195654569, 38.917450631268338 ], [ -121.82566919600329, 38.916911641574224 ], [ -121.826028522036935, 38.916911641805385 ], [ -121.82602852217542, 38.916013326734493 ], [ -121.825130206402136, 38.915923494807508 ], [ -121.825130207044964, 38.915654000799044 ], [ -121.826028521756584, 38.915654000096268 ], [ -121.826028522194818, 38.915923494583765 ], [ -121.826298016211922, 38.915923495253843 ], [ -121.826298016526465, 38.916282821284852 ], [ -121.82656751062899, 38.91655231573808 ], [ -121.826926837724841, 38.91664214700377 ], [ -121.82782515267418, 38.916642146951546 ], [ -121.827825152941557, 38.91637265272049 ], [ -121.828453973189781, 38.91637265262159 ], [ -121.828453973006319, 38.916642147331672 ], [ -121.829352288341596, 38.916642147248055 ], [ -121.829352287854235, 38.917450630773871 ], [ -121.830520098345758, 38.917809956799147 ], [ -121.830520098162907, 38.91843877828579 ], [ -121.830789592460462, 38.918438777605495 ], [ -121.830789592444333, 38.918708272347239 ], [ -121.830520098583563, 38.918708273647439 ], [ -121.830520098066557, 38.918977766440378 ], [ -121.829891276688343, 38.918977765970858 ] ] ] } },
{ "type": "Feature", "properties": { "csb_id": "061825013244445", "acres": 7.9003445950963203, "geoid": "06113" }, "geometry": { "type": "Polygon", "coordinates": [ [ [ -121.831148919110348, 38.917450630963266 ], [ -121.831148919038796, 38.916911641959821 ], [ -121.83231672874156, 38.915654000117065 ], [ -121.833843864837604, 38.915743832206061 ], [ -121.833843865371307, 38.916372653014122 ], [ -121.833574370365426, 38.916642146941641 ], [ -121.833215044080262, 38.916642147611945 ], [ -121.833215043983046, 38.917270968395933 ], [ -121.83267605485625, 38.917270967779984 ], [ -121.832586223861995, 38.917450630950498 ], [ -121.831148919110348, 38.917450630963266 ] ] ] } },
{ "type": "Feature", "properties": { "csb_id": "061825013244451", "acres": 6.3932587925631701, "geoid": "06113" }, "geometry": { "type": "Polygon", "coordinates": [ [ [ -121.835011674557549, 38.916552316201532 ], [ -121.835011674658944, 38.915923494941353 ], [ -121.835371001209168, 38.91547433745604 ], [ -121.83626931659245, 38.915474336968252 ], [ -121.83680830478518, 38.915654000402775 ], [ -121.836808305488418, 38.916282821077765 ], [ -121.837167630387711, 38.916282821026776 ], [ -121.837437126566257, 38.916821810117945 ], [ -121.837437125067453, 38.917181136277421 ], [ -121.83626931691127, 38.917181137899576 ], [ -121.836269316505422, 38.916821810599352 ], [ -121.835909989025708, 38.916552315795634 ], [ -121.835011674557549, 38.916552316201532 ] ] ] } },
{ "type": "Feature", "properties": { "csb_id": "061825013244452", "acres": 15.3304393452071, "geoid": "06113" }, "geometry": { "type": "Polygon", "coordinates": [ [ [ -121.830520098345758, 38.917809956799147 ], [ -121.829352287854235, 38.917450630773871 ], [ -121.829352288341596, 38.916642147248055 ], [ -121.828453973006319, 38.916642147331672 ], [ -121.828453973189781, 38.91637265262159 ], [ -121.827825152941557, 38.91637265272049 ], [ -121.82782515267418, 38.916642146951546 ], [ -121.82656751062899, 38.91655231573808 ], [ -121.826298016526465, 38.916282821284852 ], [ -121.826298017019298, 38.915654000287468 ], [ -121.826926836725221, 38.915654000240224 ], [ -121.826926836899645, 38.91502518005592 ], [ -121.827196331582016, 38.915025179774084 ], [ -121.827196331620826, 38.914755685220079 ], [ -121.828992962230572, 38.914755684988762 ], [ -121.828992962135843, 38.915384506164962 ], [ -121.829891277916516, 38.915384506177979 ], [ -121.829891277882581, 38.916372652455237 ], [ -121.830250603389388, 38.916372652962963 ], [ -121.830250603509825, 38.917450630874903 ], [ -121.830789593200564, 38.917540462649093 ], [ -121.830520098345758, 38.917809956799147 ] ] ] } },
{ "type": "Feature", "properties": { "csb_id": "061825013244462", "acres": 8.0635837088532103, "geoid": "06113" }, "geometry": { "type": "Polygon", "coordinates": [ [ [ -121.830250603509825, 38.917450630874903 ], [ -121.830250603389388, 38.916372652962963 ], [ -121.829891277882581, 38.916372652455237 ], [ -121.829891277940689, 38.915654000092118 ], [ -121.830520098289824, 38.915654000209244 ], [ -121.83114891857565, 38.915384505942519 ], [ -121.831148919440992, 38.915025179221594 ], [ -121.832047234172649, 38.915025179564523 ], [ -121.832047234062472, 38.915384506144598 ], [ -121.832316729651666, 38.915384506865003 ], [ -121.83231672874156, 38.915654000117065 ], [ -121.831148919038796, 38.916911641959821 ], [ -121.831148918918316, 38.917181136027018 ], [ -121.830789593200564, 38.917540462649093 ], [ -121.830250603509825, 38.917450630874903 ] ] ] } },
{ "type": "Feature", "properties": { "csb_id": "061825013244479", "acres": 6.7965528997248397, "geoid": "06113" }, "geometry": { "type": "Polygon", "coordinates": [ [ [ -121.841659208508787, 38.915654000573895 ], [ -121.839233756367932, 38.91565400018758 ], [ -121.839233756795991, 38.915384506201534 ], [ -121.839503251467249, 38.915384505392097 ], [ -121.839503251247578, 38.915025179359546 ], [ -121.838964262008801, 38.915025180012456 ], [ -121.838604935405698, 38.91475568524843 ], [ -121.838604935605119, 38.914486190914054 ], [ -121.840132071648824, 38.914486190421059 ], [ -121.84049139791216, 38.914576021903059 ], [ -121.840491398216784, 38.914755685385821 ], [ -121.840760892933247, 38.914755685041094 ], [ -121.840760892276506, 38.914576022417748 ], [ -121.841659208405673, 38.914576022035213 ], [ -121.841659208508787, 38.915654000573895 ] ] ] } },
{ "type": "Feature", "properties": { "csb_id": "061825013244485", "acres": 14.956320856867301, "geoid": "06113" }, "geometry": { "type": "Polygon", "coordinates": [ [ [ -121.826028521737172, 38.915743832243834 ], [ -121.824231891972843, 38.915743832298133 ], [ -121.823603070632814, 38.915474338244302 ], [ -121.823243745269664, 38.914486191571079 ], [ -121.822974250283323, 38.914486190236453 ], [ -121.822974249417072, 38.914126864205294 ], [ -121.82270475414235, 38.914126864482817 ], [ -121.82270475536022, 38.913677707062973 ], [ -121.824501384603735, 38.913857369759775 ], [ -121.825759027706255, 38.913677707629176 ], [ -121.82656751076064, 38.915025179807039 ], [ -121.826926836899645, 38.91502518005592 ], [ -121.826926836725221, 38.915654000240224 ], [ -121.826298017019298, 38.915654000287468 ], [ -121.826298016211922, 38.915923495253843 ], [ -121.826028522194818, 38.915923494583765 ], [ -121.826028521737172, 38.915743832243834 ] ] ] } },
{ "type": "Feature", "properties": { "csb_id": "061825013244491", "acres": 13.8043817901994, "geoid": "06113" }, "geometry": { "type": "Polygon", "coordinates": [ [ [ -121.832047234062472, 38.915384506144598 ], [ -121.832047234172649, 38.915025179564523 ], [ -121.831148919440992, 38.915025179221594 ], [ -121.83114891857565, 38.915384505942519 ], [ -121.830520098289824, 38.915654000209244 ], [ -121.829891277940689, 38.915654000092118 ], [ -121.829891277916516, 38.915384506177979 ], [ -121.828992962135843, 38.915384506164962 ], [ -121.828992962230572, 38.914755684988762 ], [ -121.828723468104229, 38.914755684638642 ], [ -121.828723467602998, 38.914486190855115 ], [ -121.829621783517993, 38.914486190425308 ], [ -121.829981109453911, 38.914216695685667 ], [ -121.829981109097361, 38.913947201822538 ], [ -121.829621782596192, 38.913947201449744 ], [ -121.829621783256655, 38.913677706736742 ], [ -121.831687907929677, 38.913677706572777 ], [ -121.832047234268856, 38.913857370899535 ], [ -121.832945549469855, 38.913947201058996 ], [ -121.832945549876598, 38.91448619076759 ], [ -121.833215043888387, 38.914486191014944 ], [ -121.833215044371968, 38.914755685573645 ], [ -121.832945549695381, 38.915115010893473 ], [ -121.832316728502718, 38.915115011283689 ], [ -121.832316729651666, 38.915384506865003 ], [ -121.832047234062472, 38.915384506144598 ] ] ] } },
{ "type": "Feature", "properties": { "csb_id": "061825013244494", "acres": 5.46223182537104, "geoid": "06113" }, "geometry": { "type": "Polygon", "coordinates": [ [ [ -121.821177619162597, 38.91592349579733 ], [ -121.821177619495998, 38.914486190852934 ], [ -121.821447113729135, 38.914486190696159 ], [ -121.821447113542519, 38.913677706920311 ], [ -121.822704754972378, 38.913857369636069 ], [ -121.82270475414235, 38.914126864482817 ], [ -121.822974249417072, 38.914126864205294 ], [ -121.822974250762883, 38.914755685964934 ], [ -121.82234542904979, 38.914755685649915 ], [ -121.821806440773557, 38.915654000923908 ], [ -121.821447114288858, 38.915654000067214 ], [ -121.821447113915866, 38.915923495738859 ], [ -121.821177619162597, 38.91592349579733 ] ] ] } },
{ "type": "Feature", "properties": { "csb_id": "061825013244495", "acres": 4.5982718979589903, "geoid": "06113" }, "geometry": { "type": "Polygon", "coordinates": [ [ [ -121.82000980920472, 38.914755685151867 ], [ -121.82000980977476, 38.914126864743331 ], [ -121.820279304331166, 38.913677706322595 ], [ -121.821447113542519, 38.913677706920311 ], [ -121.821447113729135, 38.914486190696159 ], [ -121.821177619495998, 38.914486190852934 ], [ -121.821177620201979, 38.915474338467845 ], [ -121.820638630967537, 38.915474338405424 ], [ -121.820638630594004, 38.915115011904234 ], [ -121.820279304653795, 38.915115011819566 ], [ -121.820279303497784, 38.914755684954805 ], [ -121.82000980920472, 38.914755685151867 ] ] ] } },
{ "type": "Feature", "properties": { "csb_id": "061825013248857", "acres": 29.972473342963699, "geoid": "06113" }, "geometry": { "type": "Polygon", "coordinates": [ [ [ -121.602887004824581, 38.771743891978126 ], [ -121.602617510898568, 38.771474397588165 ], [ -121.602617510826278, 38.772103218369274 ], [ -121.601719195527551, 38.772013386835127 ], [ -121.601629364505996, 38.771743891799872 ], [ -121.600820880802203, 38.771833723744329 ], [ -121.600731048606647, 38.771115070808619 ], [ -121.600192059740934, 38.770486250950398 ], [ -121.599563239076517, 38.770306587841802 ], [ -121.599832732830151, 38.769587935306241 ], [ -121.600461554491503, 38.76958793492301 ], [ -121.600461553986094, 38.7690489463847 ], [ -121.601090374479838, 38.769048945771424 ], [ -121.601090374998336, 38.768150631209416 ], [ -121.602527678900628, 38.768150630867773 ], [ -121.602527679194566, 38.768420125796403 ], [ -121.602887005638294, 38.768420124904459 ], [ -121.603785321114529, 38.769318440676479 ], [ -121.604414141657088, 38.769318440316248 ], [ -121.604414141579255, 38.769947261487239 ], [ -121.603785320407241, 38.769947261757522 ], [ -121.603785320247383, 38.770216755957669 ], [ -121.604054814769384, 38.770486250355262 ], [ -121.604414141424215, 38.770486250843767 ], [ -121.604414139839648, 38.771384566157998 ], [ -121.603785319643407, 38.771474397154059 ], [ -121.603785320752834, 38.772013386254521 ], [ -121.602887005016328, 38.77201338636781 ], [ -121.602887004824581, 38.771743891978126 ] ] ] } },
{ "type": "Feature", "properties": { "csb_id": "061825013248864", "acres": 8.5906749521042993, "geoid": "06113" }, "geometry": { "type": "Polygon", "coordinates": [ [ [ -121.5998327329105, 38.769318440530093 ], [ -121.598125934767936, 38.769318440203705 ], [ -121.597766607353137, 38.768779451381874 ], [ -121.597447460390555, 38.768619043978468 ], [ -121.597407281165601, 38.768150631462952 ], [ -121.599293743939555, 38.768150630856141 ], [ -121.599293744417778, 38.768420125990332 ], [ -121.600461554290717, 38.768420125031334 ], [ -121.600461554597956, 38.768150630667392 ], [ -121.601090374998336, 38.768150631209416 ], [ -121.601090374479838, 38.769048945771424 ], [ -121.600461553986094, 38.7690489463847 ], [ -121.600461554491503, 38.76958793492301 ], [ -121.599832732830151, 38.769587935306241 ], [ -121.5998327329105, 38.769318440530093 ] ] ] } },
{ "type": "Feature", "properties": { "csb_id": "061825013248876", "acres": 31.935244751887598, "geoid": "06113" }, "geometry": { "type": "Polygon", "coordinates": [ [ [ -121.604414141424215, 38.770486250843767 ], [ -121.604054814769384, 38.770486250355262 ], [ -121.603785320247383, 38.770216755957669 ], [ -121.603785320407241, 38.769947261757522 ], [ -121.604414141579255, 38.769947261487239 ], [ -121.604414141657088, 38.769318440316248 ], [ -121.603785321114529, 38.769318440676479 ], [ -121.602887005638294, 38.768420124904459 ], [ -121.603156500395528, 38.767881136308525 ], [ -121.603785320872291, 38.767881136531358 ], [ -121.603785320712419, 38.768150630683699 ], [ -121.604054815227016, 38.768150630932411 ], [ -121.604414141079658, 38.767791304548659 ], [ -121.604414141466734, 38.767162484354088 ], [ -121.60405481538173, 38.767162483512763 ], [ -121.603785321007095, 38.766892988986946 ], [ -121.605851445575638, 38.766713326453967 ], [ -121.606480266084148, 38.767162483831427 ], [ -121.606480266059748, 38.768150630783282 ], [ -121.607378582145557, 38.768150630526833 ], [ -121.607648076941871, 38.768420125593735 ], [ -121.607648076807195, 38.769048946158541 ], [ -121.607378582100651, 38.769048945667521 ], [ -121.607109086880214, 38.769318440521388 ], [ -121.607109087196804, 38.770845576471906 ], [ -121.606749761087457, 38.770845576838454 ], [ -121.606749760594525, 38.770486250742714 ], [ -121.606210771999258, 38.770486250241198 ], [ -121.606210771606627, 38.771115071123013 ], [ -121.606480266797234, 38.771115071044612 ], [ -121.606480265891776, 38.771384565689445 ], [ -121.604414139839648, 38.771384566157998 ], [ -121.604414141424215, 38.770486250843767 ] ] ] } },
{ "type": "Feature", "properties": { "csb_id": "061825013248902", "acres": 5.3098078761971497, "geoid": "06113" }, "geometry": { "type": "Polygon", "coordinates": [ [ [ -121.602527678900628, 38.768150630867773 ], [ -121.600461554597956, 38.768150630667392 ], [ -121.600192059562517, 38.767611641951476 ], [ -121.601359869490238, 38.767521809822419 ], [ -121.601359869701525, 38.766892989706598 ], [ -121.601988690079821, 38.766892988944264 ], [ -121.601988690263838, 38.767252315576968 ], [ -121.602527679746885, 38.767521810300963 ], [ -121.602887006054942, 38.767521811276566 ], [ -121.603156499935821, 38.767791305815784 ], [ -121.602887005638294, 38.768420124904459 ], [ -121.602527679194566, 38.768420125796403 ], [ -121.602527678900628, 38.768150630867773 ] ] ] } },
{ "type": "Feature", "properties": { "csb_id": "061825013248903", "acres": 8.80110815991085, "geoid": "06113" }, "geometry": { "type": "Polygon", "coordinates": [ [ [ -121.599024249466609, 38.768150630411391 ], [ -121.597497112908414, 38.768240463146938 ], [ -121.597407281744978, 38.767881136662098 ], [ -121.596808637855958, 38.767491633167566 ], [ -121.596508967362126, 38.766892990082532 ], [ -121.598036103574927, 38.766264169930466 ], [ -121.598664923386806, 38.766354000552141 ], [ -121.598664923454763, 38.767162484662002 ], [ -121.599563239678886, 38.767162484847148 ], [ -121.59956323866254, 38.767791305568181 ], [ -121.599024249172828, 38.767881136380893 ], [ -121.599024249466609, 38.768150630411391 ] ] ] } },
{ "type": "Feature", "properties": { "csb_id": "061825013248924", "acres": 4.2132595924245599, "geoid": "06113" }, "geometry": { "type": "Polygon", "coordinates": [ [ [ -121.601359869490238, 38.767521809822419 ], [ -121.599563238308988, 38.767521810211065 ], [ -121.599563239221851, 38.766264169069146 ], [ -121.600461553890497, 38.76626416904864 ], [ -121.600731048133838, 38.766623494902227 ], [ -121.600731048389804, 38.767162483803347 ], [ -121.601359869042668, 38.767162483893834 ], [ -121.601359869490238, 38.767521809822419 ] ] ] } },
{ "type": "Feature", "properties": { "csb_id": "061825013248956", "acres": 4.7424041604235398, "geoid": "06113" }, "geometry": { "type": "Polygon", "coordinates": [ [ [ -121.596508967362126, 38.766892990082532 ], [ -121.596508967316069, 38.766354002206775 ], [ -121.595969977199488, 38.765725179648946 ], [ -121.595969977564678, 38.764826863927624 ], [ -121.596508967177698, 38.764826863857799 ], [ -121.59650896613924, 38.765096359833748 ], [ -121.596868291738133, 38.765096359244403 ], [ -121.596868292528086, 38.765365853269067 ], [ -121.597407282878805, 38.765365853676172 ], [ -121.597407282311906, 38.76662349510174 ], [ -121.596508967362126, 38.766892990082532 ] ] ] } },
{ "type": "Feature", "properties": { "csb_id": "061825013249015", "acres": 19.662418820279701, "geoid": "06113" }, "geometry": { "type": "Polygon", "coordinates": [ [ [ -121.600192059547609, 38.766264168894324 ], [ -121.597407281861436, 38.766264168699536 ], [ -121.597407282878805, 38.765365853676172 ], [ -121.596868292528086, 38.765365853269067 ], [ -121.596868293172179, 38.764198043777007 ], [ -121.597137787833063, 38.764018380396301 ], [ -121.598036103249797, 38.76392854978161 ], [ -121.600731048475296, 38.763928548572139 ], [ -121.600731047920618, 38.764467538447384 ], [ -121.600461553994393, 38.764467538347184 ], [ -121.600461554500413, 38.765096358391197 ], [ -121.600731048508933, 38.765096358966339 ], [ -121.600731048940887, 38.764826864441289 ], [ -121.601359869743902, 38.764826863935184 ], [ -121.601359869044657, 38.765365853941177 ], [ -121.60046155450236, 38.765365853544957 ], [ -121.600192059547609, 38.766264168894324 ] ] ] } },
{ "type": "Feature", "properties": { "csb_id": "061825013249032", "acres": 46.462206176781599, "geoid": "06113" }, "geometry": { "type": "Polygon", "coordinates": [ [ [ -121.603785320872291, 38.767881136531358 ], [ -121.603156500395528, 38.767881136308525 ], [ -121.602887006054942, 38.767521811276566 ], [ -121.602527679746885, 38.767521810300963 ], [ -121.601988690263838, 38.767252315576968 ], [ -121.601988690079821, 38.766892988944264 ], [ -121.601359869701525, 38.766892989706598 ], [ -121.601359869042668, 38.767162483893834 ], [ -121.600731048389804, 38.767162483803347 ], [ -121.600731048133838, 38.766623494902227 ], [ -121.600461553890497, 38.76626416904864 ], [ -121.600192059547609, 38.766264168894324 ], [ -121.60046155450236, 38.765365853544957 ], [ -121.601359869044657, 38.765365853941177 ], [ -121.601359869592073, 38.764557370898849 ], [ -121.603425994837409, 38.763569222371082 ], [ -121.603785320646978, 38.763569223196207 ], [ -121.603785320910177, 38.763928548809801 ], [ -121.604683635996096, 38.763928548977432 ], [ -121.604683636098585, 38.763569223273983 ], [ -121.605312456846278, 38.763569222609618 ], [ -121.605312456234159, 38.764018380201286 ], [ -121.605581949972759, 38.764018380531894 ], [ -121.60621077079773, 38.763928549376793 ], [ -121.606210771529405, 38.763569222870842 ], [ -121.607109087257484, 38.763569222868171 ], [ -121.607109087267389, 38.764198043083177 ], [ -121.606480266157305, 38.764198043475055 ], [ -121.606480266752428, 38.764557370000112 ], [ -121.60674976086014, 38.764557369982377 ], [ -121.60674976125911, 38.76482686533577 ], [ -121.606749761129336, 38.765365853481114 ], [ -121.606480265965587, 38.765994674104498 ], [ -121.606480265869735, 38.766892989522006 ], [ -121.606749759428055, 38.76698282112006 ], [ -121.606210771643774, 38.766982821306144 ], [ -121.605851445575638, 38.766713326453967 ], [ -121.603785321007095, 38.766892988986946 ], [ -121.60405481538173, 38.767162483512763 ], [ -121.604414141466734, 38.767162484354088 ], [ -121.604414141079658, 38.767791304548659 ], [ -121.604054815227016, 38.768150630932411 ], [ -121.603785320712419, 38.768150630683699 ], [ -121.603785320872291, 38.767881136531358 ] ] ] } },
{ "type": "Feature", "properties": { "csb_id": "061825013249480", "acres": 6.65813720369104, "geoid": "06113" }, "geometry": { "type": "Polygon", "coordinates": [ [ [ -121.598125933948779, 38.750902977488288 ], [ -121.596598797750488, 38.750723313985716 ], [ -121.59650896705287, 38.750902977176501 ], [ -121.596868293349232, 38.750094493914084 ], [ -121.597586944679506, 38.74910634665121 ], [ -121.599832733220865, 38.749106347218628 ], [ -121.599293744660713, 38.749555504689198 ], [ -121.598664924140209, 38.749555504947985 ], [ -121.598395428762515, 38.749824999968624 ], [ -121.598125934263209, 38.750453820567273 ], [ -121.598125933948779, 38.750902977488288 ] ] ] } },
{ "type": "Feature", "properties": { "csb_id": "061825013249978", "acres": 16.457736644191801, "geoid": "06113" }, "geometry": { "type": "Polygon", "coordinates": [ [ [ -121.612498978798271, 38.731050209253375 ], [ -121.612498978872651, 38.73078071464672 ], [ -121.61339729439554, 38.730780714854703 ], [ -121.613397293702079, 38.730511220638277 ], [ -121.612768473660154, 38.729882399367796 ], [ -121.611870157804702, 38.729882399785673 ], [ -121.61187015780898, 38.729343410714513 ], [ -121.611331169408729, 38.728984084759112 ], [ -121.611331169244167, 38.726828127532386 ], [ -121.612229484835638, 38.726558633441925 ], [ -121.612229484885873, 38.726828127727501 ], [ -121.613397294666072, 38.727726443188267 ], [ -121.61339729436834, 38.728085768688658 ], [ -121.6140261153799, 38.72862475859511 ], [ -121.614026114818898, 38.728984084831822 ], [ -121.613666788394454, 38.728984084282466 ], [ -121.613397294530799, 38.729253578935747 ], [ -121.613397294542253, 38.729612905336346 ], [ -121.614026114724496, 38.729612904886359 ], [ -121.614026114381048, 38.729882399797589 ], [ -121.613666788631292, 38.7298824000179 ], [ -121.613756620370992, 38.731050209107018 ], [ -121.612498978798271, 38.731050209253375 ] ] ] } },
{ "type": "Feature", "properties": { "csb_id": "061825013250386", "acres": 11.1088247112751, "geoid": "06113" }, "geometry": { "type": "Polygon", "coordinates": [ [ [ -121.620314321635746, 38.714611039714349 ], [ -121.618248196299348, 38.714251713568224 ], [ -121.616721060748446, 38.714251714053013 ], [ -121.616721060470013, 38.714521207989776 ], [ -121.616182072039621, 38.71452120806574 ], [ -121.616182071200129, 38.713712725116189 ], [ -121.616721061534349, 38.713353399454185 ], [ -121.616990555261026, 38.713353399112414 ], [ -121.616990555448737, 38.712814409092104 ], [ -121.617349881471185, 38.712814409095706 ], [ -121.617349881388179, 38.71335339873125 ], [ -121.617978702478638, 38.71335339825049 ], [ -121.617978701896263, 38.712814409622055 ], [ -121.61851769179917, 38.712724577466261 ], [ -121.619146512126576, 38.713263567117345 ], [ -121.619416006147219, 38.713892387764758 ], [ -121.62067364806191, 38.71398221884786 ], [ -121.620673648533881, 38.714790703192214 ], [ -121.6203143223143, 38.714790702493552 ], [ -121.620314321635746, 38.714611039714349 ] ] ] } },
{ "type": "Feature", "properties": { "csb_id": "061825013251150", "acres": 14.464663325146301, "geoid": "06113" }, "geometry": { "type": "Polygon", "coordinates": [ [ [ -121.639897595119919, 38.685595456243533 ], [ -121.640167090299471, 38.68559545644009 ], [ -121.640526416081215, 38.685056467134629 ], [ -121.640526415766061, 38.684517477400647 ], [ -121.640256921100956, 38.684158152172337 ], [ -121.639897594706341, 38.684068320272367 ], [ -121.639897595674597, 38.683529331283495 ], [ -121.640795910952647, 38.683529331154894 ], [ -121.640795910741815, 38.683170005031791 ], [ -121.643221361513653, 38.683170004908021 ], [ -121.643221361917227, 38.683798825431388 ], [ -121.64295186753462, 38.683798825728019 ], [ -121.6429518669309, 38.684966635895861 ], [ -121.642682372010995, 38.68505646684735 ], [ -121.642592539808859, 38.685415793301459 ], [ -121.641424731082552, 38.685325961635797 ], [ -121.640526416089997, 38.685864950478312 ], [ -121.639897595119919, 38.685595456243533 ] ] ] } },
{ "type": "Feature", "properties": { "csb_id": "061825013251523", "acres": 9.72867444177691, "geoid": "06113" }, "geometry": { "type": "Polygon", "coordinates": [ [ [ -121.69738977373872, 38.669605444412937 ], [ -121.696850783704221, 38.669066455094992 ], [ -121.696581289436381, 38.669066455193622 ], [ -121.696581289285476, 38.669335949924211 ], [ -121.69559314228762, 38.669335949397727 ], [ -121.695323648184541, 38.668437634464638 ], [ -121.694425332363082, 38.668437634504514 ], [ -121.694425333136522, 38.66816813949746 ], [ -121.694694827103859, 38.667898644704998 ], [ -121.695952469103602, 38.667898645354626 ], [ -121.696221963449759, 38.667808813610037 ], [ -121.696221963807744, 38.667539319140253 ], [ -121.696850784289055, 38.667539318763559 ], [ -121.696850783704122, 38.668437633961844 ], [ -121.698018593011994, 38.668437634612054 ], [ -121.698288088369893, 38.668707128534983 ], [ -121.698288088627436, 38.669335949481308 ], [ -121.697749098972338, 38.669605444314023 ], [ -121.69738977373872, 38.669605444412937 ] ] ] } },
{ "type": "Feature", "properties": { "csb_id": "061825013251602", "acres": 2.92832838344746, "geoid": "06113" }, "geometry": { "type": "Polygon", "coordinates": [ [ [ -121.698288089172991, 38.666641003955633 ], [ -121.698018593796448, 38.666371508913691 ], [ -121.698018593989161, 38.666012183320632 ], [ -121.698916909849288, 38.666012183201126 ], [ -121.698916909833159, 38.665742688570447 ], [ -121.699545729687813, 38.665742688909496 ], [ -121.699545729476881, 38.666012183157058 ], [ -121.699815224524869, 38.666012183284785 ], [ -121.699815224720027, 38.666371508826593 ], [ -121.699545729563923, 38.666641003577084 ], [ -121.698288089172991, 38.666641003955633 ] ] ] } },
{ "type": "Feature", "properties": { "csb_id": "061825013251622", "acres": 4.1517344655115203, "geoid": "06113" }, "geometry": { "type": "Polygon", "coordinates": [ [ [ -121.700713540056924, 38.66511386731711 ], [ -121.701342360146242, 38.665113867494547 ], [ -121.701342360545368, 38.664574878986599 ], [ -121.702240675704402, 38.664485047071231 ], [ -121.70224067618291, 38.664934205007768 ], [ -121.702510170093362, 38.665113867938395 ], [ -121.70260000178034, 38.666012183332086 ], [ -121.701971181355674, 38.66601218334857 ], [ -121.70197118075842, 38.665742688292305 ], [ -121.700713539595455, 38.665563025319777 ], [ -121.700713540056924, 38.66511386731711 ] ] ] } },
{ "type": "Feature", "properties": { "csb_id": "061825013251624", "acres": 6.6177291435175096, "geoid": "06113" }, "geometry": { "type": "Polygon", "coordinates": [ [ [ -121.704306800571302, 38.666012183320525 ], [ -121.70260000178034, 38.666012183332086 ], [ -121.702510170093362, 38.665113867938395 ], [ -121.70224067618291, 38.664934205007768 ], [ -121.702869494970017, 38.664934204769004 ], [ -121.702869495718616, 38.664485047598468 ], [ -121.704666127044732, 38.664485046633722 ], [ -121.704666127034699, 38.665113868083836 ], [ -121.704306799554899, 38.665113867559064 ], [ -121.704306800571302, 38.666012183320525 ] ] ] } },
{ "type": "Feature", "properties": { "csb_id": "061825013251625", "acres": 4.3058647008559703, "geoid": "06113" }, "geometry": { "type": "Polygon", "coordinates": [ [ [ -121.698916908946913, 38.665113867653034 ], [ -121.699186403834418, 38.664844372721262 ], [ -121.700084719430777, 38.664844373144312 ], [ -121.700084719028567, 38.664485047393548 ], [ -121.700713539485392, 38.664485046761413 ], [ -121.700713539510502, 38.665742688132326 ], [ -121.698916909833159, 38.665742688570447 ], [ -121.698916908946913, 38.665113867653034 ] ] ] } },
{ "type": "Feature", "properties": { "csb_id": "061825013251651", "acres": 5.7604977315925003, "geoid": "06113" }, "geometry": { "type": "Polygon", "coordinates": [ [ [ -121.697749099824023, 38.665203698875956 ], [ -121.697749098795882, 38.664844372922367 ], [ -121.697389773061929, 38.664844373488869 ], [ -121.697479605210518, 38.664035889370425 ], [ -121.697120278423981, 38.663586731510321 ], [ -121.697749099420264, 38.663586732164667 ], [ -121.697749099465199, 38.663407069083341 ], [ -121.698018594288968, 38.663317236745712 ], [ -121.699186404052043, 38.663317237521404 ], [ -121.699186403634073, 38.663586731495755 ], [ -121.698916909704181, 38.663586731665042 ], [ -121.698647414201432, 38.663946057746379 ], [ -121.698647414791992, 38.664485047342872 ], [ -121.698916909488574, 38.664485047378164 ], [ -121.698916908930798, 38.664844373035329 ], [ -121.697749099824023, 38.665203698875956 ] ] ] } },
{ "type": "Feature", "properties": { "csb_id": "061825013251665", "acres": 5.0283952157340304, "geoid": "06113" }, "geometry": { "type": "Polygon", "coordinates": [ [ [ -121.698916908930798, 38.664844373035329 ], [ -121.698916909488574, 38.664485047378164 ], [ -121.698647414791992, 38.664485047342872 ], [ -121.698647414201432, 38.663946057746379 ], [ -121.698916909704181, 38.663586731665042 ], [ -121.700713539600244, 38.663586731916709 ], [ -121.700713539448742, 38.664035890742497 ], [ -121.700444044548874, 38.664035889466824 ], [ -121.700444044667066, 38.664485046966881 ], [ -121.700084719028567, 38.664485047393548 ], [ -121.700084719430777, 38.664844373144312 ], [ -121.698916908930798, 38.664844373035329 ] ] ] } },
{ "type": "Feature", "properties": { "csb_id": "061825013251934", "acres": 8.5740726240096592, "geoid": "06113" }, "geometry": { "type": "Polygon", "coordinates": [ [ [ -121.644119677345316, 38.660352796414962 ], [ -121.644119676984715, 38.659813807351817 ], [ -121.64385018030913, 38.659454481505477 ], [ -121.643580685031637, 38.659454482093032 ], [ -121.643580687218503, 38.658915492432939 ], [ -121.642951867305456, 38.658915491993824 ], [ -121.642951867176407, 38.658556165940183 ], [ -121.642682372166249, 38.658556166141892 ], [ -121.642682372349526, 38.658286671294952 ], [ -121.642053549330129, 38.658286672724216 ], [ -121.64205355152275, 38.658017177021158 ], [ -121.642323046472455, 38.658017176855353 ], [ -121.642323045771477, 38.657657850671875 ], [ -121.64178405737735, 38.657118861555283 ], [ -121.640795910890503, 38.657118861528758 ], [ -121.640795910492031, 38.656490040813779 ], [ -121.641155235858008, 38.656220546117616 ], [ -121.641424730891458, 38.656220546484221 ], [ -121.641424730852478, 38.656490041211228 ], [ -121.641784056922234, 38.656490040895427 ], [ -121.641784057585141, 38.655861220017819 ], [ -121.642053551602984, 38.655861219872833 ], [ -121.642053552140567, 38.65649004098821 ], [ -121.642592541258864, 38.656669704375055 ], [ -121.642951866660312, 38.657118861791922 ], [ -121.642951866675233, 38.658286671953142 ], [ -121.643580688195826, 38.658286671825195 ], [ -121.643850182631283, 38.658825661026661 ], [ -121.643850182395212, 38.659184987176701 ], [ -121.644479002664681, 38.659364650082878 ], [ -121.644389171772076, 38.660352796463137 ], [ -121.644119677345316, 38.660352796414962 ] ] ] } },
{ "type": "Feature", "properties": { "csb_id": "061825013252056", "acres": 7.0139095102824403, "geoid": "06113" }, "geometry": { "type": "Polygon", "coordinates": [ [ [ -121.637831469594417, 38.653974758113606 ], [ -121.637202649078333, 38.653345937345058 ], [ -121.637202648636872, 38.652896779611851 ], [ -121.638460291164748, 38.652896779881686 ], [ -121.638460290328368, 38.652537454156359 ], [ -121.637202649436873, 38.651639138319531 ], [ -121.637202649416139, 38.651100149163284 ], [ -121.638370458576091, 38.651279812486393 ], [ -121.63837045907438, 38.651549306488633 ], [ -121.638729785642028, 38.651549307006043 ], [ -121.638729785567236, 38.651908633189358 ], [ -121.638460290307677, 38.652267959043343 ], [ -121.638999280007994, 38.652178127423433 ], [ -121.639358605982508, 38.652447621790778 ], [ -121.638999279470767, 38.652447622150937 ], [ -121.63872978495904, 38.653345937126673 ], [ -121.638460290608464, 38.653705263537177 ], [ -121.638100964740843, 38.653705263535528 ], [ -121.638100964554695, 38.653974758430124 ], [ -121.637831469594417, 38.653974758113606 ] ] ] } },
{ "type": "Feature", "properties": { "csb_id": "061825013252121", "acres": 2.94834470237913, "geoid": "06113" }, "geometry": { "type": "Polygon", "coordinates": [ [ [ -121.630914440934916, 38.648315371927197 ], [ -121.630914442825315, 38.647776383055806 ], [ -121.631453431350423, 38.647327224966247 ], [ -121.63145343102201, 38.647057730852801 ], [ -121.631812757895403, 38.647057730065178 ], [ -121.632351746624195, 38.647327224925014 ], [ -121.632351745309435, 38.647686551109764 ], [ -121.631812758390694, 38.648225540567815 ], [ -121.630914440934916, 38.648315371927197 ] ] ] } },
{ "type": "Feature", "properties": { "csb_id": "061825013252123", "acres": 25.359036425818498, "geoid": "06113" }, "geometry": { "type": "Polygon", "coordinates": [ [ [ -121.636663660429335, 38.650740823414765 ], [ -121.6369331543371, 38.650740823040827 ], [ -121.636933154047782, 38.650471328280631 ], [ -121.636663660015628, 38.65047132889238 ], [ -121.636663660429335, 38.650740823414765 ], [ -121.636304334101013, 38.650740823236767 ], [ -121.636034838744038, 38.650471328430058 ], [ -121.635765344667789, 38.650740822849038 ], [ -121.634507703551648, 38.650740823100648 ], [ -121.634507703064131, 38.651369644351121 ], [ -121.634777197435582, 38.651369643520283 ], [ -121.634777198220263, 38.651639138347903 ], [ -121.634238208299038, 38.651639138324057 ], [ -121.633878882864053, 38.651369644003722 ], [ -121.63387888201774, 38.650201833783065 ], [ -121.634238208490018, 38.649842507871782 ], [ -121.63450770343924, 38.649842508159892 ], [ -121.634507702851565, 38.650201833710632 ], [ -121.634777198007569, 38.650201833648616 ], [ -121.634777197603796, 38.64957301305629 ], [ -121.634148377600653, 38.649483182131043 ], [ -121.633878882858227, 38.649483181296937 ], [ -121.63360938775817, 38.649752676781851 ], [ -121.633609387535586, 38.65011200223995 ], [ -121.633250061425812, 38.650381496827002 ], [ -121.632351747246162, 38.650381497036818 ], [ -121.632351746414585, 38.650650992144719 ], [ -121.632082252575074, 38.650650991837985 ], [ -121.631812757082429, 38.650381496786437 ], [ -121.631812757157661, 38.64975267688154 ], [ -121.632711073053088, 38.649752676731175 ], [ -121.633609387616048, 38.649483181832551 ], [ -121.633609387579199, 38.648045877502135 ], [ -121.632441578074847, 38.648045877230203 ], [ -121.632441578330457, 38.647417056207914 ], [ -121.635136524293571, 38.647417056336579 ], [ -121.635136524434557, 38.648045877576429 ], [ -121.635765344655269, 38.648045877471276 ], [ -121.636034838949243, 38.648225540818977 ], [ -121.636034839085426, 38.649213687030247 ], [ -121.63630433417994, 38.649573012945432 ], [ -121.636933154240893, 38.64957301342703 ], [ -121.636933154530197, 38.649842508175368 ], [ -121.636663659962224, 38.649842507542843 ], [ -121.636663659601936, 38.650201834373519 ], [ -121.637202649651186, 38.650201833568708 ], [ -121.637561975726157, 38.650381497250464 ], [ -121.63756197580966, 38.650740823084099 ], [ -121.637202648553981, 38.65074082293895 ], [ -121.637202649416139, 38.651100149163284 ], [ -121.636663660429335, 38.650740823414765 ] ] ] } },
{ "type": "Feature", "properties": { "csb_id": "061825013252308", "acres": 5.6181251494733102, "geoid": "06113" }, "geometry": { "type": "Polygon", "coordinates": [ [ [ -121.577913841334819, 38.637715252644732 ], [ -121.577285019679152, 38.636547441315152 ], [ -121.577015524823935, 38.636547441360563 ], [ -121.577015525396888, 38.636277947243116 ], [ -121.578183335369474, 38.636277947357414 ], [ -121.578183334991579, 38.636008452531485 ], [ -121.577913839912625, 38.635918620664931 ], [ -121.578183335232993, 38.635649125943765 ], [ -121.578183335163459, 38.63537963198543 ], [ -121.578452830301288, 38.635379632120816 ], [ -121.578452829128352, 38.635649126553609 ], [ -121.578812155542849, 38.635649126501569 ], [ -121.578812155694422, 38.635918620937588 ], [ -121.5785426617458, 38.636008452640517 ], [ -121.578542660904006, 38.636277947080885 ], [ -121.5790816499767, 38.636277946856403 ], [ -121.579081650515178, 38.636906767991007 ], [ -121.578452829956532, 38.637445756821158 ], [ -121.578452829901522, 38.637715251041634 ], [ -121.577913841334819, 38.637715252644732 ] ] ] } },
{ "type": "Feature", "properties": { "csb_id": "061825013252309", "acres": 61.595889629702, "geoid": "06113" }, "geometry": { "type": "Polygon", "coordinates": [ [ [ -121.575488389646154, 38.640410197240392 ], [ -121.574859568323006, 38.64041019720252 ], [ -121.57485956832214, 38.640769523126551 ], [ -121.574230747686045, 38.640769523713637 ], [ -121.574230748701382, 38.64014070451438 ], [ -121.573691759819084, 38.639871210113014 ], [ -121.573062938890672, 38.639871209233519 ], [ -121.573062938347022, 38.639242387894498 ], [ -121.573332432228923, 38.638972892830793 ], [ -121.57333243241105, 38.638613566639322 ], [ -121.57306293829734, 38.638344071837388 ], [ -121.572793443873422, 38.638344072280844 ], [ -121.572793443185887, 38.63780508266985 ], [ -121.572434117247639, 38.637445757102995 ], [ -121.570637486467334, 38.637445757413559 ], [ -121.570098497014868, 38.636906767770512 ], [ -121.570098497757854, 38.636637273469503 ], [ -121.570367992174539, 38.63663727294476 ], [ -121.57036799212986, 38.636188115704634 ], [ -121.571266307389905, 38.636277946894474 ], [ -121.571266306941155, 38.635379632023124 ], [ -121.571535801534111, 38.635110137308097 ], [ -121.572164622614622, 38.63528980106787 ], [ -121.572523947065648, 38.635918621198755 ], [ -121.572793443001345, 38.636008452131392 ], [ -121.574230747247611, 38.63591862068872 ], [ -121.574320579067162, 38.636277947537678 ], [ -121.576656199119853, 38.636188115699326 ], [ -121.576746029987575, 38.636906767716773 ], [ -121.577015524741014, 38.636906767636496 ], [ -121.577015524823935, 38.636547441360563 ], [ -121.577285019679152, 38.636547441315152 ], [ -121.577913841334819, 38.637715252644732 ], [ -121.579081650287833, 38.637715251205975 ], [ -121.579081650799324, 38.638074577678594 ], [ -121.578812156097399, 38.638074577639998 ], [ -121.578812155892322, 38.63933221931692 ], [ -121.57845282898036, 38.639961039522923 ], [ -121.577913839342031, 38.640140702852904 ], [ -121.576386704141711, 38.640140703042654 ], [ -121.575488389646154, 38.640410197240392 ] ] ] } },
{ "type": "Feature", "properties": { "csb_id": "061825013252333", "acres": 5.5604552645151299, "geoid": "06113" }, "geometry": { "type": "Polygon", "coordinates": [ [ [ -121.585100362620594, 38.635020305298852 ], [ -121.585100363168564, 38.635289799935336 ], [ -121.584202047209445, 38.635289799869035 ], [ -121.583932552483034, 38.634840642905971 ], [ -121.584202046838087, 38.634750810925723 ], [ -121.584202047015211, 38.634121990532705 ], [ -121.585998677721676, 38.634121990329604 ], [ -121.585998676800841, 38.634391485044603 ], [ -121.586268173038306, 38.634391484707237 ], [ -121.58626817293775, 38.635020306087128 ], [ -121.585998678094583, 38.635738958341186 ], [ -121.585729182842883, 38.635020305610105 ], [ -121.585100362620594, 38.635020305298852 ] ] ] } },
{ "type": "Feature", "properties": { "csb_id": "061825013252337", "acres": 2.3899333939415501, "geoid": "06113" }, "geometry": { "type": "Polygon", "coordinates": [ [ [ -121.586627498353465, 38.635289800091286 ], [ -121.58662749827019, 38.635110137068999 ], [ -121.58626817293775, 38.635020306087128 ], [ -121.586268173038306, 38.634391484707237 ], [ -121.585998676800841, 38.634391485044603 ], [ -121.585998677721676, 38.634121990329604 ], [ -121.586358004554427, 38.633852496836418 ], [ -121.58725631990211, 38.634750811068692 ], [ -121.587256319805491, 38.635110137821059 ], [ -121.586627498353465, 38.635289800091286 ] ] ] } },
{ "type": "Feature", "properties": { "csb_id": "061825013252345", "acres": 7.7961554899695003, "geoid": "06113" }, "geometry": { "type": "Polygon", "coordinates": [ [ [ -121.581776596363056, 38.636188115613024 ], [ -121.581776595870124, 38.635649126767284 ], [ -121.582135922323261, 38.635649127219004 ], [ -121.58240541679578, 38.635289801105394 ], [ -121.582405417256624, 38.634750811094776 ], [ -121.58213592247067, 38.634750810745025 ], [ -121.58213592302306, 38.634391485541535 ], [ -121.583034237850939, 38.634391484647978 ], [ -121.583034237902979, 38.634121990585918 ], [ -121.584202047015211, 38.634121990532705 ], [ -121.584202046838087, 38.634750810925723 ], [ -121.583932552483034, 38.634840642905971 ], [ -121.584202047209445, 38.635289799869035 ], [ -121.584471541862214, 38.635289799863124 ], [ -121.584202047559842, 38.635649126125088 ], [ -121.583034238263451, 38.635649126592732 ], [ -121.583034237658282, 38.63618811671391 ], [ -121.581776596363056, 38.636188115613024 ] ], [ [ -121.583303732468138, 38.635020305217452 ], [ -121.583303732644694, 38.63475081091061 ], [ -121.583034237241861, 38.634750810800668 ], [ -121.583034237806672, 38.635020306590334 ], [ -121.583303732468138, 38.635020305217452 ] ] ] } },
{ "type": "Feature", "properties": { "csb_id": "061825013252365", "acres": 6.5990821522263001, "geoid": "06113" }, "geometry": { "type": "Polygon", "coordinates": [ [ [ -121.585998677721676, 38.634121990329604 ], [ -121.583573226617162, 38.634121990603305 ], [ -121.583573227114144, 38.63349316945677 ], [ -121.584471542238376, 38.633493169587453 ], [ -121.584471542211105, 38.632325359393896 ], [ -121.585040007053024, 38.632475547193749 ], [ -121.586358004554427, 38.633852496836418 ], [ -121.585998677721676, 38.634121990329604 ] ] ] } },
{ "type": "Feature", "properties": { "csb_id": "061825013252416", "acres": 5.5800117287821998, "geoid": "06113" }, "geometry": { "type": "Polygon", "coordinates": [ [ [ -121.597766608702173, 38.631696539009198 ], [ -121.597766607965639, 38.630888055845638 ], [ -121.597497112821316, 38.630798223989167 ], [ -121.598664922677827, 38.630798223852935 ], [ -121.598664922242563, 38.630169403200398 ], [ -121.599563237137644, 38.630169403419785 ], [ -121.59956323843106, 38.630528729691868 ], [ -121.599832733464879, 38.630528729385361 ], [ -121.599832733729713, 38.631067718656134 ], [ -121.599563238944839, 38.631067718487706 ], [ -121.59956323754642, 38.631696539344048 ], [ -121.597766608702173, 38.631696539009198 ] ] ] } },
{ "type": "Feature", "properties": { "csb_id": "061825013252418", "acres": 10.6490997888572, "geoid": "06113" }, "geometry": { "type": "Polygon", "coordinates": [ [ [ -121.605851446556485, 38.632954181344267 ], [ -121.603425995102768, 38.632954180834517 ], [ -121.602527679038815, 38.632594854423203 ], [ -121.60252767924591, 38.632325359900186 ], [ -121.603425994502913, 38.632325359790237 ], [ -121.603785320866791, 38.631966034098518 ], [ -121.60378532118996, 38.631067718630483 ], [ -121.604054815065879, 38.630798224304264 ], [ -121.6055819510417, 38.630798223627359 ], [ -121.605581951414948, 38.631067718549872 ], [ -121.605312457088843, 38.631067718795457 ], [ -121.605312456720782, 38.631696538830276 ], [ -121.605851445333684, 38.632325359702868 ], [ -121.605851446556485, 38.632954181344267 ] ] ] } },
{ "type": "Feature", "properties": { "csb_id": "061825013252451", "acres": 17.5202438930006, "geoid": "06113" }, "geometry": { "type": "Polygon", "coordinates": [ [ [ -121.605851446556485, 38.632954181344267 ], [ -121.605851445333684, 38.632325359702868 ], [ -121.605312456720782, 38.631696538830276 ], [ -121.605312457088843, 38.631067718795457 ], [ -121.605581951414948, 38.631067718549872 ], [ -121.6055819510417, 38.630798223627359 ], [ -121.605312456591179, 38.630798224110421 ], [ -121.605312455035175, 38.629899908802699 ], [ -121.604054815629581, 38.629271087739774 ], [ -121.604054815463471, 38.628732098356409 ], [ -121.60495313055857, 38.628732099083166 ], [ -121.604953130046354, 38.628103278120285 ], [ -121.605221923113604, 38.628193811000479 ], [ -121.60558195045202, 38.6290914252316 ], [ -121.606300602754999, 38.629630414058539 ], [ -121.607109086997269, 38.630528729167089 ], [ -121.607378580222928, 38.631067718553467 ], [ -121.607378580815393, 38.632415191263171 ], [ -121.607648075753971, 38.632415191137135 ], [ -121.607648076418684, 38.632684685783488 ], [ -121.607109087099118, 38.632684685832579 ], [ -121.607109086894951, 38.632954180244624 ], [ -121.605851446556485, 38.632954181344267 ] ] ] } },
{ "type": "Feature", "properties": { "csb_id": "061825013252464", "acres": 5.2513301221702804, "geoid": "06113" }, "geometry": { "type": "Polygon", "coordinates": [ [ [ -121.582135922404234, 38.629001593393227 ], [ -121.582135921797018, 38.628732098385555 ], [ -121.581507101421266, 38.628732099623655 ], [ -121.580968112576244, 38.628193109689839 ], [ -121.581507101686327, 38.628103278741783 ], [ -121.581507101951388, 38.627474457876644 ], [ -121.582135922496775, 38.627474457083167 ], [ -121.58213592285999, 38.628103278037436 ], [ -121.583573226726941, 38.628193110198993 ], [ -121.583573227039395, 38.628821930104884 ], [ -121.583303731826405, 38.628821930553897 ], [ -121.583303732184092, 38.629001593586324 ], [ -121.582135922404234, 38.629001593393227 ] ] ] } },
{ "type": "Feature", "properties": { "csb_id": "061825013252477", "acres": 55.685664610382602, "geoid": "06113" }, "geometry": { "type": "Polygon", "coordinates": [ [ [ -121.602258184180002, 38.632325360984375 ], [ -121.60225818367293, 38.631966033555223 ], [ -121.601988689539155, 38.631427045113078 ], [ -121.601629362703335, 38.631067718948678 ], [ -121.600820880175789, 38.631157549837944 ], [ -121.600461553127573, 38.631696539646647 ], [ -121.59956323754642, 38.631696539344048 ], [ -121.599563238944839, 38.631067718487706 ], [ -121.599832733729713, 38.631067718656134 ], [ -121.599832733464879, 38.630528729385361 ], [ -121.59956323843106, 38.630528729691868 ], [ -121.599563238726446, 38.629989739810931 ], [ -121.598664922242563, 38.630169403200398 ], [ -121.598036103287996, 38.629899908653037 ], [ -121.598036103359973, 38.629001593513749 ], [ -121.598664923945037, 38.629001592796151 ], [ -121.598664923030455, 38.629271088108823 ], [ -121.598934417282777, 38.629271087092683 ], [ -121.599563239287733, 38.628732098681965 ], [ -121.599563238317685, 38.628462603997953 ], [ -121.600731048549676, 38.628372772155913 ], [ -121.601359869554187, 38.627833783334644 ], [ -121.601359869585423, 38.626845636770994 ], [ -121.602258184200537, 38.626845636541788 ], [ -121.602258184283187, 38.626576142322058 ], [ -121.603785320570339, 38.62657614228096 ], [ -121.60405481463188, 38.626845636589692 ], [ -121.604054815218063, 38.627204963022898 ], [ -121.603785320598504, 38.62720496302375 ], [ -121.603785319860336, 38.62756428946237 ], [ -121.604414141121453, 38.627564289099872 ], [ -121.604953130494607, 38.627923614732502 ], [ -121.604953130046354, 38.628103278120285 ], [ -121.604683634450879, 38.62819310977315 ], [ -121.604953130337364, 38.628372772537041 ], [ -121.60495313055857, 38.628732099083166 ], [ -121.604054815463471, 38.628732098356409 ], [ -121.604054815629581, 38.629271087739774 ], [ -121.605312455035175, 38.629899908802699 ], [ -121.605312456591179, 38.630798224110421 ], [ -121.604054815065879, 38.630798224304264 ], [ -121.60378532118996, 38.631067718630483 ], [ -121.603785320866791, 38.631966034098518 ], [ -121.603425994502913, 38.632325359790237 ], [ -121.602258184180002, 38.632325360984375 ] ] ] } },
{ "type": "Feature", "properties": { "csb_id": "061825013252508", "acres": 13.6761198478385, "geoid": "06113" }, "geometry": { "type": "Polygon", "coordinates": [ [ [ -121.600731048549676, 38.628372772155913 ], [ -121.599563238317685, 38.628462603997953 ], [ -121.599563238921661, 38.627923615024251 ], [ -121.599293742812691, 38.627923615159652 ], [ -121.599293744015597, 38.626935467796038 ], [ -121.598934418155011, 38.62657614208058 ], [ -121.598664923659214, 38.626576141556228 ], [ -121.599922565094204, 38.625947320881572 ], [ -121.601090374455737, 38.625947321259524 ], [ -121.601988690237661, 38.62576765866902 ], [ -121.60198869027947, 38.626037152642233 ], [ -121.602258184139856, 38.62603715303171 ], [ -121.602258184200537, 38.626845636541788 ], [ -121.601359869585423, 38.626845636770994 ], [ -121.601359869554187, 38.627833783334644 ], [ -121.600731048549676, 38.628372772155913 ] ] ] } },
{ "type": "Feature", "properties": { "csb_id": "061825013252547", "acres": 7.0840389979368501, "geoid": "06113" }, "geometry": { "type": "Polygon", "coordinates": [ [ [ -121.590580085891034, 38.625498164545043 ], [ -121.590849580007983, 38.625408332240482 ], [ -121.590849580974663, 38.624869343017039 ], [ -121.591388569101753, 38.624779511367187 ], [ -121.591747895608734, 38.624510017094821 ], [ -121.59174789557558, 38.624240521898074 ], [ -121.593544526366756, 38.624240522329245 ], [ -121.593544526989575, 38.625408332223223 ], [ -121.593814021302833, 38.625408331938225 ], [ -121.590580085891034, 38.625498164545043 ] ] ] } },
{ "type": "Feature", "properties": { "csb_id": "061825013252687", "acres": 3.6917085086768799, "geoid": "06113" }, "geometry": { "type": "Polygon", "coordinates": [ [ [ -121.648970579277233, 38.619748946279373 ], [ -121.648970579063885, 38.619479451687944 ], [ -121.64834175869251, 38.619479450989502 ], [ -121.648341758518043, 38.619120125506392 ], [ -121.648701085012277, 38.619120125139652 ], [ -121.648611253879906, 38.618221810047324 ], [ -121.64986889427972, 38.618131978448197 ], [ -121.649868894628923, 38.618581136328643 ], [ -121.649599400430716, 38.618581135595619 ], [ -121.649599400053532, 38.619479450904464 ], [ -121.64924007430767, 38.619748945420895 ], [ -121.648970579277233, 38.619748946279373 ] ] ] } },
{ "type": "Feature", "properties": { "csb_id": "061825013252688", "acres": 10.1304912272323, "geoid": "06113" }, "geometry": { "type": "Polygon", "coordinates": [ [ [ -121.646545128853802, 38.619479452289269 ], [ -121.646185802509436, 38.619389619786993 ], [ -121.646275633243107, 38.618221810312782 ], [ -121.648611253879906, 38.618221810047324 ], [ -121.648701085012277, 38.619120125139652 ], [ -121.648341758518043, 38.619120125506392 ], [ -121.64834175869251, 38.619479450989502 ], [ -121.648970579063885, 38.619479451687944 ], [ -121.648970579490566, 38.620018440873665 ], [ -121.646814622859083, 38.619928608864065 ], [ -121.646545128853802, 38.619479452289269 ] ] ] } },
{ "type": "Feature", "properties": { "csb_id": "061825013252872", "acres": 27.2621972102969, "geoid": "06113" }, "geometry": { "type": "Polygon", "coordinates": [ [ [ -121.5797104705495, 38.613370907549218 ], [ -121.579351144779451, 38.613011580904796 ], [ -121.579351144759897, 38.611574276823816 ], [ -121.579081650068758, 38.611304782402584 ], [ -121.578183334841327, 38.611214950898407 ], [ -121.577554514876525, 38.610945455876795 ], [ -121.577554514960042, 38.609148825552815 ], [ -121.576746030072243, 38.609148825267212 ], [ -121.576656199444272, 38.608250509712953 ], [ -121.577913840446371, 38.608250510076836 ], [ -121.577913839944117, 38.607981015791729 ], [ -121.578183334778203, 38.607981015508173 ], [ -121.579440976694883, 38.607981015799119 ], [ -121.57944097692841, 38.608250510410386 ], [ -121.580249460286353, 38.608250509777505 ], [ -121.580249460624884, 38.610047141050785 ], [ -121.580608786358923, 38.610586130019669 ], [ -121.58060878680962, 38.611214950526495 ], [ -121.580249461058813, 38.611214951534798 ], [ -121.580339291120794, 38.613011581136369 ], [ -121.579979966099856, 38.613011581182455 ], [ -121.579979965128672, 38.61337090761505 ], [ -121.5797104705495, 38.613370907549218 ] ] ] } },
{ "type": "Feature", "properties": { "csb_id": "061825013253217", "acres": 11.0113402121739, "geoid": "06113" }, "geometry": { "type": "Polygon", "coordinates": [ [ [ -121.636304334347727, 38.595674095930747 ], [ -121.6357653443293, 38.594955444043308 ], [ -121.635765345079207, 38.594146960290857 ], [ -121.636034839080537, 38.594146960061551 ], [ -121.636034839346323, 38.593518139365415 ], [ -121.636663659891028, 38.593248645463348 ], [ -121.637561975046836, 38.59324864486463 ], [ -121.637561975418279, 38.593518139481127 ], [ -121.638100964419777, 38.593518139573803 ], [ -121.638100964233786, 38.593787633808255 ], [ -121.637831470011747, 38.593787634248258 ], [ -121.637831469431916, 38.594416454601195 ], [ -121.637831469679085, 38.594685949465386 ], [ -121.638100964976303, 38.594685949500999 ], [ -121.638100964478809, 38.595314770347315 ], [ -121.637831470525242, 38.595314770458323 ], [ -121.637831469346409, 38.595584264708094 ], [ -121.636304334347727, 38.595674095930747 ] ] ] } },
{ "type": "Feature", "properties": { "csb_id": "061825013253284", "acres": 3.04709479101514, "geoid": "06113" }, "geometry": { "type": "Polygon", "coordinates": [ [ [ -121.631812755191135, 38.590733362958844 ], [ -121.631812756847495, 38.589835046638271 ], [ -121.632980567078363, 38.589835047475709 ], [ -121.632980567585747, 38.590553699804808 ], [ -121.632711073534935, 38.590553699897143 ], [ -121.632711073403485, 38.591092689072084 ], [ -121.632082250308699, 38.591092688640202 ], [ -121.631812755191135, 38.590733362958844 ] ] ] } },
{ "type": "Feature", "properties": { "csb_id": "061825013253580", "acres": 3.1924501118992699, "geoid": "06113" }, "geometry": { "type": "Polygon", "coordinates": [ [ [ -121.67843532096947, 38.574563687219779 ], [ -121.67753700540365, 38.574563687096692 ], [ -121.677537004864973, 38.573665371463399 ], [ -121.678165826443461, 38.573395876711075 ], [ -121.678794646759641, 38.573395877169922 ], [ -121.678794646984215, 38.574294192453742 ], [ -121.67843532096947, 38.574563687219779 ] ] ] } },
{ "type": "Feature", "properties": { "csb_id": "061825014752612", "acres": 54.711924809403499, "geoid": "06113" }, "geometry": { "type": "Polygon", "coordinates": [ [ [ -121.947548832588041, 38.925240484917303 ], [ -121.942787761994154, 38.9252404852297 ], [ -121.942787762324883, 38.924881158808347 ], [ -121.943057256184957, 38.924881159270811 ], [ -121.943057256243705, 38.923982843671588 ], [ -121.943057256180239, 38.923443854755973 ], [ -121.942787762050088, 38.923084528302617 ], [ -121.941260626652692, 38.923084528709097 ], [ -121.941260625827766, 38.923443854459457 ], [ -121.940901299541991, 38.923713349351964 ], [ -121.940631805653254, 38.923713348843684 ], [ -121.940631805717572, 38.923443854906047 ], [ -121.940002985427853, 38.923443854982089 ], [ -121.94000298462467, 38.92281503380439 ], [ -121.940272479359876, 38.922815033857937 ], [ -121.940272479333075, 38.921557392177412 ], [ -121.940002984453329, 38.921557392226752 ], [ -121.940002985244732, 38.921018403520286 ], [ -121.942069109681242, 38.921018403135918 ], [ -121.942069109424494, 38.920389582850447 ], [ -121.942697930293434, 38.920389583192325 ], [ -121.942697931181272, 38.921018403580838 ], [ -121.943326751066863, 38.921018403036513 ], [ -121.943326750882562, 38.92155739225786 ], [ -121.943686077155007, 38.921916718886976 ], [ -121.944225067061907, 38.921916718483892 ], [ -121.94485388685834, 38.921557392767021 ], [ -121.946650517489303, 38.921557393035663 ], [ -121.947279338647391, 38.921377729944183 ], [ -121.947279338925739, 38.921916719810127 ], [ -121.947009844106745, 38.921916719037831 ], [ -121.947009844632817, 38.922455708461548 ], [ -121.947279338576209, 38.922455707996733 ], [ -121.947279339199895, 38.923084528765401 ], [ -121.947548833517502, 38.923443854805512 ], [ -121.947548832588041, 38.925240484917303 ] ] ] } },
{ "type": "Feature", "properties": { "csb_id": "061825014752656", "acres": 6.7386158184228204, "geoid": "06113" }, "geometry": { "type": "Polygon", "coordinates": [ [ [ -121.944764055112856, 38.919760762453379 ], [ -121.944764055088314, 38.91949126724959 ], [ -121.945482706980684, 38.918862447393558 ], [ -121.9454827068529, 38.918592952600001 ], [ -121.945123381594811, 38.918592951973395 ], [ -121.945123380312381, 38.91823362652493 ], [ -121.945482708154131, 38.917964131418216 ], [ -121.945482708026347, 38.917694636656854 ], [ -121.946381022938937, 38.917694637396579 ], [ -121.946381023834732, 38.917964131780003 ], [ -121.946920011754372, 38.917964131416454 ], [ -121.946650517787106, 38.918592952179459 ], [ -121.946291192150625, 38.918862446774931 ], [ -121.946381021722189, 38.919221772787253 ], [ -121.946650517779631, 38.919221772520402 ], [ -121.94665051820246, 38.919760762127972 ], [ -121.944764055112856, 38.919760762453379 ] ] ] } },
{ "type": "Feature", "properties": { "csb_id": "061825014752696", "acres": 49.589352254119603, "geoid": "06113" }, "geometry": { "type": "Polygon", "coordinates": [ [ [ -121.940002985244732, 38.921018403520286 ], [ -121.940002985073392, 38.91976076224492 ], [ -121.940272479224248, 38.919760761852146 ], [ -121.940002985226485, 38.91886244698582 ], [ -121.940272479730396, 38.918862446730635 ], [ -121.940272479689398, 38.918592952349201 ], [ -121.940002984747778, 38.918592951985687 ], [ -121.940002984576452, 38.917335311116304 ], [ -121.940362311253367, 38.917335311047147 ], [ -121.940362310337662, 38.916436995355795 ], [ -121.940002985371905, 38.916167500992529 ], [ -121.939643658851281, 38.916167501222972 ], [ -121.939374163824098, 38.915808174502537 ], [ -121.945482707445791, 38.91580817445552 ], [ -121.945482708572769, 38.916167501128811 ], [ -121.945123382007822, 38.916167500571007 ], [ -121.944584392843907, 38.917065815863012 ], [ -121.943955572107981, 38.917065816392352 ], [ -121.94395557250408, 38.917335310787607 ], [ -121.944584392203666, 38.917335310979951 ], [ -121.944584392967741, 38.918592952019509 ], [ -121.944225066409203, 38.918592951848453 ], [ -121.943955571594927, 38.918862447170682 ], [ -121.943955572310017, 38.9194912670186 ], [ -121.944225066360147, 38.919491267108484 ], [ -121.944225065511375, 38.919760762071782 ], [ -121.943596246125765, 38.919760761981877 ], [ -121.943596246106836, 38.920120088018997 ], [ -121.942967424874269, 38.920120088177114 ], [ -121.942967425291073, 38.920389582819332 ], [ -121.942069109424494, 38.920389582850447 ], [ -121.942069109681242, 38.921018403135918 ], [ -121.940002985244732, 38.921018403520286 ] ] ] } },
{ "type": "Feature", "properties": { "csb_id": "061825014752877", "acres": 10.560783860091, "geoid": "06113" }, "geometry": { "type": "Polygon", "coordinates": [ [ [ -121.920419711947218, 38.907992831973658 ], [ -121.918892575056546, 38.907992831688944 ], [ -121.918263754669567, 38.907453842474055 ], [ -121.917095945309541, 38.907094516231673 ], [ -121.917095944687404, 38.906555527221748 ], [ -121.917634933668808, 38.906555527425688 ], [ -121.917634934738871, 38.905926706968629 ], [ -121.918353586935368, 38.905926706850323 ], [ -121.918533249831782, 38.906555526934717 ], [ -121.919521396173167, 38.906555527523309 ], [ -121.920419711228874, 38.907094516355386 ], [ -121.92131802717175, 38.907094516614976 ], [ -121.921048532366456, 38.907723336732154 ], [ -121.920958700961066, 38.9074538431965 ], [ -121.920689205839622, 38.907453843086515 ], [ -121.920419711332713, 38.907723337177487 ], [ -121.920419711947218, 38.907992831973658 ] ] ] } },
{ "type": "Feature", "properties": { "csb_id": "061825014752898", "acres": 27.246960581113999, "geoid": "06113" }, "geometry": { "type": "Polygon", "coordinates": [ [ [ -121.924012972751342, 38.910148788517802 ], [ -121.924012972644391, 38.909250473206257 ], [ -121.923473982622383, 38.908891147054938 ], [ -121.923473983244151, 38.907992832232793 ], [ -121.922216341642084, 38.907992832131058 ], [ -121.921587521277331, 38.907094516217384 ], [ -121.921587521315601, 38.906555527351962 ], [ -121.921857015635055, 38.906196201270191 ], [ -121.92221634225136, 38.90619620217614 ], [ -121.922216342029174, 38.905926706859653 ], [ -121.921587520725311, 38.905926706420431 ], [ -121.921587521707167, 38.90556738097272 ], [ -121.922216341334718, 38.904669066423146 ], [ -121.922845163124691, 38.904669064946667 ], [ -121.923653646981379, 38.904130077129757 ], [ -121.92374347783381, 38.903770749732629 ], [ -121.924282467586309, 38.903770749805801 ], [ -121.924282467008382, 38.905028391533982 ], [ -121.924012972119812, 38.905028391258426 ], [ -121.924012972540325, 38.905926706938175 ], [ -121.924282467075969, 38.905926707075643 ], [ -121.924551961373851, 38.906196200189591 ], [ -121.924641793647481, 38.907723337707615 ], [ -121.925180782874961, 38.907723338406917 ], [ -121.925180781396506, 38.90835215824162 ], [ -121.924911287975974, 38.908352157893304 ], [ -121.924911288445529, 38.909250473544915 ], [ -121.924282466205696, 38.909250473410282 ], [ -121.924282465959635, 38.910148788583697 ], [ -121.924012972751342, 38.910148788517802 ] ] ] } },
{ "type": "Feature", "properties": { "csb_id": "061825014752917", "acres": 16.705815743511501, "geoid": "06113" }, "geometry": { "type": "Polygon", "coordinates": [ [ [ -121.918533249831782, 38.906555526934717 ], [ -121.918353586935368, 38.905926706850323 ], [ -121.917634934738871, 38.905926706968629 ], [ -121.917095945571873, 38.905567380830028 ], [ -121.91709594510408, 38.905297885943881 ], [ -121.917724766079573, 38.90466906554402 ], [ -121.917994260310309, 38.904130075974152 ], [ -121.9179942606156, 38.902602939887245 ], [ -121.918263755098465, 38.902602940291459 ], [ -121.918263754659364, 38.90323176058201 ], [ -121.918533249226741, 38.903231760881084 ], [ -121.918892574212805, 38.902602940789151 ], [ -121.918892575258212, 38.902333445182457 ], [ -121.919251901115729, 38.902333445198813 ], [ -121.919521396211408, 38.903231760929337 ], [ -121.919790890284915, 38.903231760453416 ], [ -121.9197908911284, 38.903501255472186 ], [ -121.920060385391537, 38.903501255509951 ], [ -121.920329878815892, 38.903770749851851 ], [ -121.920329880417484, 38.904130076111841 ], [ -121.919790890601277, 38.90413007590103 ], [ -121.919521396413643, 38.90439957070582 ], [ -121.919521396173167, 38.906555527523309 ], [ -121.918533249831782, 38.906555526934717 ] ] ] } },
{ "type": "Feature", "properties": { "csb_id": "061825014753050", "acres": 13.606369866568199, "geoid": "06113" }, "geometry": { "type": "Polygon", "coordinates": [ [ [ -121.970096546995805, 38.896853722588688 ], [ -121.969916883456236, 38.896224901648601 ], [ -121.969557556930951, 38.896224901293934 ], [ -121.969557557376689, 38.896584227690063 ], [ -121.969198231948567, 38.896584227530468 ], [ -121.968928736611048, 38.896224901173895 ], [ -121.968659242816386, 38.896224901864201 ], [ -121.968659242521909, 38.896853722327862 ], [ -121.967760926528172, 38.896853722538886 ], [ -121.967760926967287, 38.89658422737137 ], [ -121.968120252985813, 38.896224901968687 ], [ -121.968120253216313, 38.895955406581798 ], [ -121.968120253366394, 38.895326586293187 ], [ -121.967760927239027, 38.895326586230077 ], [ -121.967760927310636, 38.894787597107673 ], [ -121.968120253020857, 38.89478759668922 ], [ -121.968120252790357, 38.895057092036545 ], [ -121.968659242453697, 38.89505709196483 ], [ -121.9686592424341, 38.89442827078404 ], [ -121.970455872666946, 38.894428270788346 ], [ -121.970455872746712, 38.894787597207383 ], [ -121.970725367591626, 38.894787596802722 ], [ -121.970815198873666, 38.895057091886947 ], [ -121.970725367589978, 38.896853722525144 ], [ -121.970096546995805, 38.896853722588688 ] ] ] } },
{ "type": "Feature", "properties": { "csb_id": "061825014753083", "acres": 5.4446534493277001, "geoid": "06113" }, "geometry": { "type": "Polygon", "coordinates": [ [ [ -121.964796486419303, 38.894428271073245 ], [ -121.964796487110419, 38.894158776436498 ], [ -121.965065981463582, 38.89415877682238 ], [ -121.965065981292895, 38.89236214574175 ], [ -121.965694801320055, 38.891733325275375 ], [ -121.965964296922323, 38.891733325218624 ], [ -121.965964296811563, 38.894158776168076 ], [ -121.965694802220895, 38.894428271135205 ], [ -121.964796486419303, 38.894428271073245 ] ] ] } },
{ "type": "Feature", "properties": { "csb_id": "061825014753501", "acres": 64.032953826748795, "geoid": "06113" }, "geometry": { "type": "Polygon", "coordinates": [ [ [ -121.927606233713107, 38.859483806859494 ], [ -121.925540108750965, 38.859483806371856 ], [ -121.925540108312816, 38.859753301091231 ], [ -121.924551961975382, 38.859753301185741 ], [ -121.924551962392982, 38.859483806328321 ], [ -121.923743478612181, 38.859483807169831 ], [ -121.923743477954133, 38.857058354061451 ], [ -121.923473983844275, 38.857058355298847 ], [ -121.923473983139871, 38.856788859767313 ], [ -121.923743477193497, 38.856788861107511 ], [ -121.924012971967159, 38.856429534190355 ], [ -121.924012972137163, 38.856160039915679 ], [ -121.923653646471564, 38.856160039501205 ], [ -121.923653646294099, 38.855531219420854 ], [ -121.924012972220382, 38.855531219114241 ], [ -121.924012972363798, 38.855800714228906 ], [ -121.924282467244737, 38.855800713435258 ], [ -121.924551961347333, 38.855261724790267 ], [ -121.924911288005433, 38.855261724215538 ], [ -121.924911287796178, 38.855531219184002 ], [ -121.925540108994014, 38.855531218814683 ], [ -121.925540108044942, 38.854902398231694 ], [ -121.926438423619331, 38.85490239853651 ], [ -121.926707918602617, 38.85526172481719 ], [ -121.926707918809868, 38.856160039482695 ], [ -121.926977412732441, 38.856160039803058 ], [ -121.926977412646238, 38.855531219108677 ], [ -121.927336739779562, 38.855531219094381 ], [ -121.927336739147293, 38.8549023988231 ], [ -121.926977413516667, 38.854363408880403 ], [ -121.926438424179565, 38.854004083620147 ], [ -121.925809603253782, 38.854004082979522 ], [ -121.925809602695594, 38.853734588435969 ], [ -121.926797749654753, 38.853734588461926 ], [ -121.926797750192378, 38.854004082867441 ], [ -121.928504548704041, 38.854004083136772 ], [ -121.928774043650293, 38.854363409147268 ], [ -121.928774043836583, 38.854902398552404 ], [ -121.927875728221451, 38.854902398514774 ], [ -121.927875727860183, 38.855261724574547 ], [ -121.929133369674801, 38.855261724885239 ], [ -121.929133370379645, 38.85553121930166 ], [ -121.928774043295832, 38.855800714174457 ], [ -121.928504549134587, 38.855800713466081 ], [ -121.928504549634411, 38.855531219281801 ], [ -121.927875728709367, 38.855531218888537 ], [ -121.927875728438408, 38.855800713451089 ], [ -121.928235054456479, 38.856160039607694 ], [ -121.92913336957497, 38.856160039546594 ], [ -121.929133370203928, 38.85678886045519 ], [ -121.929402864658044, 38.856788860517028 ], [ -121.929402864839048, 38.856429534671072 ], [ -121.929762191084393, 38.856160040154634 ], [ -121.930031684960738, 38.85616004032665 ], [ -121.930031685312869, 38.856429534632547 ], [ -121.930929999986319, 38.856429534397499 ], [ -121.930930000299028, 38.856788860826811 ], [ -121.930660505711231, 38.856788860409466 ], [ -121.930660505464445, 38.857327850270117 ], [ -121.930930000611369, 38.857327850068728 ], [ -121.931019832252119, 38.858226165095658 ], [ -121.930660506128731, 38.858226165311748 ], [ -121.930031685082923, 38.858585490957154 ], [ -121.928235054323437, 38.858854986242044 ], [ -121.927606233713107, 38.859483806859494 ] ] ] } },
{ "type": "Feature", "properties": { "csb_id": "061825014753510", "acres": 17.908806139201701, "geoid": "06113" }, "geometry": { "type": "Polygon", "coordinates": [ [ [ -121.926707918809868, 38.856160039482695 ], [ -121.926707918602617, 38.85526172481719 ], [ -121.926438423619331, 38.85490239853651 ], [ -121.925540108044942, 38.854902398231694 ], [ -121.925540108994014, 38.855531218814683 ], [ -121.924911287796178, 38.855531219184002 ], [ -121.924911288005433, 38.855261724215538 ], [ -121.924551961347333, 38.855261724790267 ], [ -121.924282467244737, 38.855800713435258 ], [ -121.924012972363798, 38.855800714228906 ], [ -121.924012972220382, 38.855531219114241 ], [ -121.923653646294099, 38.855531219420854 ], [ -121.92374347796904, 38.854363409359948 ], [ -121.923384151885301, 38.854363409227673 ], [ -121.923384150417689, 38.854004083716077 ], [ -121.923653646940593, 38.853465093835617 ], [ -121.923114657193807, 38.853105769372256 ], [ -121.923114656697749, 38.852836274201309 ], [ -121.925270613818782, 38.852836273682961 ], [ -121.925270612384324, 38.853105768199306 ], [ -121.926079098047808, 38.853105767748453 ], [ -121.926079096177858, 38.853465094011412 ], [ -121.925540107290203, 38.853465094303182 ], [ -121.925540107972225, 38.853734588598179 ], [ -121.925809602695594, 38.853734588435969 ], [ -121.925809603253782, 38.854004082979522 ], [ -121.926438424179565, 38.854004083620147 ], [ -121.926977413516667, 38.854363408880403 ], [ -121.927336739147293, 38.8549023988231 ], [ -121.927336739779562, 38.855531219094381 ], [ -121.926977412646238, 38.855531219108677 ], [ -121.926977412732441, 38.856160039803058 ], [ -121.926707918809868, 38.856160039482695 ] ] ] } },
{ "type": "Feature", "properties": { "csb_id": "061825014753513", "acres": 34.542605734729001, "geoid": "06113" }, "geometry": { "type": "Polygon", "coordinates": [ [ [ -121.938475849080319, 38.85678886051214 ], [ -121.937577533370614, 38.857058354898285 ], [ -121.936319892159119, 38.857058354767688 ], [ -121.936319891733433, 38.856160039645523 ], [ -121.936679218039714, 38.855800714177093 ], [ -121.93757753405157, 38.855800713823022 ], [ -121.937577533445491, 38.855531219160767 ], [ -121.936319892058236, 38.855531219165997 ], [ -121.936050397170476, 38.855261724992353 ], [ -121.936050397020452, 38.854902398730594 ], [ -121.936319892383011, 38.854902398731177 ], [ -121.936319892002203, 38.854363409434683 ], [ -121.93605039751219, 38.854363409674605 ], [ -121.936050397362166, 38.854004083449198 ], [ -121.937308039104678, 38.854004083225831 ], [ -121.937308038765053, 38.85346509425932 ], [ -121.936948712278621, 38.853465093740446 ], [ -121.936948712355672, 38.852926105287551 ], [ -121.938671477640696, 38.852959616110965 ], [ -121.940541973829482, 38.85490239809964 ], [ -121.941530120335187, 38.855531218827608 ], [ -121.941530120377365, 38.856160039614295 ], [ -121.939104668973258, 38.856788860613072 ], [ -121.938475849080319, 38.85678886051214 ] ] ] } },
{ "type": "Feature", "properties": { "csb_id": "061825014753514", "acres": 4.2082405474702398, "geoid": "06113" }, "geometry": { "type": "Polygon", "coordinates": [ [ [ -121.936679218242489, 38.853465094110732 ], [ -121.935421576972303, 38.853465093551947 ], [ -121.935421576955349, 38.853734588426832 ], [ -121.934253767266569, 38.853734588242638 ], [ -121.93425376712058, 38.853465094329664 ], [ -121.933984272411791, 38.853465093614737 ], [ -121.933984272678856, 38.852926105194555 ], [ -121.936679217758524, 38.852926105279693 ], [ -121.936679218242489, 38.853465094110732 ] ] ] } },
{ "type": "Feature", "properties": { "csb_id": "061825014753515", "acres": 80.967850723159501, "geoid": "06113" }, "geometry": { "type": "Polygon", "coordinates": [ [ [ -121.933085956593715, 38.857687175813439 ], [ -121.931019832252119, 38.858226165095658 ], [ -121.930930000611369, 38.857327850068728 ], [ -121.930660505464445, 38.857327850270117 ], [ -121.930660505711231, 38.856788860409466 ], [ -121.930930000299028, 38.856788860826811 ], [ -121.930929999986319, 38.856429534397499 ], [ -121.930031685312869, 38.856429534632547 ], [ -121.930031684960738, 38.85616004032665 ], [ -121.929762191084393, 38.856160040154634 ], [ -121.929402864839048, 38.856429534671072 ], [ -121.929402864658044, 38.856788860517028 ], [ -121.929133370203928, 38.85678886045519 ], [ -121.92913336957497, 38.856160039546594 ], [ -121.928235054456479, 38.856160039607694 ], [ -121.927875728438408, 38.855800713451089 ], [ -121.927875728709367, 38.855531218888537 ], [ -121.928504549634411, 38.855531219281801 ], [ -121.928504549134587, 38.855800713466081 ], [ -121.928774043295832, 38.855800714174457 ], [ -121.929133370379645, 38.85553121930166 ], [ -121.929133369674801, 38.855261724885239 ], [ -121.927875727860183, 38.855261724574547 ], [ -121.927875728221451, 38.854902398514774 ], [ -121.928774043836583, 38.854902398552404 ], [ -121.928774043650293, 38.854363409147268 ], [ -121.928504548704041, 38.854004083136772 ], [ -121.928235054464238, 38.8540040832847 ], [ -121.92823505452688, 38.853734588536319 ], [ -121.927875728275467, 38.853734589161654 ], [ -121.927965560334016, 38.853105768710869 ], [ -121.928235054299648, 38.853105767568771 ], [ -121.928235054675682, 38.852836273706828 ], [ -121.933984272678856, 38.852926105194555 ], [ -121.933984272411791, 38.853465093614737 ], [ -121.93425376712058, 38.853465094329664 ], [ -121.934253767266569, 38.853734588242638 ], [ -121.935421576955349, 38.853734588426832 ], [ -121.935421576972303, 38.853465093551947 ], [ -121.936679218242489, 38.853465094110732 ], [ -121.936679217758524, 38.852926105279693 ], [ -121.936948712355672, 38.852926105287551 ], [ -121.936948712278621, 38.853465093740446 ], [ -121.937308038765053, 38.85346509425932 ], [ -121.937308039104678, 38.854004083225831 ], [ -121.936050397362166, 38.854004083449198 ], [ -121.93605039751219, 38.854363409674605 ], [ -121.936319892002203, 38.854363409434683 ], [ -121.936319892383011, 38.854902398731177 ], [ -121.936050397020452, 38.854902398730594 ], [ -121.936050397170476, 38.855261724992353 ], [ -121.936319892058236, 38.855531219165997 ], [ -121.937577533445491, 38.855531219160767 ], [ -121.93757753405157, 38.855800713823022 ], [ -121.936679218039714, 38.855800714177093 ], [ -121.936319891733433, 38.856160039645523 ], [ -121.936319892159119, 38.857058354767688 ], [ -121.935780902619442, 38.85732784947507 ], [ -121.934523259981873, 38.857327849871801 ], [ -121.934523261071803, 38.857687176267376 ], [ -121.933085956593715, 38.857687175813439 ] ] ] } },
{ "type": "Feature", "properties": { "csb_id": "061825014753554", "acres": 2.6710744704204799, "geoid": "06113" }, "geometry": { "type": "Polygon", "coordinates": [ [ [ -121.926977413565368, 38.85014132719234 ], [ -121.92760623356024, 38.850141327924462 ], [ -121.927606233413073, 38.850410822083496 ], [ -121.927336738702834, 38.85041082230304 ], [ -121.927336739648467, 38.851039643116415 ], [ -121.92760623412984, 38.851039642518437 ], [ -121.927606234296064, 38.851309137563732 ], [ -121.927336738795063, 38.851578632115441 ], [ -121.926438424442608, 38.851578632029259 ], [ -121.926438423799908, 38.851309137078289 ], [ -121.926707918964155, 38.85130913757525 ], [ -121.926707918443569, 38.850410822540262 ], [ -121.926977413565368, 38.85014132719234 ] ] ] } },
{ "type": "Feature", "properties": { "csb_id": "061825014753558", "acres": 21.430208197057201, "geoid": "06113" }, "geometry": { "type": "Polygon", "coordinates": [ [ [ -121.933175788293354, 38.850680316319519 ], [ -121.933225441184263, 38.847774476912392 ], [ -121.933554414504925, 38.848025549711572 ], [ -121.937847027483102, 38.852207452346562 ], [ -121.937936858578851, 38.852746442359212 ], [ -121.936409724037574, 38.852746441668998 ], [ -121.936319891957453, 38.85256677872853 ], [ -121.935780903249977, 38.852476947854839 ], [ -121.935780903180685, 38.851937958567596 ], [ -121.934882587547818, 38.851937958813146 ], [ -121.934882587272341, 38.851039642420638 ], [ -121.933984271956248, 38.851039643093642 ], [ -121.933984272089631, 38.850680316348466 ], [ -121.933175788293354, 38.850680316319519 ] ] ] } },
{ "type": "Feature", "properties": { "csb_id": "061825014753566", "acres": 19.985007517258602, "geoid": "06113" }, "geometry": { "type": "Polygon", "coordinates": [ [ [ -121.930031684774633, 38.85014132754295 ], [ -121.930660506319583, 38.849782001320136 ], [ -121.930930000092431, 38.849782000984312 ], [ -121.931199495547446, 38.849243012274407 ], [ -121.932996125586016, 38.849243012259493 ], [ -121.93299612496844, 38.852746441905396 ], [ -121.93119949549822, 38.852746441791837 ], [ -121.930930000848477, 38.851937958406104 ], [ -121.930301180014098, 38.851309137418255 ], [ -121.93003168467223, 38.8506803168979 ], [ -121.930031684774633, 38.85014132754295 ] ] ] } },
{ "type": "Feature", "properties": { "csb_id": "061825014753583", "acres": 3.6223858523846402, "geoid": "06113" }, "geometry": { "type": "Polygon", "coordinates": [ [ [ -121.92760623356024, 38.850141327924462 ], [ -121.927336739532876, 38.850141327284788 ], [ -121.927336739075102, 38.848883686446818 ], [ -121.926707918414564, 38.848883685891643 ], [ -121.926438423420308, 38.848614191348133 ], [ -121.926438423519002, 38.848254865279728 ], [ -121.927606233336732, 38.848254865600275 ], [ -121.927606233170479, 38.847985370646619 ], [ -121.927875728814868, 38.847985370495131 ], [ -121.927875728755495, 38.849782001024849 ], [ -121.927606233816391, 38.849782001452283 ], [ -121.92760623356024, 38.850141327924462 ] ] ] } },
{ "type": "Feature", "properties": { "csb_id": "061825014753593", "acres": 10.151061019624899, "geoid": "06113" }, "geometry": { "type": "Polygon", "coordinates": [ [ [ -121.931199494754111, 38.847985371226628 ], [ -121.931199494565035, 38.847715876213904 ], [ -121.930930000457025, 38.847356549936855 ], [ -121.93066050606339, 38.847356550477841 ], [ -121.930660506310119, 38.846817561219112 ], [ -121.930930000144713, 38.846817561296959 ], [ -121.93093000014413, 38.847087055183302 ], [ -121.932097810285001, 38.847087055401232 ], [ -121.932097810124375, 38.846637898345001 ], [ -121.932217117738162, 38.84669825321717 ], [ -121.932955946690754, 38.847516913924167 ], [ -121.932996125586016, 38.849243012259493 ], [ -121.931199495547446, 38.849243012274407 ], [ -121.931199495150764, 38.848614191728601 ], [ -121.930930000275367, 38.848254865794118 ], [ -121.931199494754111, 38.847985371226628 ] ] ] } },
{ "type": "Feature", "properties": { "csb_id": "061825014753605", "acres": 4.3614673030670597, "geoid": "06113" }, "geometry": { "type": "Polygon", "coordinates": [ [ [ -121.930930000144713, 38.846817561296959 ], [ -121.930660506310119, 38.846817561219112 ], [ -121.93066050606339, 38.847356550477841 ], [ -121.93003168527386, 38.847356550193261 ], [ -121.929762191048511, 38.84681756096392 ], [ -121.92976219057843, 38.846458235278348 ], [ -121.930660505892348, 38.846458234571827 ], [ -121.93128932649158, 38.845919245450503 ], [ -121.931828316040168, 38.846458235166338 ], [ -121.931828315987119, 38.846817561297456 ], [ -121.932097810448553, 38.846817560553092 ], [ -121.932097810285001, 38.847087055401232 ], [ -121.93093000014413, 38.847087055183302 ], [ -121.930930000144713, 38.846817561296959 ] ] ] } },
{ "type": "Feature", "properties": { "csb_id": "061825014753606", "acres": 9.8004218802232597, "geoid": "06113" }, "geometry": { "type": "Polygon", "coordinates": [ [ [ -121.930660504326269, 38.849243012397437 ], [ -121.930660504905305, 38.848614191713764 ], [ -121.930301178224056, 38.848614191913164 ], [ -121.930301179120747, 38.84771587660353 ], [ -121.929402864437009, 38.847715875874805 ], [ -121.929133369026431, 38.84708705540146 ], [ -121.929133368397601, 38.846458235175348 ], [ -121.928774044009629, 38.846458234587018 ], [ -121.928774043513201, 38.846188740683978 ], [ -121.929762190909173, 38.846188740413609 ], [ -121.929762188999902, 38.84591924603766 ], [ -121.929133368914734, 38.845919245556324 ], [ -121.92913336865125, 38.845470087868371 ], [ -121.930930000013674, 38.845559919589228 ], [ -121.931199495301655, 38.845829413686417 ], [ -121.930660505892348, 38.846458234571827 ], [ -121.92976219057843, 38.846458235278348 ], [ -121.929762191048511, 38.84681756096392 ], [ -121.93003168527386, 38.847356550193261 ], [ -121.930930000457025, 38.847356549936855 ], [ -121.931199494565035, 38.847715876213904 ], [ -121.931199494754111, 38.847985371226628 ], [ -121.930930000275367, 38.848254865794118 ], [ -121.931199495150764, 38.848614191728601 ], [ -121.931199495547446, 38.849243012274407 ], [ -121.930930000092431, 38.849782000984312 ], [ -121.930929998972942, 38.84951250725787 ], [ -121.930660504326269, 38.849243012397437 ] ] ] } },
{ "type": "Feature", "properties": { "csb_id": "061825014753613", "acres": 98.611051546662694, "geoid": "06113" }, "geometry": { "type": "Polygon", "coordinates": [ [ [ -121.924012972466485, 38.85265660993619 ], [ -121.924012973105064, 38.845470087783056 ], [ -121.928504548900491, 38.845470087734363 ], [ -121.92913336865125, 38.845470087868371 ], [ -121.929133368914734, 38.845919245556324 ], [ -121.929762188999902, 38.84591924603766 ], [ -121.929762190909173, 38.846188740413609 ], [ -121.928774043513201, 38.846188740683978 ], [ -121.928774044009629, 38.846458234587018 ], [ -121.929133368397601, 38.846458235175348 ], [ -121.929133369026431, 38.84708705540146 ], [ -121.929402864437009, 38.847715875874805 ], [ -121.930301179120747, 38.84771587660353 ], [ -121.930301178224056, 38.848614191913164 ], [ -121.930660504905305, 38.848614191713764 ], [ -121.930660504326269, 38.849243012397437 ], [ -121.930929998972942, 38.84951250725787 ], [ -121.930930000092431, 38.849782000984312 ], [ -121.930660506319583, 38.849782001320136 ], [ -121.930031684774633, 38.85014132754295 ], [ -121.93003168467223, 38.8506803168979 ], [ -121.930301180014098, 38.851309137418255 ], [ -121.930930000848477, 38.851937958406104 ], [ -121.93119949549822, 38.852746441791837 ], [ -121.924012972466485, 38.85265660993619 ] ], [ [ -121.927336738795063, 38.851578632115441 ], [ -121.927606234296064, 38.851309137563732 ], [ -121.92760623412984, 38.851039642518437 ], [ -121.927336739648467, 38.851039643116415 ], [ -121.927336738702834, 38.85041082230304 ], [ -121.927606233413073, 38.850410822083496 ], [ -121.927606233816391, 38.849782001452283 ], [ -121.927875728755495, 38.849782001024849 ], [ -121.927875728814868, 38.847985370495131 ], [ -121.927606233170479, 38.847985370646619 ], [ -121.927606233336732, 38.848254865600275 ], [ -121.926438423519002, 38.848254865279728 ], [ -121.926438423420308, 38.848614191348133 ], [ -121.926707918414564, 38.848883685891643 ], [ -121.927336739075102, 38.848883686446818 ], [ -121.927336739532876, 38.850141327284788 ], [ -121.926977413565368, 38.85014132719234 ], [ -121.926707918443569, 38.850410822540262 ], [ -121.926707918964155, 38.85130913757525 ], [ -121.926438423799908, 38.851309137078289 ], [ -121.926438424442608, 38.851578632029259 ], [ -121.927336738795063, 38.851578632115441 ] ] ] } },
{ "type": "Feature", "properties": { "csb_id": "061825014753628", "acres": 3.95892370506827, "geoid": "06113" }, "geometry": { "type": "Polygon", "coordinates": [ [ [ -121.924012973218339, 38.845290425152157 ], [ -121.924012972844821, 38.844392109473176 ], [ -121.924551961314108, 38.844392109856528 ], [ -121.924911287542201, 38.844661604516965 ], [ -121.924911288383214, 38.845020930478654 ], [ -121.92554010838569, 38.845020930364129 ], [ -121.925540109238668, 38.844661604300072 ], [ -121.926707918750481, 38.844661604505966 ], [ -121.926707919065535, 38.845290424816739 ], [ -121.924012973218339, 38.845290425152157 ] ] ] } },
{ "type": "Feature", "properties": { "csb_id": "061825014753648", "acres": 31.070732877880399, "geoid": "06113" }, "geometry": { "type": "Polygon", "coordinates": [ [ [ -121.926707918750481, 38.844661604505966 ], [ -121.925540109238668, 38.844661604300072 ], [ -121.92554010838569, 38.845020930364129 ], [ -121.924911288383214, 38.845020930478654 ], [ -121.924911287542201, 38.844661604516965 ], [ -121.924551961314108, 38.844392109856528 ], [ -121.924012972844821, 38.844392109473176 ], [ -121.924012972784638, 38.843493794741839 ], [ -121.924282467058561, 38.843493794505484 ], [ -121.92428246705731, 38.842864974109006 ], [ -121.924911287817096, 38.842864973959152 ], [ -121.924911288026323, 38.842595479369869 ], [ -121.925809603594942, 38.842595479481027 ], [ -121.925809602806325, 38.842236152653143 ], [ -121.926079098356908, 38.841966658269037 ], [ -121.927157075712344, 38.841966658717631 ], [ -121.930775602450268, 38.845335340971474 ], [ -121.926707919065535, 38.845290424816739 ], [ -121.926707918750481, 38.844661604505966 ] ] ] } },
{ "type": "Feature", "properties": { "csb_id": "061825014753671", "acres": 12.966974216339599, "geoid": "06113" }, "geometry": { "type": "Polygon", "coordinates": [ [ [ -121.925809603594942, 38.842595479481027 ], [ -121.924551961977571, 38.84259547931596 ], [ -121.924551961560056, 38.842864973664859 ], [ -121.92428246705731, 38.842864974109006 ], [ -121.924282467037699, 38.842595479141266 ], [ -121.924012972411148, 38.842595479239442 ], [ -121.924012972467253, 38.83981070175772 ], [ -121.924911287635126, 38.839810702031194 ], [ -121.924911288476054, 38.84017002780292 ], [ -121.925180782897044, 38.840439522263118 ], [ -121.925719069808082, 38.840530055937997 ], [ -121.926797749718475, 38.841697164258044 ], [ -121.926797750256043, 38.841966658304536 ], [ -121.926079098356908, 38.841966658269037 ], [ -121.925809602806325, 38.842236152653143 ], [ -121.925809603594942, 38.842595479481027 ] ] ] } },
{ "type": "Feature", "properties": { "csb_id": "061825014754030", "acres": 2.9992593225025699, "geoid": "06113" }, "geometry": { "type": "Polygon", "coordinates": [ [ [ -121.841906955924671, 38.815107031525159 ], [ -121.841637460804606, 38.814208715833352 ], [ -121.841906955567509, 38.813939221229006 ], [ -121.842535777194854, 38.813939222552548 ], [ -121.842895102170658, 38.814208716644238 ], [ -121.842895102279542, 38.814837536635316 ], [ -121.842535776293531, 38.815107031567798 ], [ -121.841906955924671, 38.815107031525159 ] ] ] } },
{ "type": "Feature", "properties": { "csb_id": "061825014754647", "acres": 5.8005058164644998, "geoid": "06113" }, "geometry": { "type": "Polygon", "coordinates": [ [ [ -121.833283128470697, 38.766598005955451 ], [ -121.833283129026256, 38.765969185061962 ], [ -121.833552622617674, 38.765969185825227 ], [ -121.833552624140026, 38.765609859470509 ], [ -121.835618748992459, 38.765609859677532 ], [ -121.835618748873316, 38.765969185131034 ], [ -121.83472043186805, 38.766238680486687 ], [ -121.834720431832494, 38.767136995470551 ], [ -121.833822117857821, 38.76713699554692 ], [ -121.833283128470697, 38.766598005955451 ] ] ] } },
{ "type": "Feature", "properties": { "csb_id": "061825014754928", "acres": 4.18938495356009, "geoid": "06113" }, "geometry": { "type": "Polygon", "coordinates": [ [ [ -121.808489627064972, 38.731024720828515 ], [ -121.808759121729196, 38.730934889460507 ], [ -121.808759121749915, 38.730665395128163 ], [ -121.809747268359601, 38.730665394386776 ], [ -121.810016763828997, 38.730934890291756 ], [ -121.810286258230121, 38.731833205510441 ], [ -121.808759121598797, 38.731833204879607 ], [ -121.808489627064972, 38.731024720828515 ] ] ] } },
{ "type": "Feature", "properties": { "csb_id": "061825015516255", "acres": 3.0305988389561, "geoid": "06113" }, "geometry": { "type": "Polygon", "coordinates": [ [ [ -121.540354067945856, 38.523943826787303 ], [ -121.540354067415791, 38.523045511898779 ], [ -121.53999474140727, 38.523045511708645 ], [ -121.539994741355841, 38.522506522173416 ], [ -121.541252383064105, 38.522416690247347 ], [ -121.541252383697596, 38.523135343609646 ], [ -121.540982887303187, 38.523135342851056 ], [ -121.54089305712337, 38.523315006012105 ], [ -121.540893056719256, 38.523943826100975 ], [ -121.540354067945856, 38.523943826787303 ] ] ] } },
{ "type": "Feature", "properties": { "csb_id": "061825015516323", "acres": 12.991362176690799, "geoid": "06113" }, "geometry": { "type": "Polygon", "coordinates": [ [ [ -121.540893055870043, 38.522416690804597 ], [ -121.539365921188846, 38.522416690422517 ], [ -121.539096426117311, 38.522147196379152 ], [ -121.5390964257642, 38.521967532815552 ], [ -121.539365921096049, 38.521967533308043 ], [ -121.539365920686649, 38.522147196248341 ], [ -121.53999474132155, 38.522147195818185 ], [ -121.539994741854002, 38.521877700934041 ], [ -121.539365920993319, 38.521877700977882 ], [ -121.538826931413027, 38.52151837509534 ], [ -121.538826931835899, 38.520979386365759 ], [ -121.539096426572513, 38.520979385876359 ], [ -121.539096426663335, 38.520350565443586 ], [ -121.539365920816863, 38.520350565848702 ], [ -121.53936592062135, 38.519811576413936 ], [ -121.53891676318139, 38.519811575914545 ], [ -121.538916763215937, 38.519542081983481 ], [ -121.539725247104215, 38.519542081338074 ], [ -121.539725246288285, 38.520081070622119 ], [ -121.540623562161102, 38.520081071064958 ], [ -121.540623561890143, 38.521248881135428 ], [ -121.541521877383545, 38.521248880932298 ], [ -121.541521877375715, 38.520979386823036 ], [ -121.541252382719591, 38.52097938611746 ], [ -121.541252382279836, 38.520709891385607 ], [ -121.541521876852883, 38.520620059911394 ], [ -121.542689687236745, 38.520620060456132 ], [ -121.542689687202781, 38.521069217291775 ], [ -121.542510024610678, 38.521338712390126 ], [ -121.542150698046939, 38.521518375424982 ], [ -121.540893056849356, 38.521518375130846 ], [ -121.54098288804002, 38.521967533296447 ], [ -121.541252382931816, 38.52214719637216 ], [ -121.540893055870043, 38.522416690804597 ] ] ] } },
{ "type": "Feature", "properties": { "csb_id": "061825015517003", "acres": 3.5148191693786499, "geoid": "06113" }, "geometry": { "type": "Polygon", "coordinates": [ [ [ -121.623538063512328, 38.489448519942499 ], [ -121.623627894818156, 38.488640035395314 ], [ -121.623178736858804, 38.488550204466385 ], [ -121.623178736523045, 38.487921383419824 ], [ -121.623538063841451, 38.487921384714376 ], [ -121.623538062866402, 38.488190878381864 ], [ -121.624077050477212, 38.48855020467569 ], [ -121.624705874278703, 38.488550204460914 ], [ -121.624975367219363, 38.488819698738922 ], [ -121.624975367377857, 38.48908919421666 ], [ -121.624436378106324, 38.489448519672315 ], [ -121.623538063512328, 38.489448519942499 ] ] ] } },
{ "type": "Feature", "properties": { "csb_id": "061825015517190", "acres": 21.283183413057699, "geoid": "06113" }, "geometry": { "type": "Polygon", "coordinates": [ [ [ -121.642762010163295, 38.486663742325725 ], [ -121.642492514543065, 38.486484079881478 ], [ -121.641504368897969, 38.486394247737721 ], [ -121.641504368335418, 38.486124753270751 ], [ -121.641234873445796, 38.486124753152794 ], [ -121.641234873811882, 38.485765426623274 ], [ -121.640606053232233, 38.485765426697512 ], [ -121.640336558129022, 38.485495932197281 ], [ -121.640336558674989, 38.484328122775501 ], [ -121.640067064127336, 38.483429807434909 ], [ -121.641504367171919, 38.483429807640732 ], [ -121.641504367734413, 38.483699302109457 ], [ -121.64186369427135, 38.483699302204343 ], [ -121.641863694503996, 38.482890818468505 ], [ -121.642762010188349, 38.48289081816673 ], [ -121.642762009491591, 38.483160312965019 ], [ -121.642492514732425, 38.483160312339649 ], [ -121.642492515191734, 38.483789133522755 ], [ -121.643121336646843, 38.484328122843152 ], [ -121.643750157125751, 38.48441795394811 ], [ -121.643750156409098, 38.484687448598855 ], [ -121.643390830175619, 38.484687448276496 ], [ -121.643300999082768, 38.485226437612404 ], [ -121.644199314832065, 38.485226437557266 ], [ -121.644199314652255, 38.485495932445367 ], [ -121.643660325488796, 38.48549593222485 ], [ -121.64366032550484, 38.486214584643207 ], [ -121.643390830358612, 38.48648407973517 ], [ -121.642762010163295, 38.486663742325725 ] ], [ [ -121.642223020833427, 38.485765427346763 ], [ -121.642492515018233, 38.485765427024305 ], [ -121.642492515771877, 38.485585763905895 ], [ -121.642223020824034, 38.485585763606338 ], [ -121.642133189290888, 38.485945090124609 ], [ -121.642223020833427, 38.485765427346763 ] ] ] } },
{ "type": "Feature", "properties": { "csb_id": "061825015517256", "acres": 22.6168876854194, "geoid": "06113" }, "geometry": { "type": "Polygon", "coordinates": [ [ [ -121.639707737976622, 38.482531492010715 ], [ -121.639977233089525, 38.481094187412253 ], [ -121.639977232156426, 38.480375535476583 ], [ -121.639707738029188, 38.480375535440594 ], [ -121.639707737473714, 38.479477219704101 ], [ -121.640336558973118, 38.479477219914855 ], [ -121.640336558971228, 38.479836546359699 ], [ -121.641234873895442, 38.479836545661875 ], [ -121.64123487456996, 38.479477219985597 ], [ -121.64150436829496, 38.479207725174184 ], [ -121.641863694422142, 38.479207725287928 ], [ -121.641863694254354, 38.47983654638805 ], [ -121.642402683572726, 38.480106040850075 ], [ -121.642402684475826, 38.479836546286805 ], [ -121.643300999124008, 38.479926378018504 ], [ -121.643300998880335, 38.481004355592432 ], [ -121.643121336121666, 38.481004355831359 ], [ -121.643121336448601, 38.480824692472709 ], [ -121.642223021013677, 38.480824692410501 ], [ -121.641863694996104, 38.481363684151987 ], [ -121.64186369427135, 38.483699302204343 ], [ -121.641504367734413, 38.483699302109457 ], [ -121.641504367171919, 38.483429807640732 ], [ -121.639977232930292, 38.483429807334417 ], [ -121.639707737976622, 38.482531492010715 ] ] ] } },
{ "type": "Feature", "properties": { "csb_id": "061825015517529", "acres": 10.996555699668001, "geoid": "06113" }, "geometry": { "type": "Polygon", "coordinates": [ [ [ -121.538857109955885, 38.473158835329237 ], [ -121.535503165264402, 38.472290697346047 ], [ -121.535592996529488, 38.471661877079804 ], [ -121.538198111331042, 38.471751708780268 ], [ -121.538287942345391, 38.471392382373402 ], [ -121.538826931698779, 38.471392382541914 ], [ -121.538826931641111, 38.471661877320415 ], [ -121.539365920541897, 38.472021203181278 ], [ -121.539725246385188, 38.472021203001567 ], [ -121.539725247221497, 38.473189012499944 ], [ -121.538857109955885, 38.473158835329237 ] ] ] } },
{ "type": "Feature", "properties": { "csb_id": "061825015517547", "acres": 8.3544925624940198, "geoid": "06113" }, "geometry": { "type": "Polygon", "coordinates": [ [ [ -121.53972524668535, 38.472560192020097 ], [ -121.539725246385188, 38.472021203001567 ], [ -121.539365920541897, 38.472021203181278 ], [ -121.538826931641111, 38.471661877320415 ], [ -121.538826931563918, 38.47076356175598 ], [ -121.539725246428489, 38.470763561793326 ], [ -121.539994741515414, 38.470494066935544 ], [ -121.540354067792151, 38.470494066941832 ], [ -121.540354066657784, 38.470763563143272 ], [ -121.540893056381918, 38.470763561543741 ], [ -121.540893056518783, 38.471661876922013 ], [ -121.541252382443474, 38.47166187745102 ], [ -121.541252382452726, 38.472021203244431 ], [ -121.540893056655676, 38.472560192295113 ], [ -121.53972524668535, 38.472560192020097 ] ] ] } },
{ "type": "Feature", "properties": { "csb_id": "061825015517549", "acres": 4.3076899685128396, "geoid": "06113" }, "geometry": { "type": "Polygon", "coordinates": [ [ [ -121.509721515674542, 38.471122888322967 ], [ -121.508733369767342, 38.470763561753031 ], [ -121.508733370193184, 38.470494067249071 ], [ -121.509092695077328, 38.470494067082839 ], [ -121.509362190305154, 38.470224572190787 ], [ -121.510260506031656, 38.470224572571624 ], [ -121.51035033698659, 38.469955078370255 ], [ -121.510619831923975, 38.469955078049956 ], [ -121.510889326248403, 38.470224572441452 ], [ -121.51088932460479, 38.471122887864411 ], [ -121.509721515674542, 38.471122888322967 ] ] ] } },
{ "type": "Feature", "properties": { "csb_id": "061825015517586", "acres": 10.817566796629499, "geoid": "06113" }, "geometry": { "type": "Polygon", "coordinates": [ [ [ -121.53828794285927, 38.471212719058755 ], [ -121.537659122136489, 38.471392382287277 ], [ -121.537299795431593, 38.471122888333895 ], [ -121.537299795891911, 38.469595752113058 ], [ -121.538198110408118, 38.469595751986695 ], [ -121.538198110268809, 38.469865246294667 ], [ -121.539096425777132, 38.469865246589301 ], [ -121.539096426448481, 38.469326257411701 ], [ -121.539994741153507, 38.469326257329222 ], [ -121.539994741651313, 38.468697436122582 ], [ -121.54035406721502, 38.46896693129866 ], [ -121.540354067792151, 38.470494066941832 ], [ -121.539994741515414, 38.470494066935544 ], [ -121.539725246428489, 38.470763561793326 ], [ -121.538826931563918, 38.47076356175598 ], [ -121.538826931698779, 38.471392382541914 ], [ -121.538287942345391, 38.471392382373402 ], [ -121.53828794285927, 38.471212719058755 ] ] ] } },
{ "type": "Feature", "properties": { "csb_id": "061825015517624", "acres": 18.8153559640092, "geoid": "06113" }, "geometry": { "type": "Polygon", "coordinates": [ [ [ -121.538198110408118, 38.469595751986695 ], [ -121.537030300474896, 38.469595751932594 ], [ -121.537030301255299, 38.469326257474563 ], [ -121.536760807136574, 38.469326257564902 ], [ -121.536760806718718, 38.468787267637616 ], [ -121.537030301393372, 38.468787267933671 ], [ -121.53703030144716, 38.467799121558379 ], [ -121.53729979614144, 38.4677991214147 ], [ -121.537299796437125, 38.467439795960274 ], [ -121.537569289723592, 38.467170300528082 ], [ -121.537928615205701, 38.46717030061194 ], [ -121.53819811087925, 38.466900806297247 ], [ -121.538287941831641, 38.466541479553683 ], [ -121.539365920829638, 38.466541479900265 ], [ -121.539365920011448, 38.466900805768823 ], [ -121.539725247130761, 38.466900805538501 ], [ -121.53999474156241, 38.467170301020651 ], [ -121.539994741872874, 38.467799121137418 ], [ -121.539725247566395, 38.467799121539429 ], [ -121.539725247158714, 38.468068616175216 ], [ -121.539994741651313, 38.468697436122582 ], [ -121.539994741153507, 38.469326257329222 ], [ -121.539096426448481, 38.469326257411701 ], [ -121.539096425777132, 38.469865246589301 ], [ -121.538198110268809, 38.469865246294667 ], [ -121.538198110408118, 38.469595751986695 ] ] ] } },
{ "type": "Feature", "properties": { "csb_id": "061825015517639", "acres": 5.0226268088092096, "geoid": "06113" }, "geometry": { "type": "Polygon", "coordinates": [ [ [ -121.545743959633811, 38.468427941935737 ], [ -121.545743959214889, 38.468068616169425 ], [ -121.546013454352035, 38.46806861559606 ], [ -121.545833790830912, 38.467619457932763 ], [ -121.544935475802248, 38.467619457892731 ], [ -121.544935475694004, 38.467260131974868 ], [ -121.545384632101459, 38.467170300978381 ], [ -121.545384633231023, 38.466541479983171 ], [ -121.546282948043384, 38.466541479540638 ], [ -121.546282948293907, 38.467439795075151 ], [ -121.547181263996649, 38.467888953823092 ], [ -121.547181263672272, 38.468068617105892 ], [ -121.546911768374827, 38.468427941786196 ], [ -121.545743959633811, 38.468427941935737 ] ] ] } },
{ "type": "Feature", "properties": { "csb_id": "061825015517707", "acres": 22.224863855346999, "geoid": "06113" }, "geometry": { "type": "Polygon", "coordinates": [ [ [ -121.551403345961987, 38.469595751642231 ], [ -121.551403345981043, 38.468966931027268 ], [ -121.550864356224778, 38.468966931432831 ], [ -121.550505028831665, 38.469326257693446 ], [ -121.550505030723144, 38.469595751930072 ], [ -121.548438905217779, 38.469595751994291 ], [ -121.54843890540667, 38.468966931195268 ], [ -121.546282948931548, 38.468966931054482 ], [ -121.546282946165562, 38.468427942481448 ], [ -121.546911768374827, 38.468427941786196 ], [ -121.547181263996649, 38.467888953823092 ], [ -121.547271095756471, 38.468068615853589 ], [ -121.547810084641895, 38.468068616987978 ], [ -121.547810084034879, 38.467439795646406 ], [ -121.548708399467088, 38.467439795464337 ], [ -121.548708400114748, 38.46779912149546 ], [ -121.549337220422132, 38.467799121563836 ], [ -121.549337220074946, 38.46690080642707 ], [ -121.549606715105824, 38.46690080636062 ], [ -121.549696545956451, 38.466541479799432 ], [ -121.550594862248104, 38.467888952642795 ], [ -121.551133851161524, 38.467799121124649 ], [ -121.551133850697127, 38.467439795304045 ], [ -121.551403345593215, 38.467439795460344 ], [ -121.551762671309817, 38.467799121807367 ], [ -121.552660986511484, 38.468158447220873 ], [ -121.552660986793455, 38.468427941635554 ], [ -121.552301659164556, 38.46842794200802 ], [ -121.552121997159858, 38.468787267900154 ], [ -121.552121997423058, 38.469416088840795 ], [ -121.551403345961987, 38.469595751642231 ] ], [ [ -121.552032164688683, 38.468517773973765 ], [ -121.551493175891267, 38.468517773925889 ], [ -121.551493177715827, 38.468697437146353 ], [ -121.552032166411934, 38.468697436571112 ], [ -121.552032164688683, 38.468517773973765 ] ], [ [ -121.551133850802984, 38.46869743645734 ], [ -121.551223681799883, 38.468517773878119 ], [ -121.551133851282174, 38.468517773859972 ], [ -121.551133850802984, 38.46869743645734 ] ] ] } },
{ "type": "Feature", "properties": { "csb_id": "061825015517731", "acres": 14.459547615893699, "geoid": "06113" }, "geometry": { "type": "Polygon", "coordinates": [ [ [ -121.548708399467088, 38.467439795464337 ], [ -121.547810084034879, 38.467439795646406 ], [ -121.547810084641895, 38.468068616987978 ], [ -121.547271095756471, 38.468068615853589 ], [ -121.547181263996649, 38.467888953823092 ], [ -121.546282948293907, 38.467439795075151 ], [ -121.546282948737755, 38.467170300860438 ], [ -121.546642274706997, 38.46717030042106 ], [ -121.546911769348824, 38.466271985612089 ], [ -121.547181263569641, 38.466271984977759 ], [ -121.547181263896775, 38.465643164575113 ], [ -121.54691176945029, 38.465643164823277 ], [ -121.54691176968214, 38.465194007081031 ], [ -121.547271094998052, 38.465194006590039 ], [ -121.547271094841875, 38.465463501519885 ], [ -121.548528736837454, 38.465463501530138 ], [ -121.548528736022206, 38.465194006749535 ], [ -121.548708399755725, 38.465194007288105 ], [ -121.549337220843157, 38.466002491047 ], [ -121.549606714801314, 38.466002490506646 ], [ -121.549606715105824, 38.46690080636062 ], [ -121.549337220074946, 38.46690080642707 ], [ -121.549337220422132, 38.467799121563836 ], [ -121.548708400114748, 38.46779912149546 ], [ -121.548708399467088, 38.467439795464337 ] ] ] } },
{ "type": "Feature", "properties": { "csb_id": "061825015517764", "acres": 116.686557889139, "geoid": "06113" }, "geometry": { "type": "Polygon", "coordinates": [ [ [ -121.517447028101373, 38.472739854969227 ], [ -121.512506294083863, 38.472021203130524 ], [ -121.511518146757382, 38.471122888526445 ], [ -121.51088932460479, 38.471122887864411 ], [ -121.510889326248403, 38.470224572441452 ], [ -121.510619831923975, 38.469955078049956 ], [ -121.51035033698659, 38.469955078370255 ], [ -121.510260506031656, 38.470224572571624 ], [ -121.51026050584538, 38.469326257315771 ], [ -121.510889326776379, 38.469326257249612 ], [ -121.511158821201761, 38.469595751676643 ], [ -121.511518146674021, 38.469595751707843 ], [ -121.511787641364691, 38.469326257359533 ], [ -121.511787641532933, 38.468966930726019 ], [ -121.512057134630396, 38.468517773835316 ], [ -121.513045283162086, 38.468697436820825 ], [ -121.51331477716073, 38.468427942012703 ], [ -121.513314777583403, 38.468158447632256 ], [ -121.513853766460855, 38.468158447502141 ], [ -121.513584272371759, 38.468068615670347 ], [ -121.51358427180331, 38.467799121289218 ], [ -121.514213092767861, 38.467799120909213 ], [ -121.514213092539251, 38.46761945824607 ], [ -121.514572418702855, 38.467439795375036 ], [ -121.515111407789533, 38.467439795056229 ], [ -121.515380902059988, 38.467170300479317 ], [ -121.516638543683669, 38.466900805900188 ], [ -121.517177534034374, 38.466541480806015 ], [ -121.517177533755429, 38.466092322076896 ], [ -121.518075849345649, 38.466002491812482 ], [ -121.518704668038836, 38.46483468083084 ], [ -121.519333489925785, 38.46483468111839 ], [ -121.51933349002293, 38.465104175465122 ], [ -121.522028435179934, 38.46510417514844 ], [ -121.522567425385674, 38.465643165430947 ], [ -121.523286076725071, 38.46600249110427 ], [ -121.522657256512829, 38.466541480211234 ], [ -121.522028436074706, 38.466721143590178 ], [ -121.521758942145112, 38.467170301674209 ], [ -121.521399614250896, 38.467439794424713 ], [ -121.521130120583692, 38.467439795951272 ], [ -121.520501299724074, 38.468068616928555 ], [ -121.520501299485176, 38.468697436811595 ], [ -121.51987247918855, 38.468966930816805 ], [ -121.519602984982342, 38.469326257102935 ], [ -121.519602984594513, 38.47049406728577 ], [ -121.519333490154139, 38.470494067290979 ], [ -121.519333490056965, 38.47022457295531 ], [ -121.518704668801689, 38.470224572898495 ], [ -121.51870466914005, 38.47076356148272 ], [ -121.518974164264591, 38.470763561992293 ], [ -121.518974164221902, 38.471122887742865 ], [ -121.518704669521071, 38.471392382577619 ], [ -121.517177532872068, 38.472021203713268 ], [ -121.517177533557984, 38.47238052928779 ], [ -121.517447028366732, 38.472560192375852 ], [ -121.517447028101373, 38.472739854969227 ] ] ] } },
{ "type": "Feature", "properties": { "csb_id": "061825015517777", "acres": 18.0913711325043, "geoid": "06113" }, "geometry": { "type": "Polygon", "coordinates": [ [ [ -121.539725247158714, 38.468068616175216 ], [ -121.539725247566395, 38.467799121539429 ], [ -121.539994741872874, 38.467799121137418 ], [ -121.53999474156241, 38.467170301020651 ], [ -121.539725247130761, 38.466900805538501 ], [ -121.539365920011448, 38.466900805768823 ], [ -121.539365920829638, 38.466541479900265 ], [ -121.539725247302485, 38.466541479433019 ], [ -121.540354067875839, 38.466002490331171 ], [ -121.541791371379588, 38.465373670433401 ], [ -121.542150697387598, 38.464744849682887 ], [ -121.542420192150516, 38.464744849823113 ], [ -121.542420192001515, 38.465104175959404 ], [ -121.542689686503849, 38.465373669940561 ], [ -121.543588002970552, 38.465373670017804 ], [ -121.543588002953882, 38.466990637858828 ], [ -121.542689687756322, 38.466900805639952 ], [ -121.542150697926957, 38.467799121351781 ], [ -121.541791372060501, 38.467799120974476 ], [ -121.541791371946488, 38.467439795556771 ], [ -121.540893056375012, 38.467439795322086 ], [ -121.540893057393944, 38.468068615998845 ], [ -121.539725247158714, 38.468068616175216 ] ] ] } },
{ "type": "Feature", "properties": { "csb_id": "061825015517784", "acres": 15.927868476192801, "geoid": "06113" }, "geometry": { "type": "Polygon", "coordinates": [ [ [ -121.546282948043384, 38.466541479540638 ], [ -121.545384633231023, 38.466541479983171 ], [ -121.545384632101459, 38.467170300978381 ], [ -121.545115138995698, 38.467260132441808 ], [ -121.543947328792726, 38.467170300170466 ], [ -121.543588002953882, 38.466990637858828 ], [ -121.543588002970552, 38.465373670017804 ], [ -121.543947328325586, 38.465373670142547 ], [ -121.544216823400063, 38.464475355630753 ], [ -121.545115139047155, 38.464295691373181 ], [ -121.545384633392928, 38.465194007287643 ], [ -121.546642274418772, 38.465463501669682 ], [ -121.546732106650083, 38.465822827917982 ], [ -121.546911769580646, 38.465822827872231 ], [ -121.54691176945029, 38.465643164823277 ], [ -121.547181263896775, 38.465643164575113 ], [ -121.547181263569641, 38.466271984977759 ], [ -121.546911769348824, 38.466271985612089 ], [ -121.546642274706997, 38.46717030042106 ], [ -121.546282948737755, 38.467170300860438 ], [ -121.546282948043384, 38.466541479540638 ] ] ] } },
{ "type": "Feature", "properties": { "csb_id": "061825015517803", "acres": 26.601692202837, "geoid": "06113" }, "geometry": { "type": "Polygon", "coordinates": [ [ [ -121.538826931427593, 38.466541479496918 ], [ -121.538826931715263, 38.465373669968386 ], [ -121.539096426025736, 38.465373669635625 ], [ -121.539455751824661, 38.465104175462017 ], [ -121.53981507748, 38.464744850018079 ], [ -121.539815079096073, 38.464295691963514 ], [ -121.540084573849867, 38.463936366709817 ], [ -121.540354067142601, 38.463936365496615 ], [ -121.540354067293691, 38.463397377215749 ], [ -121.540084573576806, 38.463307545475821 ], [ -121.542420191516996, 38.46339737682402 ], [ -121.542420192895449, 38.462948219124868 ], [ -121.542779517360216, 38.462768555686935 ], [ -121.543947329382803, 38.46276855637047 ], [ -121.543947329245171, 38.462948218862415 ], [ -121.543588002898687, 38.462948219623577 ], [ -121.543588001766622, 38.46384653308855 ], [ -121.544216823896988, 38.463846535033639 ], [ -121.544306655364622, 38.463577039612936 ], [ -121.544486317137327, 38.463577038477865 ], [ -121.544486318144706, 38.464205860173507 ], [ -121.545115138395801, 38.46420586043989 ], [ -121.544216823400063, 38.464475355630753 ], [ -121.543947328325586, 38.465373670142547 ], [ -121.542689686503849, 38.465373669940561 ], [ -121.542420192001515, 38.465104175959404 ], [ -121.542420192150516, 38.464744849823113 ], [ -121.542150697387598, 38.464744849682887 ], [ -121.541791371379588, 38.465373670433401 ], [ -121.540354067875839, 38.466002490331171 ], [ -121.539725247302485, 38.466541479433019 ], [ -121.538826931427593, 38.466541479496918 ] ] ] } },
{ "type": "Feature", "properties": { "csb_id": "061825015517804", "acres": 3.9892857923072902, "geoid": "06113" }, "geometry": { "type": "Polygon", "coordinates": [ [ [ -121.52113012099089, 38.465104176375235 ], [ -121.521130120808721, 38.464744849338061 ], [ -121.521399615444466, 38.464475355074278 ], [ -121.522567425107127, 38.464475354574219 ], [ -121.522567425193216, 38.464205860439357 ], [ -121.522297928692325, 38.464205860242082 ], [ -121.522297930397983, 38.463846534362268 ], [ -121.523196245738859, 38.463846534061645 ], [ -121.523465738552844, 38.464205860454889 ], [ -121.523465740654814, 38.464475354826469 ], [ -121.522297928792881, 38.465104175398359 ], [ -121.52113012099089, 38.465104176375235 ] ] ] } },
{ "type": "Feature", "properties": { "csb_id": "061825015517809", "acres": 13.088484514394301, "geoid": "06113" }, "geometry": { "type": "Polygon", "coordinates": [ [ [ -121.563171275344345, 38.464295691683667 ], [ -121.562542455531869, 38.464205859764988 ], [ -121.562542455546875, 38.463846533974021 ], [ -121.562272960488784, 38.463846534181322 ], [ -121.562272961291583, 38.462948219312963 ], [ -121.563440770110617, 38.462948219794804 ], [ -121.563530600963546, 38.462678724846391 ], [ -121.564069589760763, 38.462768556508841 ], [ -121.56433908394331, 38.462409229603573 ], [ -121.564608579214166, 38.462409230187362 ], [ -121.564967905747082, 38.46267872438959 ], [ -121.565506895493428, 38.464475355173597 ], [ -121.564428917266753, 38.464565186194456 ], [ -121.564428917294279, 38.465194006514643 ], [ -121.564069590994976, 38.465194007268011 ], [ -121.563440770023362, 38.464834680952819 ], [ -121.563171275344345, 38.464295691683667 ] ], [ [ -121.56281194856804, 38.463397376485709 ], [ -121.562632285005094, 38.463307545114837 ], [ -121.562632285822858, 38.463397376874553 ], [ -121.56281194856804, 38.463397376485709 ] ] ] } },
{ "type": "Feature", "properties": { "csb_id": "061825015517810", "acres": 20.941474195227201, "geoid": "06113" }, "geometry": { "type": "Polygon", "coordinates": [ [ [ -121.546642274418772, 38.465463501669682 ], [ -121.545384633392928, 38.465194007287643 ], [ -121.545115138395801, 38.46420586043989 ], [ -121.544486318144706, 38.464205860173507 ], [ -121.544486317137327, 38.463577038477865 ], [ -121.545115138184286, 38.463577039279791 ], [ -121.545384633435233, 38.463307544971997 ], [ -121.545384633662763, 38.462948219427432 ], [ -121.546911768610528, 38.462948218818099 ], [ -121.54718126347808, 38.462678724318934 ], [ -121.547181263964603, 38.462409229382445 ], [ -121.547810084368962, 38.462409229247463 ], [ -121.547810085079476, 38.462678724420918 ], [ -121.548079579084032, 38.462678724613312 ], [ -121.547899916658849, 38.46276855598817 ], [ -121.547899915895201, 38.463307545086224 ], [ -121.548438905183062, 38.46330754519969 ], [ -121.548438905171764, 38.46420585995071 ], [ -121.548708399215286, 38.464205859952877 ], [ -121.548708399755725, 38.465194007288105 ], [ -121.548528736022206, 38.465194006749535 ], [ -121.548528736837454, 38.465463501530138 ], [ -121.547271094841875, 38.465463501519885 ], [ -121.547271094998052, 38.465194006590039 ], [ -121.54691176968214, 38.465194007081031 ], [ -121.546911769580646, 38.465822827872231 ], [ -121.546732106650083, 38.465822827917982 ], [ -121.546642274418772, 38.465463501669682 ] ] ] } },
{ "type": "Feature", "properties": { "csb_id": "061825015517811", "acres": 2.86886377651388, "geoid": "06113" }, "geometry": { "type": "Polygon", "coordinates": [ [ [ -121.543588001766622, 38.46384653308855 ], [ -121.543588002898687, 38.462948219623577 ], [ -121.543947329245171, 38.462948218862415 ], [ -121.543947328433063, 38.462678723952621 ], [ -121.544845643857826, 38.462678723798554 ], [ -121.544845644449836, 38.463577039248776 ], [ -121.544486317137327, 38.463577038477865 ], [ -121.544306654314084, 38.463397376261852 ], [ -121.544216823896988, 38.463846535033639 ], [ -121.543588001766622, 38.46384653308855 ] ] ] } },
{ "type": "Feature", "properties": { "csb_id": "061825015517822", "acres": 14.537293885551, "geoid": "06113" }, "geometry": { "type": "Polygon", "coordinates": [ [ [ -121.582754549347101, 38.465104175353304 ], [ -121.579340950274101, 38.465104175156085 ], [ -121.579071455930873, 38.465373670564482 ], [ -121.579071456799284, 38.464475354477756 ], [ -121.579340950684923, 38.464205860312909 ], [ -121.579340950960969, 38.463577039550749 ], [ -121.579969771672353, 38.463307544785906 ], [ -121.581496907819954, 38.46330754449388 ], [ -121.58149690723539, 38.462948218498326 ], [ -121.581766402292871, 38.462948219046744 ], [ -121.581766402330501, 38.463577039545662 ], [ -121.582664716859412, 38.463577039252911 ], [ -121.582754549347101, 38.465104175353304 ] ] ] } },
{ "type": "Feature", "properties": { "csb_id": "061825015517837", "acres": 4.0859048362491297, "geoid": "06113" }, "geometry": { "type": "Polygon", "coordinates": [ [ [ -121.578442635178007, 38.465104175124246 ], [ -121.578442635639846, 38.464205859836106 ], [ -121.57817314090839, 38.463577039798118 ], [ -121.578173141359699, 38.462948218350284 ], [ -121.578442636186395, 38.462948218812336 ], [ -121.578442636101641, 38.463307544540932 ], [ -121.579071455918452, 38.46339737649901 ], [ -121.579340950646838, 38.463666871279031 ], [ -121.579340950684923, 38.464205860312909 ], [ -121.579071456799284, 38.464475354477756 ], [ -121.579071455930873, 38.465373670564482 ], [ -121.578712129909391, 38.465373670267034 ], [ -121.578442635178007, 38.465104175124246 ] ] ] } },
{ "type": "Feature", "properties": { "csb_id": "061825015517839", "acres": 4.4626209619103099, "geoid": "06113" }, "geometry": { "type": "Polygon", "coordinates": [ [ [ -121.531909904111842, 38.464744849286582 ], [ -121.531640409220032, 38.464744849324646 ], [ -121.531640409426316, 38.464205859838508 ], [ -121.531909903758546, 38.464205860423817 ], [ -121.531909903792481, 38.463846534148253 ], [ -121.531281083086668, 38.463846533881039 ], [ -121.531011588643807, 38.463577039843329 ], [ -121.531011588521395, 38.463307544711299 ], [ -121.531640408757042, 38.463307544546247 ], [ -121.531640408996907, 38.462948218504593 ], [ -121.532538724699066, 38.462948218941321 ], [ -121.532538724094934, 38.463307545070101 ], [ -121.531909904554681, 38.463307545044422 ], [ -121.53190990402004, 38.463577039166573 ], [ -121.532179398090804, 38.46420586041981 ], [ -121.533077713592988, 38.464205860243226 ], [ -121.533077714006538, 38.464475355073731 ], [ -121.532808219184474, 38.464475355084993 ], [ -121.532628555847026, 38.464744849358176 ], [ -121.532628555560592, 38.465373670072843 ], [ -121.532179398823686, 38.465373670383748 ], [ -121.532179398060165, 38.465104175405649 ], [ -121.531909904111842, 38.464744849286582 ] ] ] } },
{ "type": "Feature", "properties": { "csb_id": "061825015517850", "acres": 2.20239913090772, "geoid": "06113" }, "geometry": { "type": "Polygon", "coordinates": [ [ [ -121.543947329350814, 38.462409230525502 ], [ -121.543677834333906, 38.462409229125363 ], [ -121.543408339177844, 38.462139735279003 ], [ -121.542240530122939, 38.462049904362559 ], [ -121.542150698852467, 38.461510915053822 ], [ -121.543318508874236, 38.461510915088262 ], [ -121.543318508489335, 38.46178040976406 ], [ -121.543588003109065, 38.462049903570815 ], [ -121.544216823372764, 38.462139735328066 ], [ -121.543947329350814, 38.462409230525502 ] ] ] } },
{ "type": "Feature", "properties": { "csb_id": "061825015517853", "acres": 4.2598840668308302, "geoid": "06113" }, "geometry": { "type": "Polygon", "coordinates": [ [ [ -121.561733971657091, 38.462768555861743 ], [ -121.561015318733851, 38.462049903806097 ], [ -121.560476329677229, 38.46204990323762 ], [ -121.560476328456772, 38.461600745706036 ], [ -121.561374644691526, 38.461510914483128 ], [ -121.562542454599267, 38.462139735279486 ], [ -121.562811949572406, 38.462139735017587 ], [ -121.56281195014823, 38.462409229913703 ], [ -121.562542455299422, 38.462409229938494 ], [ -121.562542454161573, 38.462948218868618 ], [ -121.56173397109032, 38.462948219382085 ], [ -121.561733971657091, 38.462768555861743 ] ] ] } },
{ "type": "Feature", "properties": { "csb_id": "061825015517867", "acres": 8.7902244087349999, "geoid": "06113" }, "geometry": { "type": "Polygon", "coordinates": [ [ [ -121.581766402330501, 38.463577039545662 ], [ -121.581766402292871, 38.462948219046744 ], [ -121.58149690723539, 38.462948218498326 ], [ -121.581496907864206, 38.462678724467992 ], [ -121.581137581634664, 38.462678723917314 ], [ -121.580868087471273, 38.462409229534593 ], [ -121.580868087122411, 38.461510914550921 ], [ -121.581227412394725, 38.461510915798385 ], [ -121.581766401993079, 38.46115158801301 ], [ -121.581766402746069, 38.460882093740864 ], [ -121.582035896089735, 38.460882093373606 ], [ -121.582035896635389, 38.461151588505849 ], [ -121.582395223299471, 38.461151588453717 ], [ -121.582395223296132, 38.461600746126109 ], [ -121.582664717572897, 38.461780408881644 ], [ -121.582934212010045, 38.462409229665639 ], [ -121.582934212047931, 38.463397377141831 ], [ -121.582754548508476, 38.463577039747229 ], [ -121.581766402330501, 38.463577039545662 ] ] ] } },
{ "type": "Feature", "properties": { "csb_id": "061825015517868", "acres": 4.0184404460603398, "geoid": "06113" }, "geometry": { "type": "Polygon", "coordinates": [ [ [ -121.562542454599267, 38.462139735279486 ], [ -121.561374644691526, 38.461510914483128 ], [ -121.561644140083317, 38.461510914343584 ], [ -121.562272960051672, 38.461151588308013 ], [ -121.562811950000906, 38.460612598634661 ], [ -121.563171275642986, 38.46061259876339 ], [ -121.563440770734076, 38.460882093272311 ], [ -121.563440770662353, 38.461241420021537 ], [ -121.56326110781896, 38.461241419695327 ], [ -121.563171275198727, 38.461510914065023 ], [ -121.563171275339712, 38.46204990371097 ], [ -121.562542454599267, 38.462139735279486 ] ] ] } },
{ "type": "Feature", "properties": { "csb_id": "061825015517872", "acres": 12.2580002589178, "geoid": "06113" }, "geometry": { "type": "Polygon", "coordinates": [ [ [ -121.580059603183287, 38.46330754442733 ], [ -121.579340950646838, 38.463666871279031 ], [ -121.579071455918452, 38.46339737649901 ], [ -121.578442636101641, 38.463307544540932 ], [ -121.578442634579503, 38.461241420161549 ], [ -121.579161287596222, 38.461241419857103 ], [ -121.579610445128296, 38.461600745526738 ], [ -121.580868087122411, 38.461510914550921 ], [ -121.580868087471273, 38.462409229534593 ], [ -121.581137581634664, 38.462678723917314 ], [ -121.581496907864206, 38.462678724467992 ], [ -121.581496907819954, 38.46330754449388 ], [ -121.580059603183287, 38.46330754442733 ] ] ] } },
{ "type": "Feature", "properties": { "csb_id": "061825015517873", "acres": 48.316558412628801, "geoid": "06113" }, "geometry": { "type": "Polygon", "coordinates": [ [ [ -121.538287942564935, 38.466002490686762 ], [ -121.536760806454964, 38.465194007341054 ], [ -121.536221817765437, 38.465194006751474 ], [ -121.536221817972603, 38.46546350222777 ], [ -121.535862492049063, 38.46546350273988 ], [ -121.53577265992061, 38.464205860253941 ], [ -121.535233670496723, 38.464205859818009 ], [ -121.535233669962707, 38.46384653390421 ], [ -121.535772659301344, 38.462948218709307 ], [ -121.536670974792713, 38.462948218681021 ], [ -121.536670975488164, 38.462499061205662 ], [ -121.537389627104275, 38.462499061250277 ], [ -121.537928616878446, 38.462049903505694 ], [ -121.537928616586171, 38.461780408557132 ], [ -121.538467605662746, 38.461780409223479 ], [ -121.538467605926371, 38.46151091466065 ], [ -121.53972524747563, 38.46151091431539 ], [ -121.539725246531972, 38.461151588429807 ], [ -121.54062356221273, 38.461151588185778 ], [ -121.541252382888459, 38.461510914450017 ], [ -121.541881203438848, 38.461600746294884 ], [ -121.54215069894191, 38.46178040964211 ], [ -121.542240529481447, 38.462139734823772 ], [ -121.543408339177844, 38.462139735279003 ], [ -121.543677834333906, 38.462409229125363 ], [ -121.543947329350814, 38.462409230525502 ], [ -121.543947329382803, 38.46276855637047 ], [ -121.542779517360216, 38.462768555686935 ], [ -121.542420192895449, 38.462948219124868 ], [ -121.542420191516996, 38.46339737682402 ], [ -121.540084573576806, 38.463307545475821 ], [ -121.540354067293691, 38.463397377215749 ], [ -121.540354067142601, 38.463936365496615 ], [ -121.540084573849867, 38.463936366709817 ], [ -121.539815079096073, 38.464295691963514 ], [ -121.53981507748, 38.464744850018079 ], [ -121.539455751824661, 38.465104175462017 ], [ -121.539096426025736, 38.465373669635625 ], [ -121.538826931715263, 38.465373669968386 ], [ -121.538826931792457, 38.466271985568589 ], [ -121.538467605024522, 38.466271985610732 ], [ -121.538287942564935, 38.466002490686762 ] ] ] } },
{ "type": "Feature", "properties": { "csb_id": "061825015517874", "acres": 73.228342570773606, "geoid": "06113" }, "geometry": { "type": "Polygon", "coordinates": [ [ [ -121.535862491472059, 38.465373670498991 ], [ -121.534425186712511, 38.465643164191093 ], [ -121.533796365445113, 38.465104175246978 ], [ -121.532628555683345, 38.465104175481272 ], [ -121.532628555847026, 38.464744849358176 ], [ -121.532808219184474, 38.464475355084993 ], [ -121.533077714006538, 38.464475355073731 ], [ -121.533077713592988, 38.464205860243226 ], [ -121.532179398090804, 38.46420586041981 ], [ -121.53190990402004, 38.463577039166573 ], [ -121.531909904554681, 38.463307545044422 ], [ -121.532538724094934, 38.463307545070101 ], [ -121.532538724699066, 38.462948218941321 ], [ -121.531640408996907, 38.462948218504593 ], [ -121.531640408757042, 38.463307544546247 ], [ -121.531011588521395, 38.463307544711299 ], [ -121.531011588643807, 38.463577039843329 ], [ -121.531281083086668, 38.463846533881039 ], [ -121.531909903792481, 38.463846534148253 ], [ -121.531909903758546, 38.464205860423817 ], [ -121.531640409426316, 38.464205859838508 ], [ -121.531640409220032, 38.464744849324646 ], [ -121.531909904111842, 38.464744849286582 ], [ -121.532179398060165, 38.465104175405649 ], [ -121.532179398823686, 38.465373670383748 ], [ -121.531640408740245, 38.465463501395462 ], [ -121.531640409615818, 38.46582282719249 ], [ -121.530472599425948, 38.465822827790731 ], [ -121.530472599200422, 38.465463501220661 ], [ -121.530113273227798, 38.465463501637089 ], [ -121.529214957960292, 38.466361816525477 ], [ -121.528675969122844, 38.466271984888337 ], [ -121.528586137391514, 38.465373670136003 ], [ -121.528047148329321, 38.465104174992064 ], [ -121.527687821806211, 38.465104175305058 ], [ -121.527687821592039, 38.464205860029892 ], [ -121.52750815957404, 38.463846534146377 ], [ -121.527418327170849, 38.462948218635134 ], [ -121.527687822041543, 38.462768555776897 ], [ -121.527777653778983, 38.462409229724656 ], [ -121.527687822609821, 38.461151588224986 ], [ -121.529214958280633, 38.461151587826159 ], [ -121.529214957765433, 38.460882093248678 ], [ -121.529484452338892, 38.46088209371586 ], [ -121.529484452962706, 38.461780408979465 ], [ -121.531281083559605, 38.461780408471405 ], [ -121.531909903916045, 38.461510914737246 ], [ -121.532179397703615, 38.461151588037694 ], [ -121.532179397906233, 38.460612599543666 ], [ -121.533976028306242, 38.460612599051828 ], [ -121.53397602836985, 38.460882093741603 ], [ -121.53487434396321, 38.460882094007431 ], [ -121.534874344249587, 38.460612599467289 ], [ -121.535233670426422, 38.460612598582706 ], [ -121.535772659168558, 38.460882093359487 ], [ -121.535503164985315, 38.461510913966833 ], [ -121.535233670799627, 38.461510914058685 ], [ -121.534425186640945, 38.462139735083795 ], [ -121.53442518686424, 38.462499061152727 ], [ -121.534964175390371, 38.462499060799111 ], [ -121.534964176177724, 38.462139734879791 ], [ -121.535592995994563, 38.462139734716459 ], [ -121.535592996185144, 38.462768556118498 ], [ -121.536491311397896, 38.462768556066052 ], [ -121.536491311622314, 38.4624990612066 ], [ -121.536670975488164, 38.462499061205662 ], [ -121.536670974792713, 38.462948218681021 ], [ -121.535772659301344, 38.462948218709307 ], [ -121.535233669962707, 38.46384653390421 ], [ -121.535233670496723, 38.464205859818009 ], [ -121.53577265992061, 38.464205860253941 ], [ -121.535862491472059, 38.465373670498991 ] ], [ [ -121.529843778970474, 38.463038049776287 ], [ -121.528945463652988, 38.463038050662874 ], [ -121.528945463821742, 38.462768555229985 ], [ -121.528406474411256, 38.462768555862347 ], [ -121.528406473816858, 38.463397376365037 ], [ -121.528047148048643, 38.463397376565887 ], [ -121.527777653874551, 38.463666870943243 ], [ -121.527777654075862, 38.46429569197732 ], [ -121.529304789616788, 38.464295691446296 ], [ -121.529304789232981, 38.463936365195394 ], [ -121.529843778940375, 38.463666870925067 ], [ -121.529843778970474, 38.463038049776287 ] ] ] } },
{ "type": "Feature", "properties": { "csb_id": "061825015517890", "acres": 7.4186696752245904, "geoid": "06113" }, "geometry": { "type": "Polygon", "coordinates": [ [ [ -121.537928616586171, 38.461780408557132 ], [ -121.537928616601036, 38.461510914468043 ], [ -121.535503164985315, 38.461510913966833 ], [ -121.535772659168558, 38.460882093359487 ], [ -121.537569290258261, 38.460882094483338 ], [ -121.537569289954462, 38.460253273194496 ], [ -121.53792861663274, 38.460253274150453 ], [ -121.538198111337195, 38.460612599900095 ], [ -121.53882693225097, 38.460882094442191 ], [ -121.539365920411029, 38.460882093672588 ], [ -121.539725246531972, 38.461151588429807 ], [ -121.53972524747563, 38.46151091431539 ], [ -121.538467605926371, 38.46151091466065 ], [ -121.538467605662746, 38.461780409223479 ], [ -121.537928616586171, 38.461780408557132 ] ] ] } },
{ "type": "Feature", "properties": { "csb_id": "061825015517904", "acres": 24.641933719796299, "geoid": "06113" }, "geometry": { "type": "Polygon", "coordinates": [ [ [ -121.544845644449836, 38.463577039248776 ], [ -121.544845643857826, 38.462678723798554 ], [ -121.54457615008063, 38.462678723889091 ], [ -121.544845644023923, 38.462499060832272 ], [ -121.544845643727925, 38.462049903103726 ], [ -121.543588003109065, 38.462049903570815 ], [ -121.543318508489335, 38.46178040976406 ], [ -121.543318508874236, 38.461510915088262 ], [ -121.543049013006424, 38.461510914120787 ], [ -121.543049013986135, 38.46088209368169 ], [ -121.542689687731666, 38.460882093955803 ], [ -121.542420192594875, 38.460612598979836 ], [ -121.542420192743847, 38.460253272828659 ], [ -121.543049013543282, 38.460253272615518 ], [ -121.543588002932026, 38.459714283802342 ], [ -121.544845644464871, 38.459714283880814 ], [ -121.544845643504402, 38.45998377802578 ], [ -121.546103285848574, 38.459983778109539 ], [ -121.546103285469542, 38.459804115524804 ], [ -121.546282948759242, 38.45980411503573 ], [ -121.546282949009807, 38.460702430624103 ], [ -121.546911769436349, 38.461780408609584 ], [ -121.547181264291723, 38.461780408958489 ], [ -121.54718126347808, 38.462678724318934 ], [ -121.546911768610528, 38.462948218818099 ], [ -121.545384633662763, 38.462948219427432 ], [ -121.545384633435233, 38.463307544971997 ], [ -121.545115138184286, 38.463577039279791 ], [ -121.544845644449836, 38.463577039248776 ] ] ] } },
{ "type": "Feature", "properties": { "csb_id": "061825015517905", "acres": 14.006745135516301, "geoid": "06113" }, "geometry": { "type": "Polygon", "coordinates": [ [ [ -121.529484452962706, 38.461780408979465 ], [ -121.529484453036758, 38.46115158939029 ], [ -121.529843778559439, 38.461151588265224 ], [ -121.529843779125613, 38.459983778478971 ], [ -121.530113272768347, 38.45971428352675 ], [ -121.530382768430286, 38.459714283662684 ], [ -121.530382767529829, 38.459354957309166 ], [ -121.531281082687983, 38.45935495767781 ], [ -121.531281082997026, 38.459085463158189 ], [ -121.531909903538889, 38.459085463115144 ], [ -121.531909904085708, 38.459714283302283 ], [ -121.532538724251879, 38.459714284051856 ], [ -121.53253872385703, 38.460612599162282 ], [ -121.532179397906233, 38.460612599543666 ], [ -121.532179397703615, 38.461151588037694 ], [ -121.531909903916045, 38.461510914737246 ], [ -121.531281083559605, 38.461780408471405 ], [ -121.529484452962706, 38.461780408979465 ] ] ] } },
{ "type": "Feature", "properties": { "csb_id": "061825015517906", "acres": 129.90689715879699, "geoid": "06113" }, "geometry": { "type": "Polygon", "coordinates": [ [ [ -121.521130119861354, 38.473009349824672 ], [ -121.518974163506755, 38.47291951844047 ], [ -121.51870466912483, 38.472560192484629 ], [ -121.517447028366732, 38.472560192375852 ], [ -121.517177533557984, 38.47238052928779 ], [ -121.517177532872068, 38.472021203713268 ], [ -121.518704669521071, 38.471392382577619 ], [ -121.518974164221902, 38.471122887742865 ], [ -121.518974164264591, 38.470763561992293 ], [ -121.51870466914005, 38.47076356148272 ], [ -121.518704668801689, 38.470224572898495 ], [ -121.519333490056965, 38.47022457295531 ], [ -121.519333490154139, 38.470494067290979 ], [ -121.519602984594513, 38.47049406728577 ], [ -121.519602984982342, 38.469326257102935 ], [ -121.51987247918855, 38.468966930816805 ], [ -121.520501299485176, 38.468697436811595 ], [ -121.520501299724074, 38.468068616928555 ], [ -121.521130120583692, 38.467439795951272 ], [ -121.521399614250896, 38.467439794424713 ], [ -121.521758942145112, 38.467170301674209 ], [ -121.522028436074706, 38.466721143590178 ], [ -121.522657256512829, 38.466541480211234 ], [ -121.523286077000805, 38.466092321986757 ], [ -121.522028435179934, 38.46510417514844 ], [ -121.522297928792881, 38.465104175398359 ], [ -121.523465740654814, 38.464475354826469 ], [ -121.523465738552844, 38.464205860454889 ], [ -121.523196245738859, 38.463846534061645 ], [ -121.522297930397983, 38.463846534362268 ], [ -121.522297928692325, 38.464205860242082 ], [ -121.522567425193216, 38.464205860439357 ], [ -121.522567425107127, 38.464475354574219 ], [ -121.521399615444466, 38.464475355074278 ], [ -121.521130120979663, 38.464834680608192 ], [ -121.520860625932258, 38.46483468109534 ], [ -121.520860625661484, 38.463666871374294 ], [ -121.521399614279773, 38.46357703969985 ], [ -121.521669109534315, 38.462948218724641 ], [ -121.521669108154967, 38.462678724672848 ], [ -121.521130120225308, 38.462049903759656 ], [ -121.52113011906377, 38.461600746536845 ], [ -121.521399614294353, 38.461600745673742 ], [ -121.521399615085258, 38.460253272960138 ], [ -121.521669109057186, 38.459983778222409 ], [ -121.524094560426875, 38.459983778450741 ], [ -121.52409456067754, 38.459354957525676 ], [ -121.524364055181309, 38.45935495783457 ], [ -121.524364055660214, 38.45908546312635 ], [ -121.52472338214163, 38.458815968585817 ], [ -121.525262370644, 38.458815968830969 ], [ -121.525711528217826, 38.459085463098269 ], [ -121.525621696791987, 38.459983778403299 ], [ -121.526789506842434, 38.459983778140497 ], [ -121.527059001145233, 38.459714283783647 ], [ -121.527148833337407, 38.459354957942423 ], [ -121.527148831713561, 38.460253273171297 ], [ -121.527418325785689, 38.460253273145575 ], [ -121.527687821850947, 38.460612598619839 ], [ -121.527777653580586, 38.461241419701402 ], [ -121.527777653778983, 38.462409229724656 ], [ -121.527687822041543, 38.462768555776897 ], [ -121.527418327170849, 38.462948218635134 ], [ -121.52750815957404, 38.463846534146377 ], [ -121.527687821592039, 38.464205860029892 ], [ -121.527687821806211, 38.465104175305058 ], [ -121.526250517116438, 38.465194006748845 ], [ -121.526160686261235, 38.465373670425926 ], [ -121.524364055165407, 38.465373670226896 ], [ -121.524364055804668, 38.466002490493771 ], [ -121.524723381124076, 38.466002490883263 ], [ -121.524723381386494, 38.466541479641442 ], [ -121.523465738111057, 38.46842794287253 ], [ -121.522657256969069, 38.468787268027235 ], [ -121.522118267420026, 38.470224572842817 ], [ -121.521669109339356, 38.470494067568829 ], [ -121.521669108183744, 38.47121271935373 ], [ -121.520860625313929, 38.472021203059143 ], [ -121.520860626258226, 38.4722906974783 ], [ -121.521130120111067, 38.472290697511283 ], [ -121.521130119861354, 38.473009349824672 ] ] ] } },
{ "type": "Feature", "properties": { "csb_id": "061825015517916", "acres": 12.142394701612, "geoid": "06113" }, "geometry": { "type": "Polygon", "coordinates": [ [ [ -121.54215069894191, 38.46178040964211 ], [ -121.54062356221273, 38.461151588185778 ], [ -121.539725246531972, 38.461151588429807 ], [ -121.539365920411029, 38.460882093672588 ], [ -121.539365919909216, 38.460612599493814 ], [ -121.539725247347235, 38.460612599125348 ], [ -121.539725246811201, 38.459983778582362 ], [ -121.540893056469159, 38.459983778002261 ], [ -121.54089305663949, 38.459085463396463 ], [ -121.541521877844502, 38.459085463209114 ], [ -121.541611707411647, 38.459714283751175 ], [ -121.542420192778792, 38.459983777999469 ], [ -121.542420192594875, 38.460612598979836 ], [ -121.542689687731666, 38.460882093955803 ], [ -121.543049013986135, 38.46088209368169 ], [ -121.543049013006424, 38.461510914120787 ], [ -121.542150698852467, 38.461510915053822 ], [ -121.54215069894191, 38.46178040964211 ] ] ] } },
{ "type": "Feature", "properties": { "csb_id": "061825015517933", "acres": 18.402208042303801, "geoid": "06113" }, "geometry": { "type": "Polygon", "coordinates": [ [ [ -121.529484452338892, 38.46088209371586 ], [ -121.529214957765433, 38.460882093248678 ], [ -121.529214958280633, 38.461151587826159 ], [ -121.527687822609821, 38.461151588224986 ], [ -121.527687821850947, 38.460612598619839 ], [ -121.527418325785689, 38.460253273145575 ], [ -121.527148831713561, 38.460253273171297 ], [ -121.527148833337407, 38.459354957942423 ], [ -121.527418327452423, 38.459354957206358 ], [ -121.527418327659817, 38.45908546294784 ], [ -121.52831664249085, 38.459085463011476 ], [ -121.528316642741132, 38.45881596804184 ], [ -121.527777653286662, 38.458815968402853 ], [ -121.527777653390956, 38.458456642693605 ], [ -121.528855632085808, 38.457917653410739 ], [ -121.529484452373012, 38.458007485127432 ], [ -121.529304789897751, 38.458187147273229 ], [ -121.530382767929254, 38.458187147564431 ], [ -121.530382768430286, 38.459714283662684 ], [ -121.530113272768347, 38.45971428352675 ], [ -121.529843779125613, 38.459983778478971 ], [ -121.529843778559439, 38.461151588265224 ], [ -121.529484453036758, 38.46115158939029 ], [ -121.529484452338892, 38.46088209371586 ] ] ] } },
{ "type": "Feature", "properties": { "csb_id": "061825015517955", "acres": 3.74810567051082, "geoid": "06113" }, "geometry": { "type": "Polygon", "coordinates": [ [ [ -121.530382767529829, 38.459354957309166 ], [ -121.530382767929254, 38.458187147564431 ], [ -121.531640409407075, 38.458187147304777 ], [ -121.531909904107408, 38.458456642687146 ], [ -121.531909903538889, 38.459085463115144 ], [ -121.531281082997026, 38.459085463158189 ], [ -121.531281082687983, 38.45935495767781 ], [ -121.530382767529829, 38.459354957309166 ] ] ] } },
{ "type": "Feature", "properties": { "csb_id": "061825015517962", "acres": 30.003850842845299, "geoid": "06113" }, "geometry": { "type": "Polygon", "coordinates": [ [ [ -121.53882693225097, 38.460882094442191 ], [ -121.538198111337195, 38.460612599900095 ], [ -121.53792861663274, 38.460253274150453 ], [ -121.537569289954462, 38.460253273194496 ], [ -121.537569290258261, 38.460882094483338 ], [ -121.535772659168558, 38.460882093359487 ], [ -121.535233670426422, 38.460612598582706 ], [ -121.535233670279936, 38.45998377873839 ], [ -121.536131985623811, 38.459085462599411 ], [ -121.536131985199376, 38.458187147550319 ], [ -121.537120132799586, 38.45827697988026 ], [ -121.537299795761115, 38.458456643369004 ], [ -121.538826932268933, 38.458456643154491 ], [ -121.539365921163849, 38.458187147849863 ], [ -121.540354067438628, 38.458187147742727 ], [ -121.540713394177857, 38.457917653248082 ], [ -121.541521877306451, 38.458187148033673 ], [ -121.541521877844502, 38.459085463209114 ], [ -121.54089305663949, 38.459085463396463 ], [ -121.540893056469159, 38.459983778002261 ], [ -121.539725246811201, 38.459983778582362 ], [ -121.539725247347235, 38.460612599125348 ], [ -121.539365919909216, 38.460612599493814 ], [ -121.539365920411029, 38.460882093672588 ], [ -121.53882693225097, 38.460882094442191 ] ] ] } },
{ "type": "Feature", "properties": { "csb_id": "061825015517972", "acres": 7.0807585885454802, "geoid": "06113" }, "geometry": { "type": "Polygon", "coordinates": [ [ [ -121.53397602836985, 38.460882093741603 ], [ -121.533976028361536, 38.460253274310219 ], [ -121.534874344627539, 38.459714283833755 ], [ -121.534874343890124, 38.458815968428908 ], [ -121.535323502219356, 38.457917653042948 ], [ -121.535772659362422, 38.457917652766852 ], [ -121.536131985199376, 38.458187147550319 ], [ -121.536131985623811, 38.459085462599411 ], [ -121.535233670279936, 38.45998377873839 ], [ -121.535233670426422, 38.460612598582706 ], [ -121.534874344249587, 38.460612599467289 ], [ -121.53487434396321, 38.460882094007431 ], [ -121.53397602836985, 38.460882093741603 ] ] ] } },
{ "type": "Feature", "properties": { "csb_id": "061825015517977", "acres": 18.1994983931849, "geoid": "06113" }, "geometry": { "type": "Polygon", "coordinates": [ [ [ -121.53253872385703, 38.460612599162282 ], [ -121.532538724251879, 38.459714284051856 ], [ -121.531909904085708, 38.459714283302283 ], [ -121.531909904107408, 38.458456642687146 ], [ -121.532538724943706, 38.458456641928663 ], [ -121.532538723166056, 38.458187147793055 ], [ -121.532179397032067, 38.458187147962185 ], [ -121.532179397691081, 38.457917653589043 ], [ -121.533077714143687, 38.45791765350166 ], [ -121.533077713730194, 38.457648158654067 ], [ -121.534604849458816, 38.457648158305993 ], [ -121.534604849777125, 38.457288832842849 ], [ -121.535323502360299, 38.457558326870249 ], [ -121.53523367014796, 38.458276978900948 ], [ -121.534874343890124, 38.458815968428908 ], [ -121.534874344627539, 38.459714283833755 ], [ -121.533976028361536, 38.460253274310219 ], [ -121.533976028306242, 38.460612599051828 ], [ -121.53253872385703, 38.460612599162282 ] ] ] } },
{ "type": "Feature", "properties": { "csb_id": "061825015517978", "acres": 25.608688489892302, "geoid": "06113" }, "geometry": { "type": "Polygon", "coordinates": [ [ [ -121.521130120757306, 38.459354957876343 ], [ -121.521130120632478, 38.45971428407141 ], [ -121.521399615117147, 38.459714283745029 ], [ -121.52139961503606, 38.459354957313288 ], [ -121.521130120757306, 38.459354957876343 ], [ -121.521130120266079, 38.457558327117788 ], [ -121.521399614549154, 38.457378665161947 ], [ -121.52292675127606, 38.457288831999783 ], [ -121.522926751702897, 38.457558327249743 ], [ -121.52319624567852, 38.457558326971686 ], [ -121.523465740328106, 38.457917652716304 ], [ -121.523465740199072, 38.458187147577739 ], [ -121.523196246141964, 38.45818714797165 ], [ -121.523196245183044, 38.458815968343963 ], [ -121.523465740179049, 38.459354957903827 ], [ -121.52409456067754, 38.459354957525676 ], [ -121.524094560426875, 38.459983778450741 ], [ -121.521669109057186, 38.459983778222409 ], [ -121.521399614471093, 38.460343104470766 ], [ -121.519692816633167, 38.460343104460378 ], [ -121.51843517466807, 38.459804115377871 ], [ -121.516638544075946, 38.459804115625374 ], [ -121.516369049724446, 38.459444788853403 ], [ -121.515201239222648, 38.459444789443971 ], [ -121.516908038309737, 38.459354957526337 ], [ -121.516908039096563, 38.459714283761713 ], [ -121.517177532742707, 38.459714283593286 ], [ -121.517447028034908, 38.459354957373797 ], [ -121.51744702828114, 38.458187147920903 ], [ -121.517806353370844, 38.458187147440995 ], [ -121.517806354465918, 38.458815968666961 ], [ -121.519602984931424, 38.458815968487627 ], [ -121.519602984876855, 38.459354957684333 ], [ -121.521130120757306, 38.459354957876343 ] ], [ [ -121.522297930706344, 38.45800748497814 ], [ -121.522118266186681, 38.457917654363627 ], [ -121.522118267261803, 38.458007484779387 ], [ -121.522297930706344, 38.45800748497814 ] ] ] } },
{ "type": "Feature", "properties": { "csb_id": "061825015518036", "acres": 7.9696457522915098, "geoid": "06113" }, "geometry": { "type": "Polygon", "coordinates": [ [ [ -121.579969771509795, 38.458456642779048 ], [ -121.578442635742007, 38.45818714757192 ], [ -121.578442635526756, 38.457917653321374 ], [ -121.579071456312263, 38.45791765289885 ], [ -121.579071456967199, 38.457558327299381 ], [ -121.578173141222706, 38.457558326607099 ], [ -121.578173140883194, 38.457288832591949 ], [ -121.578442635088621, 38.457288832461131 ], [ -121.578442635550388, 38.456390517104253 ], [ -121.57871213041345, 38.456390517392492 ], [ -121.578712130595477, 38.456929506376291 ], [ -121.579610445746653, 38.456929506253353 ], [ -121.57961044550386, 38.457288832329731 ], [ -121.579969771211935, 38.457558327314999 ], [ -121.580868086494945, 38.457558327039585 ], [ -121.581137581552369, 38.457917653287147 ], [ -121.581227413334261, 38.45827697924711 ], [ -121.580868084613385, 38.458456642533285 ], [ -121.580868086480422, 38.459085462881553 ], [ -121.580598592244442, 38.459085463215807 ], [ -121.579969771509795, 38.458456642779048 ] ] ] } },
{ "type": "Feature", "properties": { "csb_id": "061825015518049", "acres": 46.320876786082202, "geoid": "06113" }, "geometry": { "type": "Polygon", "coordinates": [ [ [ -121.528316642874969, 38.456031192099246 ], [ -121.52777765309699, 38.456031191324541 ], [ -121.527777653503946, 38.456480349977937 ], [ -121.528316642875524, 38.456390517431267 ], [ -121.528316642874969, 38.456031192099246 ], [ -121.528586137456912, 38.456031190742308 ], [ -121.528586136855054, 38.456390517408046 ], [ -121.528855632256963, 38.45639051741886 ], [ -121.528855631760166, 38.456929506361426 ], [ -121.528586136914058, 38.456929506737232 ], [ -121.528586137120485, 38.457288832302538 ], [ -121.528316642375486, 38.457288832712258 ], [ -121.527957317182171, 38.457558327050073 ], [ -121.527957316960752, 38.458007484212416 ], [ -121.527418327095774, 38.458187147471435 ], [ -121.527508158004878, 38.458456641485078 ], [ -121.527777653390956, 38.458456642693605 ], [ -121.527777653286662, 38.458815968402853 ], [ -121.528316642741132, 38.45881596804184 ], [ -121.52831664249085, 38.459085463011476 ], [ -121.527418327659817, 38.45908546294784 ], [ -121.527059001639358, 38.458815969023412 ], [ -121.527148833337407, 38.459354957942423 ], [ -121.527059001145233, 38.459714283783647 ], [ -121.526789506842434, 38.459983778140497 ], [ -121.525891191182822, 38.459983778663243 ], [ -121.525711528650518, 38.459714284048843 ], [ -121.525711528217826, 38.459085463098269 ], [ -121.525262370644, 38.458815968830969 ], [ -121.52472338214163, 38.458815968585817 ], [ -121.524364055660214, 38.45908546312635 ], [ -121.524364055181309, 38.45935495783457 ], [ -121.523465740179049, 38.459354957903827 ], [ -121.523196245183044, 38.458815968343963 ], [ -121.523196246137388, 38.458456642595557 ], [ -121.523465738954712, 38.458456642675102 ], [ -121.523465740328106, 38.457917652716304 ], [ -121.52319624567852, 38.457558326971686 ], [ -121.522926751702897, 38.457558327249743 ], [ -121.52292675127606, 38.457288831999783 ], [ -121.52319624568311, 38.457288832345249 ], [ -121.523465740030204, 38.456929507207128 ], [ -121.523465740159182, 38.456660012342063 ], [ -121.522297930056709, 38.456390516938754 ], [ -121.52211826786052, 38.455851527889543 ], [ -121.522926751507711, 38.455761696299234 ], [ -121.52292675051217, 38.456031190930283 ], [ -121.523825066770385, 38.456031191428515 ], [ -121.523825066693462, 38.45576169632394 ], [ -121.524094561373303, 38.455582032984822 ], [ -121.52562169723474, 38.455582033007715 ], [ -121.525711528661603, 38.455132875349129 ], [ -121.527059001140728, 38.455132875713637 ], [ -121.526879338852396, 38.455222707264319 ], [ -121.526879338085536, 38.455492202157515 ], [ -121.527957316794527, 38.455492202152584 ], [ -121.528047148363555, 38.455222707778802 ], [ -121.52831664281743, 38.455222708257999 ], [ -121.528316642874969, 38.456031192099246 ] ], [ [ -121.527148833664313, 38.456929507181279 ], [ -121.527418326975308, 38.456929505647999 ], [ -121.52741832779671, 38.456660013102855 ], [ -121.527148833133268, 38.456660011432177 ], [ -121.527148833664313, 38.456929507181279 ] ] ] } },
{ "type": "Feature", "properties": { "csb_id": "061825015518058", "acres": 86.362369368668894, "geoid": "06113" }, "geometry": { "type": "Polygon", "coordinates": [ [ [ -121.521130120757306, 38.459354957876343 ], [ -121.519602984876855, 38.459354957684333 ], [ -121.519602984931424, 38.458815968487627 ], [ -121.517806354465918, 38.458815968666961 ], [ -121.517806353370844, 38.458187147440995 ], [ -121.51744702828114, 38.458187147920903 ], [ -121.517447028034908, 38.459354957373797 ], [ -121.517177532742707, 38.459714283593286 ], [ -121.516908039096563, 38.459714283761713 ], [ -121.516908038309737, 38.459354957526337 ], [ -121.513943598899687, 38.459354957925235 ], [ -121.513943597694379, 38.459983778151305 ], [ -121.513404610290991, 38.459983779087693 ], [ -121.513045282207798, 38.459804116336493 ], [ -121.513045282093913, 38.459444789350385 ], [ -121.51367410259958, 38.459444789564309 ], [ -121.513674103931777, 38.45917529468916 ], [ -121.513314776178646, 38.458905800373188 ], [ -121.511787641434054, 38.458815968724302 ], [ -121.511248652770405, 38.45845664180171 ], [ -121.509452021311105, 38.458007484518802 ], [ -121.50756555784055, 38.458007485426847 ], [ -121.507565557097195, 38.457648158715031 ], [ -121.506487580480368, 38.45764815914972 ], [ -121.506397749690706, 38.458276979146305 ], [ -121.505858760118258, 38.458276979810847 ], [ -121.505589265648666, 38.458007483962803 ], [ -121.50558926567119, 38.457648159143751 ], [ -121.50424179342086, 38.457558326882477 ], [ -121.504241790403228, 38.456660012042981 ], [ -121.504601118347622, 38.45666001178823 ], [ -121.50460111904053, 38.455761696144023 ], [ -121.50514010748401, 38.455132875739814 ], [ -121.506397749873329, 38.455132875654826 ], [ -121.506397749422447, 38.454953212454718 ], [ -121.50675707510598, 38.454953212945391 ], [ -121.507296065148623, 38.455492201756904 ], [ -121.507835054578209, 38.455761696270393 ], [ -121.509092695992479, 38.455851528043979 ], [ -121.509721516175233, 38.456390517589796 ], [ -121.510619831075886, 38.456390517493368 ], [ -121.511158818169363, 38.456660012133781 ], [ -121.511518147286083, 38.456660011816666 ], [ -121.512057135527598, 38.456031190731963 ], [ -121.512775787818995, 38.456031191165927 ], [ -121.512775788535563, 38.456390516831569 ], [ -121.514302922893975, 38.456480348986133 ], [ -121.514302924682596, 38.456749842772155 ], [ -121.515201239418317, 38.456749843557766 ], [ -121.515201239951708, 38.457109169006507 ], [ -121.516997870370801, 38.457109169255325 ], [ -121.516997870301239, 38.457378663685766 ], [ -121.517896185190594, 38.457378664009283 ], [ -121.517896185886471, 38.457648158052123 ], [ -121.521130120266079, 38.457558327117788 ], [ -121.521130120757306, 38.459354957876343 ] ] ] } },
{ "type": "Feature", "properties": { "csb_id": "061825015518061", "acres": 6.3083054464764601, "geoid": "06113" }, "geometry": { "type": "Polygon", "coordinates": [ [ [ -121.528586136855054, 38.456390517408046 ], [ -121.528586137456912, 38.456031190742308 ], [ -121.528316642874969, 38.456031192099246 ], [ -121.52831664281743, 38.455222708257999 ], [ -121.528047148363555, 38.455222707778802 ], [ -121.52795731578324, 38.454953213998607 ], [ -121.528316642509893, 38.454863382061006 ], [ -121.528316641337796, 38.454593886455513 ], [ -121.528945462461053, 38.454593886757095 ], [ -121.528945461821479, 38.454324392397425 ], [ -121.529214958047618, 38.454324391685162 ], [ -121.529304789865535, 38.454683718047598 ], [ -121.529843778164874, 38.454863381219212 ], [ -121.529843778714067, 38.456031190832221 ], [ -121.52948445287312, 38.456390517424879 ], [ -121.528586136855054, 38.456390517408046 ] ] ] } },
{ "type": "Feature", "properties": { "csb_id": "061825015518068", "acres": 5.4581362221503804, "geoid": "06113" }, "geometry": { "type": "Polygon", "coordinates": [ [ [ -121.580239265637758, 38.456390517026719 ], [ -121.579340951062392, 38.455761696711072 ], [ -121.579340951338395, 38.455132875895224 ], [ -121.580598591845828, 38.45513287587044 ], [ -121.580868086698459, 38.45495321280508 ], [ -121.58095791864578, 38.457288832752333 ], [ -121.580239265585575, 38.457288832353818 ], [ -121.580239265637758, 38.456390517026719 ] ] ] } },
{ "type": "Feature", "properties": { "csb_id": "061825015518078", "acres": 12.1528610274352, "geoid": "06113" }, "geometry": { "type": "Polygon", "coordinates": [ [ [ -121.534604849777125, 38.457288832842849 ], [ -121.534604850151482, 38.455132875733277 ], [ -121.534874344419734, 38.455132875720196 ], [ -121.534874344706054, 38.454863381163513 ], [ -121.535233670498229, 38.454863380852572 ], [ -121.535233670351772, 38.454234560969127 ], [ -121.535503165481813, 38.453965065557391 ], [ -121.536131985992782, 38.453965066109276 ], [ -121.536131985307819, 38.45369557169851 ], [ -121.536401480287864, 38.45369557169888 ], [ -121.536670974588887, 38.453965066231206 ], [ -121.536670974717993, 38.454234560254683 ], [ -121.535862491408054, 38.454324391943587 ], [ -121.535862491371901, 38.454683717742796 ], [ -121.53640148017746, 38.454683718270601 ], [ -121.536401480251996, 38.455582033204706 ], [ -121.536670974781401, 38.456031191544056 ], [ -121.536670975492186, 38.456660012062812 ], [ -121.535503165551589, 38.456660011700592 ], [ -121.535503164493662, 38.457378663665033 ], [ -121.535323502360299, 38.457558326870249 ], [ -121.534604849777125, 38.457288832842849 ] ] ] } },
{ "type": "Feature", "properties": { "csb_id": "061825015518088", "acres": 17.446658993926, "geoid": "06113" }, "geometry": { "type": "Polygon", "coordinates": [ [ [ -121.540713394177857, 38.457917653248082 ], [ -121.540354067438628, 38.458187147742727 ], [ -121.540354067589689, 38.457648159431521 ], [ -121.539186258228682, 38.457648159043799 ], [ -121.53918625793213, 38.45710916894712 ], [ -121.538557436679412, 38.457109170081502 ], [ -121.537659121933558, 38.456480348674113 ], [ -121.537659121824078, 38.456210854807075 ], [ -121.538287942255167, 38.456210854018195 ], [ -121.53828794250289, 38.455222708510746 ], [ -121.538916763833328, 38.454953213197385 ], [ -121.538916763234923, 38.454324393177117 ], [ -121.539365920615168, 38.454324391733145 ], [ -121.539725247770377, 38.454593888714733 ], [ -121.539994740897413, 38.45459388657833 ], [ -121.540354067399875, 38.455132875858666 ], [ -121.540354067773322, 38.455492201617567 ], [ -121.540623561686459, 38.45603119105489 ], [ -121.541252383066251, 38.456031192191773 ], [ -121.541252383207691, 38.456660011926203 ], [ -121.540893056769434, 38.456660012322928 ], [ -121.540623562173266, 38.456929506699517 ], [ -121.540893056599131, 38.457558326951705 ], [ -121.541252382980375, 38.45755832750261 ], [ -121.541252383428983, 38.458187148086701 ], [ -121.540713394177857, 38.457917653248082 ] ] ] } },
{ "type": "Feature", "properties": { "csb_id": "061825015518102", "acres": 530.27480587312004, "geoid": "06113" }, "geometry": { "type": "Polygon", "coordinates": [ [ [ -121.581137580121833, 38.472560192513541 ], [ -121.578173141083226, 38.472650024075556 ], [ -121.578173140307342, 38.472919518293011 ], [ -121.577544320592864, 38.472919517988956 ], [ -121.577544318912061, 38.47265002386041 ], [ -121.573681564247167, 38.472560192146936 ], [ -121.573681563854251, 38.472919518502529 ], [ -121.573322237829842, 38.472919518684485 ], [ -121.573052743130319, 38.472650023959808 ], [ -121.572154428757131, 38.472650023976477 ], [ -121.57215442821547, 38.472290697560481 ], [ -121.57098661847894, 38.47211103462967 ], [ -121.570986618600429, 38.471482214377112 ], [ -121.571345944654482, 38.471482213946544 ], [ -121.571345945154718, 38.471751708107739 ], [ -121.572244259862089, 38.471751708794478 ], [ -121.57224426053665, 38.47211103435162 ], [ -121.574040890913452, 38.472111034410354 ], [ -121.574310385115012, 38.471482213810312 ], [ -121.574310385696137, 38.470583898208403 ], [ -121.574040890325406, 38.470583898586803 ], [ -121.574040890336732, 38.471212719760914 ], [ -121.573771396307208, 38.471212719698464 ], [ -121.573142575889406, 38.470853392997277 ], [ -121.573142575981663, 38.470314404405165 ], [ -121.571884933567802, 38.4703144038237 ], [ -121.571884934406697, 38.471212719280665 ], [ -121.57134594526967, 38.471212719547722 ], [ -121.571345945038715, 38.470853392979862 ], [ -121.571615439554918, 38.470853393333833 ], [ -121.571615439788999, 38.469955078349066 ], [ -121.570986618447847, 38.469685583192678 ], [ -121.570447630004679, 38.469685583623054 ], [ -121.570447629739547, 38.469955078173314 ], [ -121.569818808922392, 38.469955078340767 ], [ -121.569549314393697, 38.469685583748507 ], [ -121.569549314379827, 38.468787267716522 ], [ -121.569189987963156, 38.468787268572378 ], [ -121.569189987861876, 38.471122887652854 ], [ -121.568920493188187, 38.471212719087013 ], [ -121.568920493498908, 38.471482214168759 ], [ -121.56918998793239, 38.472021202721926 ], [ -121.569728977011479, 38.472380529758993 ], [ -121.569189987997675, 38.472560192496374 ], [ -121.568291671683639, 38.472560192770494 ], [ -121.568201841373465, 38.472919518175729 ], [ -121.567662852526169, 38.472919518114658 ], [ -121.567662851586334, 38.47256019276503 ], [ -121.567303526167962, 38.472560192304464 ], [ -121.567303525156063, 38.472380529006386 ], [ -121.566764536423548, 38.47265002392281 ], [ -121.565506893931598, 38.472290697712005 ], [ -121.563261106326564, 38.472380529457809 ], [ -121.563261105814419, 38.471122888612186 ], [ -121.562542455606078, 38.470224572553889 ], [ -121.562542454220662, 38.469326257494174 ], [ -121.562811949239304, 38.469326257287925 ], [ -121.562811949433097, 38.468877100141789 ], [ -121.56344076973447, 38.468697436270098 ], [ -121.563440768969201, 38.46896693100274 ], [ -121.563710264704241, 38.468966931175295 ], [ -121.564069591111135, 38.468697436616189 ], [ -121.5640695895638, 38.468427941883022 ], [ -121.56433908504691, 38.468158447815775 ], [ -121.565866220794831, 38.468068616236749 ], [ -121.566405210839122, 38.467170300134484 ], [ -121.567034030530962, 38.467170300511278 ], [ -121.567662850998275, 38.466900806118325 ], [ -121.567932345833299, 38.46654147996901 ], [ -121.567932345810476, 38.466271985589017 ], [ -121.567662850719259, 38.466271985513544 ], [ -121.567662851555596, 38.465643164668364 ], [ -121.56856116588736, 38.46420586015207 ], [ -121.568830662417966, 38.464205860043414 ], [ -121.568920493797577, 38.465104175091064 ], [ -121.569459482312453, 38.465104175084548 ], [ -121.569728977575409, 38.464744849035881 ], [ -121.569728976063416, 38.464295691551797 ], [ -121.569100155602612, 38.464205860056943 ], [ -121.568830661636412, 38.463846534344931 ], [ -121.568830660867945, 38.463307545246316 ], [ -121.569100155517958, 38.463307545171283 ], [ -121.569100156097122, 38.46267872451876 ], [ -121.568650998359175, 38.462768557093625 ], [ -121.568561167843754, 38.46303805135333 ], [ -121.568291673069496, 38.463038050486823 ], [ -121.569406320634371, 38.461188279762339 ], [ -121.569998471270338, 38.460882093483129 ], [ -121.570627291459502, 38.460882093561516 ], [ -121.571256113516768, 38.460612598589307 ], [ -121.57125611223168, 38.46034310464082 ], [ -121.570357796900325, 38.459714284346354 ], [ -121.570357797341103, 38.459085463257672 ], [ -121.570088303796041, 38.459085462671247 ], [ -121.570088302517178, 38.459354958106132 ], [ -121.569909341516166, 38.459264424540997 ], [ -121.569728976290918, 38.45845664263728 ], [ -121.569818808674867, 38.4588159687287 ], [ -121.570088303151934, 38.458815968570072 ], [ -121.570357797781867, 38.458456642164897 ], [ -121.570357797702783, 38.457558326726037 ], [ -121.571256111652943, 38.455761696399989 ], [ -121.571256112985239, 38.454234561177977 ], [ -121.571525607266636, 38.454234560813198 ], [ -121.572154427424294, 38.453695572374798 ], [ -121.572154427997972, 38.453336245659685 ], [ -121.572423922433657, 38.453066751140135 ], [ -121.572783249530403, 38.453066750231699 ], [ -121.572783249432007, 38.453336244764778 ], [ -121.573681564112178, 38.453336245278635 ], [ -121.573681563719347, 38.453695571696805 ], [ -121.574220554157478, 38.453965066191898 ], [ -121.576017183202637, 38.453965066196631 ], [ -121.576017184193319, 38.453336244803587 ], [ -121.576646004895167, 38.45333624563785 ], [ -121.57664600442358, 38.453695571462291 ], [ -121.576915499282052, 38.453965065761878 ], [ -121.577274826167482, 38.453965065693872 ], [ -121.577274825477986, 38.453695571519283 ], [ -121.579610444278714, 38.453695571352071 ], [ -121.579610443212189, 38.453965066801771 ], [ -121.579969771443302, 38.453965065992527 ], [ -121.57996977139041, 38.454234560581313 ], [ -121.581227412709396, 38.454324392103473 ], [ -121.581227413430824, 38.454863381218594 ], [ -121.580598591845828, 38.45513287587044 ], [ -121.579340951338395, 38.455132875895224 ], [ -121.579340951062392, 38.455761696711072 ], [ -121.580239265637758, 38.456390517026719 ], [ -121.580239265585575, 38.457288832353818 ], [ -121.580868086897908, 38.457288832609201 ], [ -121.580868086494945, 38.457558327039585 ], [ -121.579969771211935, 38.457558327314999 ], [ -121.57961044550386, 38.457288832329731 ], [ -121.579610445746653, 38.456929506253353 ], [ -121.578712130595477, 38.456929506376291 ], [ -121.57871213041345, 38.456390517392492 ], [ -121.578442635550388, 38.456390517104253 ], [ -121.578442635088621, 38.457288832461131 ], [ -121.578173140883194, 38.457288832591949 ], [ -121.578173141222706, 38.457558326607099 ], [ -121.579071456967199, 38.457558327299381 ], [ -121.579071456312263, 38.45791765289885 ], [ -121.578442635526756, 38.457917653321374 ], [ -121.578442635742007, 38.45818714757192 ], [ -121.578712129935369, 38.458276979059249 ], [ -121.578532466646578, 38.458815968231818 ], [ -121.578532466716212, 38.459983778048347 ], [ -121.578801960222577, 38.461241419791712 ], [ -121.578442634579503, 38.461241420161549 ], [ -121.578442636186395, 38.462948218812336 ], [ -121.578173141359699, 38.462948218350284 ], [ -121.57817314090839, 38.463577039798118 ], [ -121.578442635639846, 38.464205859836106 ], [ -121.578442635178007, 38.465104175124246 ], [ -121.578712129909391, 38.465373670267034 ], [ -121.579071455930873, 38.465373670564482 ], [ -121.579340950274101, 38.465104175156085 ], [ -121.582664717249017, 38.465104175481692 ], [ -121.582664716892282, 38.466002490644719 ], [ -121.58293421132197, 38.466900806020369 ], [ -121.582754547863559, 38.468697436915775 ], [ -121.581766401799143, 38.470763561886066 ], [ -121.581496906333484, 38.472021203590174 ], [ -121.581137580121833, 38.472560192513541 ] ], [ [ -121.569549314308262, 38.462948218440985 ], [ -121.569728976645337, 38.462768555986287 ], [ -121.569728976666042, 38.462678724049148 ], [ -121.569459480367456, 38.46267872449063 ], [ -121.569549314308262, 38.462948218440985 ] ], [ [ -121.569459480401605, 38.462049904220201 ], [ -121.569459481762294, 38.461780409266844 ], [ -121.569100156820198, 38.461780408523431 ], [ -121.569100156676285, 38.462049903862543 ], [ -121.569459480401605, 38.462049904220201 ] ], [ [ -121.569728977665278, 38.461510914256969 ], [ -121.57008830190108, 38.461510914886958 ], [ -121.57008830306782, 38.461151588379522 ], [ -121.569728976919677, 38.461241419539405 ], [ -121.569549313401723, 38.461780408740346 ], [ -121.569728976180286, 38.461780409448224 ], [ -121.569728977665278, 38.461510914256969 ] ], [ [ -121.567932345634915, 38.472380529510765 ], [ -121.568022177004721, 38.472560192178072 ], [ -121.5680221778847, 38.472380529028662 ], [ -121.567932345634915, 38.472380529510765 ] ] ] } },
{ "type": "Feature", "properties": { "csb_id": "061825015518108", "acres": 39.086229927294703, "geoid": "06113" }, "geometry": { "type": "Polygon", "coordinates": [ [ [ -121.531640409407075, 38.458187147304777 ], [ -121.530113273114324, 38.45818714751551 ], [ -121.530113271833699, 38.45791765331645 ], [ -121.528855632085808, 38.457917653410739 ], [ -121.528586137120485, 38.457288832302538 ], [ -121.528586136914058, 38.456929506737232 ], [ -121.528855631760166, 38.456929506361426 ], [ -121.528855632256963, 38.45639051741886 ], [ -121.52948445287312, 38.456390517424879 ], [ -121.529843778714067, 38.456031190832221 ], [ -121.529843778164874, 38.454863381219212 ], [ -121.529304789865535, 38.454683718047598 ], [ -121.529214958047618, 38.454324391685162 ], [ -121.52930478940506, 38.45396506633378 ], [ -121.529484452507916, 38.453965066052902 ], [ -121.529574284314535, 38.453066750979616 ], [ -121.53038276824806, 38.452437929920023 ], [ -121.531281083648352, 38.452437929818316 ], [ -121.531281083566455, 38.45333624536314 ], [ -121.532179397821551, 38.45333624499478 ], [ -121.532538724833174, 38.45369557117845 ], [ -121.532538725042414, 38.454234560186457 ], [ -121.532269230036121, 38.454234560576353 ], [ -121.532179397962892, 38.454593886628658 ], [ -121.532179397932268, 38.45549220170134 ], [ -121.532179398036718, 38.456031191084627 ], [ -121.53226922979367, 38.455851528352945 ], [ -121.53253872486188, 38.455851528287049 ], [ -121.532538725071106, 38.456390517281676 ], [ -121.532179398208697, 38.456390517625017 ], [ -121.532179398665036, 38.456660011765912 ], [ -121.532808218568334, 38.457558326940664 ], [ -121.533077713730194, 38.457648158654067 ], [ -121.533077714143687, 38.45791765350166 ], [ -121.532179397691081, 38.457917653589043 ], [ -121.532179397032067, 38.458187147962185 ], [ -121.532538723166056, 38.458187147793055 ], [ -121.532538724943706, 38.458456641928663 ], [ -121.531909904107408, 38.458456642687146 ], [ -121.531640409407075, 38.458187147304777 ] ], [ [ -121.530203104517014, 38.453336245161083 ], [ -121.530113273821655, 38.453066750428917 ], [ -121.530113272871603, 38.453336245116432 ], [ -121.530203104517014, 38.453336245161083 ] ] ] } },
{ "type": "Feature", "properties": { "csb_id": "061825015518116", "acres": 24.547656212192098, "geoid": "06113" }, "geometry": { "type": "Polygon", "coordinates": [ [ [ -121.540893056599131, 38.457558326951705 ], [ -121.540623562173266, 38.456929506699517 ], [ -121.540893056769434, 38.456660012322928 ], [ -121.541252383207691, 38.456660011926203 ], [ -121.541252383066251, 38.456031192191773 ], [ -121.540623561686459, 38.45603119105489 ], [ -121.540354067773322, 38.455492201617567 ], [ -121.540354067399875, 38.455132875858666 ], [ -121.539994740897413, 38.45459388657833 ], [ -121.539725247770377, 38.454593888714733 ], [ -121.539725247327752, 38.454234560845443 ], [ -121.540623562535075, 38.453695571552593 ], [ -121.54062356204831, 38.452797255874245 ], [ -121.539994741340507, 38.452797256353854 ], [ -121.539994741838171, 38.452168435045536 ], [ -121.540354067252451, 38.452168435584625 ], [ -121.540623561868671, 38.451898941046231 ], [ -121.540623562404519, 38.451539614798023 ], [ -121.541521877786124, 38.451539614507865 ], [ -121.54152187688608, 38.451898940843499 ], [ -121.541791371790637, 38.451898940623778 ], [ -121.541791372169357, 38.453066750951216 ], [ -121.542150697640068, 38.453066750876118 ], [ -121.542420192342561, 38.453336245078482 ], [ -121.54251002457579, 38.454683717978767 ], [ -121.542689687274503, 38.45468371926227 ], [ -121.542779519390876, 38.455132875704443 ], [ -121.542689686990371, 38.455492201687065 ], [ -121.542420192563981, 38.45549220188866 ], [ -121.542420192037952, 38.456390516879047 ], [ -121.542150698447571, 38.456929506705016 ], [ -121.541521877668472, 38.456929506536781 ], [ -121.541252382541003, 38.457288832753342 ], [ -121.541252382980375, 38.45755832750261 ], [ -121.540893056599131, 38.457558326951705 ] ] ] } },
{ "type": "Feature", "properties": { "csb_id": "061825015518121", "acres": 27.9286566231712, "geoid": "06113" }, "geometry": { "type": "Polygon", "coordinates": [ [ [ -121.532808218568334, 38.457558326940664 ], [ -121.532179398665036, 38.456660011765912 ], [ -121.532179398208697, 38.456390517625017 ], [ -121.532538725071106, 38.456390517281676 ], [ -121.53253872486188, 38.455851528287049 ], [ -121.53226922979367, 38.455851528352945 ], [ -121.532179398036718, 38.456031191084627 ], [ -121.532179397932268, 38.45549220170134 ], [ -121.532179397962892, 38.454593886628658 ], [ -121.532269230036121, 38.454234560576353 ], [ -121.532538725042414, 38.454234560186457 ], [ -121.532538724833174, 38.45369557117845 ], [ -121.532179397821551, 38.45333624499478 ], [ -121.531281083566455, 38.45333624536314 ], [ -121.531281083648352, 38.452437929818316 ], [ -121.531999734927837, 38.452258266573665 ], [ -121.531999735132075, 38.451988772418879 ], [ -121.532179398578648, 38.451988772659114 ], [ -121.532179398511119, 38.452168435507993 ], [ -121.533077714013203, 38.452797256094556 ], [ -121.533976028805924, 38.452797255917034 ], [ -121.533976029428416, 38.453426077120291 ], [ -121.534425186412903, 38.453695571019175 ], [ -121.534425187235982, 38.454324392065992 ], [ -121.534874343877078, 38.454593886842844 ], [ -121.534874344419734, 38.455132875720196 ], [ -121.534604850151482, 38.455132875733277 ], [ -121.534604849458816, 38.457648158305993 ], [ -121.533077713730194, 38.457648158654067 ], [ -121.532808218568334, 38.457558326940664 ] ] ] } },
{ "type": "Feature", "properties": { "csb_id": "061825015518122", "acres": 5.7481613317653899, "geoid": "06113" }, "geometry": { "type": "Polygon", "coordinates": [ [ [ -121.528586137132493, 38.454593886495125 ], [ -121.528586137814173, 38.454324392135497 ], [ -121.528316642702862, 38.453965065895069 ], [ -121.528316643202842, 38.453066750579708 ], [ -121.527957315323405, 38.453066750615143 ], [ -121.527957316894856, 38.452797255627189 ], [ -121.528586137203504, 38.452437929960453 ], [ -121.528586137885171, 38.452168435593777 ], [ -121.528945463089912, 38.452168435208165 ], [ -121.529484452608671, 38.452797255638394 ], [ -121.529484452117146, 38.453695571217665 ], [ -121.52930478967491, 38.453695571498585 ], [ -121.529214958047618, 38.454324391685162 ], [ -121.528945461821479, 38.454324392397425 ], [ -121.528945462461053, 38.454593886757095 ], [ -121.528586137132493, 38.454593886495125 ] ] ] } },
{ "type": "Feature", "properties": { "csb_id": "061825015518126", "acres": 10.201574027822501, "geoid": "06113" }, "geometry": { "type": "Polygon", "coordinates": [ [ [ -121.51574022944834, 38.45674984489002 ], [ -121.515740228760151, 38.456480348823845 ], [ -121.516369048930585, 38.456480348466485 ], [ -121.516369049972965, 38.455582034532902 ], [ -121.515740229088436, 38.455582034826556 ], [ -121.515740228644916, 38.45522270694125 ], [ -121.516099555958078, 38.454953214161186 ], [ -121.516997871234366, 38.454953214642956 ], [ -121.517267365526223, 38.454683719494135 ], [ -121.517267364551572, 38.452887087556498 ], [ -121.517536859780449, 38.452887087416542 ], [ -121.517536859450459, 38.4534260781097 ], [ -121.518794500507283, 38.45342607696216 ], [ -121.518794500699144, 38.453785402534123 ], [ -121.519333489873262, 38.453785403136358 ], [ -121.519333489970379, 38.45405489751343 ], [ -121.519063995103537, 38.454054897818772 ], [ -121.519063995631996, 38.454324392818521 ], [ -121.518435174129692, 38.45432439170451 ], [ -121.518435174429172, 38.454953212420421 ], [ -121.517536860043791, 38.45495321482521 ], [ -121.517267364217517, 38.455222706261637 ], [ -121.516997870355922, 38.455582032987387 ], [ -121.516997870328595, 38.456480348341081 ], [ -121.516638544715235, 38.456749843412851 ], [ -121.51574022944834, 38.45674984489002 ] ] ] } },
{ "type": "Feature", "properties": { "csb_id": "061825015518161", "acres": 3.5455158567143599, "geoid": "06113" }, "geometry": { "type": "Polygon", "coordinates": [ [ [ -121.52625051774838, 38.45243793035538 ], [ -121.526520012194936, 38.452437929815694 ], [ -121.526789507074994, 38.452797256053849 ], [ -121.526520012321242, 38.453695571206339 ], [ -121.52526237066364, 38.453695571696286 ], [ -121.525262371260382, 38.452797255976407 ], [ -121.525891191631629, 38.452797255796952 ], [ -121.52625051774838, 38.45243793035538 ] ] ] } },
{ "type": "Feature", "properties": { "csb_id": "061825015518171", "acres": 23.137954261558001, "geoid": "06113" }, "geometry": { "type": "Polygon", "coordinates": [ [ [ -121.534425187235982, 38.454324392065992 ], [ -121.534425186412903, 38.453695571019175 ], [ -121.533976029428416, 38.453426077120291 ], [ -121.533976028805924, 38.452797255917034 ], [ -121.533077714013203, 38.452797256094556 ], [ -121.532179398511119, 38.452168435507993 ], [ -121.532179397426475, 38.451270120636117 ], [ -121.532538723334071, 38.451270120717211 ], [ -121.532808219374644, 38.450641298904351 ], [ -121.533077713857054, 38.450641299268135 ], [ -121.53307771403891, 38.449832815276245 ], [ -121.53289805080189, 38.449832815572819 ], [ -121.532898051048974, 38.449563320699184 ], [ -121.533437039864793, 38.449473489821273 ], [ -121.534065860040826, 38.449742983911484 ], [ -121.534065860223194, 38.450192141575414 ], [ -121.534604850265069, 38.450192141759693 ], [ -121.534335355539639, 38.45037180447239 ], [ -121.534335355374921, 38.451359951658148 ], [ -121.534425186341849, 38.451090456873033 ], [ -121.535323501858045, 38.451090457081676 ], [ -121.535323501909858, 38.451988772029786 ], [ -121.53577265957091, 38.452797256022379 ], [ -121.535772659720806, 38.453336245472229 ], [ -121.535503165253786, 38.453336245193576 ], [ -121.535503164878406, 38.453695571620294 ], [ -121.536131985307819, 38.45369557169851 ], [ -121.536131985992782, 38.453965066109276 ], [ -121.535503165481813, 38.453965065557391 ], [ -121.535233670351772, 38.454234560969127 ], [ -121.535233670498229, 38.454863380852572 ], [ -121.534874344706054, 38.454863381163513 ], [ -121.534874343877078, 38.454593886842844 ], [ -121.534425187235982, 38.454324392065992 ] ] ] } },
{ "type": "Feature", "properties": { "csb_id": "061825015518172", "acres": 15.4380282313446, "geoid": "06113" }, "geometry": { "type": "Polygon", "coordinates": [ [ [ -121.573681563719347, 38.453695571696805 ], [ -121.573681564112178, 38.453336245278635 ], [ -121.572783249432007, 38.453336244764778 ], [ -121.57278324962877, 38.452797255697739 ], [ -121.573052743638641, 38.452437929871188 ], [ -121.57332223873496, 38.452437929551493 ], [ -121.57332223827423, 38.452168435638278 ], [ -121.574220554176023, 38.452168435396786 ], [ -121.574220554045979, 38.451539614730713 ], [ -121.574579879461723, 38.451539614751802 ], [ -121.574579879819936, 38.451898941029484 ], [ -121.575478195801821, 38.451898941079804 ], [ -121.575478195807747, 38.451539614713404 ], [ -121.576017184815356, 38.451539614678381 ], [ -121.576017184913979, 38.451898940659163 ], [ -121.576376510283708, 38.451898940452935 ], [ -121.576646004851298, 38.452168435644573 ], [ -121.576646005294947, 38.452797256038153 ], [ -121.576376510801836, 38.453066750361195 ], [ -121.57601718447502, 38.453066750478612 ], [ -121.576017183202637, 38.453965066196631 ], [ -121.574220554157478, 38.453965066191898 ], [ -121.573681563719347, 38.453695571696805 ] ] ] } },
{ "type": "Feature", "properties": { "csb_id": "061825015518178", "acres": 20.123538618414099, "geoid": "06113" }, "geometry": { "type": "Polygon", "coordinates": [ [ [ -121.57996977139041, 38.454234560581313 ], [ -121.57996977180386, 38.453695572262966 ], [ -121.58023926610187, 38.453695571850659 ], [ -121.580239266461646, 38.452797257346326 ], [ -121.579969771506001, 38.452797256750351 ], [ -121.579969771515806, 38.451898942087823 ], [ -121.580239266513814, 38.451898941972104 ], [ -121.581137581534463, 38.451000626749327 ], [ -121.582035897233638, 38.451000625759143 ], [ -121.582035896356487, 38.451270120298496 ], [ -121.582664717724654, 38.451539615591237 ], [ -121.582934212457047, 38.451898940722174 ], [ -121.583024043594918, 38.453066750275397 ], [ -121.582664716014932, 38.453695571896148 ], [ -121.582664717142222, 38.453965065566507 ], [ -121.582934212354388, 38.453965065754915 ], [ -121.582934212550001, 38.454234560759033 ], [ -121.57996977139041, 38.454234560581313 ] ] ] } },
{ "type": "Feature", "properties": { "csb_id": "061825015518179", "acres": 18.867644142584901, "geoid": "06113" }, "geometry": { "type": "Polygon", "coordinates": [ [ [ -121.579610443212189, 38.453965066801771 ], [ -121.579610444278714, 38.453695571352071 ], [ -121.577274825477986, 38.453695571519283 ], [ -121.577274826167482, 38.453965065693872 ], [ -121.576915499282052, 38.453965065761878 ], [ -121.57664600442358, 38.453695571462291 ], [ -121.576646004895167, 38.45333624563785 ], [ -121.576017184193319, 38.453336244803587 ], [ -121.57601718447502, 38.453066750478612 ], [ -121.576376510801836, 38.453066750361195 ], [ -121.576646005294947, 38.452797256038153 ], [ -121.576646004851298, 38.452168435644573 ], [ -121.576376510283708, 38.451898940452935 ], [ -121.576017184913979, 38.451898940659163 ], [ -121.576017184815356, 38.451539614678381 ], [ -121.579340951251083, 38.451539614618966 ], [ -121.579340950802219, 38.451898940480866 ], [ -121.579969771515806, 38.451898942087823 ], [ -121.579969771506001, 38.452797256750351 ], [ -121.580239266461646, 38.452797257346326 ], [ -121.58023926610187, 38.453695571850659 ], [ -121.57996977180386, 38.453695572262966 ], [ -121.579969771443302, 38.453965065992527 ], [ -121.579610443212189, 38.453965066801771 ] ] ] } },
{ "type": "Feature", "properties": { "csb_id": "061825015518182", "acres": 3.9354556156276002, "geoid": "06113" }, "geometry": { "type": "Polygon", "coordinates": [ [ [ -121.555852286496986, 38.453181167131021 ], [ -121.555805090572122, 38.451090456802987 ], [ -121.55589492155373, 38.451359951378642 ], [ -121.556254247827468, 38.451539615063751 ], [ -121.556254247625233, 38.452437929965498 ], [ -121.556523742998166, 38.452437930234943 ], [ -121.556523742265682, 38.453066750259246 ], [ -121.556793237720314, 38.453066750413292 ], [ -121.556793237971632, 38.452797256317048 ], [ -121.558320373230714, 38.452887087989467 ], [ -121.558320373012094, 38.453246414091758 ], [ -121.555852286496986, 38.453181167131021 ] ] ] } },
{ "type": "Feature", "properties": { "csb_id": "061825015518188", "acres": 3.9223576777737201, "geoid": "06113" }, "geometry": { "type": "Polygon", "coordinates": [ [ [ -121.530742094385616, 38.452437929929722 ], [ -121.53074209413883, 38.45216843500247 ], [ -121.53101158935516, 38.452168436294848 ], [ -121.531011588964788, 38.45100062541924 ], [ -121.532179398893632, 38.45100062514414 ], [ -121.532179398578648, 38.451988772659114 ], [ -121.531999735132075, 38.451988772418879 ], [ -121.531999734927837, 38.452258266573665 ], [ -121.531640409591773, 38.452437930025638 ], [ -121.530742094385616, 38.452437929929722 ] ] ] } },
{ "type": "Feature", "properties": { "csb_id": "061825015518189", "acres": 22.113852228097901, "geoid": "06113" }, "geometry": { "type": "Polygon", "coordinates": [ [ [ -121.521669109525362, 38.454054897569279 ], [ -121.519962310533302, 38.453965066440688 ], [ -121.519962311241187, 38.452887087655704 ], [ -121.518435175026752, 38.452887087783004 ], [ -121.518435175174289, 38.452527761583646 ], [ -121.517447027517676, 38.452527761573712 ], [ -121.517177532427965, 38.451988772625107 ], [ -121.518435173164988, 38.45198877275508 ], [ -121.518435173980819, 38.451359951779814 ], [ -121.518165678985056, 38.451359952250748 ], [ -121.518075847113437, 38.450641299791492 ], [ -121.519602983296693, 38.450641300670853 ], [ -121.519602983799231, 38.451000626105106 ], [ -121.520231803583471, 38.451000625750751 ], [ -121.520591131356781, 38.450731131295363 ], [ -121.521130121020889, 38.450731131197067 ], [ -121.521399615432841, 38.451000625447868 ], [ -121.521399614786858, 38.451629446235707 ], [ -121.521669110146718, 38.451898940604188 ], [ -121.521489444943526, 38.451988772601496 ], [ -121.521489446687568, 38.452527761626612 ], [ -121.521669108730734, 38.452797256413035 ], [ -121.521669109525362, 38.454054897569279 ] ] ] } },
{ "type": "Feature", "properties": { "csb_id": "061825015518195", "acres": 4.6759899097106299, "geoid": "06113" }, "geometry": { "type": "Polygon", "coordinates": [ [ [ -121.54035406783818, 38.451270120363212 ], [ -121.540354067790716, 38.45064129942913 ], [ -121.540623561917769, 38.450641299095686 ], [ -121.540893056118534, 38.450371804498474 ], [ -121.540893056288866, 38.449473489792119 ], [ -121.541252382294772, 38.449473489406323 ], [ -121.541252382734072, 38.449742984180929 ], [ -121.54179137210852, 38.449742983831499 ], [ -121.541791372603768, 38.450641299806676 ], [ -121.541521877555269, 38.450641300113901 ], [ -121.541521877786124, 38.451539614507865 ], [ -121.540623562404519, 38.451539614798023 ], [ -121.54035406783818, 38.451270120363212 ] ] ] } },
{ "type": "Feature", "properties": { "csb_id": "061825015518197", "acres": 64.050762921139807, "geoid": "06113" }, "geometry": { "type": "Polygon", "coordinates": [ [ [ -121.526879338085536, 38.455492202157515 ], [ -121.526879338852396, 38.455222707264319 ], [ -121.527059001140728, 38.455132875713637 ], [ -121.525711528661603, 38.455132875349129 ], [ -121.52562169723474, 38.455582033007715 ], [ -121.524094561373303, 38.455582032984822 ], [ -121.523825066693462, 38.45576169632394 ], [ -121.523825066770385, 38.456031191428515 ], [ -121.52292675051217, 38.456031190930283 ], [ -121.522926751507711, 38.455761696299234 ], [ -121.522567424363032, 38.455761696163414 ], [ -121.52211826786052, 38.455851527889543 ], [ -121.522118267278501, 38.456031191155702 ], [ -121.521399615453191, 38.455761696361385 ], [ -121.521399614401574, 38.454683718112619 ], [ -121.52113011934091, 38.454683718785837 ], [ -121.521130120103251, 38.454234560194351 ], [ -121.521399614546425, 38.453965066068214 ], [ -121.521669109525362, 38.454054897569279 ], [ -121.521669108730734, 38.452797256413035 ], [ -121.521489446687568, 38.452527761626612 ], [ -121.521489444943526, 38.451988772601496 ], [ -121.522297928784042, 38.452168435704927 ], [ -121.522297930144134, 38.451539614984569 ], [ -121.523016582457132, 38.451090456690636 ], [ -121.523016583176883, 38.450731131146654 ], [ -121.524184392157764, 38.450461637414591 ], [ -121.524184391018309, 38.450731132149699 ], [ -121.524723380631016, 38.450731133000183 ], [ -121.524813212599796, 38.451629446048756 ], [ -121.527418328235939, 38.45162944819419 ], [ -121.527777653721472, 38.452168435001703 ], [ -121.527957316881498, 38.452168436000335 ], [ -121.528316642837737, 38.451898940500406 ], [ -121.528316643395002, 38.451629446368734 ], [ -121.528586137203504, 38.452437929960453 ], [ -121.527957316894856, 38.452797255627189 ], [ -121.527957315323405, 38.453066750615143 ], [ -121.528316643202842, 38.453066750579708 ], [ -121.528316642702862, 38.453965065895069 ], [ -121.528586137814173, 38.454324392135497 ], [ -121.528586137132493, 38.454593886495125 ], [ -121.527777654015438, 38.454593886478122 ], [ -121.528047148363555, 38.455222707778802 ], [ -121.527957316794527, 38.455492202152584 ], [ -121.526879338085536, 38.455492202157515 ] ], [ [ -121.521758940775868, 38.455492202153415 ], [ -121.521669108109293, 38.454953213354742 ], [ -121.521669109752324, 38.455492201737307 ], [ -121.521758940775868, 38.455492202153415 ] ], [ [ -121.526520012321242, 38.453695571206339 ], [ -121.526789507074994, 38.452797256053849 ], [ -121.526520012194936, 38.452437929815694 ], [ -121.52625051774838, 38.45243793035538 ], [ -121.525891191631629, 38.452797255796952 ], [ -121.525262371260382, 38.452797255976407 ], [ -121.52526237066364, 38.453695571696286 ], [ -121.526520012321242, 38.453695571206339 ] ] ] } },
{ "type": "Feature", "properties": { "csb_id": "061825015518204", "acres": 3.3717337033211701, "geoid": "06113" }, "geometry": { "type": "Polygon", "coordinates": [ [ [ -121.532179397426475, 38.451270120636117 ], [ -121.532179398893632, 38.45100062514414 ], [ -121.531011588964788, 38.45100062541924 ], [ -121.530742094632402, 38.450371804761026 ], [ -121.531011587703944, 38.450371805106244 ], [ -121.531011587888585, 38.450102310795216 ], [ -121.531640409881973, 38.450102310260277 ], [ -121.532538724391102, 38.450641299908234 ], [ -121.532808219374644, 38.450641298904351 ], [ -121.532538723334071, 38.451270120717211 ], [ -121.532179397426475, 38.451270120636117 ] ] ] } },
{ "type": "Feature", "properties": { "csb_id": "061825015518206", "acres": 18.500932852877401, "geoid": "06113" }, "geometry": { "type": "Polygon", "coordinates": [ [ [ -121.579340950802219, 38.451898940480866 ], [ -121.579340951251083, 38.451539614618966 ], [ -121.575478195807747, 38.451539614713404 ], [ -121.575478195801821, 38.451898941079804 ], [ -121.574579879819936, 38.451898941029484 ], [ -121.574579879461723, 38.451539614751802 ], [ -121.574220554045979, 38.451539614730713 ], [ -121.574220554176023, 38.452168435396786 ], [ -121.57332223827423, 38.452168435638278 ], [ -121.573322238621117, 38.451898940626975 ], [ -121.574579879635763, 38.451000625643736 ], [ -121.57457988007593, 38.450371805116774 ], [ -121.576915500190353, 38.450641299508 ], [ -121.578442636175382, 38.45064129946423 ], [ -121.57844263566021, 38.450461636693717 ], [ -121.579340951174885, 38.450461636400746 ], [ -121.579340950546737, 38.450641299882982 ], [ -121.581496907742959, 38.450731130445838 ], [ -121.581496907421879, 38.451000625371641 ], [ -121.580957919085606, 38.451090457184321 ], [ -121.580239266513814, 38.451898941972104 ], [ -121.579340950802219, 38.451898940480866 ] ] ] } },
{ "type": "Feature", "properties": { "csb_id": "061825015518207", "acres": 12.4724305357279, "geoid": "06113" }, "geometry": { "type": "Polygon", "coordinates": [ [ [ -121.516997870744888, 38.452887087730616 ], [ -121.516997870633062, 38.452527761231003 ], [ -121.516099555359219, 38.452527761505046 ], [ -121.516099555078924, 38.452258266909261 ], [ -121.515740228327843, 38.452258267082094 ], [ -121.515740228402265, 38.452527761441239 ], [ -121.515470734606765, 38.452527761329243 ], [ -121.515470734407913, 38.452258267206794 ], [ -121.514572418259064, 38.45216843502385 ], [ -121.514482586167205, 38.451270120682203 ], [ -121.514752080301491, 38.451270120051653 ], [ -121.514752081322797, 38.451000625301383 ], [ -121.514482586757239, 38.451000625308389 ], [ -121.514482587209514, 38.450641299446644 ], [ -121.514213092849829, 38.450641299100838 ], [ -121.51421309297254, 38.450102309918194 ], [ -121.514752081381246, 38.450102310170529 ], [ -121.514752081627677, 38.449742984067939 ], [ -121.515650397847466, 38.449742984323727 ], [ -121.516099554617838, 38.449473489465667 ], [ -121.516009723019152, 38.449203994791439 ], [ -121.516638543977066, 38.449203995375022 ], [ -121.516638543426225, 38.449742983813074 ], [ -121.516099554898133, 38.449742984071101 ], [ -121.516099554427953, 38.450461636297398 ], [ -121.516369049291214, 38.450641299836157 ], [ -121.51636904966621, 38.451000625634187 ], [ -121.515740229083264, 38.451090456719669 ], [ -121.51547073377256, 38.451359951293874 ], [ -121.515470734278296, 38.451629446279554 ], [ -121.51663854384087, 38.451629446520585 ], [ -121.516638543306428, 38.451988772787487 ], [ -121.517177532427965, 38.451988772625107 ], [ -121.517447027517676, 38.452527761573712 ], [ -121.517267364551572, 38.452887087556498 ], [ -121.516997870744888, 38.452887087730616 ] ] ] } },
{ "type": "Feature", "properties": { "csb_id": "061825015518217", "acres": 73.876005133480604, "geoid": "06113" }, "geometry": { "type": "Polygon", "coordinates": [ [ [ -121.539365921163849, 38.458187147849863 ], [ -121.538826932268933, 38.458456643154491 ], [ -121.537299795761115, 38.458456643369004 ], [ -121.537120132799586, 38.45827697988026 ], [ -121.536131985199376, 38.458187147550319 ], [ -121.535772659362422, 38.457917652766852 ], [ -121.535323502219356, 38.457917653042948 ], [ -121.535323502360299, 38.457558326870249 ], [ -121.535503164493662, 38.457378663665033 ], [ -121.535503165551589, 38.456660011700592 ], [ -121.536670975492186, 38.456660012062812 ], [ -121.536670974781401, 38.456031191544056 ], [ -121.536401480251996, 38.455582033204706 ], [ -121.53640148017746, 38.454683718270601 ], [ -121.535862491371901, 38.454683717742796 ], [ -121.535862491408054, 38.454324391943587 ], [ -121.536670974717993, 38.454234560254683 ], [ -121.536670974588887, 38.453965066231206 ], [ -121.536401480287864, 38.45369557169888 ], [ -121.535503164878406, 38.453695571620294 ], [ -121.535503165253786, 38.453336245193576 ], [ -121.535772659720806, 38.453336245472229 ], [ -121.53577265957091, 38.452797256022379 ], [ -121.535323501909858, 38.451988772029786 ], [ -121.535323501858045, 38.451090457081676 ], [ -121.534425186341849, 38.451090456873033 ], [ -121.534335355374921, 38.451359951658148 ], [ -121.534335355539639, 38.45037180447239 ], [ -121.534964175291009, 38.450102310016611 ], [ -121.535503165092493, 38.45010231080888 ], [ -121.535503165467873, 38.449742984365933 ], [ -121.536131985363795, 38.449742983833268 ], [ -121.53613198399394, 38.449203994982106 ], [ -121.53882693166824, 38.4492039949127 ], [ -121.538826931533464, 38.448575173986882 ], [ -121.539815078807408, 38.448844669198401 ], [ -121.539815078768953, 38.44920399451162 ], [ -121.539365919583886, 38.449203995387379 ], [ -121.539096426405678, 38.449473489852231 ], [ -121.539096425916554, 38.449742984065587 ], [ -121.540354067790716, 38.45064129942913 ], [ -121.539815077613355, 38.450641299661626 ], [ -121.53981507899725, 38.451000625589558 ], [ -121.539455752829383, 38.451090457241904 ], [ -121.54035406783818, 38.451270120363212 ], [ -121.540623562404519, 38.451539614798023 ], [ -121.540623561868671, 38.451898941046231 ], [ -121.540354067252451, 38.452168435584625 ], [ -121.540084573393756, 38.452168435004246 ], [ -121.539725246770871, 38.451898941194642 ], [ -121.538916763626005, 38.451898941001758 ], [ -121.537659122313812, 38.45225826706217 ], [ -121.537659121308039, 38.45252776117853 ], [ -121.538557436660867, 38.452527761944495 ], [ -121.539186257899232, 38.45288708727697 ], [ -121.539186258047522, 38.453156582338792 ], [ -121.538557436714115, 38.453156582364578 ], [ -121.538287942562363, 38.453695571478505 ], [ -121.538287942342976, 38.454054897068595 ], [ -121.539365921228693, 38.454054897298356 ], [ -121.539365920615168, 38.454324391733145 ], [ -121.538916763234923, 38.454324393177117 ], [ -121.538916763833328, 38.454953213197385 ], [ -121.53828794250289, 38.455222708510746 ], [ -121.538287942255167, 38.456210854018195 ], [ -121.537659121824078, 38.456210854807075 ], [ -121.537659121933558, 38.456480348674113 ], [ -121.538557436679412, 38.457109170081502 ], [ -121.53918625793213, 38.45710916894712 ], [ -121.539186258228682, 38.457648159043799 ], [ -121.540354067589689, 38.457648159431521 ], [ -121.540354067438628, 38.458187147742727 ], [ -121.539365921163849, 38.458187147849863 ] ] ] } },
{ "type": "Feature", "properties": { "csb_id": "061825015518224", "acres": 7.4778272379457, "geoid": "06113" }, "geometry": { "type": "Polygon", "coordinates": [ [ [ -121.54304901388177, 38.450371804666858 ], [ -121.541791372413144, 38.450371804561478 ], [ -121.54179137210852, 38.449742983831499 ], [ -121.541252382734072, 38.449742984180929 ], [ -121.541252383584933, 38.44920399611415 ], [ -121.541521877809686, 38.449203995448755 ], [ -121.541521877594477, 38.44884466933744 ], [ -121.542510022761746, 38.448844668914219 ], [ -121.542510023888795, 38.448575174672158 ], [ -121.542689688148855, 38.448575175219155 ], [ -121.542689687102012, 38.448395510828249 ], [ -121.543049012709133, 38.448575174517778 ], [ -121.543049012448634, 38.448844668996777 ], [ -121.54358800305701, 38.448844669301934 ], [ -121.543588002232326, 38.449742983768296 ], [ -121.54304901388177, 38.450371804666858 ] ], [ [ -121.542689686840447, 38.449293827468352 ], [ -121.542510023053168, 38.449203995113059 ], [ -121.542510024471596, 38.449293827070711 ], [ -121.542689686840447, 38.449293827468352 ] ] ] } },
{ "type": "Feature", "properties": { "csb_id": "061825015518235", "acres": 3.4297361144111398, "geoid": "06113" }, "geometry": { "type": "Polygon", "coordinates": [ [ [ -121.53190990388552, 38.450192141432453 ], [ -121.53128108331498, 38.450102309840553 ], [ -121.531281083085858, 38.449742984219931 ], [ -121.531640409006556, 38.449742984402846 ], [ -121.531640409212784, 38.449203994828181 ], [ -121.532269229802722, 38.449203995297758 ], [ -121.532269230108, 38.449563321008014 ], [ -121.532898051048974, 38.449563320699184 ], [ -121.53289805080189, 38.449832815572819 ], [ -121.53307771403891, 38.449832815276245 ], [ -121.53307771333715, 38.450102310385773 ], [ -121.532808219721218, 38.450102310258764 ], [ -121.532808219374644, 38.450641298904351 ], [ -121.532538724391102, 38.450641299908234 ], [ -121.53190990388552, 38.450192141432453 ] ] ] } },
{ "type": "Feature", "properties": { "csb_id": "061825015518255", "acres": 7.03341393155997, "geoid": "06113" }, "geometry": { "type": "Polygon", "coordinates": [ [ [ -121.540354067790716, 38.45064129942913 ], [ -121.539096425916554, 38.449742984065587 ], [ -121.539096426405678, 38.449473489852231 ], [ -121.539365919583886, 38.449203995387379 ], [ -121.539815078768953, 38.44920399451162 ], [ -121.539994741301854, 38.44857517382389 ], [ -121.5412523828292, 38.448575174601771 ], [ -121.541521877594477, 38.44884466933744 ], [ -121.541521877809686, 38.449203995448755 ], [ -121.541252383584933, 38.44920399611415 ], [ -121.541252382294772, 38.449473489406323 ], [ -121.540893056288866, 38.449473489792119 ], [ -121.54062356173813, 38.44974298424308 ], [ -121.540893056522236, 38.449742984329788 ], [ -121.540893056118534, 38.450371804498474 ], [ -121.540623561917769, 38.450641299095686 ], [ -121.540354067790716, 38.45064129942913 ] ] ] } },
{ "type": "Feature", "properties": { "csb_id": "061825015518264", "acres": 26.889192561005601, "geoid": "06113" }, "geometry": { "type": "Polygon", "coordinates": [ [ [ -121.558320373230714, 38.452887087989467 ], [ -121.556793237971632, 38.452797256317048 ], [ -121.556793237720314, 38.453066750413292 ], [ -121.556523742265682, 38.453066750259246 ], [ -121.556523742998166, 38.452437930234943 ], [ -121.556254247625233, 38.452437929965498 ], [ -121.556254247827468, 38.451539615063751 ], [ -121.55589492155373, 38.451359951378642 ], [ -121.555805090572122, 38.451090456802987 ], [ -121.555805091027651, 38.44929382651128 ], [ -121.555951855597286, 38.448622831140881 ], [ -121.558140710602956, 38.448575173955 ], [ -121.558556971036253, 38.448412376859579 ], [ -121.55858986812639, 38.453246414230897 ], [ -121.558320373012094, 38.453246414091758 ], [ -121.558320373230714, 38.452887087989467 ] ] ] } },
{ "type": "Feature", "properties": { "csb_id": "061825015518266", "acres": 4.15437530656353, "geoid": "06113" }, "geometry": { "type": "Polygon", "coordinates": [ [ [ -121.531281083085858, 38.449742984219931 ], [ -121.52984377836701, 38.448844668803964 ], [ -121.531101419793572, 38.448665005498263 ], [ -121.531101419992524, 38.448036184692207 ], [ -121.531999735133581, 38.448575174707784 ], [ -121.531909903372707, 38.449203994841838 ], [ -121.531640409212784, 38.449203994828181 ], [ -121.531640409006556, 38.449742984402846 ], [ -121.531281083085858, 38.449742984219931 ] ] ] } },
{ "type": "Feature", "properties": { "csb_id": "061825015518268", "acres": 167.53913936828701, "geoid": "06113" }, "geometry": { "type": "Polygon", "coordinates": [ [ [ -121.513943596358089, 38.456480348735248 ], [ -121.512775788535563, 38.456390516831569 ], [ -121.512775787818995, 38.456031191165927 ], [ -121.512057135527598, 38.456031190731963 ], [ -121.511518147286083, 38.456660011816666 ], [ -121.511158818169363, 38.456660012133781 ], [ -121.510619831075886, 38.456390517493368 ], [ -121.509721516175233, 38.456390517589796 ], [ -121.509092695992479, 38.455851528043979 ], [ -121.507835054578209, 38.455761696270393 ], [ -121.507296065148623, 38.455492201756904 ], [ -121.50675707510598, 38.454953212945391 ], [ -121.506397749422447, 38.454953212454718 ], [ -121.506397749873329, 38.455132875654826 ], [ -121.505589266107577, 38.455132876058499 ], [ -121.505499434421921, 38.454593886705069 ], [ -121.505499433936706, 38.455132876220382 ], [ -121.50514010748401, 38.455132875739814 ], [ -121.50460111904053, 38.455761696144023 ], [ -121.504601119546777, 38.45549220295873 ], [ -121.503972298685284, 38.455492201652469 ], [ -121.503972298949577, 38.453695571062113 ], [ -121.503702804180506, 38.453695571341754 ], [ -121.503702804330885, 38.453965065543521 ], [ -121.503343477329494, 38.453965065780984 ], [ -121.503343477894489, 38.45216843651275 ], [ -121.503702804508947, 38.452168436339846 ], [ -121.503702803745128, 38.451898940411731 ], [ -121.50334347821908, 38.451539614428278 ], [ -121.503343477790551, 38.45064129946023 ], [ -121.502804488907302, 38.450641299453778 ], [ -121.502804488894427, 38.449742983937689 ], [ -121.503343477742092, 38.448844668395949 ], [ -121.503343476198282, 38.447946353632531 ], [ -121.503972298601212, 38.448036184830904 ], [ -121.503972297511794, 38.448305679525276 ], [ -121.504241793264455, 38.448305679795951 ], [ -121.504601119926633, 38.448575174406329 ], [ -121.504601119819384, 38.448305679476412 ], [ -121.504690951059175, 38.448575174340185 ], [ -121.505499434709506, 38.448575173764979 ], [ -121.505499434143545, 38.448305680082363 ], [ -121.506038424143313, 38.448305679224752 ], [ -121.506038423968889, 38.448844668632198 ], [ -121.506487581119472, 38.449203994705009 ], [ -121.50693673862807, 38.449203994670398 ], [ -121.506936738736826, 38.448844668393725 ], [ -121.508733369444684, 38.448844668376431 ], [ -121.50873336929719, 38.44947348915035 ], [ -121.511158821231476, 38.44947348963624 ], [ -121.512057136162412, 38.450102310063386 ], [ -121.51385376686514, 38.45010231039722 ], [ -121.513853766330698, 38.450641299106515 ], [ -121.513314778030164, 38.450641299612592 ], [ -121.513314777620479, 38.451270120438629 ], [ -121.514213092841374, 38.451270119626408 ], [ -121.514213092498508, 38.451000625586161 ], [ -121.514482586757239, 38.451000625308389 ], [ -121.514752081322797, 38.451000625301383 ], [ -121.514752080301491, 38.451270120051653 ], [ -121.514482586167205, 38.451270120682203 ], [ -121.514482587493248, 38.45198877192496 ], [ -121.513943598673762, 38.452258267088695 ], [ -121.513943598585911, 38.454324391599776 ], [ -121.513674103371542, 38.454324392009603 ], [ -121.513674103507128, 38.45495321242047 ], [ -121.513943597687543, 38.454953212720547 ], [ -121.513943597904529, 38.455582033600081 ], [ -121.513674103949555, 38.455582033686845 ], [ -121.513674103732797, 38.455851528335806 ], [ -121.513943598678722, 38.455851528249006 ], [ -121.513943596358089, 38.456480348735248 ] ], [ [ -121.512057136171848, 38.450192141798198 ], [ -121.511877473260782, 38.450192141723953 ], [ -121.511877472839217, 38.450371805193207 ], [ -121.512057135883865, 38.45037180440724 ], [ -121.512057136171848, 38.450192141798198 ] ], [ [ -121.503433308870171, 38.450102310013314 ], [ -121.503343477846016, 38.450371805483947 ], [ -121.503702803766828, 38.450371804515349 ], [ -121.503702803616477, 38.450102310301546 ], [ -121.503433308870171, 38.450102310013314 ] ] ] } },
{ "type": "Feature", "properties": { "csb_id": "061825015518279", "acres": 3.9418727142987802, "geoid": "06113" }, "geometry": { "type": "Polygon", "coordinates": [ [ [ -121.539096426678441, 38.448575174238393 ], [ -121.539365920708249, 38.448575174137332 ], [ -121.539725247372473, 38.448305679748884 ], [ -121.539994740974336, 38.447766690370159 ], [ -121.540893057130305, 38.447676858389862 ], [ -121.540893056896934, 38.447407363844647 ], [ -121.541252382617202, 38.447407364144077 ], [ -121.541252383056474, 38.447676858926208 ], [ -121.54152187705651, 38.447946354051432 ], [ -121.541252382389885, 38.448305679823008 ], [ -121.5412523828292, 38.448575174601771 ], [ -121.539994741301854, 38.44857517382389 ], [ -121.539994741885138, 38.44884466851429 ], [ -121.539815078807408, 38.448844669198401 ], [ -121.539096426678441, 38.448575174238393 ] ] ] } },
{ "type": "Feature", "properties": { "csb_id": "061825015518294", "acres": 2.7245373000082602, "geoid": "06113" }, "geometry": { "type": "Polygon", "coordinates": [ [ [ -121.531101419992524, 38.448036184692207 ], [ -121.531370914584173, 38.447497196684139 ], [ -121.532538724606212, 38.447676858968691 ], [ -121.532538724211449, 38.448575174206972 ], [ -121.531999735133581, 38.448575174707784 ], [ -121.531101419992524, 38.448036184692207 ] ] ] } },
{ "type": "Feature", "properties": { "csb_id": "061825015518330", "acres": 21.824959500344399, "geoid": "06113" }, "geometry": { "type": "Polygon", "coordinates": [ [ [ -121.570627292875784, 38.450371804840465 ], [ -121.566135715621911, 38.450371804645307 ], [ -121.566135715206599, 38.450102310782199 ], [ -121.567303526448526, 38.450102310210525 ], [ -121.567303525599399, 38.44947348934533 ], [ -121.567034031711088, 38.44947348966793 ], [ -121.566854368663286, 38.449203995135868 ], [ -121.566764537447781, 38.448575174039085 ], [ -121.566764536950728, 38.448305679695267 ], [ -121.567303525675811, 38.448305679462564 ], [ -121.567303526190329, 38.447946353165477 ], [ -121.567034031682795, 38.447766690471596 ], [ -121.567034031701297, 38.447048037721601 ], [ -121.569100156286169, 38.447048037946395 ], [ -121.568920493421885, 38.448036184805609 ], [ -121.568920493949022, 38.449293826225883 ], [ -121.568650999491425, 38.449293826644819 ], [ -121.568650998503713, 38.449563320924952 ], [ -121.569189988592981, 38.449563320594812 ], [ -121.569189987598989, 38.449293826314694 ], [ -121.570088303263972, 38.449293826545457 ], [ -121.570088303315359, 38.448934500224702 ], [ -121.570447629876469, 38.448665005530074 ], [ -121.570717123559518, 38.448665005481821 ], [ -121.570717123663769, 38.449293826262135 ], [ -121.57098661885118, 38.449293826721679 ], [ -121.570986619331265, 38.450192141951817 ], [ -121.570627292875784, 38.450371804840465 ] ] ] } },
{ "type": "Feature", "properties": { "csb_id": "061825015518343", "acres": 17.6032192267004, "geoid": "06113" }, "geometry": { "type": "Polygon", "coordinates": [ [ [ -121.527777653630309, 38.450102310058384 ], [ -121.527687822004907, 38.448036185527322 ], [ -121.52705900174108, 38.447676859106117 ], [ -121.527059001821897, 38.447048038277153 ], [ -121.527418327882643, 38.447048037759231 ], [ -121.527687822028469, 38.446778543459438 ], [ -121.527687822573085, 38.446419217697049 ], [ -121.530382767410757, 38.446419217393171 ], [ -121.530382768351899, 38.447048038512818 ], [ -121.52984377641306, 38.4474073650889 ], [ -121.529843778933071, 38.447676858848979 ], [ -121.529484453216853, 38.447676859235273 ], [ -121.529484452809072, 38.44884466886645 ], [ -121.52921495815977, 38.448844668559033 ], [ -121.528675969313738, 38.44920399459378 ], [ -121.52921495861824, 38.449473489483701 ], [ -121.529214956902877, 38.44974298457003 ], [ -121.528855631207918, 38.449742984668788 ], [ -121.528855630504964, 38.450102310738686 ], [ -121.527777653630309, 38.450102310058384 ] ] ] } },
{ "type": "Feature", "properties": { "csb_id": "061825015518355", "acres": 57.785136246339803, "geoid": "06113" }, "geometry": { "type": "Polygon", "coordinates": [ [ [ -121.513853767308959, 38.450371805064137 ], [ -121.51385376686514, 38.45010231039722 ], [ -121.512057136162412, 38.450102310063386 ], [ -121.511158821231476, 38.44947348963624 ], [ -121.50873336929719, 38.44947348915035 ], [ -121.508733369444684, 38.448844668376431 ], [ -121.506936738736826, 38.448844668393725 ], [ -121.50693673862807, 38.449203994670398 ], [ -121.506487581119472, 38.449203994705009 ], [ -121.506038423968889, 38.448844668632198 ], [ -121.506038424143313, 38.448305679224752 ], [ -121.505499434143545, 38.448305680082363 ], [ -121.505499434709506, 38.448575173764979 ], [ -121.504690951059175, 38.448575174340185 ], [ -121.504601119819384, 38.448305679476412 ], [ -121.503972297511794, 38.448305679525276 ], [ -121.503972298601212, 38.448036184830904 ], [ -121.503343476198282, 38.447946353632531 ], [ -121.503163814675915, 38.447407364234714 ], [ -121.503702803509512, 38.446778544179644 ], [ -121.503702803745867, 38.446419217525595 ], [ -121.503343477823009, 38.446419217978026 ], [ -121.503343477571804, 38.446149723126013 ], [ -121.504241793408838, 38.445700565471554 ], [ -121.504241792707816, 38.446778543417857 ], [ -121.505499434478153, 38.447407363935802 ], [ -121.506397748667382, 38.447407364938499 ], [ -121.506397748358154, 38.446778543867801 ], [ -121.506936739619974, 38.446778543833005 ], [ -121.506936739454758, 38.446149722670675 ], [ -121.507296065506566, 38.44614972253467 ], [ -121.507565559794401, 38.446419217914404 ], [ -121.508194380780338, 38.446419217655816 ], [ -121.508463874972961, 38.447048038002514 ], [ -121.512685956426111, 38.447048038673138 ], [ -121.5126859567022, 38.447407364379387 ], [ -121.51295545113301, 38.447407364601936 ], [ -121.513045282692261, 38.447946353732242 ], [ -121.513404608721444, 38.448305679892897 ], [ -121.513853767065541, 38.448395511412492 ], [ -121.513853765298094, 38.44857517434891 ], [ -121.514213091224462, 38.448575174170408 ], [ -121.514482586626713, 38.44884466886549 ], [ -121.514752081381246, 38.450102310170529 ], [ -121.51421309297254, 38.450102309918194 ], [ -121.51421309281379, 38.450371805918643 ], [ -121.513853767308959, 38.450371805064137 ] ] ] } },
{ "type": "Feature", "properties": { "csb_id": "061825015518357", "acres": 9.3428504865424902, "geoid": "06113" }, "geometry": { "type": "Polygon", "coordinates": [ [ [ -121.505499434478153, 38.447407363935802 ], [ -121.504241792707816, 38.446778543417857 ], [ -121.504241793343112, 38.445880228607102 ], [ -121.504601118965894, 38.445880228739149 ], [ -121.504601119765894, 38.445251407913126 ], [ -121.505589265601188, 38.445520902050831 ], [ -121.505768929463528, 38.445880228167546 ], [ -121.506936739487529, 38.445880228656165 ], [ -121.506936739619974, 38.446778543833005 ], [ -121.506397748358154, 38.446778543867801 ], [ -121.506397748667382, 38.447407364938499 ], [ -121.505499434478153, 38.447407363935802 ] ] ] } },
{ "type": "Feature", "properties": { "csb_id": "061825015518358", "acres": 28.3277486341347, "geoid": "06113" }, "geometry": { "type": "Polygon", "coordinates": [ [ [ -121.53882693166824, 38.4492039949127 ], [ -121.536401479301162, 38.449203995107077 ], [ -121.536491311234357, 38.448036184871135 ], [ -121.537030301234822, 38.447048038385297 ], [ -121.537030300702853, 38.445970060140439 ], [ -121.536760806310213, 38.44507174494845 ], [ -121.539096425846182, 38.444981913005385 ], [ -121.539365920662092, 38.445251407969351 ], [ -121.539365920541158, 38.446419217700949 ], [ -121.539725246879854, 38.446419217592137 ], [ -121.539725247415788, 38.447048038237604 ], [ -121.540354067595842, 38.447048038022103 ], [ -121.540623561829221, 38.447676859101279 ], [ -121.539994740974336, 38.447766690370159 ], [ -121.539725247372473, 38.448305679748884 ], [ -121.539365920708249, 38.448575174137332 ], [ -121.538826931533464, 38.448575173986882 ], [ -121.53882693166824, 38.4492039949127 ] ] ] } },
{ "type": "Feature", "properties": { "csb_id": "061825015518386", "acres": 38.327571599335499, "geoid": "06113" }, "geometry": { "type": "Polygon", "coordinates": [ [ [ -121.534964175291009, 38.450102310016611 ], [ -121.534425186341309, 38.450192141465749 ], [ -121.534425186118057, 38.449832815347285 ], [ -121.534065860040826, 38.449742983911484 ], [ -121.53460484931739, 38.449742984482199 ], [ -121.53460484950736, 38.448575174244318 ], [ -121.53352687187332, 38.448305679805941 ], [ -121.532538724664434, 38.448305679565593 ], [ -121.532538723885835, 38.446778543956121 ], [ -121.532808218162828, 38.446778543787801 ], [ -121.53280821856093, 38.446419217353331 ], [ -121.533077714361312, 38.446419217842198 ], [ -121.533077713947861, 38.446149722955894 ], [ -121.534065861119544, 38.446149722888151 ], [ -121.534335354979007, 38.445970059632799 ], [ -121.534425187244963, 38.445071744632166 ], [ -121.535772659644081, 38.444981913188457 ], [ -121.535772659813489, 38.444622586483014 ], [ -121.536131985478121, 38.444083597616974 ], [ -121.537299795236379, 38.444353092198128 ], [ -121.537299795458566, 38.444981913136147 ], [ -121.537569289483528, 38.445071745137653 ], [ -121.536760806310213, 38.44507174494845 ], [ -121.537030300702853, 38.445970060140439 ], [ -121.537030301234822, 38.447048038385297 ], [ -121.536491311234357, 38.448036184871135 ], [ -121.536401479301162, 38.449203995107077 ], [ -121.53613198399394, 38.449203994982106 ], [ -121.536131985363795, 38.449742983833268 ], [ -121.534964176078205, 38.449742984047312 ], [ -121.534964175291009, 38.450102310016611 ] ] ] } },
{ "type": "Feature", "properties": { "csb_id": "061825015518387", "acres": 3.8067385145500001, "geoid": "06113" }, "geometry": { "type": "Polygon", "coordinates": [ [ [ -121.532538725244763, 38.445970060008818 ], [ -121.532628556068346, 38.445341239450521 ], [ -121.534335355413234, 38.445251407352245 ], [ -121.534335354979007, 38.445970059632799 ], [ -121.534065861119544, 38.446149722888151 ], [ -121.533077713947861, 38.446149722955894 ], [ -121.532808219317545, 38.446239554017005 ], [ -121.53280821856093, 38.446419217353331 ], [ -121.532538725244763, 38.445970060008818 ] ] ] } },
{ "type": "Feature", "properties": { "csb_id": "061825015518388", "acres": 3.5458907992388702, "geoid": "06113" }, "geometry": { "type": "Polygon", "coordinates": [ [ [ -121.531999735436642, 38.446149722861406 ], [ -121.531640408970603, 38.4458802281777 ], [ -121.531281082994255, 38.445251408135803 ], [ -121.531281083074177, 38.444622587922737 ], [ -121.532269230815515, 38.444622587592491 ], [ -121.532269229698628, 38.444981912702453 ], [ -121.532538724222405, 38.44525140807697 ], [ -121.532538725244763, 38.445970060008818 ], [ -121.531999735436642, 38.446149722861406 ] ] ] } },
{ "type": "Feature", "properties": { "csb_id": "061825015518397", "acres": 28.793577940485001, "geoid": "06113" }, "geometry": { "type": "Polygon", "coordinates": [ [ [ -121.554727112234488, 38.449203994976756 ], [ -121.554727112111607, 38.448844668971098 ], [ -121.554996606232535, 38.448844669113129 ], [ -121.554996607117104, 38.448036185409563 ], [ -121.555445764571701, 38.447497195909058 ], [ -121.555355931655001, 38.446598881271512 ], [ -121.555625427639953, 38.444981914325126 ], [ -121.557152563457961, 38.444981913428776 ], [ -121.557152563256395, 38.44435309238758 ], [ -121.558050878218168, 38.444353092696254 ], [ -121.558050878820765, 38.444981913439534 ], [ -121.558589868353636, 38.445071744466468 ], [ -121.558589868008553, 38.446149722731484 ], [ -121.558320372609501, 38.446149722647078 ], [ -121.558320373129035, 38.445880228200934 ], [ -121.55805087902813, 38.445880228387168 ], [ -121.558050878544975, 38.446419217664435 ], [ -121.558589867364731, 38.446419217413677 ], [ -121.558559690019479, 38.448185670132681 ], [ -121.558050878901113, 38.448395510885227 ], [ -121.555931591738499, 38.448432202992102 ], [ -121.555715258602987, 38.448575174643935 ], [ -121.555715259662591, 38.449203995620529 ], [ -121.554727112234488, 38.449203994976756 ] ] ] } },
{ "type": "Feature", "properties": { "csb_id": "061825015518441", "acres": 2.9759150350004999, "geoid": "06113" }, "geometry": { "type": "Polygon", "coordinates": [ [ [ -121.556793237284197, 38.444083597648472 ], [ -121.556793237479454, 38.443544608529017 ], [ -121.557152563085054, 38.44354460842888 ], [ -121.557152563145451, 38.443185282604162 ], [ -121.558410204698276, 38.443275113777254 ], [ -121.558320373106795, 38.444083597731648 ], [ -121.556793237284197, 38.444083597648472 ] ] ] } },
{ "type": "Feature", "properties": { "csb_id": "061825015518445", "acres": 53.168713938075101, "geoid": "06113" }, "geometry": { "type": "Polygon", "coordinates": [ [ [ -121.513404608721444, 38.448305679892897 ], [ -121.513045282692261, 38.447946353732242 ], [ -121.513045282683606, 38.447676858669688 ], [ -121.513314777412518, 38.447407363902897 ], [ -121.5126859567022, 38.447407364379387 ], [ -121.512685956426111, 38.447048038673138 ], [ -121.508463874972961, 38.447048038002514 ], [ -121.508194380780338, 38.446419217655816 ], [ -121.507565559794401, 38.446419217914404 ], [ -121.507296065506566, 38.44614972253467 ], [ -121.506936739454758, 38.446149722670675 ], [ -121.506936739487529, 38.445880228656165 ], [ -121.505768929463528, 38.445880228167546 ], [ -121.505589265601188, 38.445520902050831 ], [ -121.504601119765894, 38.445251407913126 ], [ -121.504601119658645, 38.444981912970583 ], [ -121.503972298684289, 38.444353092787516 ], [ -121.503702804275449, 38.444353091948948 ], [ -121.503702804668123, 38.443724271904536 ], [ -121.50406213026578, 38.443544608338087 ], [ -121.50549943441986, 38.443724271342276 ], [ -121.505768929582359, 38.443814103262291 ], [ -121.50585876103311, 38.444083597915558 ], [ -121.508463875208221, 38.444442924165948 ], [ -121.508463874533405, 38.444622586853448 ], [ -121.50936219087005, 38.444622587230789 ], [ -121.509721517011926, 38.444981913136616 ], [ -121.510889325914704, 38.444981913150322 ], [ -121.511158819807861, 38.445251408202445 ], [ -121.511248652900875, 38.445071744561247 ], [ -121.511787641512015, 38.445071744337667 ], [ -121.511877472096543, 38.44534123980295 ], [ -121.513584271256633, 38.445251408203433 ], [ -121.514213092970195, 38.444622586756708 ], [ -121.514213092741628, 38.444442924046875 ], [ -121.514572418632994, 38.445071744387384 ], [ -121.514572418904081, 38.44614972290961 ], [ -121.515111407469391, 38.446149722791795 ], [ -121.515201239440628, 38.446598880750514 ], [ -121.515111408168977, 38.446778543915229 ], [ -121.514213092479352, 38.446778543625506 ], [ -121.514213092348157, 38.447946353385781 ], [ -121.513853767065541, 38.448395511412492 ], [ -121.513404608721444, 38.448305679892897 ] ] ] } },
{ "type": "Feature", "properties": { "csb_id": "061825015518474", "acres": 26.9377796354594, "geoid": "06113" }, "geometry": { "type": "Polygon", "coordinates": [ [ [ -121.534335355233694, 38.445341239377044 ], [ -121.532628556068346, 38.445341239450521 ], [ -121.532538724884574, 38.445520902493129 ], [ -121.532538724222405, 38.44525140807697 ], [ -121.532269229698628, 38.444981912702453 ], [ -121.532269230815515, 38.444622587592491 ], [ -121.531281083074177, 38.444622587922737 ], [ -121.531281082994255, 38.445251408135803 ], [ -121.530742093453199, 38.445071744469381 ], [ -121.53074209487346, 38.444622587982131 ], [ -121.530203105369111, 38.44435309229835 ], [ -121.529843778798551, 38.444353092746944 ], [ -121.529484453566425, 38.444083598761161 ], [ -121.529484452868743, 38.443814103029979 ], [ -121.529214958215263, 38.443724271367778 ], [ -121.529843778828649, 38.443724271452915 ], [ -121.529843778539032, 38.443454777203812 ], [ -121.529214957633712, 38.442286967096912 ], [ -121.529214958597393, 38.441658146730219 ], [ -121.529843778326978, 38.44165814694081 ], [ -121.529843778616566, 38.441927641197346 ], [ -121.531011588727523, 38.441927640690032 ], [ -121.531640409138532, 38.442286967413963 ], [ -121.531909903481818, 38.442825956620084 ], [ -121.533077713357599, 38.442825956273886 ], [ -121.53307771428058, 38.443185282727363 ], [ -121.533976028854667, 38.443185282564393 ], [ -121.534065860967061, 38.442915788696162 ], [ -121.533976028981826, 38.443724272060017 ], [ -121.533706534055128, 38.443724271753297 ], [ -121.533706535090971, 38.444622587927086 ], [ -121.534335355667878, 38.44462258708991 ], [ -121.534335355398426, 38.444353092109438 ], [ -121.535233670821114, 38.444353092113495 ], [ -121.535233670159514, 38.444981913176072 ], [ -121.534425187244963, 38.445071744632166 ], [ -121.534335355233694, 38.445341239377044 ] ], [ [ -121.530203104358563, 38.443454776904936 ], [ -121.530113273222412, 38.443724271993922 ], [ -121.531011588956417, 38.443724271467907 ], [ -121.531011589141045, 38.443454777131777 ], [ -121.530203104358563, 38.443454776904936 ] ] ] } },
{ "type": "Feature", "properties": { "csb_id": "061825015518481", "acres": 11.3722455433576, "geoid": "06113" }, "geometry": { "type": "Polygon", "coordinates": [ [ [ -121.535233670159514, 38.444981913176072 ], [ -121.535233670821114, 38.444353092113495 ], [ -121.534335355398426, 38.444353092109438 ], [ -121.534335355667878, 38.44462258708991 ], [ -121.533706535090971, 38.444622587927086 ], [ -121.533706534055128, 38.443724271753297 ], [ -121.533976028981826, 38.443724272060017 ], [ -121.534065860054696, 38.442825956044857 ], [ -121.535233670462361, 38.442286966789915 ], [ -121.535772659508794, 38.442286967313443 ], [ -121.535772659987785, 38.442556461529449 ], [ -121.536131985314256, 38.442556461615617 ], [ -121.536401480580707, 38.442825955992717 ], [ -121.536401479841246, 38.443185282558218 ], [ -121.536131986168854, 38.443185282159128 ], [ -121.536131985478121, 38.444083597616974 ], [ -121.535772659813489, 38.444622586483014 ], [ -121.535772659644081, 38.444981913188457 ], [ -121.535233670159514, 38.444981913176072 ] ] ] } },
{ "type": "Feature", "properties": { "csb_id": "061825015518521", "acres": 15.2045753194403, "geoid": "06113" }, "geometry": { "type": "Polygon", "coordinates": [ [ [ -121.527957316360855, 38.443454777192812 ], [ -121.527687822023651, 38.442825956615948 ], [ -121.527058999919433, 38.442825956733273 ], [ -121.527059000519699, 38.441658146835401 ], [ -121.526789506642515, 38.44165814666875 ], [ -121.526789504393705, 38.439861516026454 ], [ -121.527059000085714, 38.439861516255981 ], [ -121.527058999076843, 38.439592021541102 ], [ -121.52777765307313, 38.439592021120419 ], [ -121.527777653177367, 38.43923269531863 ], [ -121.528047148388254, 38.439592020908769 ], [ -121.529125126833108, 38.442556461856746 ], [ -121.528586137714711, 38.443724271750767 ], [ -121.528316642876291, 38.443814103012826 ], [ -121.527957316360855, 38.443454777192812 ] ] ] } },
{ "type": "Feature", "properties": { "csb_id": "061825015518530", "acres": 3.26587304562117, "geoid": "06113" }, "geometry": { "type": "Polygon", "coordinates": [ [ [ -121.533976029582504, 38.441658147564006 ], [ -121.533976029211885, 38.441388651948024 ], [ -121.534335355391562, 38.441388652175625 ], [ -121.534604849354722, 38.441029325865308 ], [ -121.534604849823708, 38.440759832353379 ], [ -121.535233669942798, 38.440759831095264 ], [ -121.535233670703334, 38.441388652815768 ], [ -121.53577265983543, 38.441388651918125 ], [ -121.535772659985298, 38.441927641453518 ], [ -121.534335355623483, 38.441927641299721 ], [ -121.533976029582504, 38.441658147564006 ] ] ] } },
{ "type": "Feature", "properties": { "csb_id": "061825015518531", "acres": 11.672064584035001, "geoid": "06113" }, "geometry": { "type": "Polygon", "coordinates": [ [ [ -121.531011588727523, 38.441927640690032 ], [ -121.529843778616566, 38.441927641197346 ], [ -121.529843778845517, 38.441388651586138 ], [ -121.530113273493413, 38.441029325750861 ], [ -121.530742094131341, 38.441029325590208 ], [ -121.531281082902652, 38.44075983175788 ], [ -121.531281083708762, 38.441029326105294 ], [ -121.532179398399606, 38.441029326003573 ], [ -121.532179399058464, 38.440759831569075 ], [ -121.53307771401802, 38.440759831561699 ], [ -121.533437039851862, 38.441029325403257 ], [ -121.533437039998915, 38.441388651480281 ], [ -121.533077713932272, 38.441388652310032 ], [ -121.533077713846495, 38.442017473052161 ], [ -121.533077713952906, 38.44228696709483 ], [ -121.53343703996245, 38.442286967212404 ], [ -121.533437039778946, 38.442825956865086 ], [ -121.531909903481818, 38.442825956620084 ], [ -121.531640409138532, 38.442286967413963 ], [ -121.531011588727523, 38.441927640690032 ] ] ] } },
{ "type": "Feature", "properties": { "csb_id": "061825015518537", "acres": 23.102486624809501, "geoid": "06113" }, "geometry": { "type": "Polygon", "coordinates": [ [ [ -121.541252381901117, 38.443454777606028 ], [ -121.539096426209625, 38.443454776749434 ], [ -121.539096426163979, 38.443275114003626 ], [ -121.539365921201124, 38.443275114176188 ], [ -121.539365920801316, 38.442825956093913 ], [ -121.537299795570775, 38.441927640889666 ], [ -121.53703030080527, 38.441658146516637 ], [ -121.537030301585375, 38.441388651972744 ], [ -121.53756929013575, 38.44138865166699 ], [ -121.537569290052801, 38.440490336296243 ], [ -121.538198111464141, 38.440490336723784 ], [ -121.538198111324931, 38.440759831121987 ], [ -121.53846760603578, 38.440759831364538 ], [ -121.538826931566589, 38.440490336995964 ], [ -121.538916763288938, 38.440131010314794 ], [ -121.538916763473921, 38.44058016880237 ], [ -121.541252382890065, 38.440759831202136 ], [ -121.541252383243489, 38.44255646162695 ], [ -121.541521877489117, 38.442825956422389 ], [ -121.541791371602585, 38.442825956687244 ], [ -121.54188120276001, 38.442556462229653 ], [ -121.542420192964968, 38.442556461607467 ], [ -121.542420191551955, 38.44327511430501 ], [ -121.541252382576928, 38.443185282570482 ], [ -121.541252381901117, 38.443454777606028 ] ] ] } },
{ "type": "Feature", "properties": { "csb_id": "061825015518538", "acres": 18.474028054663201, "geoid": "06113" }, "geometry": { "type": "Polygon", "coordinates": [ [ [ -121.537030299638943, 38.443814103600317 ], [ -121.536491310708882, 38.443814103392867 ], [ -121.536491311524884, 38.444173429716116 ], [ -121.536131985478121, 38.444083597616974 ], [ -121.536131986168854, 38.443185282159128 ], [ -121.536401479841246, 38.443185282558218 ], [ -121.536401480580707, 38.442825955992717 ], [ -121.536131985314256, 38.442556461615617 ], [ -121.535772659987785, 38.442556461529449 ], [ -121.535772659199296, 38.44165814637477 ], [ -121.536401478830612, 38.441658146448589 ], [ -121.53640148080737, 38.441388652141555 ], [ -121.53729979502377, 38.440490337142791 ], [ -121.537569290052801, 38.440490336296243 ], [ -121.53756929013575, 38.44138865166699 ], [ -121.537030301585375, 38.441388651972744 ], [ -121.53703030080527, 38.441658146516637 ], [ -121.537299795570775, 38.441927640889666 ], [ -121.539365920801316, 38.442825956093913 ], [ -121.539365921201124, 38.443275114176188 ], [ -121.539096426163979, 38.443275114003626 ], [ -121.539096426209625, 38.443454776749434 ], [ -121.539365920792164, 38.443454777158919 ], [ -121.539455751228473, 38.443724272734649 ], [ -121.539725246730541, 38.443814102988767 ], [ -121.539725247030589, 38.444353092168051 ], [ -121.538198110222908, 38.444353092889372 ], [ -121.537030299638943, 38.443814103600317 ] ] ] } },
{ "type": "Feature", "properties": { "csb_id": "061825015518547", "acres": 552.65329901872201, "geoid": "06113" }, "geometry": { "type": "Polygon", "coordinates": [ [ [ -121.566764537135256, 38.463577039056737 ], [ -121.565866221173437, 38.463307544810249 ], [ -121.565506895065681, 38.462948219097555 ], [ -121.565057737669832, 38.462948218531253 ], [ -121.564967905747082, 38.46267872438959 ], [ -121.564608579214166, 38.462409230187362 ], [ -121.564159421734502, 38.46249906125032 ], [ -121.564069589760763, 38.462768556508841 ], [ -121.563530601459675, 38.462768555983679 ], [ -121.563710264792491, 38.462678724393847 ], [ -121.563710264739782, 38.462049903524957 ], [ -121.563171275339712, 38.46204990371097 ], [ -121.563171275198727, 38.461510914065023 ], [ -121.56326110781896, 38.461241419695327 ], [ -121.563440770662353, 38.461241420021537 ], [ -121.563440770734076, 38.460882093272311 ], [ -121.563171275642986, 38.46061259876339 ], [ -121.562811950000906, 38.460612598634661 ], [ -121.561644140083317, 38.461510914343584 ], [ -121.560206834772245, 38.461600745634939 ], [ -121.56047632886586, 38.461870240664062 ], [ -121.560206835763765, 38.462049903789506 ], [ -121.560206835257219, 38.462409230032804 ], [ -121.559937341137697, 38.462409229758315 ], [ -121.559937340479976, 38.462139735275805 ], [ -121.559488183342651, 38.462139734842879 ], [ -121.559488182604099, 38.461780408686899 ], [ -121.559218688628079, 38.461510914165054 ], [ -121.558949193965532, 38.461510914398161 ], [ -121.558949194076973, 38.460882093842407 ], [ -121.559308520389692, 38.460882093341944 ], [ -121.559308519813683, 38.460612599329615 ], [ -121.557691551082272, 38.460612599290762 ], [ -121.557691552961288, 38.460253272594521 ], [ -121.558320372730321, 38.459714283829236 ], [ -121.558320371751265, 38.458905800236778 ], [ -121.558140710078035, 38.458546474046194 ], [ -121.557781384063759, 38.458546473512079 ], [ -121.557781383183126, 38.458007485027217 ], [ -121.558320371504067, 38.45755832696485 ], [ -121.5590390257249, 38.457558326869055 ], [ -121.558769530696779, 38.456660012220141 ], [ -121.558769531050544, 38.441927641497479 ], [ -121.558949194601738, 38.44013101077654 ], [ -121.560835656137272, 38.441029325419379 ], [ -121.56290178168733, 38.441747978275806 ], [ -121.563530602393243, 38.442286967148576 ], [ -121.565866221951708, 38.443185282752182 ], [ -121.566225548041132, 38.44381410353688 ], [ -121.567034031973932, 38.443724271277951 ], [ -121.567303526126381, 38.444083598166166 ], [ -121.568112010165365, 38.444173429628961 ], [ -121.574400217460493, 38.447048038424299 ], [ -121.575478195400251, 38.447676859045174 ], [ -121.576107015912214, 38.44776669058011 ], [ -121.576017184073351, 38.448485342365636 ], [ -121.574579879625631, 38.44956332112961 ], [ -121.573501901745459, 38.450641299238555 ], [ -121.571525608248578, 38.45306675038406 ], [ -121.570986618419795, 38.453515908415007 ], [ -121.570664048427048, 38.453555330326061 ], [ -121.569411759663282, 38.457242085451391 ], [ -121.569549313082575, 38.458815968535141 ], [ -121.570309548152508, 38.460105564134103 ], [ -121.570014964764184, 38.460718878827507 ], [ -121.569260518520096, 38.461012081926327 ], [ -121.56910015660786, 38.461241419800338 ], [ -121.567932347197782, 38.463577039561585 ], [ -121.566764537135256, 38.463577039056737 ] ], [ [ -121.56191363418003, 38.460343104862652 ], [ -121.561644140237107, 38.460343104345569 ], [ -121.561644140171907, 38.460612599395098 ], [ -121.561913634798415, 38.460612599052141 ], [ -121.56191363418003, 38.460343104862652 ] ], [ [ -121.559847509798843, 38.46007360974555 ], [ -121.559578015038156, 38.460073609721697 ], [ -121.559578015070002, 38.460253272921378 ], [ -121.559847509376056, 38.460253273182268 ], [ -121.559847509798843, 38.46007360974555 ] ], [ [ -121.559308519582729, 38.457288832153466 ], [ -121.559488182847986, 38.457109169225888 ], [ -121.559488183343746, 38.456929506880428 ], [ -121.559218688376845, 38.456929506721323 ], [ -121.559308519582729, 38.457288832153466 ] ], [ [ -121.570986619331265, 38.450192141951817 ], [ -121.57098661885118, 38.449293826721679 ], [ -121.570717123663769, 38.449293826262135 ], [ -121.570627293022042, 38.448305679467182 ], [ -121.570447628451433, 38.447676859751901 ], [ -121.570088304023784, 38.447407365551435 ], [ -121.570088303460224, 38.447048037501318 ], [ -121.567034031701297, 38.447048037721601 ], [ -121.567034031635984, 38.446778543995009 ], [ -121.566764536697818, 38.446778543282186 ], [ -121.565866222338215, 38.446868375473656 ], [ -121.565237401282914, 38.447137870110886 ], [ -121.564967906362526, 38.447497195418634 ], [ -121.56469841204931, 38.447497195969959 ], [ -121.564698411245104, 38.448305679276729 ], [ -121.565237401621232, 38.448575174508591 ], [ -121.565237401279077, 38.449203994641742 ], [ -121.564967906266077, 38.449203994596907 ], [ -121.565057737489454, 38.450461636381426 ], [ -121.570627292875784, 38.450371804840465 ], [ -121.570986619331265, 38.450192141951817 ] ] ] } },
{ "type": "Feature", "properties": { "csb_id": "061825015518549", "acres": 9.1212043503746294, "geoid": "06113" }, "geometry": { "type": "Polygon", "coordinates": [ [ [ -121.53307771428058, 38.443185282727363 ], [ -121.533077713357599, 38.442825956273886 ], [ -121.533437039778946, 38.442825956865086 ], [ -121.53343703996245, 38.442286967212404 ], [ -121.533077713952906, 38.44228696709483 ], [ -121.533077713932272, 38.441388652310032 ], [ -121.533437039998915, 38.441388651480281 ], [ -121.533437039851862, 38.441029325403257 ], [ -121.53307771401802, 38.440759831561699 ], [ -121.532538724774071, 38.440759830928506 ], [ -121.53253872411193, 38.440490336492843 ], [ -121.532808218698761, 38.440131010517071 ], [ -121.533437040195366, 38.440131010513419 ], [ -121.533437040342392, 38.440490336595566 ], [ -121.533976028896561, 38.440759831498958 ], [ -121.534604849823708, 38.440759832353379 ], [ -121.534604849354722, 38.441029325865308 ], [ -121.534335355391562, 38.441388652175625 ], [ -121.533976029211885, 38.441388651948024 ], [ -121.533976029582504, 38.441658147564006 ], [ -121.534335355623483, 38.441927641299721 ], [ -121.535772659985298, 38.441927641453518 ], [ -121.535772659508794, 38.442286967313443 ], [ -121.535233670462361, 38.442286966789915 ], [ -121.534065860054696, 38.442825956044857 ], [ -121.533976028854667, 38.443185282564393 ], [ -121.53307771428058, 38.443185282727363 ] ] ] } },
{ "type": "Feature", "properties": { "csb_id": "061825015518550", "acres": 12.928331606127101, "geoid": "06113" }, "geometry": { "type": "Polygon", "coordinates": [ [ [ -121.525621696498334, 38.441388652214009 ], [ -121.52499287610442, 38.441388652368701 ], [ -121.524992875400159, 38.441658146752118 ], [ -121.52382506681262, 38.441658146317721 ], [ -121.523196246065638, 38.44138865145748 ], [ -121.523196245909205, 38.440759831177616 ], [ -121.524094561376558, 38.440759830863811 ], [ -121.524723381770471, 38.440131010123146 ], [ -121.52526237095141, 38.440131010667095 ], [ -121.525891191453141, 38.439861515583146 ], [ -121.526160685898077, 38.439232695091249 ], [ -121.526789506786216, 38.439232695123145 ], [ -121.527058999076843, 38.439592021541102 ], [ -121.527059000085714, 38.439861516255981 ], [ -121.526789504393705, 38.439861516026454 ], [ -121.526789506642515, 38.44165814666875 ], [ -121.525621696990683, 38.441658146834243 ], [ -121.525621696498334, 38.441388652214009 ] ] ] } },
{ "type": "Feature", "properties": { "csb_id": "061825015518565", "acres": 30.784086829699401, "geoid": "06113" }, "geometry": { "type": "Polygon", "coordinates": [ [ [ -121.523196245551944, 38.44372427180118 ], [ -121.521399614650591, 38.443724271584905 ], [ -121.521399615377575, 38.443454777233633 ], [ -121.521669109025638, 38.443454776761001 ], [ -121.521669109633194, 38.442556461933073 ], [ -121.521399615328392, 38.442556461395569 ], [ -121.521399614859135, 38.441927640763971 ], [ -121.521399615197879, 38.441388652282114 ], [ -121.521669108554903, 38.44138865210946 ], [ -121.521669109443096, 38.439951347424923 ], [ -121.522567424805459, 38.439861516129433 ], [ -121.522567424584608, 38.439592021051631 ], [ -121.52229792991416, 38.439592021168913 ], [ -121.522297930504124, 38.439232695414717 ], [ -121.523196245294031, 38.439232695045995 ], [ -121.523196245761937, 38.439592021510443 ], [ -121.524094561173413, 38.439861516337565 ], [ -121.524992876200699, 38.439861515557986 ], [ -121.524992875803349, 38.440131010808244 ], [ -121.524723381770471, 38.440131010123146 ], [ -121.524094561376558, 38.440759830863811 ], [ -121.523196245909205, 38.440759831177616 ], [ -121.523196246065638, 38.44138865145748 ], [ -121.52382506681262, 38.441658146317721 ], [ -121.524992875400159, 38.441658146752118 ], [ -121.52499287610442, 38.441388652368701 ], [ -121.525621696498334, 38.441388652214009 ], [ -121.525621696990683, 38.441658146834243 ], [ -121.527059000519699, 38.441658146835401 ], [ -121.527058999919433, 38.442825956733273 ], [ -121.525891189812583, 38.442825956525184 ], [ -121.525891191981827, 38.44255646205972 ], [ -121.524723381738639, 38.442556461901404 ], [ -121.523465739752936, 38.443185282348935 ], [ -121.523465740426701, 38.44354460902769 ], [ -121.523196245551944, 38.44372427180118 ] ] ] } },
{ "type": "Feature", "properties": { "csb_id": "061825015518573", "acres": 9.1793768794027493, "geoid": "06113" }, "geometry": { "type": "Polygon", "coordinates": [ [ [ -121.533437040195366, 38.440131010513419 ], [ -121.532808218698761, 38.440131010517071 ], [ -121.53253872411193, 38.440490336492843 ], [ -121.532538724774071, 38.440759830928506 ], [ -121.532179399058464, 38.440759831569075 ], [ -121.532179398399606, 38.441029326003573 ], [ -121.531281083708762, 38.441029326105294 ], [ -121.531281081560493, 38.440131010878027 ], [ -121.531011587690529, 38.440131010958815 ], [ -121.531011587568145, 38.439861515747353 ], [ -121.531909904173716, 38.439861516015576 ], [ -121.533077713776109, 38.439232695131146 ], [ -121.533077713872188, 38.439053031775018 ], [ -121.533437039263774, 38.43959202107461 ], [ -121.533706534416439, 38.439592021472436 ], [ -121.533976029632711, 38.439861516044367 ], [ -121.53487434437902, 38.43986151637521 ], [ -121.535233670911452, 38.440131010851914 ], [ -121.535233669942798, 38.440759831095264 ], [ -121.533976028896561, 38.440759831498958 ], [ -121.533437040342392, 38.440490336595566 ], [ -121.533437040195366, 38.440131010513419 ] ] ] } },
{ "type": "Feature", "properties": { "csb_id": "061825015518576", "acres": 148.369192585967, "geoid": "06113" }, "geometry": { "type": "Polygon", "coordinates": [ [ [ -121.578173140805134, 38.447407364558813 ], [ -121.578173140788323, 38.447048038141631 ], [ -121.577813814629138, 38.447048038634158 ], [ -121.577813815114567, 38.447407364576875 ], [ -121.578173140805134, 38.447407364558813 ], [ -121.578173140659743, 38.447587027336681 ], [ -121.577274825499416, 38.447676858600055 ], [ -121.577274825616556, 38.447497196296894 ], [ -121.576376510160344, 38.447407364816598 ], [ -121.576107015900732, 38.446778543993169 ], [ -121.573681564310931, 38.445520902138838 ], [ -121.572783248956114, 38.444353092717044 ], [ -121.571615437800602, 38.444173429465529 ], [ -121.569728977163862, 38.443454777109601 ], [ -121.569100154976496, 38.443185282460881 ], [ -121.56883066250343, 38.442915787839375 ], [ -121.568830661722089, 38.442556462048557 ], [ -121.568022178606753, 38.442556461889779 ], [ -121.567932346665287, 38.442286967289746 ], [ -121.568201841430479, 38.442286967525803 ], [ -121.568291672561216, 38.441747978084045 ], [ -121.571256111784763, 38.441747978226338 ], [ -121.571256113756249, 38.44192764066424 ], [ -121.572423922867216, 38.441927641126661 ], [ -121.573412070346521, 38.441747977866974 ], [ -121.5737713963657, 38.441478483833308 ], [ -121.573771396436186, 38.440849662923441 ], [ -121.573412070170974, 38.440849662617822 ], [ -121.573412069978843, 38.440220842413261 ], [ -121.573771396506643, 38.440220842007299 ], [ -121.57377139553266, 38.438963200392948 ], [ -121.574579880036381, 38.438963200371042 ], [ -121.574579880394523, 38.439322526714228 ], [ -121.57781381483673, 38.439232695461271 ], [ -121.577813815322116, 38.439592021446508 ], [ -121.578442635118208, 38.439592021536264 ], [ -121.578442636017925, 38.439322526980845 ], [ -121.579610445860283, 38.439232695391922 ], [ -121.582844380534169, 38.439232695754107 ], [ -121.582844380916356, 38.444083597732678 ], [ -121.582395221448152, 38.44435309306018 ], [ -121.581766401410974, 38.444353092473825 ], [ -121.58149690734308, 38.444622587261406 ], [ -121.581496907927487, 38.444981913335141 ], [ -121.579610445321222, 38.444981913045254 ], [ -121.579610445563958, 38.444622586912217 ], [ -121.579430782585007, 38.44462258646417 ], [ -121.579071456127195, 38.444622586739449 ], [ -121.579071456250631, 38.445071744768747 ], [ -121.578532467706893, 38.445251407987556 ], [ -121.578442635385358, 38.44498191314571 ], [ -121.577813814798489, 38.444981912641438 ], [ -121.577544319035795, 38.445251407588856 ], [ -121.577544320715987, 38.445520901793522 ], [ -121.578173140705999, 38.445700565684781 ], [ -121.578173141547097, 38.44641921743365 ], [ -121.578442635576948, 38.446778543871929 ], [ -121.578712129927908, 38.44686837566887 ], [ -121.578712129988574, 38.447048038685359 ], [ -121.579610445271044, 38.4470480386817 ], [ -121.579490436494609, 38.447287354980261 ], [ -121.578173140805134, 38.447407364558813 ] ], [ [ -121.577005331185262, 38.444442923883081 ], [ -121.577634152108075, 38.443814103244549 ], [ -121.577634151695648, 38.442825956008058 ], [ -121.57781381523094, 38.442825956169806 ], [ -121.577903646322014, 38.442376798359916 ], [ -121.577634151546889, 38.442017473032152 ], [ -121.57646634254634, 38.442017472578726 ], [ -121.576466342309118, 38.442376798221964 ], [ -121.576107015632957, 38.442376798718477 ], [ -121.575568027021006, 38.441747978125228 ], [ -121.575208700697274, 38.441747978433462 ], [ -121.575208701095832, 38.44201747294909 ], [ -121.573771396129587, 38.442017472688214 ], [ -121.573771395682044, 38.444442924200146 ], [ -121.574310385029065, 38.444442924160242 ], [ -121.574310385395592, 38.444173429268915 ], [ -121.575837521434806, 38.444173429133158 ], [ -121.575837521915176, 38.444442924113297 ], [ -121.577005331185262, 38.444442923883081 ] ] ] } },
{ "type": "Feature", "properties": { "csb_id": "061825015518616", "acres": 12.145847019141099, "geoid": "06113" }, "geometry": { "type": "Polygon", "coordinates": [ [ [ -121.541252382890065, 38.440759831202136 ], [ -121.538916763473921, 38.44058016880237 ], [ -121.538916763288938, 38.440131010314794 ], [ -121.539096426264891, 38.439951347362033 ], [ -121.540354067513306, 38.43986151551114 ], [ -121.540354067243541, 38.438334380178972 ], [ -121.541252383203187, 38.438334379740006 ], [ -121.541252383071026, 38.438064885779525 ], [ -121.541611708748192, 38.4380648854901 ], [ -121.541881203486952, 38.438963200953125 ], [ -121.542150698009181, 38.438963201029601 ], [ -121.54215069774375, 38.439592021710148 ], [ -121.541881203353626, 38.439861515587332 ], [ -121.541521877743477, 38.441388651596263 ], [ -121.541252383338602, 38.441388651926374 ], [ -121.541252382890065, 38.440759831202136 ] ] ] } },
{ "type": "Feature", "properties": { "csb_id": "061825015518617", "acres": 9.8268978303737402, "geoid": "06113" }, "geometry": { "type": "Polygon", "coordinates": [ [ [ -121.538198111324931, 38.440759831121987 ], [ -121.538198110980105, 38.439592021639129 ], [ -121.538467605858074, 38.439592020934157 ], [ -121.538467605460355, 38.438963200628784 ], [ -121.538198110496083, 38.438693706541287 ], [ -121.537569290193986, 38.438693706375702 ], [ -121.537569289976574, 38.438334379697125 ], [ -121.538826931526941, 38.438334379934901 ], [ -121.53882693158458, 38.438064885052228 ], [ -121.539365920374436, 38.438064885524632 ], [ -121.539365920876051, 38.43833437978401 ], [ -121.540354067243541, 38.438334380178972 ], [ -121.540354067513306, 38.43986151551114 ], [ -121.539096426264891, 38.439951347362033 ], [ -121.538826931566589, 38.440490336995964 ], [ -121.53846760603578, 38.440759831364538 ], [ -121.538198111324931, 38.440759831121987 ] ] ] } },
{ "type": "Feature", "properties": { "csb_id": "061825015518618", "acres": 9.9815048065537795, "geoid": "06113" }, "geometry": { "type": "Polygon", "coordinates": [ [ [ -121.524992875803349, 38.440131010808244 ], [ -121.524992876200699, 38.439861515557986 ], [ -121.524094561173413, 38.439861516337565 ], [ -121.523196245761937, 38.439592021510443 ], [ -121.523196245294031, 38.439232695045995 ], [ -121.522926751330743, 38.439232694818486 ], [ -121.522926751210932, 38.438963200361364 ], [ -121.52382506596183, 38.438963201192017 ], [ -121.524094561017719, 38.438693706392982 ], [ -121.524992876343518, 38.438693706213073 ], [ -121.525262371336439, 38.438334379965077 ], [ -121.52616068644339, 38.438334379634817 ], [ -121.526160686506728, 38.438064885386666 ], [ -121.526520012249591, 38.438064885609577 ], [ -121.526609843521172, 38.438963200893028 ], [ -121.526789506786216, 38.439232695123145 ], [ -121.526160685898077, 38.439232695091249 ], [ -121.525891191453141, 38.439861515583146 ], [ -121.524992875803349, 38.440131010808244 ] ] ] } },
{ "type": "Feature", "properties": { "csb_id": "061825015518632", "acres": 8.1455890755818192, "geoid": "06113" }, "geometry": { "type": "Polygon", "coordinates": [ [ [ -121.513853765420478, 38.440759831192302 ], [ -121.51385376639864, 38.440490337111292 ], [ -121.513584271305362, 38.44013101025152 ], [ -121.513314776943375, 38.440131010589269 ], [ -121.513314777775534, 38.439232695188075 ], [ -121.513584272794091, 38.439232695860845 ], [ -121.513853766618297, 38.438693705660256 ], [ -121.513853767034874, 38.437795390774966 ], [ -121.514572419319606, 38.437795390909365 ], [ -121.514752081740241, 38.438154717003272 ], [ -121.514841913441259, 38.439053032394582 ], [ -121.515201239364103, 38.439053032383853 ], [ -121.515111407897436, 38.439592021277008 ], [ -121.514213091484578, 38.440759831182582 ], [ -121.513853765420478, 38.440759831192302 ] ] ] } },
{ "type": "Feature", "properties": { "csb_id": "061825015518633", "acres": 21.7891796446829, "geoid": "06113" }, "geometry": { "type": "Polygon", "coordinates": [ [ [ -121.51115882037719, 38.440131010929143 ], [ -121.511158819523985, 38.438064885273896 ], [ -121.511787641209764, 38.438154717240259 ], [ -121.511787641377921, 38.437795390472346 ], [ -121.512416462299939, 38.437795390918893 ], [ -121.512416461995628, 38.437166569902857 ], [ -121.512685956917849, 38.437166570023976 ], [ -121.512685956641803, 38.436807244260493 ], [ -121.513314777068032, 38.436986907218461 ], [ -121.513314777222433, 38.437795391288724 ], [ -121.513853767034874, 38.437795390774966 ], [ -121.513853766618297, 38.438693705660256 ], [ -121.513584272794091, 38.439232695860845 ], [ -121.513314777775534, 38.439232695188075 ], [ -121.51331477625078, 38.4398615163553 ], [ -121.513314776943375, 38.440131010589269 ], [ -121.513584271305362, 38.44013101025152 ], [ -121.51385376639864, 38.440490337111292 ], [ -121.513853766425811, 38.441658146657765 ], [ -121.512955450922021, 38.441658146773634 ], [ -121.512506294133004, 38.441119157607865 ], [ -121.511518144587725, 38.44111915789091 ], [ -121.511518145365386, 38.440131010951369 ], [ -121.51115882037719, 38.440131010929143 ] ], [ [ -121.512685955546516, 38.437885222877668 ], [ -121.512506294135008, 38.437795390530205 ], [ -121.51250629357969, 38.437885222518148 ], [ -121.512685955546516, 38.437885222877668 ] ] ] } },
{ "type": "Feature", "properties": { "csb_id": "061825015518681", "acres": 6.3678040311675703, "geoid": "06113" }, "geometry": { "type": "Polygon", "coordinates": [ [ [ -121.539365920876051, 38.43833437978401 ], [ -121.539365920374436, 38.438064885524632 ], [ -121.53882693158458, 38.438064885052228 ], [ -121.53882693194933, 38.43779539102848 ], [ -121.539096426627765, 38.437436064819167 ], [ -121.539994741077891, 38.436807243710483 ], [ -121.540354067781664, 38.43680724371076 ], [ -121.540354067040013, 38.437166569800617 ], [ -121.540623562506198, 38.437436064190123 ], [ -121.541252382622545, 38.437436065021075 ], [ -121.541521877013992, 38.437795390601956 ], [ -121.541521877328918, 38.438064885660708 ], [ -121.541252383071026, 38.438064885779525 ], [ -121.541252383203187, 38.438334379740006 ], [ -121.539365920876051, 38.43833437978401 ] ] ] } },
{ "type": "Feature", "properties": { "csb_id": "061825015518682", "acres": 31.614356043813402, "geoid": "06113" }, "geometry": { "type": "Polygon", "coordinates": [ [ [ -121.529214958597393, 38.441658146730219 ], [ -121.529214958223946, 38.44049033620216 ], [ -121.52853543143118, 38.440451211090043 ], [ -121.527717999635826, 38.438304202025151 ], [ -121.527687821684793, 38.437166570473202 ], [ -121.527238664272701, 38.436807244027499 ], [ -121.527418327517353, 38.436537749054153 ], [ -121.528855632144101, 38.435908928617749 ], [ -121.530113272277447, 38.435908928766992 ], [ -121.530113271856706, 38.43626825523657 ], [ -121.529843777383959, 38.436268254980966 ], [ -121.529843777673548, 38.436537749261475 ], [ -121.530113273136934, 38.436537749517036 ], [ -121.530113273046638, 38.437436065010125 ], [ -121.530382767945312, 38.437795391223375 ], [ -121.530382767720056, 38.438334379856052 ], [ -121.531011588576703, 38.438334379841649 ], [ -121.531011588906907, 38.438693706146637 ], [ -121.530742094685095, 38.438963200941586 ], [ -121.53038276835413, 38.438963200193591 ], [ -121.530382767065021, 38.439592021858481 ], [ -121.531011588867841, 38.439592021158042 ], [ -121.531011587690529, 38.440131010958815 ], [ -121.531281081560493, 38.440131010878027 ], [ -121.531281082902652, 38.44075983175788 ], [ -121.530742094131341, 38.441029325590208 ], [ -121.530113273493413, 38.441029325750861 ], [ -121.529843778845517, 38.441388651586138 ], [ -121.529843778326978, 38.44165814694081 ], [ -121.529214958597393, 38.441658146730219 ] ] ] } },
{ "type": "Feature", "properties": { "csb_id": "061825015518683", "acres": 24.5224303330662, "geoid": "06113" }, "geometry": { "type": "Polygon", "coordinates": [ [ [ -121.526609843521172, 38.438963200893028 ], [ -121.526520012249591, 38.438064885609577 ], [ -121.526160686506728, 38.438064885386666 ], [ -121.52616068644339, 38.438334379634817 ], [ -121.525262371336439, 38.438334379965077 ], [ -121.524992876343518, 38.438693706213073 ], [ -121.524094561017719, 38.438693706392982 ], [ -121.52382506596183, 38.438963201192017 ], [ -121.522567425054774, 38.438963200840313 ], [ -121.522567425553348, 38.437166570221819 ], [ -121.523196246110018, 38.437166570096863 ], [ -121.523465740659447, 38.43653774900082 ], [ -121.523465740109188, 38.435998760210808 ], [ -121.523825066149286, 38.435998760528875 ], [ -121.524723381777832, 38.436537749809879 ], [ -121.525891191794813, 38.43653774909113 ], [ -121.526250517897964, 38.4362682550465 ], [ -121.526789506695081, 38.436358085025681 ], [ -121.527687822137679, 38.438693706200269 ], [ -121.5274183276874, 38.438963200431687 ], [ -121.526609843521172, 38.438963200893028 ] ] ] } },
{ "type": "Feature", "properties": { "csb_id": "061825015518690", "acres": 71.260154771085993, "geoid": "06113" }, "geometry": { "type": "Polygon", "coordinates": [ [ [ -121.516279218062834, 38.444981913152731 ], [ -121.516279217319862, 38.444622588421808 ], [ -121.516009723060833, 38.444622587426998 ], [ -121.516009722789619, 38.444981913018239 ], [ -121.516279218062834, 38.444981913152731 ], [ -121.516279217888425, 38.445251408011671 ], [ -121.515650396962258, 38.445251408156786 ], [ -121.515111407469391, 38.446149722791795 ], [ -121.514572418904081, 38.44614972290961 ], [ -121.514572418632994, 38.445071744387384 ], [ -121.514302924474592, 38.444712418305919 ], [ -121.514213093207189, 38.444173428884355 ], [ -121.513584271563616, 38.444083597710708 ], [ -121.513314776960243, 38.443724271355713 ], [ -121.513314776267578, 38.443454777136949 ], [ -121.514213093101347, 38.443454776940456 ], [ -121.514213093109788, 38.44282595634602 ], [ -121.513584270296505, 38.442825956313769 ], [ -121.513584272025454, 38.441658146401764 ], [ -121.513853766425811, 38.441658146657765 ], [ -121.513853765420478, 38.440759831192302 ], [ -121.514213091484578, 38.440759831182582 ], [ -121.514482586323126, 38.440490336755907 ], [ -121.515111407897436, 38.439592021277008 ], [ -121.515201239364103, 38.439053032383853 ], [ -121.514841913441259, 38.439053032394582 ], [ -121.514752081740241, 38.438154717003272 ], [ -121.514572419319606, 38.437795390909365 ], [ -121.513314777222433, 38.437795391288724 ], [ -121.513314777068032, 38.436986907218461 ], [ -121.512955451041591, 38.436986906674065 ], [ -121.512955450871388, 38.436537749543156 ], [ -121.513314778041632, 38.436537749377621 ], [ -121.513853766889966, 38.436268255064505 ], [ -121.51600972380254, 38.436268254628942 ], [ -121.516009723738165, 38.437166570443161 ], [ -121.516548712107408, 38.437166570418164 ], [ -121.516548713152275, 38.436986907127149 ], [ -121.517447027525336, 38.437166570376199 ], [ -121.517447027461301, 38.437795390449999 ], [ -121.517177532210852, 38.438064885697919 ], [ -121.51717753402221, 38.439861516443891 ], [ -121.517806353267105, 38.439861515704024 ], [ -121.51807584833098, 38.440131010679934 ], [ -121.518075848652416, 38.44049033646899 ], [ -121.517447028167282, 38.440490336777515 ], [ -121.517447028163943, 38.442286967389627 ], [ -121.517177533457925, 38.442286967165316 ], [ -121.517177532933729, 38.442556461884969 ], [ -121.517447027674976, 38.442825956204317 ], [ -121.518345342774197, 38.442825956071673 ], [ -121.518345343534904, 38.443724271212908 ], [ -121.517896185666402, 38.443814103335498 ], [ -121.517896185246983, 38.444083597662022 ], [ -121.517177533345929, 38.444083599124632 ], [ -121.516908039019711, 38.444981913002358 ], [ -121.516279218062834, 38.444981913152731 ] ] ] } },
{ "type": "Feature", "properties": { "csb_id": "061825015518699", "acres": 6.7157194521778996, "geoid": "06113" }, "geometry": { "type": "Polygon", "coordinates": [ [ [ -121.533077713851526, 38.438154716943366 ], [ -121.532898050836209, 38.437525896357933 ], [ -121.532538724784985, 38.437436064402164 ], [ -121.532538724064707, 38.436537749246668 ], [ -121.532269229625015, 38.436268255067951 ], [ -121.533437039527911, 38.436268255032999 ], [ -121.533437039840194, 38.436537749338015 ], [ -121.534335355534623, 38.436537749373549 ], [ -121.534335355279978, 38.437166569716815 ], [ -121.534874344704562, 38.437166569795082 ], [ -121.534874344418284, 38.437436064419956 ], [ -121.534604849261612, 38.437795390979289 ], [ -121.533706534073985, 38.437795390453303 ], [ -121.533706534028099, 38.437436064978471 ], [ -121.533437039803701, 38.437436065141476 ], [ -121.533437039950712, 38.437795391239618 ], [ -121.533706534426898, 38.438154716786102 ], [ -121.533077713851526, 38.438154716943366 ] ] ] } },
{ "type": "Feature", "properties": { "csb_id": "061825015518700", "acres": 18.5139282964339, "geoid": "06113" }, "geometry": { "type": "Polygon", "coordinates": [ [ [ -121.531011587568145, 38.439861515747353 ], [ -121.531011588867841, 38.439592021158042 ], [ -121.530382767065021, 38.439592021858481 ], [ -121.53038276835413, 38.438963200193591 ], [ -121.531281083066446, 38.438963200335294 ], [ -121.531011588761302, 38.438064885482383 ], [ -121.5303827676792, 38.438064885110215 ], [ -121.530382767945312, 38.437795391223375 ], [ -121.530113273046638, 38.437436065010125 ], [ -121.530113273302149, 38.436807244033027 ], [ -121.530382767526191, 38.436807244172641 ], [ -121.530382768119352, 38.437166569776487 ], [ -121.53074209375653, 38.437166569726948 ], [ -121.530742093692481, 38.436537749520049 ], [ -121.530113271856706, 38.43626825523657 ], [ -121.530113272277447, 38.435908928766992 ], [ -121.53038276796633, 38.435908928819607 ], [ -121.530382767925502, 38.435639434062587 ], [ -121.53074209449673, 38.435639434075711 ], [ -121.53101158850923, 38.435908929080234 ], [ -121.531011588532436, 38.436268254539911 ], [ -121.531640409699662, 38.436088591366932 ], [ -121.531640409630171, 38.436537749722902 ], [ -121.532538724064707, 38.436537749246668 ], [ -121.532538724784985, 38.437436064402164 ], [ -121.532808219510414, 38.437436064247173 ], [ -121.532808218905572, 38.438963200635733 ], [ -121.533077713872188, 38.439053031775018 ], [ -121.533077713776109, 38.439232695131146 ], [ -121.531909904173716, 38.439861516015576 ], [ -121.531011587568145, 38.439861515747353 ] ] ] } },
{ "type": "Feature", "properties": { "csb_id": "061825015518701", "acres": 89.6492458412677, "geoid": "06113" }, "geometry": { "type": "Polygon", "coordinates": [ [ [ -121.520231804801114, 38.443724272011217 ], [ -121.520231804534987, 38.444622586713223 ], [ -121.519962310051483, 38.444622587009285 ], [ -121.519872479014381, 38.444173429409041 ], [ -121.519333490311269, 38.44417342941 ], [ -121.519333489901996, 38.444353092143494 ], [ -121.518974163730689, 38.444353092267832 ], [ -121.518974163928831, 38.44462258730232 ], [ -121.51870466900219, 38.444981913278916 ], [ -121.518075848629209, 38.444981914147156 ], [ -121.518075848568117, 38.444353092101395 ], [ -121.518704668928194, 38.444353092866955 ], [ -121.51897416368395, 38.443454777198632 ], [ -121.518704669324293, 38.443185282608418 ], [ -121.518345343301505, 38.443185282082297 ], [ -121.518345342774197, 38.442825956071673 ], [ -121.517447027674976, 38.442825956204317 ], [ -121.517177532933729, 38.442556461884969 ], [ -121.517177533457925, 38.442286967165316 ], [ -121.517447028163943, 38.442286967389627 ], [ -121.517447028167282, 38.440490336777515 ], [ -121.518075848652416, 38.44049033646899 ], [ -121.51807584833098, 38.440131010679934 ], [ -121.517806353267105, 38.439861515704024 ], [ -121.51717753402221, 38.439861516443891 ], [ -121.517267365226147, 38.438963200701153 ], [ -121.517806353728545, 38.438783537932558 ], [ -121.517806353633247, 38.437795390732788 ], [ -121.517447027461301, 38.437795390449999 ], [ -121.517447027525336, 38.437166570376199 ], [ -121.516548713152275, 38.436986907127149 ], [ -121.516548713082045, 38.436807244072256 ], [ -121.516908038657164, 38.436537749799847 ], [ -121.517806354287558, 38.436537749158376 ], [ -121.518075848093858, 38.435908928970647 ], [ -121.518345342981945, 38.435729265609289 ], [ -121.518974163854381, 38.435908928328892 ], [ -121.518974164118518, 38.436268255090134 ], [ -121.519602984827188, 38.436268254982529 ], [ -121.519602984017894, 38.435908928607979 ], [ -121.522028435321573, 38.435908929046562 ], [ -121.522387761467428, 38.436268254556957 ], [ -121.523465740476013, 38.436358086071387 ], [ -121.523196246110018, 38.437166570096863 ], [ -121.522567425553348, 38.437166570221819 ], [ -121.522567425054774, 38.438963200840313 ], [ -121.522926751210932, 38.438963200361364 ], [ -121.522926751330743, 38.439232694818486 ], [ -121.522297930504124, 38.439232695414717 ], [ -121.52229792991416, 38.439592021168913 ], [ -121.522567424584608, 38.439592021051631 ], [ -121.522567424805459, 38.439861516129433 ], [ -121.521669109443096, 38.439951347424923 ], [ -121.521669108554903, 38.44138865210946 ], [ -121.521399615197879, 38.441388652282114 ], [ -121.521399615328392, 38.442556461395569 ], [ -121.521669109633194, 38.442556461933073 ], [ -121.521669109876996, 38.443185282171889 ], [ -121.521669109025638, 38.443454776761001 ], [ -121.521399615377575, 38.443454777233633 ], [ -121.521399614650591, 38.443724271584905 ], [ -121.522028436073413, 38.444083597845655 ], [ -121.522028435427913, 38.444353092667875 ], [ -121.520770794924218, 38.444353092198831 ], [ -121.520231804801114, 38.443724272011217 ] ] ] } },
{ "type": "Feature", "properties": { "csb_id": "061825015518710", "acres": 11.2863067504741, "geoid": "06113" }, "geometry": { "type": "Polygon", "coordinates": [ [ [ -121.574849374780129, 38.43779539042054 ], [ -121.574849374331066, 38.437436067508365 ], [ -121.57422055317511, 38.436807243576695 ], [ -121.574220554068646, 38.436268255684098 ], [ -121.575118869817061, 38.436268256523419 ], [ -121.575118869885316, 38.436537751063348 ], [ -121.576017184899044, 38.436537750838447 ], [ -121.576017184467077, 38.43590892866186 ], [ -121.577544321076417, 38.435908930773493 ], [ -121.577544320805984, 38.436537751259323 ], [ -121.577813814828232, 38.436807244077784 ], [ -121.577813814639612, 38.437436065028336 ], [ -121.576735836232345, 38.437256401412981 ], [ -121.576646004604029, 38.437795391175193 ], [ -121.574849374780129, 38.43779539042054 ] ] ] } },
{ "type": "Feature", "properties": { "csb_id": "061825015518728", "acres": 8.0492684559074199, "geoid": "06113" }, "geometry": { "type": "Polygon", "coordinates": [ [ [ -121.573322238356667, 38.436807243838651 ], [ -121.573412069617333, 38.436088591959944 ], [ -121.573681564499239, 38.435639434423067 ], [ -121.573681564225353, 38.435010613688995 ], [ -121.57395105926696, 38.435010613183259 ], [ -121.573951059622615, 38.435639434391767 ], [ -121.574849374855063, 38.435639433815709 ], [ -121.574849373932651, 38.435908928358607 ], [ -121.576017184467077, 38.43590892866186 ], [ -121.576017184899044, 38.436537750838447 ], [ -121.575118869885316, 38.436537751063348 ], [ -121.575118869817061, 38.436268256523419 ], [ -121.574220554068646, 38.436268255684098 ], [ -121.57422055317511, 38.436807243576695 ], [ -121.574849374331066, 38.437436067508365 ], [ -121.574849374165197, 38.43806488581351 ], [ -121.573951057814824, 38.438064885856974 ], [ -121.573951059502264, 38.43779539093844 ], [ -121.573322238356667, 38.436807243838651 ] ] ] } },
{ "type": "Feature", "properties": { "csb_id": "061825015518729", "acres": 16.407724821428001, "geoid": "06113" }, "geometry": { "type": "Polygon", "coordinates": [ [ [ -121.557691552634196, 38.437795390791209 ], [ -121.557152563630353, 38.437795390451782 ], [ -121.55715256353453, 38.436537749079555 ], [ -121.557691552826228, 38.436537749242738 ], [ -121.557691552005167, 38.436268254606667 ], [ -121.556523742865096, 38.436268254904952 ], [ -121.556523742175216, 38.435639434100757 ], [ -121.557152563685563, 38.435639434411321 ], [ -121.557691552548675, 38.435369939372023 ], [ -121.558589867807029, 38.435369939121486 ], [ -121.558949194310145, 38.435639433825266 ], [ -121.560117004267624, 38.435639434143042 ], [ -121.560117003419663, 38.436537749279452 ], [ -121.559847509045611, 38.437166570175563 ], [ -121.559488183025863, 38.43716657006371 ], [ -121.559218688025808, 38.437436064701188 ], [ -121.55894919353814, 38.437795391072278 ], [ -121.558949193470198, 38.438334379882335 ], [ -121.558320373258695, 38.438334379849849 ], [ -121.557691552634196, 38.437795390791209 ] ] ] } },
{ "type": "Feature", "properties": { "csb_id": "061825015518735", "acres": 8.0492904077684599, "geoid": "06113" }, "geometry": { "type": "Polygon", "coordinates": [ [ [ -121.555625427463852, 38.436627580548702 ], [ -121.55445761721316, 38.436268254819282 ], [ -121.554457616291998, 38.435639434130138 ], [ -121.554727112077828, 38.435639434367737 ], [ -121.554727112312747, 38.435369939043504 ], [ -121.555894921795343, 38.435369939705623 ], [ -121.555894921893966, 38.4356394340208 ], [ -121.556523742175216, 38.435639434100757 ], [ -121.556523742865096, 38.436268254904952 ], [ -121.557691552005167, 38.436268254606667 ], [ -121.557691552826228, 38.436537749242738 ], [ -121.55715256353453, 38.436537749079555 ], [ -121.55715256369075, 38.43743606459396 ], [ -121.556613574598416, 38.437436064327748 ], [ -121.555625427463852, 38.436627580548702 ] ] ] } },
{ "type": "Feature", "properties": { "csb_id": "061825015518744", "acres": 26.360680872665601, "geoid": "06113" }, "geometry": { "type": "Polygon", "coordinates": [ [ [ -121.582664717868155, 38.437436064576943 ], [ -121.581227412692456, 38.43725640151311 ], [ -121.579430782239285, 38.437256402031529 ], [ -121.579430782638767, 38.437436064451987 ], [ -121.578532467075178, 38.437436065131905 ], [ -121.578173141681603, 38.437795390977364 ], [ -121.57754431965013, 38.437795390490471 ], [ -121.577544320485671, 38.437436064494449 ], [ -121.577813814639612, 38.437436065028336 ], [ -121.577813814828232, 38.436807244077784 ], [ -121.577544320805984, 38.436537751259323 ], [ -121.577544321011118, 38.43563943433287 ], [ -121.5778138151165, 38.435369939581612 ], [ -121.577813814631142, 38.435010613570512 ], [ -121.579071456285163, 38.435010614663561 ], [ -121.579071456437717, 38.435369939280704 ], [ -121.581496907356566, 38.435369939505016 ], [ -121.581496907191266, 38.434830950621063 ], [ -121.582035897462234, 38.434741119125171 ], [ -121.582035897274125, 38.435369939475557 ], [ -121.58266471745435, 38.435369939841515 ], [ -121.582664717868155, 38.437436064576943 ] ] ] } },
{ "type": "Feature", "properties": { "csb_id": "061825015518762", "acres": 3.4884511449665299, "geoid": "06113" }, "geometry": { "type": "Polygon", "coordinates": [ [ [ -121.552032166595353, 38.434561456061232 ], [ -121.552032166595353, 38.434112297994972 ], [ -121.552301660577072, 38.433663140606356 ], [ -121.552930480596416, 38.433573309380357 ], [ -121.553559302814506, 38.433842803678431 ], [ -121.553559302219739, 38.434471624922679 ], [ -121.55328980805271, 38.434741118705048 ], [ -121.552032166595353, 38.434561456061232 ] ] ] } },
{ "type": "Feature", "properties": { "csb_id": "061825015518781", "acres": 81.178120212258307, "geoid": "06113" }, "geometry": { "type": "Polygon", "coordinates": [ [ [ -121.535233670703334, 38.441388652815768 ], [ -121.535233670911452, 38.440131010851914 ], [ -121.53487434437902, 38.43986151637521 ], [ -121.533976029632711, 38.439861516044367 ], [ -121.53397602931733, 38.439232695579904 ], [ -121.53433535557906, 38.439232695396292 ], [ -121.534604849879713, 38.438963200309324 ], [ -121.534604850041617, 38.438693705928252 ], [ -121.533976028874847, 38.438064885569354 ], [ -121.533976028811296, 38.437795390797767 ], [ -121.534604849261612, 38.437795390979289 ], [ -121.534874344418284, 38.437436064419956 ], [ -121.534874344704562, 38.437166569795082 ], [ -121.534335355279978, 38.437166569716815 ], [ -121.534335355534623, 38.436537749373549 ], [ -121.533437039840194, 38.436537749338015 ], [ -121.533437039527911, 38.436268255032999 ], [ -121.532269229625015, 38.436268255067951 ], [ -121.532538724064707, 38.436537749246668 ], [ -121.532179398552699, 38.43653774961242 ], [ -121.532179398620229, 38.436358086721725 ], [ -121.531999735643225, 38.436537748972142 ], [ -121.531640409630171, 38.436537749722902 ], [ -121.531640409699662, 38.436088591366932 ], [ -121.531281083658072, 38.436088591543225 ], [ -121.53128108373798, 38.435459771237475 ], [ -121.531999735746709, 38.435100444821181 ], [ -121.532179398613948, 38.434741118960027 ], [ -121.533077714259662, 38.434112298073266 ], [ -121.534065860885988, 38.433663140082153 ], [ -121.534065860674502, 38.4338428030686 ], [ -121.535233670642981, 38.433842803691789 ], [ -121.536221817829528, 38.433573309130978 ], [ -121.536760806226681, 38.433932635355283 ], [ -121.536760806337313, 38.434471624659096 ], [ -121.537030300874662, 38.43474111850697 ], [ -121.537389627874163, 38.434741119387439 ], [ -121.537928616435622, 38.435010614264392 ], [ -121.53819811020459, 38.435639433523896 ], [ -121.539096426183221, 38.43590892947531 ], [ -121.539096426274483, 38.436268255009558 ], [ -121.539365921313234, 38.436537749636045 ], [ -121.5399947419168, 38.436537749593548 ], [ -121.539994741077891, 38.436807243710483 ], [ -121.539096426627765, 38.437436064819167 ], [ -121.53882693194933, 38.43779539102848 ], [ -121.538826931526941, 38.438334379934901 ], [ -121.537569289976574, 38.438334379697125 ], [ -121.537569290193986, 38.438693706375702 ], [ -121.538198110496083, 38.438693706541287 ], [ -121.538467605460355, 38.438963200628784 ], [ -121.538467605858074, 38.439592020934157 ], [ -121.538198110980105, 38.439592021639129 ], [ -121.538198111464141, 38.440490336723784 ], [ -121.53729979502377, 38.440490337142791 ], [ -121.53640148080737, 38.441388652141555 ], [ -121.536401478830612, 38.441658146448589 ], [ -121.535772659199296, 38.44165814637477 ], [ -121.53577265983543, 38.441388651918125 ], [ -121.535233670703334, 38.441388652815768 ] ], [ [ -121.532628555892543, 38.434830950021066 ], [ -121.532808219514024, 38.434741118950889 ], [ -121.53226923032706, 38.434830950586267 ], [ -121.532269229998491, 38.435100445047667 ], [ -121.532628555769833, 38.435100444719289 ], [ -121.532628555892543, 38.434830950021066 ] ] ] } },
{ "type": "Feature", "properties": { "csb_id": "061825015518811", "acres": 3.8556508688532301, "geoid": "06113" }, "geometry": { "type": "Polygon", "coordinates": [ [ [ -121.581766401682685, 38.434112298424914 ], [ -121.58203589622795, 38.434112298145003 ], [ -121.582035897292968, 38.433213983166816 ], [ -121.582664717729031, 38.432944488324274 ], [ -121.58266471745435, 38.435369939841515 ], [ -121.582035897274125, 38.435369939475557 ], [ -121.582035897462234, 38.434741119125171 ], [ -121.581766401720301, 38.434741119167846 ], [ -121.581766401682685, 38.434112298424914 ] ] ] } },
{ "type": "Feature", "properties": { "csb_id": "061825015518812", "acres": 46.209808650918703, "geoid": "06113" }, "geometry": { "type": "Polygon", "coordinates": [ [ [ -121.579071456437717, 38.435369939280704 ], [ -121.579071456285163, 38.435010614663561 ], [ -121.577813814631142, 38.435010613570512 ], [ -121.5778138151165, 38.435369939581612 ], [ -121.577544321011118, 38.43563943433287 ], [ -121.577544321076417, 38.435908930773493 ], [ -121.574849373932651, 38.435908928358607 ], [ -121.574849374855063, 38.435639433815709 ], [ -121.573951059622615, 38.435639434391767 ], [ -121.57395105926696, 38.435010613183259 ], [ -121.573412070189036, 38.433663140765965 ], [ -121.573412069689468, 38.433034319623914 ], [ -121.573681564770425, 38.433034320004801 ], [ -121.573681565218706, 38.432764825536715 ], [ -121.573951059309039, 38.432764825328036 ], [ -121.575478195455446, 38.433213982494884 ], [ -121.577274825220329, 38.433213982593635 ], [ -121.577274825601194, 38.433573309001858 ], [ -121.578173141272472, 38.433573309248871 ], [ -121.578173141255661, 38.43321398275171 ], [ -121.580239266452693, 38.433213982398492 ], [ -121.580868086765392, 38.432944487978489 ], [ -121.58176640172816, 38.432944488298034 ], [ -121.581766402090253, 38.433213982438502 ], [ -121.582035897292968, 38.433213983166816 ], [ -121.58203589622795, 38.434112298145003 ], [ -121.581766401682685, 38.434112298424914 ], [ -121.581766401720301, 38.434741119167846 ], [ -121.581496907191266, 38.434830950621063 ], [ -121.581496907356566, 38.435369939505016 ], [ -121.579071456437717, 38.435369939280704 ] ] ] } },
{ "type": "Feature", "properties": { "csb_id": "061825015518896", "acres": 78.234595238635293, "geoid": "06113" }, "geometry": { "type": "Polygon", "coordinates": [ [ [ -121.539994741077891, 38.436807243710483 ], [ -121.5399947419168, 38.436537749593548 ], [ -121.539365921313234, 38.436537749636045 ], [ -121.539096426274483, 38.436268255009558 ], [ -121.539096426183221, 38.43590892947531 ], [ -121.53819811020459, 38.435639433523896 ], [ -121.537928616435622, 38.435010614264392 ], [ -121.537389627874163, 38.434741119387439 ], [ -121.537030300874662, 38.43474111850697 ], [ -121.536760806337313, 38.434471624659096 ], [ -121.536760806226681, 38.433932635355283 ], [ -121.53649131199991, 38.433663140764409 ], [ -121.536131985838111, 38.433573308512784 ], [ -121.535233670642981, 38.433842803691789 ], [ -121.5343353554902, 38.433842803225559 ], [ -121.534335355041264, 38.433663140239155 ], [ -121.533976029210393, 38.433573308667178 ], [ -121.533976026728666, 38.433213983402567 ], [ -121.534604849671069, 38.433213983036097 ], [ -121.534604849832974, 38.432944488627989 ], [ -121.534335354705007, 38.432674994738413 ], [ -121.533976028831489, 38.432674993338431 ], [ -121.533706532687759, 38.432315668072128 ], [ -121.533706532806875, 38.432046174370065 ], [ -121.533976028759582, 38.431776678854888 ], [ -121.533976029315824, 38.431417352007642 ], [ -121.533706532698247, 38.430878363201131 ], [ -121.533706533767329, 38.430519037444789 ], [ -121.535503162065723, 38.430608870315261 ], [ -121.540354067997512, 38.432046172764998 ], [ -121.541252382677399, 38.432046172883879 ], [ -121.541611707304682, 38.432405499374532 ], [ -121.541611708757642, 38.432674993361893 ], [ -121.542150697181555, 38.432764826781472 ], [ -121.542150698039876, 38.433842803601515 ], [ -121.541881203272098, 38.433842803875052 ], [ -121.541611709159753, 38.434202129755036 ], [ -121.541521876922189, 38.435010613752638 ], [ -121.541791372023653, 38.435010613255677 ], [ -121.541881203399484, 38.436088591921212 ], [ -121.542150698003695, 38.436088591585815 ], [ -121.54215069777716, 38.435908929117311 ], [ -121.542689687701028, 38.435908929021309 ], [ -121.542689687450888, 38.436268254668477 ], [ -121.542150698537313, 38.436268254913884 ], [ -121.542150698716114, 38.436807244271563 ], [ -121.542420192617143, 38.43680724405727 ], [ -121.54242019212613, 38.437436064374232 ], [ -121.543049013083603, 38.437436065109722 ], [ -121.543049013479646, 38.437795390984441 ], [ -121.541881203099436, 38.43779539100985 ], [ -121.541791371896409, 38.437436065826731 ], [ -121.540623562506198, 38.437436064190123 ], [ -121.540354067040013, 38.437166569800617 ], [ -121.540354067781664, 38.43680724371076 ], [ -121.539994741077891, 38.436807243710483 ] ] ] } },
{ "type": "Feature", "properties": { "csb_id": "061825015518930", "acres": 87.852621504792495, "geoid": "06113" }, "geometry": { "type": "Polygon", "coordinates": [ [ [ -121.581766402090253, 38.433213982438502 ], [ -121.58176640172816, 38.432944488298034 ], [ -121.580868086765392, 38.432944487978489 ], [ -121.580239266452693, 38.433213982398492 ], [ -121.578173141255661, 38.43321398275171 ], [ -121.578173141272472, 38.433573309248871 ], [ -121.577274825601194, 38.433573309001858 ], [ -121.577274825220329, 38.433213982593635 ], [ -121.575478195455446, 38.433213982494884 ], [ -121.573681565218706, 38.432764825536715 ], [ -121.573681564222667, 38.431776678470207 ], [ -121.573412070112624, 38.431776677940888 ], [ -121.573412069645883, 38.431237689702485 ], [ -121.573681565119173, 38.431237689520181 ], [ -121.573681563490197, 38.429351228240414 ], [ -121.573951058790669, 38.429081733278657 ], [ -121.574849373836756, 38.428991900844558 ], [ -121.577903646903195, 38.429171563666671 ], [ -121.582664717020222, 38.429171564075901 ], [ -121.58284438121143, 38.429620721988499 ], [ -121.58284438109591, 38.429980047857569 ], [ -121.582664717671832, 38.429980047826 ], [ -121.582664716888956, 38.430519036936282 ], [ -121.582844380460315, 38.432764824823906 ], [ -121.582754548863988, 38.432944488343267 ], [ -121.581766402090253, 38.433213982438502 ] ] ] } },
{ "type": "Feature", "properties": { "csb_id": "061825015518936", "acres": 85.945340226998198, "geoid": "06113" }, "geometry": { "type": "Polygon", "coordinates": [ [ [ -121.573681564523895, 38.439592021306623 ], [ -121.571345945133089, 38.439681852924394 ], [ -121.5713459452097, 38.439322527086567 ], [ -121.570717123801259, 38.439322526776884 ], [ -121.570717124526965, 38.439592021422541 ], [ -121.570357797966452, 38.439592020986666 ], [ -121.570447629582361, 38.437795390503872 ], [ -121.569728977349811, 38.437795390569448 ], [ -121.569728977609572, 38.437166570479356 ], [ -121.570447629559922, 38.437166570088031 ], [ -121.570357797900058, 38.436088592158399 ], [ -121.570627292916043, 38.435369939401959 ], [ -121.570627292467449, 38.434741118722549 ], [ -121.570357798567287, 38.433842803568574 ], [ -121.570357797157669, 38.431237689561584 ], [ -121.569728976263434, 38.431147857623273 ], [ -121.569728976454854, 38.429980048404197 ], [ -121.569459481374935, 38.429980048242641 ], [ -121.569459481971123, 38.429620721422658 ], [ -121.569728977152494, 38.429620722207133 ], [ -121.569728976776702, 38.42908173228389 ], [ -121.574220553234426, 38.428991901004906 ], [ -121.573681563490197, 38.429351228240414 ], [ -121.573681565119173, 38.431237689520181 ], [ -121.573412069645883, 38.431237689702485 ], [ -121.573412070112624, 38.431776677940888 ], [ -121.573681564222667, 38.431776678470207 ], [ -121.573681565218706, 38.432764825536715 ], [ -121.573681564770425, 38.433034320004801 ], [ -121.573412069689468, 38.433034319623914 ], [ -121.573412070189036, 38.433663140765965 ], [ -121.57395105926696, 38.435010613183259 ], [ -121.573681564225353, 38.435010613688995 ], [ -121.573681564499239, 38.435639434423067 ], [ -121.573412069617333, 38.436088591959944 ], [ -121.573322238356667, 38.436807243838651 ], [ -121.573951059502264, 38.43779539093844 ], [ -121.573951057814824, 38.438064885856974 ], [ -121.573771395721167, 38.438064885014484 ], [ -121.573771396695165, 38.439322526647373 ], [ -121.573681564523895, 38.439592021306623 ] ], [ [ -121.572783249668845, 38.429620721751569 ], [ -121.572423923273817, 38.429620721971197 ], [ -121.5724239237137, 38.429980047959852 ], [ -121.572783249640196, 38.429980048214588 ], [ -121.572783249668845, 38.429620721751569 ] ] ] } },
{ "type": "Feature", "properties": { "csb_id": "061825015518937", "acres": 326.02211129844301, "geoid": "06113" }, "geometry": { "type": "Polygon", "coordinates": [ [ [ -121.563800096956626, 38.440759832301254 ], [ -121.563440770584933, 38.440490337985644 ], [ -121.562901781150231, 38.44049033646732 ], [ -121.562362791610667, 38.440131010608567 ], [ -121.561644140388438, 38.439322527702913 ], [ -121.5599373409203, 38.438783537514283 ], [ -121.558949193796579, 38.438693705673948 ], [ -121.55894919353814, 38.437795391072278 ], [ -121.559488183025863, 38.43716657006371 ], [ -121.559847509045611, 38.437166570175563 ], [ -121.560117003419663, 38.436537749279452 ], [ -121.560117004267624, 38.435639434143042 ], [ -121.558949194310145, 38.435639433825266 ], [ -121.558589867807029, 38.435369939121486 ], [ -121.557691552548675, 38.435369939372023 ], [ -121.557152563685563, 38.435639434411321 ], [ -121.555894921893966, 38.4356394340208 ], [ -121.555894921795343, 38.435369939705623 ], [ -121.554727112312747, 38.435369939043504 ], [ -121.554727112077828, 38.435639434367737 ], [ -121.553559301181679, 38.435639434053442 ], [ -121.553199976519551, 38.434741119027102 ], [ -121.553559302219739, 38.434471624922679 ], [ -121.553559302814506, 38.433842803678431 ], [ -121.552930480596416, 38.433573309380357 ], [ -121.552930481817782, 38.432944488213771 ], [ -121.553199976002077, 38.432944488175927 ], [ -121.553199976275991, 38.432674994023671 ], [ -121.553559301842213, 38.432315667251345 ], [ -121.553559302812232, 38.431417352446822 ], [ -121.55382879676425, 38.431417352665513 ], [ -121.553828796956566, 38.431147858031615 ], [ -121.552301661279159, 38.431147857674119 ], [ -121.552301660897214, 38.43051903704108 ], [ -121.553559302709061, 38.430608868391815 ], [ -121.553559301907995, 38.429620721545689 ], [ -121.55319997703694, 38.429620723666567 ], [ -121.55382879694433, 38.429081732774733 ], [ -121.561644139591451, 38.42908173311595 ], [ -121.562542455299962, 38.428902069924987 ], [ -121.563261106821614, 38.428902068406309 ], [ -121.563261107767644, 38.429081732488228 ], [ -121.570357797824869, 38.428991900770342 ], [ -121.569728976776702, 38.42908173228389 ], [ -121.569728977152494, 38.429620722207133 ], [ -121.568830661046718, 38.429620721678738 ], [ -121.568291672845533, 38.430069879608908 ], [ -121.568291671880914, 38.430608868484669 ], [ -121.568650998442379, 38.430878364359799 ], [ -121.568561166476044, 38.432944489588913 ], [ -121.568291673684868, 38.432944486843923 ], [ -121.568291671693643, 38.433663140022361 ], [ -121.568561166308839, 38.433932635156225 ], [ -121.56856116732547, 38.434471623993289 ], [ -121.568201841948934, 38.434471624206587 ], [ -121.568201841847511, 38.434741118934639 ], [ -121.568561166890433, 38.4351004447958 ], [ -121.568650999089016, 38.435908928564274 ], [ -121.568291673226383, 38.436268254929551 ], [ -121.568291672788206, 38.436627581380115 ], [ -121.568650999197786, 38.436627581081851 ], [ -121.568561167392673, 38.439232695426796 ], [ -121.568291672898681, 38.439232695530926 ], [ -121.568291673268007, 38.439592020866314 ], [ -121.567752683675309, 38.439592021649027 ], [ -121.567752684005541, 38.439322526320375 ], [ -121.566854368461634, 38.43932252669444 ], [ -121.566225548133318, 38.439681852401499 ], [ -121.564339085770627, 38.439592021214708 ], [ -121.564608580924727, 38.439861516218286 ], [ -121.564608579956001, 38.440490336344034 ], [ -121.564339085335078, 38.440490337025544 ], [ -121.564339085335178, 38.440759831460831 ], [ -121.563800096956626, 38.440759832301254 ] ] ] } },
{ "type": "Feature", "properties": { "csb_id": "061825015518945", "acres": 7.1031331572557601, "geoid": "06113" }, "geometry": { "type": "Polygon", "coordinates": [ [ [ -121.602158159116669, 38.429081733001944 ], [ -121.601978495539356, 38.428812237700761 ], [ -121.601978496342042, 38.428542743204218 ], [ -121.60224799118042, 38.428542743336237 ], [ -121.601978496458329, 38.427824092254546 ], [ -121.602158159678098, 38.427824091725661 ], [ -121.602158159512612, 38.427554596363855 ], [ -121.602786979298273, 38.427554596437886 ], [ -121.603146304911618, 38.426925776271403 ], [ -121.603775126793934, 38.426476618155093 ], [ -121.604044621458101, 38.426476618328984 ], [ -121.604314115793997, 38.426746113223153 ], [ -121.604314116580383, 38.427015608294205 ], [ -121.603505631885284, 38.42764442832209 ], [ -121.603415800008904, 38.428542743412578 ], [ -121.603056474827596, 38.429081732568754 ], [ -121.602158159116669, 38.429081733001944 ] ] ] } },
{ "type": "Feature", "properties": { "csb_id": "061825015518985", "acres": 7.8085855446707102, "geoid": "06113" }, "geometry": { "type": "Polygon", "coordinates": [ [ [ -121.564069590400308, 38.428722406682617 ], [ -121.564339084972772, 38.428722406655488 ], [ -121.564339086087472, 38.428452911925163 ], [ -121.56406959058333, 38.428452913286648 ], [ -121.564069590400308, 38.428722406682617 ], [ -121.562901780034124, 38.428722406274325 ], [ -121.563171274632495, 38.42845291243998 ], [ -121.563440769508418, 38.427554596828912 ], [ -121.563710263940294, 38.427554596368957 ], [ -121.563710264021893, 38.427285102343752 ], [ -121.564069591352094, 38.427285101772583 ], [ -121.56406959036164, 38.427554596272017 ], [ -121.564967906183156, 38.42755459750839 ], [ -121.564967904986517, 38.427285102771862 ], [ -121.565237399349797, 38.427285101550993 ], [ -121.565506894468498, 38.427554597768591 ], [ -121.565506896130429, 38.42818341726224 ], [ -121.566135715724272, 38.428183417752692 ], [ -121.566135717254269, 38.428452911475603 ], [ -121.565866220752852, 38.428722406188953 ], [ -121.565506895062654, 38.428812239179535 ], [ -121.564069590400308, 38.428722406682617 ] ] ] } },
{ "type": "Feature", "properties": { "csb_id": "061825015518986", "acres": 14.650810421447, "geoid": "06113" }, "geometry": { "type": "Polygon", "coordinates": [ [ [ -121.543947328883959, 38.429620721985529 ], [ -121.543947328072235, 38.429351226947396 ], [ -121.543318507879988, 38.429351226862337 ], [ -121.543138844914367, 38.429081732208061 ], [ -121.543138845151688, 38.428812238501081 ], [ -121.543318507534551, 38.4288122374926 ], [ -121.543318507624477, 38.428183417374598 ], [ -121.543049013363998, 38.428183417112621 ], [ -121.543049012967998, 38.427824091174372 ], [ -121.543767665304543, 38.427824090840886 ], [ -121.543767666139914, 38.429081732499519 ], [ -121.543947328682464, 38.429081732531053 ], [ -121.543947328119714, 38.426207123443469 ], [ -121.544845644165619, 38.426207123507162 ], [ -121.545115138115065, 38.426296955034431 ], [ -121.545384632938209, 38.426656281350475 ], [ -121.545384632924112, 38.427285102461163 ], [ -121.546282949026349, 38.427285102240837 ], [ -121.546282948139151, 38.427824090967874 ], [ -121.546013454164537, 38.427824090933782 ], [ -121.54574395980093, 38.428183417371287 ], [ -121.545743956680042, 38.428812237927282 ], [ -121.54538463391701, 38.428812238928714 ], [ -121.545115138684139, 38.429081734401279 ], [ -121.543947328883959, 38.429620721985529 ] ] ] } },
{ "type": "Feature", "properties": { "csb_id": "061825015518998", "acres": 17.659696390715201, "geoid": "06113" }, "geometry": { "type": "Polygon", "coordinates": [ [ [ -121.551762671039427, 38.429351227288763 ], [ -121.552032166509122, 38.429351226724748 ], [ -121.552032166208861, 38.429171564655483 ], [ -121.551762672514386, 38.429171564982553 ], [ -121.551762671039427, 38.429351227288763 ], [ -121.551493176684588, 38.429351227026196 ], [ -121.551133850453624, 38.429620721738829 ], [ -121.549966040809508, 38.429620721355029 ], [ -121.549966040900216, 38.42935122697547 ], [ -121.55023553559171, 38.429171564683344 ], [ -121.551133850468432, 38.429081733039666 ], [ -121.55113384991337, 38.426925776465495 ], [ -121.550864355247683, 38.426925775862983 ], [ -121.550864355430022, 38.426296955827503 ], [ -121.55176267073557, 38.426925776517393 ], [ -121.552301660103751, 38.427015608036577 ], [ -121.552605894794723, 38.427250406398926 ], [ -121.553468768539105, 38.428004456358039 ], [ -121.553828796764691, 38.428722407597817 ], [ -121.55382879694433, 38.429081732774733 ], [ -121.55319997703694, 38.429620723666567 ], [ -121.552930481270337, 38.429620722011016 ], [ -121.553020312587591, 38.429980047740372 ], [ -121.553289807964447, 38.430069879104984 ], [ -121.553020313563081, 38.430519037316941 ], [ -121.552301660897214, 38.43051903704108 ], [ -121.552032164886867, 38.429980048231982 ], [ -121.552032165901636, 38.429620721903106 ], [ -121.551762671671085, 38.429620721993139 ], [ -121.551762671039427, 38.429351227288763 ] ] ] } },
{ "type": "Feature", "properties": { "csb_id": "061825015518999", "acres": 16.583506516227501, "geoid": "06113" }, "geometry": { "type": "Polygon", "coordinates": [ [ [ -121.550505029737707, 38.43024954209519 ], [ -121.5489778941499, 38.430249542432172 ], [ -121.548977894220954, 38.429980047906746 ], [ -121.548708399397853, 38.429980046712252 ], [ -121.54843890536192, 38.429620722391157 ], [ -121.54843890550751, 38.429081732322977 ], [ -121.548708400066118, 38.429081732535991 ], [ -121.548977894149772, 38.428452912028192 ], [ -121.549337220431767, 38.428183417577742 ], [ -121.549337220219599, 38.427554596724519 ], [ -121.548708399726692, 38.427554596955254 ], [ -121.548708399366376, 38.427285101792414 ], [ -121.548977894078575, 38.426925776103658 ], [ -121.550235535961363, 38.426925775525675 ], [ -121.550235535061546, 38.426656281131741 ], [ -121.550594861583107, 38.426476618198116 ], [ -121.550594861592188, 38.426207123327728 ], [ -121.550864355430022, 38.426296955827503 ], [ -121.550864355247683, 38.426925775862983 ], [ -121.55113384991337, 38.426925776465495 ], [ -121.551133850468432, 38.429081733039666 ], [ -121.55023553559171, 38.429171564683344 ], [ -121.549966040900216, 38.42935122697547 ], [ -121.549966040809508, 38.429620721355029 ], [ -121.550505029350063, 38.429620721951935 ], [ -121.550505029737707, 38.43024954209519 ] ] ] } },
{ "type": "Feature", "properties": { "csb_id": "061825015519008", "acres": 4.5228466499040403, "geoid": "06113" }, "geometry": { "type": "Polygon", "coordinates": [ [ [ -121.562811949189822, 38.428452911548298 ], [ -121.562811949845397, 38.427824090928446 ], [ -121.562272961118666, 38.427285102035817 ], [ -121.561913634210242, 38.427285101903429 ], [ -121.561913634770065, 38.42692577553462 ], [ -121.562542455490103, 38.426656281153221 ], [ -121.563171275520631, 38.42665628094224 ], [ -121.56317127563139, 38.42602746068561 ], [ -121.563440770331397, 38.42602746048982 ], [ -121.563440770652306, 38.42692577587232 ], [ -121.563710264021893, 38.427285102343752 ], [ -121.563710263940294, 38.427554596368957 ], [ -121.563440769508418, 38.427554596828912 ], [ -121.563171274632495, 38.42845291243998 ], [ -121.562811949189822, 38.428452911548298 ] ] ] } },
{ "type": "Feature", "properties": { "csb_id": "061825015519016", "acres": 26.354188050969501, "geoid": "06113" }, "geometry": { "type": "Polygon", "coordinates": [ [ [ -121.546282946546711, 38.42935122824364 ], [ -121.545743959021905, 38.429081732195733 ], [ -121.545743956680042, 38.428812237927282 ], [ -121.54574395980093, 38.428183417371287 ], [ -121.546013454164537, 38.427824090933782 ], [ -121.546282948139151, 38.427824090967874 ], [ -121.546282949026349, 38.427285102240837 ], [ -121.545384632924112, 38.427285102461163 ], [ -121.545384632938209, 38.426656281350475 ], [ -121.545115138115065, 38.426296955034431 ], [ -121.550594861592188, 38.426207123327728 ], [ -121.550594861583107, 38.426476618198116 ], [ -121.550235535061546, 38.426656281131741 ], [ -121.550235535961363, 38.426925775525675 ], [ -121.548977894078575, 38.426925776103658 ], [ -121.548708399366376, 38.427285101792414 ], [ -121.548708399726692, 38.427554596955254 ], [ -121.549337220219599, 38.427554596724519 ], [ -121.549337220431767, 38.428183417577742 ], [ -121.548977894149772, 38.428452912028192 ], [ -121.548708400066118, 38.429081732535991 ], [ -121.54843890550751, 38.429081732322977 ], [ -121.54843890406957, 38.429351228573339 ], [ -121.546282946546711, 38.42935122824364 ] ] ] } },
{ "type": "Feature", "properties": { "csb_id": "061825015519027", "acres": 3.7304933092393999, "geoid": "06113" }, "geometry": { "type": "Polygon", "coordinates": [ [ [ -121.603505631963273, 38.425847797597335 ], [ -121.603685295423773, 38.425757965876222 ], [ -121.603685295227649, 38.425398639580251 ], [ -121.603415800067069, 38.42539863957002 ], [ -121.603505631743104, 38.424500324569671 ], [ -121.604942936580798, 38.424590155986799 ], [ -121.604942936026731, 38.424859650922187 ], [ -121.604583610790996, 38.425398639715489 ], [ -121.604583610100818, 38.425847798031171 ], [ -121.603505631963273, 38.425847797597335 ] ] ] } },
{ "type": "Feature", "properties": { "csb_id": "061825015519030", "acres": 4.93844167458598, "geoid": "06113" }, "geometry": { "type": "Polygon", "coordinates": [ [ [ -121.554727112198933, 38.425757965980011 ], [ -121.5549966062339, 38.426296954897751 ], [ -121.554996606562597, 38.42665628127714 ], [ -121.555625427372703, 38.426656281479865 ], [ -121.55562542761389, 38.426296955249406 ], [ -121.556254247686013, 38.426296955445238 ], [ -121.556793236795457, 38.427285101769328 ], [ -121.556793236851462, 38.427554596836572 ], [ -121.555625427884394, 38.427554596807475 ], [ -121.555625427595558, 38.426925775602349 ], [ -121.55445761722379, 38.426925776183907 ], [ -121.554457617417526, 38.426296955146881 ], [ -121.553828797073209, 38.426296955091118 ], [ -121.553828797265481, 38.426027460430078 ], [ -121.554457617835382, 38.426027460871872 ], [ -121.554457617946014, 38.425757965735286 ], [ -121.554727112198933, 38.425757965980011 ] ] ] } },
{ "type": "Feature", "properties": { "csb_id": "061825015519043", "acres": 21.3773524432894, "geoid": "06113" }, "geometry": { "type": "Polygon", "coordinates": [ [ [ -121.569100156967068, 38.428812238299038 ], [ -121.569459482557917, 38.428722406867593 ], [ -121.569459482803211, 38.428452912020553 ], [ -121.569100157094695, 38.428452911945158 ], [ -121.568830661946606, 38.427285101718809 ], [ -121.568830662045656, 38.424859650995472 ], [ -121.570088303681132, 38.424859650305059 ], [ -121.570088303046674, 38.425398640125536 ], [ -121.570986618469647, 38.425398640056898 ], [ -121.570986618348201, 38.42602746070034 ], [ -121.571525608280311, 38.42602746057473 ], [ -121.571525607749649, 38.42728510201453 ], [ -121.571256113266983, 38.427824090920062 ], [ -121.571256113057572, 38.428183417692779 ], [ -121.571525607620927, 38.428722406376593 ], [ -121.57188493354154, 38.428812237703994 ], [ -121.569100156967068, 38.428812238299038 ] ] ] } },
{ "type": "Feature", "properties": { "csb_id": "061825015519044", "acres": 6.3494740137644197, "geoid": "06113" }, "geometry": { "type": "Polygon", "coordinates": [ [ [ -121.56406959036164, 38.427554596272017 ], [ -121.564069591352094, 38.427285101772583 ], [ -121.563710264021893, 38.427285102343752 ], [ -121.563440770652306, 38.42692577587232 ], [ -121.564339085036337, 38.426925775734503 ], [ -121.564339085407212, 38.425129145608395 ], [ -121.564967906485094, 38.424500324493785 ], [ -121.565237400760338, 38.424500324816329 ], [ -121.56523740114865, 38.426027460575838 ], [ -121.564967906334118, 38.426027461025029 ], [ -121.564967905910379, 38.426656280923787 ], [ -121.565237400806623, 38.426656280948848 ], [ -121.565237399349797, 38.427285101550993 ], [ -121.564967904986517, 38.427285102771862 ], [ -121.564967906183156, 38.42755459750839 ], [ -121.56406959036164, 38.427554596272017 ] ] ] } },
{ "type": "Feature", "properties": { "csb_id": "061825015519045", "acres": 16.071694167239901, "geoid": "06113" }, "geometry": { "type": "Polygon", "coordinates": [ [ [ -121.561913634200522, 38.428722406878741 ], [ -121.561913634389924, 38.428452911464994 ], [ -121.56164413930756, 38.428452912057544 ], [ -121.561644140138483, 38.42782409075415 ], [ -121.560745824353333, 38.427824091405817 ], [ -121.560476330571461, 38.427285102072858 ], [ -121.560476329655401, 38.426656281405457 ], [ -121.560745824917305, 38.42629695503733 ], [ -121.561015318764063, 38.42629695498772 ], [ -121.561015319057745, 38.4257579655551 ], [ -121.560745824962524, 38.425757966078841 ], [ -121.560745824249466, 38.425398640261285 ], [ -121.561015319707664, 38.425129145402821 ], [ -121.563171276075423, 38.425129144900673 ], [ -121.563171276271945, 38.425757966028996 ], [ -121.563440769981455, 38.425757965833306 ], [ -121.563440770331397, 38.42602746048982 ], [ -121.56317127563139, 38.42602746068561 ], [ -121.563171275520631, 38.42665628094224 ], [ -121.562542455490103, 38.426656281153221 ], [ -121.561913634770065, 38.42692577553462 ], [ -121.561913634210242, 38.427285101903429 ], [ -121.562272961118666, 38.427285102035817 ], [ -121.562811949845397, 38.427824090928446 ], [ -121.562811949189822, 38.428452911548298 ], [ -121.563171274632495, 38.42845291243998 ], [ -121.562901780034124, 38.428722406274325 ], [ -121.561913634200522, 38.428722406878741 ] ] ] } },
{ "type": "Feature", "properties": { "csb_id": "061825015519050", "acres": 6.5717848511938799, "geoid": "06113" }, "geometry": { "type": "Polygon", "coordinates": [ [ [ -121.565237399349797, 38.427285101550993 ], [ -121.565237400806623, 38.426656280948848 ], [ -121.564967905910379, 38.426656280923787 ], [ -121.564967906334118, 38.426027461025029 ], [ -121.56523740114865, 38.426027460575838 ], [ -121.565237400760338, 38.424500324816329 ], [ -121.565866221517226, 38.424500324343462 ], [ -121.565866222092566, 38.424230830361665 ], [ -121.566135715991976, 38.424230830438773 ], [ -121.566135716806187, 38.426656281469491 ], [ -121.565866221834668, 38.426925775420891 ], [ -121.565866221311737, 38.427554596968115 ], [ -121.565506894468498, 38.427554597768591 ], [ -121.565237399349797, 38.427285101550993 ] ] ] } },
{ "type": "Feature", "properties": { "csb_id": "061825015519056", "acres": 3.06363346050306, "geoid": "06113" }, "geometry": { "type": "Polygon", "coordinates": [ [ [ -121.570357798430905, 38.425398639891377 ], [ -121.570357797911328, 38.425129145411908 ], [ -121.570986618983014, 38.425129144865963 ], [ -121.571256113014442, 38.42485965115133 ], [ -121.571256113223853, 38.424500324354256 ], [ -121.571525607650685, 38.42450032476804 ], [ -121.571525608454564, 38.424859650705031 ], [ -121.571884934734072, 38.424859650942487 ], [ -121.571884934094399, 38.426027460277922 ], [ -121.570986618348201, 38.42602746070034 ], [ -121.570986618469647, 38.425398640056898 ], [ -121.570357798430905, 38.425398639891377 ] ] ] } },
{ "type": "Feature", "properties": { "csb_id": "061825015519077", "acres": 3.1313562204740299, "geoid": "06113" }, "geometry": { "type": "Polygon", "coordinates": [ [ [ -121.60431411587453, 38.424230829794276 ], [ -121.60431411576991, 38.423602009405762 ], [ -121.604583611131289, 38.423602009703011 ], [ -121.604583610422353, 38.423063020766222 ], [ -121.605751420197365, 38.423063020627133 ], [ -121.605751420678416, 38.423422346260665 ], [ -121.604942936020294, 38.424320661287332 ], [ -121.60431411587453, 38.424230829794276 ] ] ] } },
{ "type": "Feature", "properties": { "csb_id": "061825015519078", "acres": 19.464167144108899, "geoid": "06113" }, "geometry": { "type": "Polygon", "coordinates": [ [ [ -121.553828797341538, 38.42791392364969 ], [ -121.553559303149981, 38.42764442904258 ], [ -121.553199976178973, 38.427554596742809 ], [ -121.552660986669892, 38.426656281448473 ], [ -121.552032166315897, 38.426656280821838 ], [ -121.552032166015636, 38.426027460607116 ], [ -121.552750818865789, 38.425757965755402 ], [ -121.552930482042626, 38.424500324536751 ], [ -121.553199975210688, 38.424500324594398 ], [ -121.553559302039488, 38.424230829705991 ], [ -121.553559302456421, 38.424051166670104 ], [ -121.553020312430419, 38.423961335839735 ], [ -121.553828797253217, 38.423961334961383 ], [ -121.554098289985589, 38.423691841582759 ], [ -121.55409829072417, 38.423063020117354 ], [ -121.554816942104779, 38.422434199782423 ], [ -121.554996606951875, 38.422524031029667 ], [ -121.554996607182346, 38.423332514857528 ], [ -121.554727110889488, 38.423332514755344 ], [ -121.554727112464832, 38.424230830354702 ], [ -121.554996605871139, 38.424230829921861 ], [ -121.554996607096697, 38.425129145355164 ], [ -121.554727111503439, 38.425129145551026 ], [ -121.554727112198933, 38.425757965980011 ], [ -121.554457617946014, 38.425757965735286 ], [ -121.554457617835382, 38.426027460871872 ], [ -121.553828797265481, 38.426027460430078 ], [ -121.553828797073209, 38.426296955091118 ], [ -121.554457617417526, 38.426296955146881 ], [ -121.55445761722379, 38.426925776183907 ], [ -121.554727112117419, 38.426925776279639 ], [ -121.554727111698085, 38.427554596922604 ], [ -121.55445761772701, 38.427824091242634 ], [ -121.554098291399413, 38.427824090762229 ], [ -121.554098291284546, 38.42818341813976 ], [ -121.553828796842041, 38.428183417440401 ], [ -121.553828797341538, 38.42791392364969 ] ] ] } },
{ "type": "Feature", "properties": { "csb_id": "061825015519103", "acres": 10.0510890197832, "geoid": "06113" }, "geometry": { "type": "Polygon", "coordinates": [ [ [ -121.563440770652306, 38.42692577587232 ], [ -121.563440769981455, 38.425757965833306 ], [ -121.563171276271945, 38.425757966028996 ], [ -121.563171276075423, 38.425129144900673 ], [ -121.563440770010516, 38.4251291450908 ], [ -121.563710265141935, 38.424859650415605 ], [ -121.563710265396608, 38.424230830047193 ], [ -121.56344076999693, 38.424230830535045 ], [ -121.56344077002602, 38.423602009772473 ], [ -121.563710265343971, 38.423602008810434 ], [ -121.563710265425541, 38.423332514763224 ], [ -121.564339085470749, 38.423332514555113 ], [ -121.564339085470849, 38.42360200907661 ], [ -121.565237401144756, 38.423602009183895 ], [ -121.565237400802758, 38.424230829588609 ], [ -121.5655068955095, 38.424230829944378 ], [ -121.565506895035554, 38.424500324549136 ], [ -121.564967906485094, 38.424500324493785 ], [ -121.564339085407212, 38.425129145608395 ], [ -121.564339085036337, 38.426925775734503 ], [ -121.563440770652306, 38.42692577587232 ] ] ] } },
{ "type": "Feature", "properties": { "csb_id": "061825015519114", "acres": 10.495803342730101, "geoid": "06113" }, "geometry": { "type": "Polygon", "coordinates": [ [ [ -121.570088303046674, 38.425398640125536 ], [ -121.570088303681132, 38.424859650305059 ], [ -121.569459482805982, 38.424859650416664 ], [ -121.569459483085353, 38.423961334914949 ], [ -121.569100156671524, 38.423961335045234 ], [ -121.569100157106519, 38.423602009515818 ], [ -121.569728977228621, 38.423602009104187 ], [ -121.570088302967207, 38.423332514369974 ], [ -121.57062729261753, 38.422434199206812 ], [ -121.571256113101413, 38.422434199896436 ], [ -121.571525607779421, 38.423063020281354 ], [ -121.571525607650685, 38.42450032476804 ], [ -121.571256113223853, 38.424500324354256 ], [ -121.571256113014442, 38.42485965115133 ], [ -121.570986618983014, 38.425129144865963 ], [ -121.570357797911328, 38.425129145411908 ], [ -121.570357798430905, 38.425398639891377 ], [ -121.570088303046674, 38.425398640125536 ] ] ] } },
{ "type": "Feature", "properties": { "csb_id": "061825015519128", "acres": 8.4663158803419307, "geoid": "06113" }, "geometry": { "type": "Polygon", "coordinates": [ [ [ -121.590749555436574, 38.423602009122604 ], [ -121.590480060197933, 38.423602009073143 ], [ -121.590480060486399, 38.423961335462579 ], [ -121.589851240127288, 38.423961335703034 ], [ -121.589851239960751, 38.42306301985839 ], [ -121.589222419003605, 38.423063020507342 ], [ -121.589222418997394, 38.422703694437708 ], [ -121.589581745369543, 38.422434199621861 ], [ -121.592007196252581, 38.422434199817829 ], [ -121.592007195980557, 38.424051167302046 ], [ -121.591108880961357, 38.423961335689206 ], [ -121.590749555436574, 38.423602009122604 ] ] ] } },
{ "type": "Feature", "properties": { "csb_id": "061825015519129", "acres": 14.4293581881756, "geoid": "06113" }, "geometry": { "type": "Polygon", "coordinates": [ [ [ -121.561374645776041, 38.425129145161911 ], [ -121.561374645312569, 38.423602008918067 ], [ -121.561015319732277, 38.423602009721463 ], [ -121.561015319071657, 38.423332516087875 ], [ -121.562272960294564, 38.422703694261493 ], [ -121.56227296058529, 38.422434199437276 ], [ -121.561913634728995, 38.422164706877844 ], [ -121.561913634674212, 38.421805378750292 ], [ -121.563440770077335, 38.421895210919715 ], [ -121.563440770427292, 38.422164705598284 ], [ -121.563171276099922, 38.422434200498891 ], [ -121.562811950439979, 38.422434200374148 ], [ -121.562811949593495, 38.422703694812476 ], [ -121.563710265425541, 38.423332514763224 ], [ -121.563710265343971, 38.423602008810434 ], [ -121.56344077002602, 38.423602009772473 ], [ -121.56344076999693, 38.424230830535045 ], [ -121.563710265396608, 38.424230830047193 ], [ -121.563710265141935, 38.424859650415605 ], [ -121.563440770010516, 38.4251291450908 ], [ -121.561374645776041, 38.425129145161911 ] ] ] } },
{ "type": "Feature", "properties": { "csb_id": "061825015519136", "acres": 16.7393634158297, "geoid": "06113" }, "geometry": { "type": "Polygon", "coordinates": [ [ [ -121.58625797868838, 38.423961335334788 ], [ -121.58383252742442, 38.423961335269524 ], [ -121.583832527618029, 38.423332514274882 ], [ -121.583563033025499, 38.423332514898021 ], [ -121.583563033085824, 38.422793525382737 ], [ -121.583832527004489, 38.422703694369197 ], [ -121.584191853607521, 38.422164705688203 ], [ -121.585629158093425, 38.422164705244931 ], [ -121.585988483817289, 38.421805379662949 ], [ -121.586886798957323, 38.421805379261357 ], [ -121.587425788568325, 38.422164705889841 ], [ -121.587425789112203, 38.422703694850284 ], [ -121.5871562942759, 38.423332515176035 ], [ -121.587156293366903, 38.424230829767708 ], [ -121.586257979030819, 38.424230830264818 ], [ -121.58625797868838, 38.423961335334788 ] ] ] } },
{ "type": "Feature", "properties": { "csb_id": "061825015519137", "acres": 145.27653914299299, "geoid": "06113" }, "geometry": { "type": "Polygon", "coordinates": [ [ [ -121.578712130243659, 38.428902069146723 ], [ -121.571525607620927, 38.428722406376593 ], [ -121.571256113057572, 38.428183417692779 ], [ -121.571256113266983, 38.427824090920062 ], [ -121.571525607749649, 38.42728510201453 ], [ -121.571525608280311, 38.42602746057473 ], [ -121.571884934094399, 38.426027460277922 ], [ -121.571884934734072, 38.424859650942487 ], [ -121.571525608454564, 38.424859650705031 ], [ -121.571525607779421, 38.423063020281354 ], [ -121.571256113101413, 38.422434199896436 ], [ -121.570986619272773, 38.422434199456021 ], [ -121.570986618671427, 38.422164704485304 ], [ -121.571256113738954, 38.422164704451461 ], [ -121.571256113141089, 38.421805378730987 ], [ -121.57152560831004, 38.421805378730305 ], [ -121.571525607415126, 38.420907063586689 ], [ -121.572154428101243, 38.420907063338696 ], [ -121.572154428642534, 38.421266390014956 ], [ -121.573322238823508, 38.4212663894549 ], [ -121.573322238476763, 38.421535884608225 ], [ -121.573681564611192, 38.421535884498546 ], [ -121.573681564751951, 38.421266389108027 ], [ -121.574310385520448, 38.42126638959671 ], [ -121.574579880369654, 38.421535884175611 ], [ -121.574579879929701, 38.422164705016954 ], [ -121.575478194896988, 38.422164704577362 ], [ -121.575478195210366, 38.421805378887711 ], [ -121.575837521153275, 38.421625715825755 ], [ -121.577634151870924, 38.421625715762282 ], [ -121.578442635570511, 38.421895210040475 ], [ -121.579610445023093, 38.421805378660707 ], [ -121.579430782042607, 38.42315285142363 ], [ -121.57961044487574, 38.423332514459538 ], [ -121.580059602785894, 38.42333251480418 ], [ -121.58005960193654, 38.424051167431699 ], [ -121.580868087545042, 38.423961335612603 ], [ -121.5808680867395, 38.424500324758291 ], [ -121.580329096554493, 38.424859650744899 ], [ -121.580239264807844, 38.425129145186546 ], [ -121.57961044589166, 38.425129145310905 ], [ -121.579610445390074, 38.425757966044074 ], [ -121.579969771136092, 38.426027460658474 ], [ -121.580239265870404, 38.426027460720469 ], [ -121.580239266047471, 38.425757965771375 ], [ -121.580598592461399, 38.425757965559683 ], [ -121.580598592490333, 38.426027460745971 ], [ -121.581137581117076, 38.426117291738478 ], [ -121.581137581177856, 38.426656281097387 ], [ -121.580598592045291, 38.426656281408221 ], [ -121.580598591766687, 38.426925775729579 ], [ -121.579700277049398, 38.426925776057971 ], [ -121.579610445613142, 38.428273248421469 ], [ -121.579340950721942, 38.428452911450464 ], [ -121.578532467606436, 38.428542743053995 ], [ -121.578712130243659, 38.428902069146723 ] ], [ [ -121.579610444127979, 38.427285101953593 ], [ -121.579610444645766, 38.426746113016861 ], [ -121.579340951229227, 38.426746112587388 ], [ -121.579161288088287, 38.426925776099779 ], [ -121.579161287873873, 38.427285101869188 ], [ -121.579610444127979, 38.427285101953593 ] ], [ [ -121.579071456963831, 38.424859650984182 ], [ -121.578532467087598, 38.424949482278535 ], [ -121.579071456012187, 38.424949481904186 ], [ -121.579071456963831, 38.424859650984182 ] ] ] } },
{ "type": "Feature", "properties": { "csb_id": "061825015519138", "acres": 7.9638309153166196, "geoid": "06113" }, "geometry": { "type": "Polygon", "coordinates": [ [ [ -121.569100157106519, 38.423602009515818 ], [ -121.569100155779566, 38.423063020712199 ], [ -121.568830660395591, 38.422703693932718 ], [ -121.568830662491351, 38.421895210472201 ], [ -121.569189986764158, 38.421805379431362 ], [ -121.569189988126226, 38.421625715442858 ], [ -121.569459482870869, 38.421535884291025 ], [ -121.57062729319567, 38.421535884252819 ], [ -121.57098661827952, 38.421805379002045 ], [ -121.571256113141089, 38.421805378730987 ], [ -121.571256113738954, 38.422164704451461 ], [ -121.570986618671427, 38.422164704485304 ], [ -121.570986619272773, 38.422434199456021 ], [ -121.57062729261753, 38.422434199206812 ], [ -121.570088302967207, 38.423332514369974 ], [ -121.569728977228621, 38.423602009104187 ], [ -121.569100157106519, 38.423602009515818 ] ] ] } },
{ "type": "Feature", "properties": { "csb_id": "061825015519139", "acres": 53.261008504774203, "geoid": "06113" }, "geometry": { "type": "Polygon", "coordinates": [ [ [ -121.567034031420931, 38.428722406191859 ], [ -121.567034031048266, 38.428452911521816 ], [ -121.566764536737097, 38.428452912047554 ], [ -121.566764537234036, 38.42872240648046 ], [ -121.567034031750097, 38.428812238321633 ], [ -121.565506895062654, 38.428812239179535 ], [ -121.565866220752852, 38.428722406188953 ], [ -121.566135717254269, 38.428452911475603 ], [ -121.566135715724272, 38.428183417752692 ], [ -121.565506896130429, 38.42818341726224 ], [ -121.565506894468498, 38.427554597768591 ], [ -121.565866221311737, 38.427554596968115 ], [ -121.565866221834668, 38.426925775420891 ], [ -121.566135716806187, 38.426656281469491 ], [ -121.566135715991976, 38.424230830438773 ], [ -121.565866222092566, 38.424230830361665 ], [ -121.565866221517226, 38.424500324343462 ], [ -121.565506895035554, 38.424500324549136 ], [ -121.5655068955095, 38.424230829944378 ], [ -121.565237400802758, 38.424230829588609 ], [ -121.565237401494485, 38.423332514811101 ], [ -121.565506895602994, 38.423063020081294 ], [ -121.565866221229371, 38.42306302041014 ], [ -121.565866222059626, 38.422434199664181 ], [ -121.5658662212129, 38.422164705047592 ], [ -121.56523740111389, 38.422164705014055 ], [ -121.565237401106174, 38.421805378964606 ], [ -121.566135715177779, 38.421805379284294 ], [ -121.566135715913276, 38.421625716095718 ], [ -121.567932346415716, 38.421625716001238 ], [ -121.568830662491351, 38.421895210472201 ], [ -121.568830660395591, 38.422703693932718 ], [ -121.569100155779566, 38.423063020712199 ], [ -121.569100156671524, 38.423961335045234 ], [ -121.569459483085353, 38.423961334914949 ], [ -121.569459482805982, 38.424859650416664 ], [ -121.568830662045656, 38.424859650995472 ], [ -121.568830661946606, 38.427285101718809 ], [ -121.569100157094695, 38.428452911945158 ], [ -121.567932347301209, 38.428452911897487 ], [ -121.567932347324032, 38.4287224064188 ], [ -121.567662851892422, 38.428812237599367 ], [ -121.567034031420931, 38.428722406191859 ] ] ] } },
{ "type": "Feature", "properties": { "csb_id": "061825015519140", "acres": 11.820135056319501, "geoid": "06113" }, "geometry": { "type": "Polygon", "coordinates": [ [ [ -121.564339085470849, 38.42360200907661 ], [ -121.564339085470749, 38.423332514555113 ], [ -121.563710265425541, 38.423332514763224 ], [ -121.563171275989163, 38.423063020802907 ], [ -121.562811949593495, 38.422703694812476 ], [ -121.562811950439979, 38.422434200374148 ], [ -121.563171276099922, 38.422434200498891 ], [ -121.563440770427292, 38.422164705598284 ], [ -121.563440770077335, 38.421895210919715 ], [ -121.564967906006942, 38.421535884049888 ], [ -121.565237400375878, 38.420907063517227 ], [ -121.565237400767998, 38.420368073878521 ], [ -121.564967906267043, 38.420368074058374 ], [ -121.564967906383416, 38.419739253215056 ], [ -121.565506896143859, 38.419739253897454 ], [ -121.566135716651829, 38.420008747692492 ], [ -121.56586622119309, 38.42045790617815 ], [ -121.565327232838243, 38.420457905645485 ], [ -121.56523740038358, 38.421266389573731 ], [ -121.56523740111389, 38.422164705014055 ], [ -121.5658662212129, 38.422164705047592 ], [ -121.565866221229371, 38.42306302041014 ], [ -121.565506895602994, 38.423063020081294 ], [ -121.565237401494485, 38.423332514811101 ], [ -121.565237401144756, 38.423602009183895 ], [ -121.564339085470849, 38.42360200907661 ] ] ] } },
{ "type": "Feature", "properties": { "csb_id": "061825015519141", "acres": 4.9773959044980698, "geoid": "06113" }, "geometry": { "type": "Polygon", "coordinates": [ [ [ -121.560745822250041, 38.423422346882084 ], [ -121.560476329229417, 38.422703694222292 ], [ -121.560476328718877, 38.422164704837115 ], [ -121.560745822791446, 38.422164704875392 ], [ -121.560745824307858, 38.421805378556279 ], [ -121.561913634674212, 38.421805378750292 ], [ -121.561913634728995, 38.422164706877844 ], [ -121.56227296058529, 38.422434199437276 ], [ -121.562272960294564, 38.422703694261493 ], [ -121.561015319071657, 38.423332516087875 ], [ -121.561015319732277, 38.423602009721463 ], [ -121.560745822250041, 38.423422346882084 ] ] ] } },
{ "type": "Feature", "properties": { "csb_id": "061825015519142", "acres": 99.254167226210001, "geoid": "06113" }, "geometry": { "type": "Polygon", "coordinates": [ [ [ -121.560745825021186, 38.428722406137979 ], [ -121.560745824664636, 38.428542743240257 ], [ -121.56047632946121, 38.42845291166735 ], [ -121.560117003747152, 38.428452912226312 ], [ -121.560117003642858, 38.428722406217517 ], [ -121.558320373385229, 38.428722407050785 ], [ -121.558050878348496, 38.428722406039491 ], [ -121.558050878743614, 38.428452911750512 ], [ -121.557422057289529, 38.428452911536169 ], [ -121.557422058234792, 38.428722405974113 ], [ -121.556523742505192, 38.428722406798251 ], [ -121.555355933169551, 38.428542742948743 ], [ -121.554457617895508, 38.428632574657101 ], [ -121.554098290660789, 38.428452912166051 ], [ -121.554098291399413, 38.427824090762229 ], [ -121.55445761772701, 38.427824091242634 ], [ -121.554727111698085, 38.427554596922604 ], [ -121.554727112117419, 38.426925776279639 ], [ -121.555625427595558, 38.426925775602349 ], [ -121.555625427884394, 38.427554596807475 ], [ -121.556793236851462, 38.427554596836572 ], [ -121.556793236795457, 38.427285101769328 ], [ -121.556254247686013, 38.426296955445238 ], [ -121.55562542761389, 38.426296955249406 ], [ -121.555625427372703, 38.426656281479865 ], [ -121.554996606562597, 38.42665628127714 ], [ -121.5549966062339, 38.426296954897751 ], [ -121.554727112198933, 38.425757965980011 ], [ -121.554727111503439, 38.425129145551026 ], [ -121.554996607096697, 38.425129145355164 ], [ -121.554996605871139, 38.424230829921861 ], [ -121.554727112464832, 38.424230830354702 ], [ -121.554727110889488, 38.423332514755344 ], [ -121.554996607182346, 38.423332514857528 ], [ -121.554996606951875, 38.422524031029667 ], [ -121.554816942104779, 38.422434199782423 ], [ -121.555355932953404, 38.421805378977865 ], [ -121.554996606601648, 38.421805379065731 ], [ -121.555086438650861, 38.421535883878065 ], [ -121.555715259059326, 38.42153588455016 ], [ -121.555715258497628, 38.421805378938743 ], [ -121.557422057368967, 38.421625715355333 ], [ -121.559488182952919, 38.421625715884076 ], [ -121.559488183071892, 38.421805380053634 ], [ -121.560476330441233, 38.421805378755053 ], [ -121.560476329630319, 38.421625716068611 ], [ -121.560745823951351, 38.421625715632757 ], [ -121.560745822791446, 38.422164704875392 ], [ -121.560476328718877, 38.422164704837115 ], [ -121.560476329229417, 38.422703694222292 ], [ -121.560745822250041, 38.423422346882084 ], [ -121.561374645312569, 38.423602008918067 ], [ -121.561374645776041, 38.425129145161911 ], [ -121.561015319707664, 38.425129145402821 ], [ -121.560745824249466, 38.425398640261285 ], [ -121.560745824962524, 38.425757966078841 ], [ -121.561015319057745, 38.4257579655551 ], [ -121.561015318764063, 38.42629695498772 ], [ -121.560745824917305, 38.42629695503733 ], [ -121.560476329655401, 38.426656281405457 ], [ -121.560476330571461, 38.427285102072858 ], [ -121.560745824353333, 38.427824091405817 ], [ -121.561644140138483, 38.42782409075415 ], [ -121.56164413930756, 38.428452912057544 ], [ -121.561374645339995, 38.428452911823292 ], [ -121.561374645399084, 38.428722406762837 ], [ -121.560745825021186, 38.428722406137979 ] ] ] } },
{ "type": "Feature", "properties": { "csb_id": "061825015519175", "acres": 8.5148947391324405, "geoid": "06113" }, "geometry": { "type": "Polygon", "coordinates": [ [ [ -121.589581744951928, 38.420637569279961 ], [ -121.589851239326904, 38.420637569158792 ], [ -121.589851240076328, 38.420368073939898 ], [ -121.590749554874435, 38.420008748247071 ], [ -121.59137837525823, 38.420098579388998 ], [ -121.591378375355404, 38.420368074698928 ], [ -121.591737701342197, 38.420368074404017 ], [ -121.592276690544026, 38.421805378856789 ], [ -121.590749555001707, 38.421805378289982 ], [ -121.590749555294011, 38.42153588432334 ], [ -121.589581745160729, 38.421535884459708 ], [ -121.589581744951928, 38.420637569279961 ] ] ] } },
{ "type": "Feature", "properties": { "csb_id": "061825015519179", "acres": 45.840789512468398, "geoid": "06113" }, "geometry": { "type": "Polygon", "coordinates": [ [ [ -121.583563032521994, 38.421535884539985 ], [ -121.58383252781428, 38.421535884213121 ], [ -121.583832526853982, 38.421266389445762 ], [ -121.583563032552178, 38.421266389772555 ], [ -121.583563032521994, 38.421535884539985 ], [ -121.583024043359686, 38.421535884047294 ], [ -121.583024043862011, 38.420368073891446 ], [ -121.583563032857782, 38.420368074443161 ], [ -121.583832527663745, 38.420098579252894 ], [ -121.589222419200723, 38.42000874784744 ], [ -121.589222418375599, 38.420637568682402 ], [ -121.589581744951928, 38.420637569279961 ], [ -121.589581745160729, 38.421535884459708 ], [ -121.590749555294011, 38.42153588432334 ], [ -121.590749555001707, 38.421805378289982 ], [ -121.592276690544026, 38.421805378856789 ], [ -121.592007196252581, 38.422434199817829 ], [ -121.589581745369543, 38.422434199621861 ], [ -121.589222418997394, 38.422703694437708 ], [ -121.589222419003605, 38.423063020507342 ], [ -121.589851239960751, 38.42306301985839 ], [ -121.589851240127288, 38.423961335703034 ], [ -121.588054609406342, 38.423961335202563 ], [ -121.58805460904901, 38.424230829836532 ], [ -121.587156293366903, 38.424230829767708 ], [ -121.5871562942759, 38.423332515176035 ], [ -121.587425789112203, 38.422703694850284 ], [ -121.587425788568325, 38.422164705889841 ], [ -121.586886798957323, 38.421805379261357 ], [ -121.585988483817289, 38.421805379662949 ], [ -121.585629158093425, 38.422164705244931 ], [ -121.584191853607521, 38.422164705688203 ], [ -121.583832527004489, 38.422703694369197 ], [ -121.583383370127621, 38.42279352542117 ], [ -121.583293538294669, 38.422164704969546 ], [ -121.583563032246587, 38.422164705084235 ], [ -121.583563032521994, 38.421535884539985 ] ] ] } },
{ "type": "Feature", "properties": { "csb_id": "061825015519227", "acres": 15.9475532812982, "geoid": "06113" }, "geometry": { "type": "Polygon", "coordinates": [ [ [ -121.570986619627064, 38.420996896179943 ], [ -121.570986618424413, 38.420457906220044 ], [ -121.571256113099679, 38.420457905860346 ], [ -121.571256112928268, 38.418212117365925 ], [ -121.572783249693288, 38.418212119475442 ], [ -121.572783249758743, 38.418840937902658 ], [ -121.573681565134208, 38.41884093811305 ], [ -121.573681565233727, 38.420368074518883 ], [ -121.573322238633864, 38.420368074094419 ], [ -121.573322238823508, 38.4212663894549 ], [ -121.572154428642534, 38.421266390014956 ], [ -121.572154428101243, 38.420907063338696 ], [ -121.571525607415126, 38.420907063586689 ], [ -121.57152560831004, 38.421805378730305 ], [ -121.571256113141089, 38.421805378730987 ], [ -121.570986619627064, 38.420996896179943 ] ] ] } },
{ "type": "Feature", "properties": { "csb_id": "061825015519282", "acres": 16.6633360537535, "geoid": "06113" }, "geometry": { "type": "Polygon", "coordinates": [ [ [ -121.545204970250992, 38.418571444042009 ], [ -121.545204969583281, 38.418301948853383 ], [ -121.544216823295258, 38.418301950338481 ], [ -121.543677833588831, 38.418571443549446 ], [ -121.543138843615623, 38.418571443601259 ], [ -121.543049013132986, 38.417403633460601 ], [ -121.541881203381521, 38.416864644707381 ], [ -121.541881203942083, 38.416505318768671 ], [ -121.542420192640876, 38.41623582439415 ], [ -121.543677833701281, 38.416235824217019 ], [ -121.544306654401211, 38.416505319007832 ], [ -121.544306654772143, 38.416864644498389 ], [ -121.544935474079864, 38.416864644729699 ], [ -121.54520496893447, 38.41650531927214 ], [ -121.545204970496144, 38.416235823596693 ], [ -121.545743959862577, 38.416235823938365 ], [ -121.546103285271002, 38.417134138859026 ], [ -121.546103285560719, 38.418301948787523 ], [ -121.545743958723861, 38.418301949694893 ], [ -121.545743959755669, 38.418840938200972 ], [ -121.545474464626309, 38.418840938698267 ], [ -121.545204970250992, 38.418571444042009 ] ] ] } },
{ "type": "Feature", "properties": { "csb_id": "061825015519289", "acres": 6.59201106034803, "geoid": "06113" }, "geometry": { "type": "Polygon", "coordinates": [ [ [ -121.631353405858931, 38.416505318744285 ], [ -121.631353405283022, 38.416235823669773 ], [ -121.631622900651635, 38.41614599232603 ], [ -121.631622901094829, 38.41488835128547 ], [ -121.632251721109213, 38.41488835080952 ], [ -121.632251720742886, 38.415337509194345 ], [ -121.632790709470811, 38.415517172226501 ], [ -121.634317846464569, 38.415517172152896 ], [ -121.634138182757113, 38.415607003668839 ], [ -121.634138181947492, 38.416235824281628 ], [ -121.633150035661757, 38.416235824256766 ], [ -121.633150035847876, 38.416415487078403 ], [ -121.632880541549767, 38.416505318945795 ], [ -121.631353405858931, 38.416505318744285 ] ] ] } },
{ "type": "Feature", "properties": { "csb_id": "061825015519295", "acres": 4.9875051234222196, "geoid": "06113" }, "geometry": { "type": "Polygon", "coordinates": [ [ [ -121.607997208021473, 38.415607003416561 ], [ -121.607997208844594, 38.415786665923861 ], [ -121.608266703504995, 38.415786666074439 ], [ -121.608266703136067, 38.415607003329626 ], [ -121.607997208021473, 38.415607003416561 ], [ -121.608446366531993, 38.41497818226788 ], [ -121.608446366028289, 38.414618856533053 ], [ -121.609075186971836, 38.414618856152572 ], [ -121.609075186422231, 38.416145992480082 ], [ -121.6088056921256, 38.416864644294243 ], [ -121.608536197876177, 38.417044307350082 ], [ -121.608176871602652, 38.416864644658304 ], [ -121.607817545804267, 38.416415486850696 ], [ -121.607997208021473, 38.415607003416561 ] ] ] } },
{ "type": "Feature", "properties": { "csb_id": "061825015519320", "acres": 23.245781860908199, "geoid": "06113" }, "geometry": { "type": "Polygon", "coordinates": [ [ [ -121.572783249758743, 38.418840937902658 ], [ -121.572783249693288, 38.418212119475442 ], [ -121.571256112928268, 38.418212117365925 ], [ -121.570986619008096, 38.41803245467144 ], [ -121.571256112758519, 38.41794262299274 ], [ -121.571256113790355, 38.415247676736648 ], [ -121.57152560783544, 38.41497818276099 ], [ -121.571525608453612, 38.414618857367252 ], [ -121.573951059489062, 38.414618856374069 ], [ -121.573951058916748, 38.414888351182761 ], [ -121.573681564302333, 38.414888350676534 ], [ -121.573681563909716, 38.415247677342634 ], [ -121.573951059537251, 38.415247676988784 ], [ -121.573951058392581, 38.415786666596489 ], [ -121.573322237570537, 38.415786666880663 ], [ -121.57332223876098, 38.416145992827481 ], [ -121.574310385657895, 38.416415488008951 ], [ -121.57431038498413, 38.416684982183355 ], [ -121.573681564368258, 38.417044307335331 ], [ -121.573322238643229, 38.417044307414237 ], [ -121.573052743800176, 38.417313802490852 ], [ -121.57305274397747, 38.417673129284864 ], [ -121.573951059651762, 38.417673128123582 ], [ -121.57422055427233, 38.417942623244208 ], [ -121.574220554094879, 38.418571443424376 ], [ -121.573951059127594, 38.418571443478768 ], [ -121.573951059669866, 38.418840938025475 ], [ -121.572783249758743, 38.418840937902658 ] ] ] } },
{ "type": "Feature", "properties": { "csb_id": "061825015519329", "acres": 46.393500403374297, "geoid": "06113" }, "geometry": { "type": "Polygon", "coordinates": [ [ [ -121.553828797253217, 38.423961334961383 ], [ -121.553828796151123, 38.42333251530772 ], [ -121.553559300779867, 38.423332515230697 ], [ -121.553559300711825, 38.423602009669871 ], [ -121.553020313368918, 38.423602009379067 ], [ -121.553020312569799, 38.42342234595467 ], [ -121.552660986657983, 38.423152852055416 ], [ -121.552660986764735, 38.422703694897507 ], [ -121.553020312659569, 38.422254536720331 ], [ -121.553020312753532, 38.420996895190854 ], [ -121.552750818163247, 38.420996895003874 ], [ -121.552660986539422, 38.420098579587936 ], [ -121.552750818113324, 38.419739253527467 ], [ -121.553020313470284, 38.419559590810024 ], [ -121.553020313076601, 38.41803245434825 ], [ -121.552750818734552, 38.41803245457416 ], [ -121.552750817265206, 38.416505319480912 ], [ -121.552930481388941, 38.416505319881267 ], [ -121.552930480644591, 38.415517172675699 ], [ -121.552660986014757, 38.415517172880882 ], [ -121.552660985921023, 38.414618857544944 ], [ -121.555625428071565, 38.414618857440956 ], [ -121.555355932724027, 38.414978182985898 ], [ -121.555086438011728, 38.415966330460805 ], [ -121.554996605594127, 38.420368074243946 ], [ -121.555086437400959, 38.420996895658192 ], [ -121.555355932412425, 38.420996895272168 ], [ -121.555355932759511, 38.421266389189924 ], [ -121.555086437872291, 38.421266389338875 ], [ -121.555086437968853, 38.422164705303175 ], [ -121.55409829072417, 38.423063020117354 ], [ -121.554098289985589, 38.423691841582759 ], [ -121.553828797253217, 38.423961334961383 ] ] ] } },
{ "type": "Feature", "properties": { "csb_id": "061825015519343", "acres": 11.521860663863301, "geoid": "06113" }, "geometry": { "type": "Polygon", "coordinates": [ [ [ -121.592995343496838, 38.414079867590267 ], [ -121.593264837116322, 38.413990036320421 ], [ -121.592995341688777, 38.413990036380739 ], [ -121.592995343496838, 38.414079867590267 ], [ -121.592546185223426, 38.413720541421597 ], [ -121.593175006550084, 38.413720540907072 ], [ -121.593444500617224, 38.412822226173986 ], [ -121.593803827392748, 38.412552731190935 ], [ -121.594702142254235, 38.413091720631087 ], [ -121.596498772526971, 38.413091720250364 ], [ -121.596498772510543, 38.413540878177912 ], [ -121.595959783993337, 38.413540879110123 ], [ -121.595869952772674, 38.413720541833833 ], [ -121.59586995223512, 38.413990036206954 ], [ -121.596139446164941, 38.413990035728411 ], [ -121.59613944617665, 38.414439193171319 ], [ -121.593264837378442, 38.414529025325905 ], [ -121.592995342620043, 38.414439193228105 ], [ -121.592995343496838, 38.414079867590267 ] ] ] } },
{ "type": "Feature", "properties": { "csb_id": "061825015519369", "acres": 3.5474119693139401, "geoid": "06113" }, "geometry": { "type": "Polygon", "coordinates": [ [ [ -121.587156293909615, 38.414349361959601 ], [ -121.587156294496026, 38.413990035997188 ], [ -121.586886798916609, 38.413990035679902 ], [ -121.586886798799924, 38.413720541072699 ], [ -121.587785114711906, 38.413720541556955 ], [ -121.587785114679335, 38.413091720651124 ], [ -121.588324104117021, 38.413091720352526 ], [ -121.588324103372642, 38.413451046649442 ], [ -121.589581745510685, 38.413451046704672 ], [ -121.58958174457787, 38.413720540869512 ], [ -121.588683430240195, 38.413720541123467 ], [ -121.58805460925123, 38.413990035464991 ], [ -121.588054609129813, 38.41443919349615 ], [ -121.587156293909615, 38.414349361959601 ] ] ] } },
{ "type": "Feature", "properties": { "csb_id": "061825015519370", "acres": 3.8760635305561402, "geoid": "06113" }, "geometry": { "type": "Polygon", "coordinates": [ [ [ -121.581766401962398, 38.413720541384571 ], [ -121.581496907233785, 38.413451046289765 ], [ -121.581137581591051, 38.413451046987575 ], [ -121.581137581871246, 38.413720540765503 ], [ -121.580239265539291, 38.413720540933227 ], [ -121.58023926602381, 38.413451046769794 ], [ -121.58059859216614, 38.413451046735744 ], [ -121.580598592332578, 38.413091720292044 ], [ -121.582664717087553, 38.413091720620976 ], [ -121.58239522333254, 38.414349361614882 ], [ -121.581856233876948, 38.41434936176617 ], [ -121.581766401962398, 38.413720541384571 ] ] ] } },
{ "type": "Feature", "properties": { "csb_id": "061825015519379", "acres": 23.1983409721696, "geoid": "06113" }, "geometry": { "type": "Polygon", "coordinates": [ [ [ -121.602786980047895, 38.414618856551101 ], [ -121.596588602934531, 38.4146188563587 ], [ -121.596498772526971, 38.413091720250364 ], [ -121.596768266388082, 38.412822227367094 ], [ -121.597037762624637, 38.413091720547008 ], [ -121.597037761378459, 38.413451046789135 ], [ -121.597397088526222, 38.413451047505419 ], [ -121.597397087720694, 38.413720542207322 ], [ -121.598834391987225, 38.413720541262407 ], [ -121.598834391195979, 38.412822225965783 ], [ -121.599463211744776, 38.412822226113171 ], [ -121.599732706213118, 38.41255273148424 ], [ -121.600720853234549, 38.412552731585642 ], [ -121.600720854453797, 38.413091720973306 ], [ -121.601349674510374, 38.413091720415416 ], [ -121.601349674254479, 38.412912057543736 ], [ -121.602158158155092, 38.412822225821365 ], [ -121.602158158012827, 38.413091720411543 ], [ -121.602517483865128, 38.413091720897505 ], [ -121.60251748403887, 38.41399003575107 ], [ -121.603056474558599, 38.413990036012734 ], [ -121.603056472787941, 38.414349362163065 ], [ -121.602786980047895, 38.414618856551101 ] ] ] } },
{ "type": "Feature", "properties": { "csb_id": "061825015519380", "acres": 9.1440604909917091, "geoid": "06113" }, "geometry": { "type": "Polygon", "coordinates": [ [ [ -121.590120734410775, 38.413720541012026 ], [ -121.590480059147126, 38.413720541417931 ], [ -121.590480059026874, 38.413091721162751 ], [ -121.59164786958786, 38.41309172080058 ], [ -121.591647870256949, 38.412552731332504 ], [ -121.592007196220109, 38.412193405068315 ], [ -121.59254618582203, 38.41219340521161 ], [ -121.592546185711129, 38.412822225600905 ], [ -121.592905512157671, 38.412822225958045 ], [ -121.593444500697473, 38.413091720373941 ], [ -121.593175006345717, 38.413451046948616 ], [ -121.592546185907807, 38.413451046840521 ], [ -121.592546185026748, 38.413091720186166 ], [ -121.592007195010027, 38.413091720576034 ], [ -121.592007196593556, 38.413451046518297 ], [ -121.592546186051166, 38.413540878288622 ], [ -121.592546185223426, 38.413720541421597 ], [ -121.592007195350519, 38.41372054172205 ], [ -121.592007196886271, 38.41452902527584 ], [ -121.59012073340412, 38.414529025305598 ], [ -121.590120734410775, 38.413720541012026 ] ] ] } },
{ "type": "Feature", "properties": { "csb_id": "061825015519381", "acres": 5.4419537467913601, "geoid": "06113" }, "geometry": { "type": "Polygon", "coordinates": [ [ [ -121.581856233876948, 38.41434936176617 ], [ -121.579610445484775, 38.414349361625504 ], [ -121.579610445373277, 38.413091720065033 ], [ -121.579969771729452, 38.412822225740804 ], [ -121.580598592611125, 38.412822225887204 ], [ -121.58059859216614, 38.413451046735744 ], [ -121.58023926602381, 38.413451046769794 ], [ -121.580239265539291, 38.413720540933227 ], [ -121.581137581871246, 38.413720540765503 ], [ -121.581137581591051, 38.413451046987575 ], [ -121.581496907233785, 38.413451046289765 ], [ -121.581766401962398, 38.413720541384571 ], [ -121.581856233876948, 38.41434936176617 ] ] ] } },
{ "type": "Feature", "properties": { "csb_id": "061825015519409", "acres": 25.5283729249212, "geoid": "06113" }, "geometry": { "type": "Polygon", "coordinates": [ [ [ -121.602158158155092, 38.412822225821365 ], [ -121.601349674254479, 38.412912057543736 ], [ -121.601349674510374, 38.413091720415416 ], [ -121.600720854453797, 38.413091720973306 ], [ -121.600720853234549, 38.412552731585642 ], [ -121.599732706213118, 38.41255273148424 ], [ -121.599463211744776, 38.412822226113171 ], [ -121.598834391195979, 38.412822225965783 ], [ -121.598834391987225, 38.413720541262407 ], [ -121.597397087720694, 38.413720542207322 ], [ -121.597397087704024, 38.413091720403287 ], [ -121.597037762624637, 38.413091720547008 ], [ -121.596768266388082, 38.412822227367094 ], [ -121.596768266997856, 38.412193405638796 ], [ -121.597037762139763, 38.411923910972867 ], [ -121.597397088491533, 38.411923910264655 ], [ -121.597936075877172, 38.411025595920428 ], [ -121.598295402401376, 38.411025595318833 ], [ -121.599193717368422, 38.411025595530226 ], [ -121.599193717795728, 38.411923910956403 ], [ -121.599732706961007, 38.411923910785951 ], [ -121.600092034285794, 38.411654415536006 ], [ -121.600092032941816, 38.411295090343707 ], [ -121.600361527097093, 38.411025595483871 ], [ -121.601259842529302, 38.41102559533342 ], [ -121.60125984273688, 38.411295090083264 ], [ -121.6016191691117, 38.411654416425087 ], [ -121.602786980021094, 38.411654415622429 ], [ -121.602786979960769, 38.411923910695286 ], [ -121.602517483917779, 38.412013742436137 ], [ -121.603685294911401, 38.411923911034002 ], [ -121.603685294193511, 38.412193405097504 ], [ -121.60395479021129, 38.412193405101554 ], [ -121.603954789191221, 38.412552731120073 ], [ -121.603685295093825, 38.412822226182882 ], [ -121.603146304931926, 38.412822225798145 ], [ -121.602876811139595, 38.413091720957567 ], [ -121.602517483865128, 38.413091720897505 ], [ -121.602158158012827, 38.413091720411543 ], [ -121.602158158155092, 38.412822225821365 ] ] ] } },
{ "type": "Feature", "properties": { "csb_id": "061825015519425", "acres": 13.2908375418908, "geoid": "06113" }, "geometry": { "type": "Polygon", "coordinates": [ [ [ -121.59012073340412, 38.414529025305598 ], [ -121.588054609129813, 38.41443919349615 ], [ -121.58805460925123, 38.413990035464991 ], [ -121.588683430240195, 38.413720541123467 ], [ -121.58958174457787, 38.413720540869512 ], [ -121.589581745510685, 38.413451046704672 ], [ -121.588324103372642, 38.413451046649442 ], [ -121.588324104117021, 38.413091720352526 ], [ -121.587785114679335, 38.413091720651124 ], [ -121.587785114711906, 38.413720541556955 ], [ -121.587425787978063, 38.413720541117527 ], [ -121.587425788634306, 38.412193405390838 ], [ -121.587156293469704, 38.41219340512982 ], [ -121.586886799610426, 38.411923910282717 ], [ -121.58688679949374, 38.411654415661744 ], [ -121.587425788090499, 38.411654416298866 ], [ -121.587425788602516, 38.411025594975605 ], [ -121.587785114199178, 38.411025595621886 ], [ -121.587785114912492, 38.412822226186073 ], [ -121.588683430389864, 38.412822226196639 ], [ -121.588683429550784, 38.412552731255133 ], [ -121.588324104272886, 38.412552731568681 ], [ -121.588324103902778, 38.412193405501228 ], [ -121.588952924929316, 38.412193405309573 ], [ -121.588952924022422, 38.412822225785163 ], [ -121.589222419384583, 38.41282222626662 ], [ -121.589581745301913, 38.412552731355952 ], [ -121.589581744649564, 38.412193404961819 ], [ -121.590120734211496, 38.412193405548301 ], [ -121.59012073496821, 38.412552731557064 ], [ -121.590749555172366, 38.412822226238703 ], [ -121.591647868807911, 38.41282222630479 ], [ -121.59164786958786, 38.41309172080058 ], [ -121.590480059026874, 38.413091721162751 ], [ -121.590480059147126, 38.413720541417931 ], [ -121.590120734410775, 38.413720541012026 ], [ -121.59012073340412, 38.414529025305598 ] ] ] } },
{ "type": "Feature", "properties": { "csb_id": "061825015519437", "acres": 6.4570480301852298, "geoid": "06113" }, "geometry": { "type": "Polygon", "coordinates": [ [ [ -121.574220553746414, 38.412822225927457 ], [ -121.57422055332836, 38.412552731105137 ], [ -121.574579879566201, 38.41255273101617 ], [ -121.574579879515596, 38.412193405335096 ], [ -121.573681564018145, 38.412193404970601 ], [ -121.57368156446627, 38.41192391038134 ], [ -121.573322238580715, 38.411923910280933 ], [ -121.573142575124052, 38.411295090283531 ], [ -121.573322238660523, 38.410845932468959 ], [ -121.573951059121626, 38.410756101237538 ], [ -121.574849374538005, 38.411295089511171 ], [ -121.574849374179848, 38.411923910977336 ], [ -121.575478194661528, 38.411923910726443 ], [ -121.575478195736906, 38.412552731174344 ], [ -121.574849374628812, 38.412552731336454 ], [ -121.574849373899127, 38.413091720445124 ], [ -121.57457987939226, 38.413091720510479 ], [ -121.574220553746414, 38.412822225927457 ] ] ] } },
{ "type": "Feature", "properties": { "csb_id": "061825015519448", "acres": 6.7533518693119596, "geoid": "06113" }, "geometry": { "type": "Polygon", "coordinates": [ [ [ -121.536850637810076, 38.411384921154529 ], [ -121.536131985382426, 38.41129509027283 ], [ -121.536131986125298, 38.40985778558467 ], [ -121.539365920567107, 38.409857785811553 ], [ -121.53909642667071, 38.410127279900138 ], [ -121.538287942372591, 38.41021711145747 ], [ -121.537808607309216, 38.410815754206908 ], [ -121.536850637810076, 38.411384921154529 ] ] ] } },
{ "type": "Feature", "properties": { "csb_id": "061825015519450", "acres": 43.1791668161964, "geoid": "06113" }, "geometry": { "type": "Polygon", "coordinates": [ [ [ -121.578173140830273, 38.413451046260136 ], [ -121.577813814918457, 38.413451046572263 ], [ -121.577813814433242, 38.413091720395414 ], [ -121.577544320553173, 38.412822225603328 ], [ -121.577274826468468, 38.412013742557519 ], [ -121.576915499738945, 38.411923910814366 ], [ -121.576915499521164, 38.411295090327407 ], [ -121.576466342506563, 38.410396774837068 ], [ -121.576107016215659, 38.410127279808655 ], [ -121.576017183928769, 38.409498459437501 ], [ -121.576466342234667, 38.4094984593943 ], [ -121.576466341813386, 38.40994761723686 ], [ -121.576735836771576, 38.410217111086091 ], [ -121.582664717337863, 38.41012727969526 ], [ -121.582664717870244, 38.41255273130519 ], [ -121.582395223597629, 38.412822227013329 ], [ -121.582395222311945, 38.41309172026164 ], [ -121.580598592332578, 38.413091720292044 ], [ -121.580598592611125, 38.412822225887204 ], [ -121.579969771729452, 38.412822225740804 ], [ -121.579610445373277, 38.413091720065033 ], [ -121.579610445484775, 38.414349361625504 ], [ -121.579071456682698, 38.414349361481435 ], [ -121.578173140830273, 38.413451046260136 ] ] ] } },
{ "type": "Feature", "properties": { "csb_id": "061825015519463", "acres": 11.3966888163352, "geoid": "06113" }, "geometry": { "type": "Polygon", "coordinates": [ [ [ -121.599193717795728, 38.411923910956403 ], [ -121.599193717368422, 38.411025595530226 ], [ -121.598564897121904, 38.411025595373339 ], [ -121.598564898401293, 38.410756100563731 ], [ -121.597936076930822, 38.410756100725642 ], [ -121.59793607761253, 38.409857785542194 ], [ -121.598295403487853, 38.409857785710933 ], [ -121.598295403644926, 38.409498460206883 ], [ -121.598564898325705, 38.409498459074307 ], [ -121.599463213456545, 38.409498459778398 ], [ -121.599463213449269, 38.409857786469537 ], [ -121.601259844371398, 38.409857785688061 ], [ -121.601259844271297, 38.410127279585836 ], [ -121.600990349583711, 38.410127279646403 ], [ -121.600990348800991, 38.410396774402351 ], [ -121.600990348974292, 38.410756100789982 ], [ -121.601259844051512, 38.410756102064298 ], [ -121.601259842529302, 38.41102559533342 ], [ -121.600361527097093, 38.411025595483871 ], [ -121.600092032941816, 38.411295090343707 ], [ -121.600092034285794, 38.411654415536006 ], [ -121.599732706961007, 38.411923910785951 ], [ -121.599193717795728, 38.411923910956403 ] ] ] } },
{ "type": "Feature", "properties": { "csb_id": "061825015519464", "acres": 10.971286157360201, "geoid": "06113" }, "geometry": { "type": "Polygon", "coordinates": [ [ [ -121.592546185711129, 38.412822225600905 ], [ -121.592546185535298, 38.41201374230927 ], [ -121.592905511258721, 38.411654415672459 ], [ -121.592905511461183, 38.4112950902474 ], [ -121.59263601752069, 38.411295089462975 ], [ -121.59227669131576, 38.411025595621254 ], [ -121.592007196330641, 38.410217111794424 ], [ -121.592007197283621, 38.40985778620847 ], [ -121.59227669164639, 38.409498459635479 ], [ -121.592366522578686, 38.40985778528983 ], [ -121.593803826451534, 38.409857785365567 ], [ -121.593803826737783, 38.410127279822852 ], [ -121.594073321767425, 38.410127279682207 ], [ -121.594073321929557, 38.410396774375037 ], [ -121.594342816028288, 38.410396774979397 ], [ -121.594342815604335, 38.411025595042716 ], [ -121.594073321893475, 38.411295089510332 ], [ -121.593803826537055, 38.412193405061778 ], [ -121.5934445011343, 38.4121934049831 ], [ -121.593444500746529, 38.412912057860865 ], [ -121.592546185711129, 38.412822225600905 ] ] ] } },
{ "type": "Feature", "properties": { "csb_id": "061825015519465", "acres": 40.279169819680703, "geoid": "06113" }, "geometry": { "type": "Polygon", "coordinates": [ [ [ -121.576915499436964, 38.414349361812498 ], [ -121.573322238381706, 38.414349361876724 ], [ -121.573322238580715, 38.411923910280933 ], [ -121.57368156446627, 38.41192391038134 ], [ -121.573681564018145, 38.412193404970601 ], [ -121.574579879515596, 38.412193405335096 ], [ -121.574579879566201, 38.41255273101617 ], [ -121.57422055332836, 38.412552731105137 ], [ -121.574220553746414, 38.412822225927457 ], [ -121.57457987939226, 38.413091720510479 ], [ -121.574849373899127, 38.413091720445124 ], [ -121.574849374628812, 38.412552731336454 ], [ -121.575478195736906, 38.412552731174344 ], [ -121.575478194661528, 38.411923910726443 ], [ -121.574849374179848, 38.411923910977336 ], [ -121.574849374538005, 38.411295089511171 ], [ -121.573951059121626, 38.410756101237538 ], [ -121.57314257521621, 38.41075610117985 ], [ -121.573322239356457, 38.409318797138184 ], [ -121.573681564237617, 38.409318796586703 ], [ -121.57368156421569, 38.408600144242939 ], [ -121.573951057892685, 38.408330649928857 ], [ -121.574220553350528, 38.408330649164498 ], [ -121.574220553768555, 38.408600144015502 ], [ -121.574579880008912, 38.408600144431517 ], [ -121.574669711745628, 38.409228964976407 ], [ -121.57547819513141, 38.409049302088782 ], [ -121.575478195378295, 38.409228964439684 ], [ -121.576017183928769, 38.409498459437501 ], [ -121.576107016215659, 38.410127279808655 ], [ -121.576735836870739, 38.410845932212901 ], [ -121.576915499521164, 38.411295090327407 ], [ -121.576915499738945, 38.411923910814366 ], [ -121.577274826468468, 38.412013742557519 ], [ -121.577544319988235, 38.412552730989034 ], [ -121.577274825954632, 38.413451046483402 ], [ -121.577813814918457, 38.413451046572263 ], [ -121.577813814378047, 38.413990035638832 ], [ -121.577544320298202, 38.413990035844826 ], [ -121.576915499436964, 38.414349361812498 ] ] ] } },
{ "type": "Feature", "properties": { "csb_id": "061825015519478", "acres": 25.306373646836299, "geoid": "06113" }, "geometry": { "type": "Polygon", "coordinates": [ [ [ -121.594702142254235, 38.413091720631087 ], [ -121.593803827392748, 38.412552731190935 ], [ -121.594073321893475, 38.411295089510332 ], [ -121.594342815604335, 38.411025595042716 ], [ -121.594342816028288, 38.410396774979397 ], [ -121.594073321929557, 38.410396774375037 ], [ -121.594073321767425, 38.410127279682207 ], [ -121.594342815990274, 38.41012728004916 ], [ -121.594342816376212, 38.409228965035162 ], [ -121.595241130004823, 38.409228964686648 ], [ -121.595241130807437, 38.40949845923781 ], [ -121.596768266421819, 38.410127280359909 ], [ -121.596768266618838, 38.41075610102321 ], [ -121.597666582393884, 38.410756100392483 ], [ -121.59766658309546, 38.410396774511469 ], [ -121.597936077734047, 38.410396775467255 ], [ -121.597936076930822, 38.410756100725642 ], [ -121.598564898401293, 38.410756100563731 ], [ -121.598564897121904, 38.411025595373339 ], [ -121.597936075877172, 38.411025595920428 ], [ -121.597397088491533, 38.411923910264655 ], [ -121.597037762139763, 38.411923910972867 ], [ -121.596768266997856, 38.412193405638796 ], [ -121.596768266388082, 38.412822227367094 ], [ -121.596498772526971, 38.413091720250364 ], [ -121.594702142254235, 38.413091720631087 ] ] ] } },
{ "type": "Feature", "properties": { "csb_id": "061825015519512", "acres": 67.375341287171594, "geoid": "06113" }, "geometry": { "type": "Polygon", "coordinates": [ [ [ -121.561015317759711, 38.41219340532183 ], [ -121.561374645240917, 38.412193405179657 ], [ -121.561374644374538, 38.411923911238233 ], [ -121.561644139552342, 38.41192391032498 ], [ -121.561644139531495, 38.411744247745951 ], [ -121.560745823058511, 38.411654416351119 ], [ -121.560745823081135, 38.411384921783011 ], [ -121.558320372352867, 38.411295090494505 ], [ -121.558320371827193, 38.411654416014223 ], [ -121.556613572576367, 38.411654416325938 ], [ -121.556523742642938, 38.411295090105121 ], [ -121.555894922423136, 38.41129508998506 ], [ -121.555894922080654, 38.411654415714636 ], [ -121.555355932776209, 38.411654416047668 ], [ -121.555266100993478, 38.406893345428465 ], [ -121.555715259490611, 38.407432334179035 ], [ -121.556883068390718, 38.407791660427534 ], [ -121.557422057310703, 38.408600143778578 ], [ -121.559218688171256, 38.408600144538283 ], [ -121.559218688396157, 38.408959469933677 ], [ -121.559847509356473, 38.409228964752884 ], [ -121.560476329878327, 38.409228964919052 ], [ -121.560745824399078, 38.408959470350489 ], [ -121.560745824800691, 38.408600144155663 ], [ -121.561913634679456, 38.408600144143989 ], [ -121.563800096490041, 38.408330649166025 ], [ -121.563800097045799, 38.408600144168709 ], [ -121.564069590576565, 38.408600144028831 ], [ -121.56406959078376, 38.409049301324224 ], [ -121.563800096717017, 38.409049301227029 ], [ -121.564069591173876, 38.409228965100986 ], [ -121.564069591195377, 38.411025595319948 ], [ -121.563530602025992, 38.411025595367903 ], [ -121.5632611070466, 38.411384921449255 ], [ -121.563261107540441, 38.411923910699713 ], [ -121.56281194905344, 38.411923910357579 ], [ -121.561913634288402, 38.412552731682602 ], [ -121.561015317563943, 38.412552731721128 ], [ -121.561015317759711, 38.41219340532183 ] ] ] } },
{ "type": "Feature", "properties": { "csb_id": "061825015519513", "acres": 3.3156323101071301, "geoid": "06113" }, "geometry": { "type": "Polygon", "coordinates": [ [ [ -121.524094560605874, 38.409857785385661 ], [ -121.523286076824462, 38.409947616860606 ], [ -121.522926750776818, 38.409498459657826 ], [ -121.522926751651951, 38.408959470167709 ], [ -121.523196245541257, 38.408600144046716 ], [ -121.523825065841081, 38.408600144264092 ], [ -121.524094560402816, 38.408959470280514 ], [ -121.524094560605874, 38.409857785385661 ] ] ] } },
{ "type": "Feature", "properties": { "csb_id": "061825015519520", "acres": 16.5879151862279, "geoid": "06113" }, "geometry": { "type": "Polygon", "coordinates": [ [ [ -121.596768266618838, 38.41075610102321 ], [ -121.596768266421819, 38.410127280359909 ], [ -121.595241130807437, 38.40949845923781 ], [ -121.594971636291973, 38.407791660320818 ], [ -121.594702142794731, 38.407701829098343 ], [ -121.594971636828546, 38.407701829007543 ], [ -121.594971637016258, 38.407432334443854 ], [ -121.59676826787755, 38.407432333790865 ], [ -121.597127593138651, 38.40770182840108 ], [ -121.597397087903801, 38.407701828399702 ], [ -121.597397088418276, 38.408061154690728 ], [ -121.597037761623696, 38.408061154897517 ], [ -121.596768267494838, 38.408330649621391 ], [ -121.596768268029535, 38.408600144505733 ], [ -121.597936077675357, 38.408600144440626 ], [ -121.598295403487853, 38.409857785710933 ], [ -121.59793607761253, 38.409857785542194 ], [ -121.597936077734047, 38.410396775467255 ], [ -121.59766658309546, 38.410396774511469 ], [ -121.597666582393884, 38.410756100392483 ], [ -121.596768266618838, 38.41075610102321 ] ] ] } },
{ "type": "Feature", "properties": { "csb_id": "061825015519522", "acres": 8.03285281857322, "geoid": "06113" }, "geometry": { "type": "Polygon", "coordinates": [ [ [ -121.526789506474401, 38.411025594974603 ], [ -121.525981021586944, 38.41111542753567 ], [ -121.525352201478512, 38.410845932545726 ], [ -121.525352201399656, 38.410486606316283 ], [ -121.52445388763752, 38.410486606293745 ], [ -121.524364055533553, 38.409857785836145 ], [ -121.524723381156164, 38.409857785103796 ], [ -121.524723381998001, 38.410127280048762 ], [ -121.524992875993476, 38.410127280456841 ], [ -121.524992875843026, 38.409498459273422 ], [ -121.525262370892136, 38.409228964679031 ], [ -121.525262370605773, 38.408959470114517 ], [ -121.524992876703294, 38.408600144373089 ], [ -121.524723381324947, 38.408600144525309 ], [ -121.524723382177356, 38.408061154999046 ], [ -121.524992876689765, 38.408061154609996 ], [ -121.524992875985816, 38.408330649180748 ], [ -121.52526237096707, 38.408600143867766 ], [ -121.525891191297603, 38.408600143707034 ], [ -121.526160686019239, 38.409857785065974 ], [ -121.526789506943473, 38.410396775028424 ], [ -121.526789506474401, 38.411025594974603 ] ] ] } },
{ "type": "Feature", "properties": { "csb_id": "061825015519525", "acres": 15.920976818587601, "geoid": "06113" }, "geometry": { "type": "Polygon", "coordinates": [ [ [ -121.592366522578686, 38.40985778528983 ], [ -121.592366523038947, 38.409318796548632 ], [ -121.591647870475313, 38.408600144219285 ], [ -121.591647870029931, 38.408061154927459 ], [ -121.592007196052847, 38.408061154878396 ], [ -121.592007196698191, 38.407701828412513 ], [ -121.592276690561079, 38.407432334437367 ], [ -121.593175006659649, 38.407432333766238 ], [ -121.593175006057209, 38.407701828863011 ], [ -121.594432647503666, 38.407522165824446 ], [ -121.594971636291973, 38.407791660320818 ], [ -121.595241130004823, 38.409228964686648 ], [ -121.594342816376212, 38.409228965035162 ], [ -121.594342815990274, 38.41012728004916 ], [ -121.593803826737783, 38.410127279822852 ], [ -121.593803826451534, 38.409857785365567 ], [ -121.592366522578686, 38.40985778528983 ] ] ] } },
{ "type": "Feature", "properties": { "csb_id": "061825015519529", "acres": 19.497681329959899, "geoid": "06113" }, "geometry": { "type": "Polygon", "coordinates": [ [ [ -121.599463213449269, 38.409857786469537 ], [ -121.599463213456545, 38.409498459778398 ], [ -121.598295403644926, 38.409498460206883 ], [ -121.597936077487446, 38.408959471435573 ], [ -121.597936077675357, 38.408600144440626 ], [ -121.596768268029535, 38.408600144505733 ], [ -121.596768267494838, 38.408330649621391 ], [ -121.597037761623696, 38.408061154897517 ], [ -121.597397088418276, 38.408061154690728 ], [ -121.597397087903801, 38.407701828399702 ], [ -121.597756414667515, 38.407701828627012 ], [ -121.597756414798226, 38.407522165672795 ], [ -121.601080180731344, 38.407522165876429 ], [ -121.601080180327031, 38.40770182877268 ], [ -121.601619170130988, 38.407701828406857 ], [ -121.601619170253898, 38.408600143825147 ], [ -121.601349674990729, 38.408600144139363 ], [ -121.600990349252044, 38.4098577851261 ], [ -121.599463213449269, 38.409857786469537 ] ] ] } },
{ "type": "Feature", "properties": { "csb_id": "061825015519531", "acres": 157.075172136313, "geoid": "06113" }, "geometry": { "type": "Polygon", "coordinates": [ [ [ -121.547540590077134, 38.414349362270201 ], [ -121.5475405892428, 38.414079867116456 ], [ -121.547001601198218, 38.414079867545794 ], [ -121.547001600859346, 38.414349361602483 ], [ -121.543318508147266, 38.414349361864566 ], [ -121.541715138069875, 38.410168094731198 ], [ -121.541539159588709, 38.410175068377548 ], [ -121.543049627660849, 38.414310038631328 ], [ -121.540354067278827, 38.414978182491545 ], [ -121.539096426582802, 38.415696834260586 ], [ -121.538467605437404, 38.415786666684376 ], [ -121.536491312127978, 38.412193404742105 ], [ -121.536491311544538, 38.41192391074793 ], [ -121.536790984294726, 38.41159476198272 ], [ -121.539365921068537, 38.410127280231315 ], [ -121.540623562421345, 38.410127279663286 ], [ -121.541252382982123, 38.409857785528267 ], [ -121.541252382543036, 38.409588290545472 ], [ -121.542150698196309, 38.409498458904302 ], [ -121.542420192774202, 38.40922896435989 ], [ -121.542420192150416, 38.408600143899925 ], [ -121.542689687509281, 38.408330649532125 ], [ -121.543318508548111, 38.408330649500506 ], [ -121.543588002765844, 38.40806115527144 ], [ -121.543588003072841, 38.407701828456283 ], [ -121.54477511186515, 38.407741985269084 ], [ -121.546821937980894, 38.409228964511335 ], [ -121.550205358190595, 38.411325267963207 ], [ -121.550505029998547, 38.411654416333072 ], [ -121.550505030224286, 38.413990035803735 ], [ -121.549696546982773, 38.414079867464338 ], [ -121.549696547016339, 38.414349361696523 ], [ -121.547540590077134, 38.414349362270201 ] ] ] } },
{ "type": "Feature", "properties": { "csb_id": "061825015519535", "acres": 127.277700225389, "geoid": "06113" }, "geometry": { "type": "Polygon", "coordinates": [ [ [ -121.589851239770653, 38.407432334136615 ], [ -121.589581745009127, 38.407522166138321 ], [ -121.590749554175531, 38.407432333009289 ], [ -121.591647870029931, 38.408061154927459 ], [ -121.591647870475313, 38.408600144219285 ], [ -121.592366523038947, 38.409318796548632 ], [ -121.592007197283621, 38.40985778620847 ], [ -121.592007196330641, 38.410217111794424 ], [ -121.59227669131576, 38.411025595621254 ], [ -121.59263601752069, 38.411295089462975 ], [ -121.592905511461183, 38.4112950902474 ], [ -121.592905511258721, 38.411654415672459 ], [ -121.59254618582203, 38.41219340521161 ], [ -121.592007196220109, 38.412193405068315 ], [ -121.591647870256949, 38.412552731332504 ], [ -121.591647868807911, 38.41282222630479 ], [ -121.590749555172366, 38.412822226238703 ], [ -121.59012073496821, 38.412552731557064 ], [ -121.590120734211496, 38.412193405548301 ], [ -121.589581744649564, 38.412193404961819 ], [ -121.589581745301913, 38.412552731355952 ], [ -121.589222419384583, 38.41282222626662 ], [ -121.588952924022422, 38.412822225785163 ], [ -121.588952924929316, 38.412193405309573 ], [ -121.588324103902778, 38.412193405501228 ], [ -121.588324104272886, 38.412552731568681 ], [ -121.588683429550784, 38.412552731255133 ], [ -121.588683430389864, 38.412822226196639 ], [ -121.587785114912492, 38.412822226186073 ], [ -121.587785114199178, 38.411025595621886 ], [ -121.587425788602516, 38.411025594975605 ], [ -121.587425788090499, 38.411654416298866 ], [ -121.58688679949374, 38.411654415661744 ], [ -121.586886799610426, 38.411923910282717 ], [ -121.587156293469704, 38.41219340512982 ], [ -121.587425788634306, 38.412193405390838 ], [ -121.587425787978063, 38.413720541117527 ], [ -121.586886798799924, 38.413720541072699 ], [ -121.586886798916609, 38.413990035679902 ], [ -121.587156294496026, 38.413990035997188 ], [ -121.587156293330594, 38.414439193079048 ], [ -121.584730842488824, 38.414349362161431 ], [ -121.583652864936965, 38.413810372921596 ], [ -121.583024043361263, 38.413181552283461 ], [ -121.58293421217256, 38.41012727990951 ], [ -121.583832526842357, 38.40949845952602 ], [ -121.583832526996645, 38.409228964444267 ], [ -121.582934212071848, 38.409228965142766 ], [ -121.582934212565448, 38.40770182883206 ], [ -121.583293537583756, 38.407342502563836 ], [ -121.589851239770653, 38.407432334136615 ] ] ] } },
{ "type": "Feature", "properties": { "csb_id": "061825015519544", "acres": 28.468644108941501, "geoid": "06113" }, "geometry": { "type": "Polygon", "coordinates": [ [ [ -121.559847509356473, 38.409228964752884 ], [ -121.559218688396157, 38.408959469933677 ], [ -121.559218688171256, 38.408600144538283 ], [ -121.557422057310703, 38.408600143778578 ], [ -121.556883068390718, 38.407791660427534 ], [ -121.556254248697769, 38.407701828805223 ], [ -121.555445763958446, 38.407162839880613 ], [ -121.555625426033117, 38.406803513903903 ], [ -121.555894920574062, 38.40662385098922 ], [ -121.557691552216681, 38.406623850609705 ], [ -121.557691552436523, 38.407162839606151 ], [ -121.55832037284685, 38.407162839633536 ], [ -121.558140709914611, 38.406623850860079 ], [ -121.559847507756189, 38.406623851051911 ], [ -121.559847508103275, 38.407162839689796 ], [ -121.561015319500044, 38.407162839303908 ], [ -121.561374645104664, 38.407432334029046 ], [ -121.561644139802226, 38.407432334334167 ], [ -121.561913634499817, 38.407432334049552 ], [ -121.561913632767386, 38.407162839838215 ], [ -121.562272960349048, 38.407162839213825 ], [ -121.56281194956793, 38.407432333902491 ], [ -121.563440770860154, 38.407432333999083 ], [ -121.563171275296995, 38.408330649244533 ], [ -121.561913634679456, 38.408600144143989 ], [ -121.560745824800691, 38.408600144155663 ], [ -121.560745824399078, 38.408959470350489 ], [ -121.560476329878327, 38.409228964919052 ], [ -121.559847509356473, 38.409228964752884 ] ] ] } },
{ "type": "Feature", "properties": { "csb_id": "061825015519580", "acres": 5.9064894445286598, "geoid": "06113" }, "geometry": { "type": "Polygon", "coordinates": [ [ [ -121.553828797076022, 38.407432334231153 ], [ -121.553828797178667, 38.40563570350561 ], [ -121.554457617243955, 38.405456040393794 ], [ -121.554547448881308, 38.405635703374834 ], [ -121.554996607059707, 38.405725535412081 ], [ -121.554996606316806, 38.406803513578559 ], [ -121.554816944216441, 38.406893345251234 ], [ -121.555086438705672, 38.406893344723869 ], [ -121.55508643881187, 38.407701829090264 ], [ -121.554098291193441, 38.407701828537959 ], [ -121.554098291817027, 38.407432334383117 ], [ -121.553828797076022, 38.407432334231153 ] ] ] } },
{ "type": "Feature", "properties": { "csb_id": "061825015519581", "acres": 3.33510730585229, "geoid": "06113" }, "geometry": { "type": "Polygon", "coordinates": [ [ [ -121.547540589971973, 38.406534019164717 ], [ -121.546282948862952, 38.406534019210063 ], [ -121.546282948032697, 38.406174692591478 ], [ -121.54691176910012, 38.406174692484811 ], [ -121.546911769016461, 38.405635703634481 ], [ -121.547181264018647, 38.405456040177299 ], [ -121.547540590341427, 38.40563570390654 ], [ -121.547540589754064, 38.405905198494999 ], [ -121.548079578668393, 38.405905198480689 ], [ -121.548079578742389, 38.40653401923808 ], [ -121.548438905639443, 38.406534018678514 ], [ -121.548438905009405, 38.40680351397144 ], [ -121.547810083895769, 38.406803513336676 ], [ -121.547540589971973, 38.406534019164717 ] ] ] } },
{ "type": "Feature", "properties": { "csb_id": "061825015519582", "acres": 150.294083514942, "geoid": "06113" }, "geometry": { "type": "Polygon", "coordinates": [ [ [ -121.554727112085558, 38.41434936157809 ], [ -121.550684693636967, 38.414349362227242 ], [ -121.550594862292883, 38.41129508981615 ], [ -121.548828408966017, 38.410276765310357 ], [ -121.544486318010513, 38.407342502698285 ], [ -121.544486317498595, 38.406803513118128 ], [ -121.544845644412888, 38.406534018938686 ], [ -121.545204970140816, 38.40545604085758 ], [ -121.546282948396424, 38.405276377824741 ], [ -121.546282948919639, 38.405635703591848 ], [ -121.546911769016461, 38.405635703634481 ], [ -121.54691176910012, 38.406174692484811 ], [ -121.546282948032697, 38.406174692591478 ], [ -121.546282948862952, 38.406534019210063 ], [ -121.547540589971973, 38.406534019164717 ], [ -121.547810083895769, 38.406803513336676 ], [ -121.548438905009405, 38.40680351397144 ], [ -121.548438905639443, 38.406534018678514 ], [ -121.548079578742389, 38.40653401923808 ], [ -121.548079578668393, 38.405905198480689 ], [ -121.547540589754064, 38.405905198494999 ], [ -121.547630421226984, 38.405456040330662 ], [ -121.550235535837061, 38.405635703852496 ], [ -121.550235536430705, 38.405276378357556 ], [ -121.551133850750716, 38.405276377432543 ], [ -121.552032166212783, 38.405006882838876 ], [ -121.552032166826947, 38.404108567824217 ], [ -121.55293048128685, 38.404108567378579 ], [ -121.552930481444363, 38.404378062329471 ], [ -121.553559302734129, 38.404378061970412 ], [ -121.553559301687642, 38.404108567642616 ], [ -121.554098291683147, 38.404108567859559 ], [ -121.554457617493227, 38.404378062127329 ], [ -121.554457617410122, 38.404737388219615 ], [ -121.554996606261312, 38.40473738850698 ], [ -121.554996607059707, 38.405725535412081 ], [ -121.554547448881308, 38.405635703374834 ], [ -121.554457617243955, 38.405456040393794 ], [ -121.553828797178667, 38.40563570350561 ], [ -121.553828797076022, 38.407432334231153 ], [ -121.554098291817027, 38.407432334383117 ], [ -121.554098291193441, 38.407701828537959 ], [ -121.55508643881187, 38.407701829090264 ], [ -121.555086438788393, 38.413720541368491 ], [ -121.554727112085558, 38.41434936157809 ] ] ] } },
{ "type": "Feature", "properties": { "csb_id": "061825015519589", "acres": 3.7025019717362602, "geoid": "06113" }, "geometry": { "type": "Polygon", "coordinates": [ [ [ -121.602158158810624, 38.405635704024782 ], [ -121.600361527012183, 38.405725535725864 ], [ -121.600181864738929, 38.405635704073767 ], [ -121.600181864875964, 38.405276377490587 ], [ -121.600720854684653, 38.405276377257586 ], [ -121.60161916884968, 38.404737388950522 ], [ -121.601619168436102, 38.404467893917158 ], [ -121.601978494614883, 38.404467894307345 ], [ -121.602517485011731, 38.405096714269064 ], [ -121.60215815909514, 38.405096714739358 ], [ -121.601978494436281, 38.405276377771422 ], [ -121.602158158810624, 38.405635704024782 ] ] ] } },
{ "type": "Feature", "properties": { "csb_id": "061825015519717", "acres": 313.57002251132599, "geoid": "06113" }, "geometry": { "type": "Polygon", "coordinates": [ [ [ -121.528855632050693, 38.415247676821423 ], [ -121.527777653419633, 38.415247677082654 ], [ -121.527508159253472, 38.414888351282087 ], [ -121.527418327770661, 38.414349362073274 ], [ -121.526789506849909, 38.413720540816357 ], [ -121.526160686505918, 38.413720540867786 ], [ -121.525621697394868, 38.412822225718969 ], [ -121.525262370623381, 38.412822226231363 ], [ -121.524992876666232, 38.413091720540919 ], [ -121.524094560813396, 38.413091720816951 ], [ -121.52355557204335, 38.412822226078461 ], [ -121.523825066528659, 38.412552731084922 ], [ -121.523825066052723, 38.411923911210437 ], [ -121.522788582005333, 38.41185524303399 ], [ -121.522573916442326, 38.412025782726907 ], [ -121.522926750695191, 38.412283237012936 ], [ -121.521669109312185, 38.412193405329596 ], [ -121.519602984186037, 38.409049301884338 ], [ -121.519014342169669, 38.408529568283321 ], [ -121.518974164289858, 38.407701828739292 ], [ -121.519333489448016, 38.407432333999076 ], [ -121.520231805333367, 38.407432334291641 ], [ -121.520770794441304, 38.407162839168748 ], [ -121.521399614954689, 38.40716283985536 ], [ -121.521669109634942, 38.406893345840139 ], [ -121.522636904385095, 38.406580426133608 ], [ -121.525891191689553, 38.405905197885147 ], [ -121.526520011595181, 38.40563570331836 ], [ -121.526609843976644, 38.405186545939074 ], [ -121.528316642269289, 38.404737388548895 ], [ -121.528316643076479, 38.404378061764476 ], [ -121.528586137334798, 38.404108567316442 ], [ -121.529304790020817, 38.404108567679948 ], [ -121.529304789827819, 38.404737388551105 ], [ -121.529843779109044, 38.405096714144996 ], [ -121.530203105076197, 38.405995030005521 ], [ -121.530742093818432, 38.406354355593898 ], [ -121.531011588082734, 38.40635435555901 ], [ -121.531281083539511, 38.405995029624805 ], [ -121.532179399101608, 38.405905198274503 ], [ -121.532808219320117, 38.405635703635497 ], [ -121.533077713995525, 38.405456040516313 ], [ -121.533077713985222, 38.405006882774366 ], [ -121.534065860941709, 38.404827219425975 ], [ -121.534065861066338, 38.40437806221253 ], [ -121.533796365596999, 38.403569578787994 ], [ -121.533437039532743, 38.403479746564521 ], [ -121.533167545137914, 38.403210252416478 ], [ -121.533077713731231, 38.402671263210621 ], [ -121.532808218683272, 38.402311936724523 ], [ -121.532628555765982, 38.402311937236213 ], [ -121.532269230283134, 38.401413622080433 ], [ -121.531999735204408, 38.401144127105916 ], [ -121.531909903651623, 38.400694969925389 ], [ -121.535736515709161, 38.400533773394429 ], [ -121.537779130526246, 38.403359737879889 ], [ -121.539725247201673, 38.40392890482957 ], [ -121.540354067318034, 38.404378062680657 ], [ -121.541521877447593, 38.404378062174828 ], [ -121.542779519109232, 38.405456040794668 ], [ -121.543138845286208, 38.406174692528232 ], [ -121.54313884465941, 38.406623850531588 ], [ -121.542689687986339, 38.406803513781654 ], [ -121.541252382945103, 38.408420480909719 ], [ -121.540893056391525, 38.408600144490379 ], [ -121.539725247015724, 38.408689975621712 ], [ -121.539096426624553, 38.408959470269281 ], [ -121.537569290509481, 38.408959469769165 ], [ -121.53640147891015, 38.408330649611742 ], [ -121.535503165247604, 38.408330649721286 ], [ -121.535503165452226, 38.408061154454053 ], [ -121.533796366211988, 38.408061155202752 ], [ -121.53316754537002, 38.408600143828458 ], [ -121.533077713771206, 38.40904930139947 ], [ -121.531640409453388, 38.409947616561084 ], [ -121.530742094387108, 38.410217111164535 ], [ -121.529843778288694, 38.411025595335708 ], [ -121.528945463949697, 38.411384921615223 ], [ -121.528855632198756, 38.412193405321098 ], [ -121.529214958456436, 38.412193404883311 ], [ -121.529214957493124, 38.412822225622712 ], [ -121.528855632217329, 38.413181552293018 ], [ -121.528855632029874, 38.413990036204503 ], [ -121.528945463679023, 38.414349361508357 ], [ -121.52921495831076, 38.414349361389853 ], [ -121.52921495822585, 38.414888351203238 ], [ -121.528855632050693, 38.415247676821423 ] ], [ [ -121.52436405587639, 38.411923910381084 ], [ -121.525891190281371, 38.41165441627362 ], [ -121.526160685347506, 38.411295089861021 ], [ -121.526160686525486, 38.411025595223805 ], [ -121.526789506474401, 38.411025594974603 ], [ -121.526789506943473, 38.410396775028424 ], [ -121.526160686019239, 38.409857785065974 ], [ -121.525891191297603, 38.408600143707034 ], [ -121.52526237096707, 38.408600143867766 ], [ -121.524992875985816, 38.408330649180748 ], [ -121.524992876689765, 38.408061154609996 ], [ -121.524723382177356, 38.408061154999046 ], [ -121.524723381324947, 38.408600144525309 ], [ -121.524992876703294, 38.408600144373089 ], [ -121.525262370605773, 38.408959470114517 ], [ -121.525262370892136, 38.409228964679031 ], [ -121.524992875843026, 38.409498459273422 ], [ -121.524992875993476, 38.410127280456841 ], [ -121.524723381998001, 38.410127280048762 ], [ -121.524723381156164, 38.409857785103796 ], [ -121.524364055533553, 38.409857785836145 ], [ -121.52436405587639, 38.411923910381084 ] ], [ [ -121.523286076824462, 38.409947616860606 ], [ -121.524094560605874, 38.409857785385661 ], [ -121.524094560402816, 38.408959470280514 ], [ -121.523825065841081, 38.408600144264092 ], [ -121.523196245541257, 38.408600144046716 ], [ -121.522926751651951, 38.408959470167709 ], [ -121.522926750776818, 38.409498459657826 ], [ -121.523286076824462, 38.409947616860606 ] ] ] } },
{ "type": "Feature", "properties": { "csb_id": "061825015519722", "acres": 18.2086830179767, "geoid": "06113" }, "geometry": { "type": "Polygon", "coordinates": [ [ [ -121.541252383008938, 38.403839073425694 ], [ -121.541252382876863, 38.403569579260122 ], [ -121.539725246737262, 38.403210252913247 ], [ -121.53936592070059, 38.402940758958458 ], [ -121.538826931475526, 38.401772948040175 ], [ -121.537928616297251, 38.401683117842531 ], [ -121.537569288740784, 38.401413621949693 ], [ -121.537569290079261, 38.400515306410142 ], [ -121.537120133750065, 38.400515308190762 ], [ -121.537120132563061, 38.39970682343278 ], [ -121.53866156751296, 38.400938957860546 ], [ -121.539593043896502, 38.401975902455646 ], [ -121.540581453128496, 38.402429555869091 ], [ -121.541756895966799, 38.402722189516169 ], [ -121.543912414117088, 38.401710926360636 ], [ -121.544107604815395, 38.402890272551446 ], [ -121.543994613023258, 38.40299589501096 ], [ -121.54161170900862, 38.403839073514874 ], [ -121.541252383008938, 38.403839073425694 ] ] ] } },
{ "type": "Feature", "properties": { "csb_id": "061825015519764", "acres": 4.4569218086500504, "geoid": "06113" }, "geometry": { "type": "Polygon", "coordinates": [ [ [ -121.630724585605336, 38.399347496763482 ], [ -121.630724585049805, 38.398988170756503 ], [ -121.630365259199365, 38.398988170124802 ], [ -121.630365259416735, 38.399347496753883 ], [ -121.630724585667238, 38.399437328049643 ], [ -121.629916101724177, 38.399437328428839 ], [ -121.629556774998221, 38.399078002102364 ], [ -121.629556775144906, 38.39880850723371 ], [ -121.630994080069911, 38.398089855298799 ], [ -121.631353406310012, 38.398179686391607 ], [ -121.631353405771634, 38.398449181831559 ], [ -121.631712731343555, 38.398808507165171 ], [ -121.631622900791655, 38.399347496425833 ], [ -121.630994079880139, 38.399437327761902 ], [ -121.630994079426515, 38.399078002378154 ], [ -121.630814417395413, 38.399078002348816 ], [ -121.630724585605336, 38.399347496763482 ] ] ] } },
{ "type": "Feature", "properties": { "csb_id": "061825015519847", "acres": 12.127022874304201, "geoid": "06113" }, "geometry": { "type": "Polygon", "coordinates": [ [ [ -121.559847509717656, 38.398089855010376 ], [ -121.559847508583346, 38.397820361291714 ], [ -121.559039025152344, 38.397820360880772 ], [ -121.55858986788779, 38.39808985530393 ], [ -121.557691552380547, 38.398089855562901 ], [ -121.557422056801613, 38.398449181473254 ], [ -121.557422058247155, 38.397820360799784 ], [ -121.557691552160733, 38.397550866430592 ], [ -121.558589868060224, 38.39755086560934 ], [ -121.5585898676065, 38.395664403686851 ], [ -121.559847508809497, 38.395664403934028 ], [ -121.55984750877181, 38.396023730169823 ], [ -121.560476329128548, 38.396023731273495 ], [ -121.560745824960918, 38.396293224614439 ], [ -121.5607458237522, 38.396652552028947 ], [ -121.560476328315545, 38.396652550937773 ], [ -121.560476329133081, 38.397191541534127 ], [ -121.560745824514186, 38.397191540282051 ], [ -121.561015317778015, 38.397550866319243 ], [ -121.561015318745589, 38.397820360988369 ], [ -121.559847509717656, 38.398089855010376 ] ], [ [ -121.559218687876196, 38.397191540300128 ], [ -121.558949193109399, 38.397191539929807 ], [ -121.558949193435595, 38.397550866061259 ], [ -121.559218688101112, 38.397550865808554 ], [ -121.559218687876196, 38.397191540300128 ] ] ] } },
{ "type": "Feature", "properties": { "csb_id": "061825015519851", "acres": 75.145843272264599, "geoid": "06113" }, "geometry": { "type": "Polygon", "coordinates": [ [ [ -121.541736455007424, 38.402502126919948 ], [ -121.540426792797319, 38.40219017309964 ], [ -121.539435136768333, 38.401631927713034 ], [ -121.538834036733391, 38.400867548488051 ], [ -121.537264968061635, 38.399508122847763 ], [ -121.536897308193957, 38.398302328233704 ], [ -121.53708109514605, 38.397369010162549 ], [ -121.540576014445378, 38.396079743110093 ], [ -121.543677833966882, 38.397191539648631 ], [ -121.543348685536102, 38.397940369786426 ], [ -121.543318508540167, 38.398988170415564 ], [ -121.543887675239546, 38.40120483377536 ], [ -121.54381609054596, 38.401523367076528 ], [ -121.541736455007424, 38.402502126919948 ] ], [ [ -121.541791372145596, 38.398718675576262 ], [ -121.541881203763964, 38.398539012570183 ], [ -121.541791371684923, 38.398539013189058 ], [ -121.541791372145596, 38.398718675576262 ] ], [ [ -121.54224052999183, 38.398449181299547 ], [ -121.542420192314992, 38.398449181534957 ], [ -121.542420192463837, 38.398089854948978 ], [ -121.542150698070458, 38.398089854971396 ], [ -121.54224052999183, 38.398449181299547 ] ] ] } },
{ "type": "Feature", "properties": { "csb_id": "061825015519863", "acres": 15.188773973882601, "geoid": "06113" }, "geometry": { "type": "Polygon", "coordinates": [ [ [ -121.561015318036269, 38.397640698815003 ], [ -121.560745824514186, 38.397191540282051 ], [ -121.560476329133081, 38.397191541534127 ], [ -121.560476328315545, 38.396652550937773 ], [ -121.5607458237522, 38.396652552028947 ], [ -121.560745824960918, 38.396293224614439 ], [ -121.560476329128548, 38.396023731273495 ], [ -121.55984750877181, 38.396023730169823 ], [ -121.559847508809497, 38.395664403934028 ], [ -121.561015319419866, 38.395664403636253 ], [ -121.561015318759502, 38.39539490981003 ], [ -121.562542454565431, 38.395394909340808 ], [ -121.563171275727285, 38.395664403970713 ], [ -121.563171275616554, 38.396293224706085 ], [ -121.564967906827704, 38.396293224516086 ], [ -121.564967906602291, 38.396562718837131 ], [ -121.564608580212791, 38.396742381964089 ], [ -121.561644140304452, 38.397640697422339 ], [ -121.561015318036269, 38.397640698815003 ] ] ] } },
{ "type": "Feature", "properties": { "csb_id": "061825015519865", "acres": 2.76443307719952, "geoid": "06113" }, "geometry": { "type": "Polygon", "coordinates": [ [ [ -121.535592995104764, 38.395664404445036 ], [ -121.535413333729977, 38.395574572383332 ], [ -121.535965832364994, 38.395274922437338 ], [ -121.53763271589537, 38.394724506461664 ], [ -121.537883174704021, 38.394851117121959 ], [ -121.5379286167624, 38.395394909523695 ], [ -121.535592995104764, 38.395664404445036 ] ] ] } },
{ "type": "Feature", "properties": { "csb_id": "061825015519882", "acres": 18.973165539097401, "geoid": "06113" }, "geometry": { "type": "Polygon", "coordinates": [ [ [ -121.56550689489859, 38.396383055937655 ], [ -121.563171275616554, 38.396293224706085 ], [ -121.563171275727285, 38.395664403970713 ], [ -121.562542454565431, 38.395394909340808 ], [ -121.561015318759502, 38.39539490981003 ], [ -121.561015319409123, 38.394766089173743 ], [ -121.561374645605639, 38.394496594469793 ], [ -121.563171276004326, 38.394496593722501 ], [ -121.563440768970523, 38.394227100211999 ], [ -121.563440769349398, 38.393867773840796 ], [ -121.564967906820513, 38.393867773186003 ], [ -121.565506896340622, 38.395125415857478 ], [ -121.566405210998738, 38.395664404774365 ], [ -121.56640521090722, 38.396113561636312 ], [ -121.56550689489859, 38.396383055937655 ] ] ] } },
{ "type": "Feature", "properties": { "csb_id": "061825015519911", "acres": 8.3456991287826092, "geoid": "06113" }, "geometry": { "type": "Polygon", "coordinates": [ [ [ -121.56640521090722, 38.396113561636312 ], [ -121.566405210998738, 38.395664404774365 ], [ -121.565506896340622, 38.395125415857478 ], [ -121.564967906820513, 38.393867773186003 ], [ -121.565506895746694, 38.393867773386724 ], [ -121.565506895106182, 38.393598278806742 ], [ -121.565866221376254, 38.393688110797676 ], [ -121.565866221647525, 38.394227099805207 ], [ -121.566854368528936, 38.394316931098075 ], [ -121.567303526043986, 38.394766089008641 ], [ -121.567303526336914, 38.395125414626492 ], [ -121.567932346330934, 38.395215246541092 ], [ -121.568201841607959, 38.395484740914569 ], [ -121.567764263950707, 38.395765793680482 ], [ -121.56640521090722, 38.396113561636312 ] ] ] } },
{ "type": "Feature", "properties": { "csb_id": "061825015519916", "acres": 16.571445270808201, "geoid": "06113" }, "geometry": { "type": "Polygon", "coordinates": [ [ [ -121.543528348581319, 38.396981699586654 ], [ -121.540893057221354, 38.39593389841302 ], [ -121.540354067674244, 38.395933898413915 ], [ -121.539365921028462, 38.3962932244469 ], [ -121.53855743673715, 38.396293224717411 ], [ -121.538557436830658, 38.395844067108207 ], [ -121.54062356248977, 38.395125414626655 ], [ -121.54062356221776, 38.39476608904058 ], [ -121.540354068084682, 38.394766088596597 ], [ -121.540354067121228, 38.394227099823773 ], [ -121.541521877438143, 38.394227099161455 ], [ -121.54152187753003, 38.3938677734781 ], [ -121.542150698345509, 38.393867773457387 ], [ -121.542150697990863, 38.394227099851449 ], [ -121.54268968746986, 38.394766088437649 ], [ -121.542420192767622, 38.395125414599768 ], [ -121.542420192732735, 38.395394909778176 ], [ -121.543049013881173, 38.395394909732666 ], [ -121.543138844436697, 38.396023729834731 ], [ -121.544216822988673, 38.396293225040665 ], [ -121.544216822919466, 38.396652550723587 ], [ -121.543947328318922, 38.39692204571903 ], [ -121.543528348581319, 38.396981699586654 ] ] ] } },
{ "type": "Feature", "properties": { "csb_id": "061825015519922", "acres": 12.9944202055555, "geoid": "06113" }, "geometry": { "type": "Polygon", "coordinates": [ [ [ -121.544935475610956, 38.395215245984907 ], [ -121.54484564382517, 38.395125414812114 ], [ -121.544935475288341, 38.395484741337739 ], [ -121.544216822988673, 38.396293225040665 ], [ -121.543138844436697, 38.396023729834731 ], [ -121.543049013881173, 38.395394909732666 ], [ -121.542420192732735, 38.395394909778176 ], [ -121.542420192767622, 38.395125414599768 ], [ -121.54268968746986, 38.394766088437649 ], [ -121.542150697990863, 38.394227099851449 ], [ -121.542150698256151, 38.393598278503482 ], [ -121.543049013323312, 38.393598279156862 ], [ -121.543138845258881, 38.393957604640654 ], [ -121.54457614915377, 38.393957604946785 ], [ -121.545204970392589, 38.394316930929271 ], [ -121.545204970352898, 38.394766088872714 ], [ -121.544935475610956, 38.395215245984907 ] ] ] } },
{ "type": "Feature", "properties": { "csb_id": "061825015519930", "acres": 23.494596472402598, "geoid": "06113" }, "geometry": { "type": "Polygon", "coordinates": [ [ [ -121.561015319419866, 38.395664403636253 ], [ -121.5585898676065, 38.395664403686851 ], [ -121.55858986744272, 38.395394909799975 ], [ -121.558320373705115, 38.39539490923864 ], [ -121.558320373033993, 38.394586425458741 ], [ -121.558589867463908, 38.394227099382796 ], [ -121.558589867312691, 38.393598278691243 ], [ -121.559218688241785, 38.393598278896356 ], [ -121.559218688487221, 38.393867773271964 ], [ -121.559488183107135, 38.393867773262002 ], [ -121.559488182864627, 38.393328784034445 ], [ -121.560476329726882, 38.393328784517806 ], [ -121.560745824803817, 38.392969457744918 ], [ -121.562003466589303, 38.392520300777626 ], [ -121.562901780795272, 38.392789794709572 ], [ -121.562811949652144, 38.393328784237902 ], [ -121.563440770071253, 38.393328784706675 ], [ -121.563440768970523, 38.394227100211999 ], [ -121.563171276004326, 38.394496593722501 ], [ -121.561374645605639, 38.394496594469793 ], [ -121.561015319409123, 38.394766089173743 ], [ -121.561015319419866, 38.395664403636253 ] ] ] } },
{ "type": "Feature", "properties": { "csb_id": "061825015519931", "acres": 464.82763952381799, "geoid": "06113" }, "geometry": { "type": "Polygon", "coordinates": [ [ [ -121.518974164200472, 38.407162839120716 ], [ -121.518345343302428, 38.406803513618392 ], [ -121.517177533358819, 38.405186545754731 ], [ -121.516908038796743, 38.404378062258417 ], [ -121.516908038880999, 38.403569578382019 ], [ -121.516548712867888, 38.403479746601512 ], [ -121.516279217979871, 38.403210251911837 ], [ -121.516309395281283, 38.402970935916329 ], [ -121.5165704688294, 38.402895578380935 ], [ -121.516728375419248, 38.402581431532084 ], [ -121.516548712314361, 38.402311937264741 ], [ -121.516279217892588, 38.402311937520714 ], [ -121.51600972352081, 38.402042442319022 ], [ -121.515830060224204, 38.401233958436535 ], [ -121.515380902551186, 38.400784801013231 ], [ -121.515380901699359, 38.400245812435692 ], [ -121.51574022780413, 38.399616991816615 ], [ -121.515740228844265, 38.399347496928279 ], [ -121.515111408432389, 38.398089855292028 ], [ -121.515111408046849, 38.397191540169302 ], [ -121.515380902056961, 38.396652550672556 ], [ -121.515380903004186, 38.396023729868631 ], [ -121.515830060722692, 38.395933898103507 ], [ -121.515919891937898, 38.396472888016675 ], [ -121.516099554672977, 38.396472887602826 ], [ -121.516279217736411, 38.395664404288404 ], [ -121.515380902836938, 38.395394909289685 ], [ -121.514752082279557, 38.39476608907335 ], [ -121.514752081751567, 38.394316931083786 ], [ -121.515330722537172, 38.394364654588067 ], [ -121.515380903099597, 38.394855920390754 ], [ -121.515744526712467, 38.394320352107997 ], [ -121.515630308075799, 38.394148255821307 ], [ -121.515111407605289, 38.394137267648574 ], [ -121.514752082116559, 38.39341861570982 ], [ -121.518165679699138, 38.393508447419705 ], [ -121.518345342805773, 38.393867773262031 ], [ -121.519063994834823, 38.393867773357982 ], [ -121.520231805175101, 38.393418615698664 ], [ -121.520231805599352, 38.39386777344621 ], [ -121.520591131628905, 38.393867773598998 ], [ -121.520591131186421, 38.393688110186623 ], [ -121.521130119910467, 38.393598278656761 ], [ -121.521758940727167, 38.394227099810266 ], [ -121.523914898396299, 38.39458642580864 ], [ -121.525891191212978, 38.394586425362569 ], [ -121.525891191458129, 38.394766088793588 ], [ -121.527777653673994, 38.394766088505754 ], [ -121.52885563252228, 38.396023730291894 ], [ -121.529843779190642, 38.396023729901678 ], [ -121.530113273672796, 38.395844067301468 ], [ -121.530113273729668, 38.395664403465553 ], [ -121.530382767949206, 38.395664403873653 ], [ -121.530382768215205, 38.395394909719904 ], [ -121.530742094147499, 38.39476608877758 ], [ -121.531909903532267, 38.394766088769863 ], [ -121.531909904066396, 38.394496594284895 ], [ -121.532808218843769, 38.394496594325737 ], [ -121.532808219420701, 38.39422709912818 ], [ -121.533437039729989, 38.394227099955472 ], [ -121.533976029637216, 38.394766088926914 ], [ -121.535503164714186, 38.39476608898751 ], [ -121.53577265914349, 38.394496594270421 ], [ -121.535772659779198, 38.394227099521707 ], [ -121.536131985577839, 38.394227099158655 ], [ -121.536131985832284, 38.394766088890762 ], [ -121.536850638058795, 38.394766088783292 ], [ -121.535633789884074, 38.395256017291672 ], [ -121.534464312164104, 38.396242519328005 ], [ -121.534386061205737, 38.396724815136885 ], [ -121.535113661276029, 38.397940370332627 ], [ -121.535233670216783, 38.399078001750432 ], [ -121.535503165650468, 38.399616991339236 ], [ -121.535503165230423, 38.40042547450355 ], [ -121.531820072027983, 38.400515306252963 ], [ -121.531640408916985, 38.400605137670574 ], [ -121.531640409415502, 38.401413621747963 ], [ -121.531999735303742, 38.401503452936808 ], [ -121.532179399097544, 38.402132274220669 ], [ -121.525182452681634, 38.405825301129326 ], [ -121.519835810139597, 38.407126148229565 ], [ -121.518974164200472, 38.407162839120716 ] ], [ [ -121.525711528012138, 38.403300083917273 ], [ -121.525711528611282, 38.403030589696925 ], [ -121.525981023505068, 38.403030589615142 ], [ -121.525981022574598, 38.402671262837949 ], [ -121.525352202583392, 38.402671263079256 ], [ -121.525352202465101, 38.402132273617035 ], [ -121.525082707962099, 38.401772947817157 ], [ -121.524813213537954, 38.401772947740078 ], [ -121.524813212737754, 38.403300084251903 ], [ -121.525711528012138, 38.403300083917273 ] ], [ [ -121.516548712856618, 38.396922045081944 ], [ -121.516009722966643, 38.396922045309374 ], [ -121.516009722916664, 38.39719154021671 ], [ -121.516548712251321, 38.397191539602467 ], [ -121.516548712856618, 38.396922045081944 ] ] ] } },
{ "type": "Feature", "properties": { "csb_id": "061825015519935", "acres": 12.4144008607615, "geoid": "06113" }, "geometry": { "type": "Polygon", "coordinates": [ [ [ -121.533976029637216, 38.394766088926914 ], [ -121.533437039729989, 38.394227099955472 ], [ -121.532808219420701, 38.39422709912818 ], [ -121.532808218843769, 38.394496594325737 ], [ -121.531909904066396, 38.394496594284895 ], [ -121.531909903532267, 38.394766088769863 ], [ -121.530742094147499, 38.39476608877758 ], [ -121.530382768215205, 38.395394909719904 ], [ -121.530382767949206, 38.395664403873653 ], [ -121.530113273729668, 38.395664403465553 ], [ -121.530113273153987, 38.39449659426149 ], [ -121.529214958133167, 38.394496594042074 ], [ -121.529214957981821, 38.39386777322278 ], [ -121.529484453094639, 38.393867773079414 ], [ -121.52948445301098, 38.393598278761274 ], [ -121.530113273551066, 38.393598278713149 ], [ -121.530113273716182, 38.393867773504887 ], [ -121.53074209414369, 38.39386777353613 ], [ -121.530742094203916, 38.393598279130963 ], [ -121.531011588623926, 38.393328784678047 ], [ -121.531281082983725, 38.393328784042751 ], [ -121.531640409205067, 38.393598278829458 ], [ -121.531640409669947, 38.394227099378767 ], [ -121.531909904600553, 38.394227099797767 ], [ -121.531909903520074, 38.393867773267132 ], [ -121.533976029565366, 38.393867773611717 ], [ -121.534604849431688, 38.394227099330692 ], [ -121.535772659779198, 38.394227099521707 ], [ -121.53577265914349, 38.394496594270421 ], [ -121.535503164714186, 38.39476608898751 ], [ -121.533976029637216, 38.394766088926914 ] ] ] } },
{ "type": "Feature", "properties": { "csb_id": "061825015519939", "acres": 13.8158328682883, "geoid": "06113" }, "geometry": { "type": "Polygon", "coordinates": [ [ [ -121.545743959435725, 38.39296945816325 ], [ -121.545384633185989, 38.393059289640028 ], [ -121.546462611781649, 38.392969458333518 ], [ -121.545743958657027, 38.393867773782141 ], [ -121.545384633297303, 38.394766088284698 ], [ -121.545204970352898, 38.394766088872714 ], [ -121.545204970392589, 38.394316930929271 ], [ -121.54457614915377, 38.393957604946785 ], [ -121.543408339684518, 38.393957604773171 ], [ -121.543408338251439, 38.393059290156245 ], [ -121.543588003192681, 38.392969458225828 ], [ -121.543049013448083, 38.392699963283654 ], [ -121.543049013708384, 38.392430468469477 ], [ -121.543588002902382, 38.392071142870883 ], [ -121.543588002603798, 38.391801648674722 ], [ -121.544486318102443, 38.391801647952228 ], [ -121.544486318358352, 38.392071142859209 ], [ -121.545384633734315, 38.392071142787806 ], [ -121.545384632713763, 38.391801648267077 ], [ -121.545743959294995, 38.391801648622085 ], [ -121.546013453508067, 38.392071143120084 ], [ -121.54601345382541, 38.392430468787182 ], [ -121.545743959518575, 38.392430469046865 ], [ -121.545743959435725, 38.39296945816325 ] ] ] } },
{ "type": "Feature", "properties": { "csb_id": "061825015519974", "acres": 32.148417167041202, "geoid": "06113" }, "geometry": { "type": "Polygon", "coordinates": [ [ [ -121.567932346330934, 38.395215246541092 ], [ -121.567932346600173, 38.394766089490119 ], [ -121.567303526043986, 38.394766089008641 ], [ -121.566854368528936, 38.394316931098075 ], [ -121.565866221647525, 38.394227099805207 ], [ -121.565866221376254, 38.393688110797676 ], [ -121.565506895106182, 38.393598278806742 ], [ -121.565506895746694, 38.393867773386724 ], [ -121.564069590546211, 38.393867773766523 ], [ -121.56406959153621, 38.393598279037825 ], [ -121.56433908550899, 38.393328784711237 ], [ -121.56433908625155, 38.392699963505741 ], [ -121.56505773723822, 38.392430468762335 ], [ -121.565057738005947, 38.391801648074029 ], [ -121.565237401137125, 38.391532153873221 ], [ -121.565956053518363, 38.391262658771687 ], [ -121.566854368354953, 38.391262659228993 ], [ -121.566854368983371, 38.391621985271257 ], [ -121.567034031175851, 38.39180164857121 ], [ -121.567303526577078, 38.391801648181669 ], [ -121.567303526635953, 38.391532153881911 ], [ -121.568201840852254, 38.391532153670902 ], [ -121.568291672756146, 38.391801648339033 ], [ -121.568830662366437, 38.391801648196093 ], [ -121.569100157303723, 38.392430469096055 ], [ -121.569100154980163, 38.392969458180993 ], [ -121.569369651443694, 38.392969457657706 ], [ -121.568920493398608, 38.39512541478112 ], [ -121.568471336055069, 38.395484741051661 ], [ -121.568201841607959, 38.395484740914569 ], [ -121.567932346330934, 38.395215246541092 ] ] ] } },
{ "type": "Feature", "properties": { "csb_id": "061825015519990", "acres": 25.148448503762499, "geoid": "06113" }, "geometry": { "type": "Polygon", "coordinates": [ [ [ -121.543049013323312, 38.393598279156862 ], [ -121.542150698256151, 38.393598278503482 ], [ -121.542150698345509, 38.393867773457387 ], [ -121.54152187753003, 38.3938677734781 ], [ -121.541521877438143, 38.394227099161455 ], [ -121.539725246294651, 38.394227099269841 ], [ -121.539725246773116, 38.393867773524498 ], [ -121.539365920278186, 38.393328784492475 ], [ -121.539365921207235, 38.392430468775963 ], [ -121.539096425932712, 38.392430468571284 ], [ -121.539096425841493, 38.392071142656697 ], [ -121.53936592040894, 38.39180164806745 ], [ -121.539994741115706, 38.391801647912871 ], [ -121.540623561578244, 38.391532153577366 ], [ -121.540623562420549, 38.39117282771479 ], [ -121.540893056604673, 38.390903333514672 ], [ -121.542240530346646, 38.390903333183033 ], [ -121.542689687434219, 38.391172827854987 ], [ -121.542689687184208, 38.391532153892534 ], [ -121.543049013879809, 38.391801648245774 ], [ -121.543588002603798, 38.391801648674722 ], [ -121.543588002902382, 38.392071142870883 ], [ -121.543049013708384, 38.392430468469477 ], [ -121.543049013448083, 38.392699963283654 ], [ -121.543588003192681, 38.392969458225828 ], [ -121.543408338251439, 38.393059290156245 ], [ -121.543408339684518, 38.393957604773171 ], [ -121.543138845258881, 38.393957604640654 ], [ -121.543049013323312, 38.393598279156862 ] ] ] } },
{ "type": "Feature", "properties": { "csb_id": "061825015520005", "acres": 13.9425194401824, "geoid": "06113" }, "geometry": { "type": "Polygon", "coordinates": [ [ [ -121.564339086251678, 38.392969458241872 ], [ -121.561913633818548, 38.392520300209931 ], [ -121.561913634130548, 38.39180164792797 ], [ -121.56227295996473, 38.391801648322534 ], [ -121.562542454607723, 38.392071142600528 ], [ -121.562542455329648, 38.391801648182437 ], [ -121.562811950194643, 38.391801649409715 ], [ -121.562811949428493, 38.39117282757946 ], [ -121.564339085815305, 38.391172827643665 ], [ -121.565057738459799, 38.390364344270807 ], [ -121.565327233230249, 38.39036434444138 ], [ -121.565327232903513, 38.390633838188236 ], [ -121.565866221696197, 38.390633839191182 ], [ -121.565866222271296, 38.390364344970081 ], [ -121.566495042978858, 38.390364344729932 ], [ -121.566405211377727, 38.391172827604152 ], [ -121.565237401137125, 38.391532153873221 ], [ -121.565057738005947, 38.391801648074029 ], [ -121.56505773723822, 38.392430468762335 ], [ -121.56433908625155, 38.392699963505741 ], [ -121.564339086251678, 38.392969458241872 ] ] ] } },
{ "type": "Feature", "properties": { "csb_id": "061825015520045", "acres": 19.511930763672101, "geoid": "06113" }, "geometry": { "type": "Polygon", "coordinates": [ [ [ -121.605481925068489, 38.392699963256526 ], [ -121.603954789401968, 38.392699964053861 ], [ -121.604044620644132, 38.392879626517285 ], [ -121.603056475059034, 38.392879626889865 ], [ -121.602517485324626, 38.392430468497182 ], [ -121.602517485278426, 38.392071143079953 ], [ -121.602876810284826, 38.391801648610645 ], [ -121.602876811361043, 38.392071142735574 ], [ -121.603415800176506, 38.391801648781488 ], [ -121.603415800758498, 38.390903332720029 ], [ -121.603775126081288, 38.39063383825679 ], [ -121.603954789904137, 38.390005017467196 ], [ -121.604403947658994, 38.38946602863831 ], [ -121.604853105459767, 38.389466028594867 ], [ -121.604853104384887, 38.388837207774685 ], [ -121.605212431687491, 38.388837208083622 ], [ -121.605212430702011, 38.389106702650906 ], [ -121.60575142049089, 38.389196533565176 ], [ -121.60548192613723, 38.390005017548077 ], [ -121.606110746496242, 38.390723669916355 ], [ -121.606200577980402, 38.391172827414785 ], [ -121.60584125160662, 38.391532154409475 ], [ -121.605481925068489, 38.392699963256526 ] ] ] } },
{ "type": "Feature", "properties": { "csb_id": "061825015520046", "acres": 19.711239630809999, "geoid": "06113" }, "geometry": { "type": "Polygon", "coordinates": [ [ [ -121.546013453494083, 38.392969458377465 ], [ -121.545743959323673, 38.392699963176163 ], [ -121.545743959518575, 38.392430469046865 ], [ -121.54601345382541, 38.392430468787182 ], [ -121.546013453508067, 38.392071143120084 ], [ -121.545743959294995, 38.391801648622085 ], [ -121.545384632713763, 38.391801648267077 ], [ -121.545384633734315, 38.392071142787806 ], [ -121.544486318358352, 38.392071142859209 ], [ -121.544486318102443, 38.391801647952228 ], [ -121.543947328150679, 38.391801648015488 ], [ -121.543947329035589, 38.391172827841245 ], [ -121.543318507467589, 38.391172827303677 ], [ -121.543318507134629, 38.390274512609295 ], [ -121.544216823796035, 38.390274512405895 ], [ -121.544845643500778, 38.390005017409209 ], [ -121.546911769205309, 38.390005017286519 ], [ -121.547810084071131, 38.390274512177903 ], [ -121.547810084063528, 38.390903332746419 ], [ -121.546642275441101, 38.392699964662221 ], [ -121.546462611781649, 38.392969458333518 ], [ -121.546013453494083, 38.392969458377465 ] ] ] } },
{ "type": "Feature", "properties": { "csb_id": "061825015520065", "acres": 5.8595179189403597, "geoid": "06113" }, "geometry": { "type": "Polygon", "coordinates": [ [ [ -121.588324103615221, 38.389106702819582 ], [ -121.588324104310644, 38.389735523140779 ], [ -121.588054609074831, 38.390005017800505 ], [ -121.585629157516351, 38.39000501744168 ], [ -121.585629157776822, 38.390274512138006 ], [ -121.585090168670888, 38.390274512215406 ], [ -121.58509016927637, 38.390005017756444 ], [ -121.585629158330164, 38.389376197097498 ], [ -121.586527473609891, 38.389376197072252 ], [ -121.586527473699149, 38.389106702516365 ], [ -121.588324103615221, 38.389106702819582 ] ] ] } },
{ "type": "Feature", "properties": { "csb_id": "061825015520075", "acres": 6.5749878027739896, "geoid": "06113" }, "geometry": { "type": "Polygon", "coordinates": [ [ [ -121.592276691278258, 38.390633838675235 ], [ -121.590210565702478, 38.390723670223174 ], [ -121.589851239588171, 38.390633838425259 ], [ -121.589851240151745, 38.390274512195347 ], [ -121.590120734590457, 38.390274511771892 ], [ -121.590120734723556, 38.389735522612106 ], [ -121.591108880706045, 38.389376196967888 ], [ -121.591378375513173, 38.389106702081044 ], [ -121.591647870207083, 38.389376196815888 ], [ -121.592276691356219, 38.389376197190202 ], [ -121.592276691278258, 38.390633838675235 ] ] ] } },
{ "type": "Feature", "properties": { "csb_id": "061825015520093", "acres": 15.625366598113899, "geoid": "06113" }, "geometry": { "type": "Polygon", "coordinates": [ [ [ -121.562901781663385, 38.391172827254614 ], [ -121.562811949246665, 38.38793889274875 ], [ -121.564339085314131, 38.387938892436296 ], [ -121.564608580665265, 38.38829821880924 ], [ -121.564608580668875, 38.389376196879795 ], [ -121.565237401405767, 38.389735522989696 ], [ -121.565506895287484, 38.389735523389959 ], [ -121.565506895147053, 38.390274511989254 ], [ -121.565057738459799, 38.390364344270807 ], [ -121.564339085815305, 38.391172827643665 ], [ -121.562901781663385, 38.391172827254614 ] ] ] } },
{ "type": "Feature", "properties": { "csb_id": "061825015520148", "acres": 14.040043492470099, "geoid": "06113" }, "geometry": { "type": "Polygon", "coordinates": [ [ [ -121.604853104384887, 38.388837207774685 ], [ -121.604853104654339, 38.388477881662169 ], [ -121.604314115438513, 38.388477881738488 ], [ -121.604403947464036, 38.388927040309909 ], [ -121.603775127075963, 38.388927039599594 ], [ -121.60404462158688, 38.386771082219518 ], [ -121.603954789400575, 38.38578293577374 ], [ -121.60467344224422, 38.385782935509795 ], [ -121.605481926073722, 38.386232093501917 ], [ -121.605841251873144, 38.386232093278032 ], [ -121.60584125208365, 38.386501588105538 ], [ -121.606200578396695, 38.386501587930276 ], [ -121.60620057770825, 38.388028724768844 ], [ -121.605841252021079, 38.388028724141606 ], [ -121.605571757541469, 38.388567713011597 ], [ -121.605571757096499, 38.389106702386037 ], [ -121.605212430702011, 38.389106702650906 ], [ -121.605212431687491, 38.388837208083622 ], [ -121.604853104384887, 38.388837207774685 ] ] ] } },
{ "type": "Feature", "properties": { "csb_id": "061825015520238", "acres": 99.723388356689199, "geoid": "06113" }, "geometry": { "type": "Polygon", "coordinates": [ [ [ -121.547810085081963, 38.39063383866371 ], [ -121.547810084071131, 38.390274512177903 ], [ -121.546911769205309, 38.390005017286519 ], [ -121.544845643500778, 38.390005017409209 ], [ -121.544216823796035, 38.390274512405895 ], [ -121.543318507134629, 38.390274512609295 ], [ -121.543318507467589, 38.391172827303677 ], [ -121.542689687434219, 38.391172827854987 ], [ -121.542240530346646, 38.390903333183033 ], [ -121.542420192507777, 38.390364343732152 ], [ -121.543138845259904, 38.389466028664231 ], [ -121.543318508556808, 38.388927039186107 ], [ -121.543318507660587, 38.38820838696023 ], [ -121.542689687364657, 38.388028724407398 ], [ -121.542240529384472, 38.387669397974896 ], [ -121.542420192915657, 38.386681252075981 ], [ -121.542150697161375, 38.386411757010855 ], [ -121.541881202486408, 38.386411756370862 ], [ -121.541252381720057, 38.386052431091308 ], [ -121.541252381281112, 38.385782935921313 ], [ -121.542150697200256, 38.385603272811622 ], [ -121.542150697515964, 38.386052430528203 ], [ -121.542689687068147, 38.386052431284888 ], [ -121.542689687295109, 38.384884620641479 ], [ -121.54511513831585, 38.384615125776264 ], [ -121.547181264088849, 38.383716811016171 ], [ -121.548528736177531, 38.383806642494889 ], [ -121.548528736684915, 38.384076136874192 ], [ -121.54816941041301, 38.384076136896837 ], [ -121.548169410444359, 38.384974452436637 ], [ -121.548528736352452, 38.384974452501766 ], [ -121.548798231389483, 38.384704957506408 ], [ -121.549067726126637, 38.384704957389481 ], [ -121.549427052100384, 38.384974452495044 ], [ -121.549696547020304, 38.384974452098575 ], [ -121.54996604122374, 38.38470495751325 ], [ -121.549966040692496, 38.384076136704465 ], [ -121.550954188152403, 38.383986305184614 ], [ -121.549966041832903, 38.387310072491907 ], [ -121.547810085081963, 38.39063383866371 ] ] ] } },
{ "type": "Feature", "properties": { "csb_id": "061825015520257", "acres": 44.4065782087077, "geoid": "06113" }, "geometry": { "type": "Polygon", "coordinates": [ [ [ -121.555176269521255, 38.387040577085877 ], [ -121.550505030230241, 38.387040577628561 ], [ -121.550325367615315, 38.386771082673008 ], [ -121.550505030230539, 38.386052430842668 ], [ -121.550864356575275, 38.386052430673061 ], [ -121.551133851369656, 38.385782936121203 ], [ -121.551133850920579, 38.384884620377029 ], [ -121.550864356216863, 38.384884620242467 ], [ -121.550984365250471, 38.384465640942629 ], [ -121.551133851328203, 38.384255800019467 ], [ -121.551403345143186, 38.384255800187184 ], [ -121.551493177144906, 38.383986305005621 ], [ -121.551493176696454, 38.383716811073057 ], [ -121.55113385134301, 38.383716810673441 ], [ -121.551133850636475, 38.38308799052831 ], [ -121.555625427338711, 38.383087989915843 ], [ -121.555715258943948, 38.385603273138443 ], [ -121.555445764100938, 38.385603273247042 ], [ -121.555625427023656, 38.387310073079405 ], [ -121.555176269521255, 38.387040577085877 ] ] ] } },
{ "type": "Feature", "properties": { "csb_id": "061825015520266", "acres": 223.44248448051599, "geoid": "06113" }, "geometry": { "type": "Polygon", "coordinates": [ [ [ -121.592636017753634, 38.392699963741755 ], [ -121.583922357685751, 38.392610131807025 ], [ -121.583024042437174, 38.392430469426699 ], [ -121.583024042482123, 38.39090333300792 ], [ -121.583293536540296, 38.39090333329397 ], [ -121.583383369095543, 38.3906338397044 ], [ -121.583383368682604, 38.390005019106567 ], [ -121.583113875009033, 38.389106702012846 ], [ -121.5832935374237, 38.388477881944524 ], [ -121.583832527544359, 38.38820838686528 ], [ -121.583832525817016, 38.387579566604259 ], [ -121.583293536478777, 38.387310071986157 ], [ -121.583293538289738, 38.383357484959227 ], [ -121.583563032434213, 38.383087990164654 ], [ -121.584461347467325, 38.382818495891939 ], [ -121.584461348076246, 38.38245916963124 ], [ -121.583563033077141, 38.381920179671766 ], [ -121.583563032515585, 38.381560854586603 ], [ -121.583832527021912, 38.381560853691745 ], [ -121.583832527483523, 38.381291359244671 ], [ -121.584730842443307, 38.381381191016175 ], [ -121.584730842645129, 38.381560853723578 ], [ -121.585359663262835, 38.381560853985476 ], [ -121.585359663915213, 38.38102186553332 ], [ -121.58652747303438, 38.381021865449426 ], [ -121.586527473163287, 38.381560855562768 ], [ -121.588683429729329, 38.382189675177592 ], [ -121.589581745180169, 38.382189674805502 ], [ -121.589581745361812, 38.382459168978549 ], [ -121.590839385982605, 38.382459169194995 ], [ -121.590839386226236, 38.382279505987889 ], [ -121.591378374454251, 38.382818495739762 ], [ -121.592546185776897, 38.382908326643559 ], [ -121.592636015933721, 38.383716811198539 ], [ -121.593175006255066, 38.38425579952527 ], [ -121.59317500677038, 38.3848846205128 ], [ -121.592905510616717, 38.384884621099779 ], [ -121.592905512014397, 38.386052430330274 ], [ -121.592636017448555, 38.386052430000554 ], [ -121.592276691138736, 38.387040577100542 ], [ -121.592276690578686, 38.387310071646368 ], [ -121.592636017298588, 38.387579566727354 ], [ -121.592546185761321, 38.389376197240203 ], [ -121.591647870207083, 38.389376196815888 ], [ -121.591378375513173, 38.389106702081044 ], [ -121.591108880706045, 38.389376196967888 ], [ -121.590120734723556, 38.389735522612106 ], [ -121.590120734590457, 38.390274511771892 ], [ -121.589851240151745, 38.390274512195347 ], [ -121.589851239588171, 38.390633838425259 ], [ -121.590210565702478, 38.390723670223174 ], [ -121.59236652212229, 38.390633838293034 ], [ -121.592366522929694, 38.390993164075027 ], [ -121.592636017396927, 38.390993164255207 ], [ -121.592636017753634, 38.392699963741755 ] ], [ [ -121.588054609074831, 38.390005017800505 ], [ -121.588324104310644, 38.389735523140779 ], [ -121.588324103615221, 38.389106702819582 ], [ -121.586527473699149, 38.389106702516365 ], [ -121.586527473609891, 38.389376197072252 ], [ -121.585629158330164, 38.389376197097498 ], [ -121.58509016927637, 38.390005017756444 ], [ -121.585090168670888, 38.390274512215406 ], [ -121.585629157776822, 38.390274512138006 ], [ -121.585629157516351, 38.39000501744168 ], [ -121.588054609074831, 38.390005017800505 ] ] ] } },
{ "type": "Feature", "properties": { "csb_id": "061825015520305", "acres": 25.9253814890386, "geoid": "06113" }, "geometry": { "type": "Polygon", "coordinates": [ [ [ -121.544845643351124, 38.383716810457067 ], [ -121.542420193105471, 38.38380664214008 ], [ -121.542150698255227, 38.384076136443149 ], [ -121.54026423599349, 38.384345631378835 ], [ -121.540264236095069, 38.381111696189201 ], [ -121.54242019265584, 38.381920179920172 ], [ -121.543947328463929, 38.382189674798092 ], [ -121.545115138041467, 38.382189674420886 ], [ -121.545743959088099, 38.382818495172785 ], [ -121.545743959005236, 38.383357484456212 ], [ -121.544845643351124, 38.383716810457067 ] ] ] } },
{ "type": "Feature", "properties": { "csb_id": "061825015520355", "acres": 77.985364127018499, "geoid": "06113" }, "geometry": { "type": "Polygon", "coordinates": [ [ [ -121.572154428843817, 38.392520300337424 ], [ -121.569100157303723, 38.392430469096055 ], [ -121.568830662366437, 38.391801648196093 ], [ -121.568561167964788, 38.391801648013924 ], [ -121.569549313804657, 38.390364343476627 ], [ -121.57008830341897, 38.390364343908367 ], [ -121.570088303246152, 38.389825354691077 ], [ -121.569818808447934, 38.389466028679308 ], [ -121.567932347065621, 38.389376196655739 ], [ -121.567932347350023, 38.389106702721257 ], [ -121.568201841173433, 38.388837208208734 ], [ -121.56856116704455, 38.388837207512161 ], [ -121.568650999249343, 38.388567713502226 ], [ -121.568561167617048, 38.387310071977566 ], [ -121.568201840913773, 38.38704057756447 ], [ -121.568022178022929, 38.386501587738813 ], [ -121.568022178304787, 38.384076137242651 ], [ -121.56739335767324, 38.383806641954394 ], [ -121.567303525917637, 38.382459169087767 ], [ -121.567034031117245, 38.382189675092242 ], [ -121.566764537372066, 38.382189674651094 ], [ -121.566764536875468, 38.381920179881249 ], [ -121.56712386240595, 38.381920179943066 ], [ -121.567034031421159, 38.381381190686788 ], [ -121.566764537303541, 38.38138119095705 ], [ -121.566764537115148, 38.381021864794405 ], [ -121.567034030220057, 38.381021865384241 ], [ -121.567034031988712, 38.380393044344721 ], [ -121.567393357338545, 38.380393043917238 ], [ -121.56766285194324, 38.380123549501342 ], [ -121.570627292881738, 38.38012354983632 ], [ -121.570447629867928, 38.380482875912875 ], [ -121.569818808537775, 38.380482875634335 ], [ -121.569818808958829, 38.38102186454342 ], [ -121.570088303099979, 38.381021864704309 ], [ -121.570357797760423, 38.381291359081743 ], [ -121.570357798126977, 38.381920180158765 ], [ -121.570088302914215, 38.381920180113546 ], [ -121.570088303199057, 38.382549000702781 ], [ -121.570357797591541, 38.382818495391952 ], [ -121.570447629887795, 38.384255800023354 ], [ -121.57098661889782, 38.385154114890689 ], [ -121.570986617848163, 38.38641175861747 ], [ -121.569818808917276, 38.386501589800261 ], [ -121.569549314593232, 38.386771082740744 ], [ -121.569549312793598, 38.387399903614359 ], [ -121.569818807352547, 38.38739990371085 ], [ -121.569818808477422, 38.388028726291836 ], [ -121.571345945170549, 38.38793889290104 ], [ -121.571615439320723, 38.389735523208977 ], [ -121.572154428448741, 38.390274512680627 ], [ -121.572423923347955, 38.390274512026416 ], [ -121.572423923787611, 38.390633838373951 ], [ -121.572154428502515, 38.390903333215462 ], [ -121.572154428843817, 38.392520300337424 ] ], [ [ -121.570088303989337, 38.386232093835822 ], [ -121.570447629605482, 38.385872767018192 ], [ -121.570447629040984, 38.384974451876793 ], [ -121.569549313873367, 38.384974452453037 ], [ -121.569549314079666, 38.385872767180132 ], [ -121.569189988322407, 38.385872767349049 ], [ -121.569189988327636, 38.386232093244423 ], [ -121.570088303989337, 38.386232093835822 ] ] ] } },
{ "type": "Feature", "properties": { "csb_id": "061825015520370", "acres": 446.87377785938497, "geoid": "06113" }, "geometry": { "type": "Polygon", "coordinates": [ [ [ -121.538467605642055, 38.394586425599918 ], [ -121.536131985832284, 38.394766088890762 ], [ -121.536131985577839, 38.394227099158655 ], [ -121.534604849431688, 38.394227099330692 ], [ -121.533976029565366, 38.393867773611717 ], [ -121.531909903520074, 38.393867773267132 ], [ -121.531909904600553, 38.394227099797767 ], [ -121.531640409669947, 38.394227099378767 ], [ -121.531640409205067, 38.393598278829458 ], [ -121.531281082983725, 38.393328784042751 ], [ -121.531011588623926, 38.393328784678047 ], [ -121.530742094203916, 38.393598279130963 ], [ -121.53074209414369, 38.39386777353613 ], [ -121.530113273716182, 38.393867773504887 ], [ -121.530113273551066, 38.393598278713149 ], [ -121.52948445301098, 38.393598278761274 ], [ -121.529484453094639, 38.393867773079414 ], [ -121.529214957981821, 38.39386777322278 ], [ -121.529214958133167, 38.394496594042074 ], [ -121.530113273153987, 38.39449659426149 ], [ -121.530113273672796, 38.395844067301468 ], [ -121.529843779190642, 38.396023729901678 ], [ -121.52885563252228, 38.396023730291894 ], [ -121.527777653673994, 38.394766088505754 ], [ -121.527777653675443, 38.394496593658545 ], [ -121.528316642472632, 38.393688110841794 ], [ -121.52831664327897, 38.392789795232886 ], [ -121.526789506837744, 38.392699963592229 ], [ -121.526789506927898, 38.392520300536582 ], [ -121.526520012141503, 38.392430469404388 ], [ -121.52409456060127, 38.392430468681553 ], [ -121.5232860772675, 38.391621984859732 ], [ -121.522567424744423, 38.391262659182779 ], [ -121.52077079475302, 38.391172827486038 ], [ -121.52050129954489, 38.390993164786607 ], [ -121.518704669774323, 38.390723670049226 ], [ -121.518075848610678, 38.390274512086648 ], [ -121.516908039218009, 38.390094849199535 ], [ -121.515380902868031, 38.390184680343225 ], [ -121.51538090231486, 38.390005017793591 ], [ -121.516279217756036, 38.387669398430361 ], [ -121.516908038103665, 38.386681250884969 ], [ -121.516908038809802, 38.386411756900117 ], [ -121.517177533431791, 38.386142261725801 ], [ -121.518075848858189, 38.385782935922371 ], [ -121.518704669247882, 38.384884620812294 ], [ -121.519333489939569, 38.384884620133001 ], [ -121.519782647293539, 38.384255799599075 ], [ -121.52023180497747, 38.384076136461637 ], [ -121.520950457363369, 38.383986305143118 ], [ -121.52099203968136, 38.384843038760636 ], [ -121.521490938426723, 38.385016034182492 ], [ -121.522262489302392, 38.384732700538024 ], [ -121.5220284358779, 38.38371681086231 ], [ -121.522926751062897, 38.383357484593517 ], [ -121.52346573980914, 38.383357484974539 ], [ -121.523628910328128, 38.382712215124613 ], [ -121.52406324242591, 38.382234524904149 ], [ -121.523825066826646, 38.382010011695336 ], [ -121.523885421260815, 38.381621209427344 ], [ -121.524723381275649, 38.381021865239504 ], [ -121.525352201786035, 38.379584560320033 ], [ -121.525621695491935, 38.379584560558015 ], [ -121.52598102312659, 38.379764223002596 ], [ -121.526160685618876, 38.380123549816176 ], [ -121.529484452455989, 38.381021865027449 ], [ -121.530382768517356, 38.381021865008606 ], [ -121.53074209352765, 38.381111696139257 ], [ -121.530742093589765, 38.381291359435615 ], [ -121.53101158853984, 38.381381191307725 ], [ -121.532808219237197, 38.381291359705266 ], [ -121.532808219467796, 38.381560853918252 ], [ -121.533706534198856, 38.381560854463757 ], [ -121.533706534171557, 38.382549000488325 ], [ -121.533526870903174, 38.38317782124912 ], [ -121.53316754562691, 38.383177821699739 ], [ -121.53316754519058, 38.38290832726468 ], [ -121.532898050273459, 38.382908327328771 ], [ -121.532538721971491, 38.383986305776084 ], [ -121.532269228164964, 38.383986305236569 ], [ -121.532269228950867, 38.384255799811534 ], [ -121.532538724861595, 38.384255800114239 ], [ -121.532538722837089, 38.38461512621862 ], [ -121.531909901475771, 38.384974452448454 ], [ -121.53164040923204, 38.386232093831957 ], [ -121.531011588179183, 38.386681251081924 ], [ -121.531370914783267, 38.388028723871436 ], [ -121.531999735356322, 38.38829821888902 ], [ -121.532269229769284, 38.388567713333323 ], [ -121.532269230555244, 38.38883720786793 ], [ -121.532628556235593, 38.388927039177027 ], [ -121.532628555847026, 38.389106701653873 ], [ -121.533437038564728, 38.389106702532182 ], [ -121.533976028578365, 38.388837208436712 ], [ -121.534335356357346, 38.388477881640526 ], [ -121.534335355280589, 38.388208387402166 ], [ -121.534425186185132, 38.388927039410618 ], [ -121.535323501749147, 38.388927039749085 ], [ -121.536221816722687, 38.388298218439914 ], [ -121.53622181753417, 38.387938892503698 ], [ -121.537030300624025, 38.387579566270645 ], [ -121.537030300874576, 38.387399903373648 ], [ -121.537389625885893, 38.387399903503443 ], [ -121.537389625652253, 38.387130409467616 ], [ -121.538557435424821, 38.387130409321557 ], [ -121.538826932014061, 38.386771082424346 ], [ -121.538826932128586, 38.386411756682058 ], [ -121.538557436565981, 38.386411756357745 ], [ -121.538557434497648, 38.386232094077208 ], [ -121.538916761508176, 38.38623209458629 ], [ -121.53891676048147, 38.386052430970771 ], [ -121.539725246665327, 38.386052430780744 ], [ -121.539725246415543, 38.387040577281304 ], [ -121.539994741835059, 38.387310071691452 ], [ -121.540354067553395, 38.387310073104082 ], [ -121.540893056699716, 38.38775922971984 ], [ -121.54143204584247, 38.3885677128578 ], [ -121.541432045827193, 38.388837208240403 ], [ -121.540982887871721, 38.389376197320736 ], [ -121.540982888789486, 38.389735523203655 ], [ -121.538826932230762, 38.390993164805025 ], [ -121.537928616077707, 38.391801648757038 ], [ -121.538467605642055, 38.394586425599918 ] ], [ [ -121.529843778793094, 38.390274512014308 ], [ -121.529574284510531, 38.390274511871539 ], [ -121.529574283678571, 38.390633838267952 ], [ -121.529843779281208, 38.390633838410693 ], [ -121.529843778793094, 38.390274512014308 ] ], [ [ -121.539365920412408, 38.386681250874638 ], [ -121.53918625763194, 38.386681251481448 ], [ -121.539186258163141, 38.387040577457448 ], [ -121.539365920709372, 38.387040577087511 ], [ -121.539365920412408, 38.386681250874638 ] ], [ [ -121.531011588947663, 38.38757956613933 ], [ -121.53047259802662, 38.387669397859618 ], [ -121.530472599059408, 38.388028723899325 ], [ -121.53101158878637, 38.388208386720038 ], [ -121.531011588947663, 38.38757956613933 ] ], [ [ -121.528945463998198, 38.387669398036977 ], [ -121.529843778434639, 38.387579566447457 ], [ -121.52984377839141, 38.38650158776391 ], [ -121.53020310481682, 38.386501588200957 ], [ -121.530203104608944, 38.385872767285896 ], [ -121.530742094352235, 38.385154115075494 ], [ -121.531101420033949, 38.384974451874207 ], [ -121.53110142055526, 38.383806642400096 ], [ -121.530472599408569, 38.383177821745988 ], [ -121.529304789848794, 38.383177821450772 ], [ -121.529304789310871, 38.382908327277001 ], [ -121.528675969386498, 38.382908326806017 ], [ -121.528675969035476, 38.383177821603162 ], [ -121.528406474047486, 38.383447316327604 ], [ -121.528047147902399, 38.383447316542046 ], [ -121.527777653467979, 38.383806642257504 ], [ -121.527777653158338, 38.384345631272573 ], [ -121.52750815948437, 38.384345631105951 ], [ -121.527418327369091, 38.385154115369261 ], [ -121.526879338780844, 38.385333778701082 ], [ -121.527148832445803, 38.386052430368601 ], [ -121.527148833152751, 38.38650158790486 ], [ -121.526609843727272, 38.386771082709821 ], [ -121.526609844199697, 38.387040577535366 ], [ -121.527777653235162, 38.387130409037354 ], [ -121.528945463998198, 38.387669398036977 ] ] ] } },
{ "type": "Feature", "properties": { "csb_id": "061825015520403", "acres": 77.779787288885601, "geoid": "06113" }, "geometry": { "type": "Polygon", "coordinates": [ [ [ -121.538826928802592, 38.384345631652494 ], [ -121.535592994871493, 38.384255799851324 ], [ -121.534874344521938, 38.384076136632117 ], [ -121.534425185071171, 38.384076136758978 ], [ -121.5344251842494, 38.384345631507429 ], [ -121.534065858210894, 38.384345631675643 ], [ -121.533167543593152, 38.383986305700603 ], [ -121.532538721971491, 38.383986305776084 ], [ -121.532898050273459, 38.382908327328771 ], [ -121.53316754519058, 38.38290832726468 ], [ -121.53316754562691, 38.383177821699739 ], [ -121.533526870903174, 38.38317782124912 ], [ -121.533706534171557, 38.382549000488325 ], [ -121.533706534011074, 38.381291359540242 ], [ -121.53307771337073, 38.380662538913469 ], [ -121.533167544977658, 38.380213380971156 ], [ -121.533437039829266, 38.38021338100291 ], [ -121.533706534941842, 38.379854055296427 ], [ -121.533706534589228, 38.379494728423317 ], [ -121.534425187091671, 38.379494729123998 ], [ -121.534604849648375, 38.379225235162544 ], [ -121.535233670024098, 38.379225234630809 ], [ -121.535233670751126, 38.37949472880058 ], [ -121.535772659823166, 38.37958455999955 ], [ -121.536131985373899, 38.379494728500397 ], [ -121.536131986110561, 38.379225234243378 ], [ -121.537030301002204, 38.379225234031928 ], [ -121.537030301643739, 38.379494729622827 ], [ -121.537569290606569, 38.379584559923543 ], [ -121.539365921374511, 38.379584560464316 ], [ -121.539365921272733, 38.379764224592819 ], [ -121.539455752948484, 38.379584561414894 ], [ -121.539725246749981, 38.379584561292781 ], [ -121.539725246436078, 38.380123549611071 ], [ -121.540084572487913, 38.381021864782277 ], [ -121.540084573485629, 38.384525294279825 ], [ -121.539904910147726, 38.385154115482003 ], [ -121.539725244615468, 38.385154115479445 ], [ -121.538826928802592, 38.384345631652494 ] ] ] } },
{ "type": "Feature", "properties": { "csb_id": "061825015520463", "acres": 95.098123403917597, "geoid": "06113" }, "geometry": { "type": "Polygon", "coordinates": [ [ [ -121.562542455640937, 38.38245916928205 ], [ -121.555715258788609, 38.382549000998388 ], [ -121.555625427338711, 38.383087989915843 ], [ -121.555535596545084, 38.382908327178576 ], [ -121.55113385150797, 38.382818496587582 ], [ -121.551223682801023, 38.379225234289102 ], [ -121.551762672195622, 38.379225234658485 ], [ -121.551762672301365, 38.378865908308491 ], [ -121.552301660784295, 38.378865907801043 ], [ -121.552301661397095, 38.379225235485116 ], [ -121.555445763962538, 38.379225234379206 ], [ -121.555715258758838, 38.378057424301808 ], [ -121.555715259545224, 38.376530288616628 ], [ -121.555894921466376, 38.37653028746923 ], [ -121.556793237096471, 38.377069278540525 ], [ -121.556793237197411, 38.377428603632929 ], [ -121.557422058378322, 38.377518436430798 ], [ -121.557422058393968, 38.377698097921588 ], [ -121.557691552394132, 38.377698098592639 ], [ -121.557691553214568, 38.377967593644065 ], [ -121.558050878753889, 38.377967593858038 ], [ -121.558140710368107, 38.378596414851131 ], [ -121.558949194645635, 38.378865909121792 ], [ -121.559039025639734, 38.379225234253624 ], [ -121.559488183164362, 38.379225235578176 ], [ -121.55948818267143, 38.37949472859713 ], [ -121.559937341038889, 38.379494729379886 ], [ -121.559937340677024, 38.380123550150557 ], [ -121.560117004326955, 38.380123549897831 ], [ -121.560206835820637, 38.380393044136412 ], [ -121.560476330114398, 38.380393045381837 ], [ -121.560476330215977, 38.380662539961207 ], [ -121.561015319055116, 38.38066253919893 ], [ -121.561015319924635, 38.381111697378827 ], [ -121.561644139913014, 38.381291359609037 ], [ -121.561733971761598, 38.381560854144894 ], [ -121.562003466242672, 38.3816506857737 ], [ -121.562003465769152, 38.38192017980667 ], [ -121.562542455248661, 38.38218967501696 ], [ -121.562542455640937, 38.38245916928205 ] ] ] } },
{ "type": "Feature", "properties": { "csb_id": "061825015520478", "acres": 97.704445766594304, "geoid": "06113" }, "geometry": { "type": "Polygon", "coordinates": [ [ [ -121.549966040692496, 38.384076136704465 ], [ -121.5496965461966, 38.383806641977543 ], [ -121.547540589908337, 38.383716810823586 ], [ -121.547540589441496, 38.382908326983902 ], [ -121.547181263773169, 38.382549000924776 ], [ -121.547181263613936, 38.382189674817994 ], [ -121.546642274098502, 38.382189674768213 ], [ -121.546642274975085, 38.382459169460759 ], [ -121.546282948937247, 38.382459169313094 ], [ -121.546282947595586, 38.381920180399533 ], [ -121.546911769371434, 38.381920180349255 ], [ -121.546911769111063, 38.381560853611589 ], [ -121.543049013988991, 38.381021865001109 ], [ -121.542689687384225, 38.3807523706556 ], [ -121.541521877340799, 38.380662538420971 ], [ -121.541252383097216, 38.379943886014715 ], [ -121.545109436370083, 38.37835896060912 ], [ -121.547810084435696, 38.376889614231132 ], [ -121.551044019019969, 38.376889614968832 ], [ -121.550864356839355, 38.383986304945502 ], [ -121.549966040692496, 38.384076136704465 ] ] ] } },
{ "type": "Feature", "properties": { "csb_id": "061825015520479", "acres": 22.695379873358601, "geoid": "06113" }, "geometry": { "type": "Polygon", "coordinates": [ [ [ -121.541252382271438, 38.379225234160096 ], [ -121.541252383244284, 38.378596413065004 ], [ -121.541521877477663, 38.378326919081516 ], [ -121.542150697970555, 38.378326918568014 ], [ -121.543049013226977, 38.377698098731017 ], [ -121.54304901309149, 38.377069277339537 ], [ -121.543318508405463, 38.37679978305988 ], [ -121.544216823265486, 38.376799783319427 ], [ -121.544845643837718, 38.376530288441664 ], [ -121.545115137429605, 38.375542141550838 ], [ -121.546013453556469, 38.375542141811565 ], [ -121.546642275040753, 38.375901467416099 ], [ -121.547181264073231, 38.375901467922894 ], [ -121.547181263280379, 38.3761709625253 ], [ -121.546911768888322, 38.376170962329972 ], [ -121.546911768841795, 38.376530288275262 ], [ -121.546372779452909, 38.376530288457893 ], [ -121.546911768971995, 38.376709951676212 ], [ -121.546103285040374, 38.376709951999906 ], [ -121.545743959387693, 38.376530288737968 ], [ -121.545587105546787, 38.376665035629074 ], [ -121.546103285418994, 38.376889614925815 ], [ -121.547296359951304, 38.376934530546357 ], [ -121.544950387901437, 38.378227963906383 ], [ -121.541611708076289, 38.37958456049747 ], [ -121.541521877401436, 38.379225234168388 ], [ -121.541252382271438, 38.379225234160096 ] ] ] } },
{ "type": "Feature", "properties": { "csb_id": "061825015520507", "acres": 3.96507978860532, "geoid": "06113" }, "geometry": { "type": "Polygon", "coordinates": [ [ [ -121.548079579398319, 38.376709951640265 ], [ -121.546911768971995, 38.376709951676212 ], [ -121.546911768888322, 38.376170962329972 ], [ -121.547181263280379, 38.3761709625253 ], [ -121.547181264073231, 38.375901467922894 ], [ -121.547540590030437, 38.375901467888667 ], [ -121.547540589225548, 38.375542141461345 ], [ -121.548708399803942, 38.375721805098522 ], [ -121.548708399656519, 38.376530288306192 ], [ -121.548079579398319, 38.376709951640265 ] ] ] } },
{ "type": "Feature", "properties": { "csb_id": "061825015520515", "acres": 4.3098033681413099, "geoid": "06113" }, "geometry": { "type": "Polygon", "coordinates": [ [ [ -121.541611709113781, 38.376530288348981 ], [ -121.541521877622344, 38.376260794187552 ], [ -121.541791372274034, 38.376170961935202 ], [ -121.541791371585788, 38.375272647137194 ], [ -121.542510024538615, 38.375272647270371 ], [ -121.5430490136945, 38.375542141268504 ], [ -121.543049013523131, 38.37617096183412 ], [ -121.542381066716942, 38.376760657413598 ], [ -121.541791372501763, 38.376889614191583 ], [ -121.541791372387891, 38.376530288065666 ], [ -121.541611709113781, 38.376530288348981 ] ] ] } },
{ "type": "Feature", "properties": { "csb_id": "061825015520527", "acres": 3.0657147931945299, "geoid": "06113" }, "geometry": { "type": "Polygon", "coordinates": [ [ [ -121.551133850721641, 38.375991298882148 ], [ -121.550235534214849, 38.375901468079327 ], [ -121.550235536137151, 38.375272646990844 ], [ -121.550594862084182, 38.375272646641761 ], [ -121.551133850972363, 38.37500315264267 ], [ -121.552121997592408, 38.375092984142732 ], [ -121.551133850721641, 38.375991298882148 ] ] ] } },
{ "type": "Feature", "properties": { "csb_id": "061825015520670", "acres": 8.3464347863999606, "geoid": "06113" }, "geometry": { "type": "Polygon", "coordinates": [ [ [ -121.547810084281991, 38.373206521758895 ], [ -121.545384633564041, 38.373206522066894 ], [ -121.544845642799771, 38.372847196295865 ], [ -121.544845643936242, 38.371948880451555 ], [ -121.545115138730594, 38.371769217411817 ], [ -121.545743957711437, 38.371769217448836 ], [ -121.545743958547718, 38.372577701019246 ], [ -121.546642273563378, 38.372577701237851 ], [ -121.54664227443989, 38.372847196022157 ], [ -121.547181262316414, 38.372847195704239 ], [ -121.547181262628854, 38.371948880430999 ], [ -121.546911768341047, 38.371948880735729 ], [ -121.54691176900964, 38.371679386328722 ], [ -121.548169410569002, 38.371679385949435 ], [ -121.548169410870571, 38.371948880207228 ], [ -121.548438905228835, 38.372038712037266 ], [ -121.548528736671045, 38.372667532251221 ], [ -121.547810084289594, 38.372577700810588 ], [ -121.547810084281991, 38.373206521758895 ] ] ] } },
{ "type": "Feature", "properties": { "csb_id": "061825015520677", "acres": 3.1528899784810398, "geoid": "06113" }, "geometry": { "type": "Polygon", "coordinates": [ [ [ -121.547181262307689, 38.371679386023992 ], [ -121.54691176900964, 38.371679386328722 ], [ -121.546911768341047, 38.371948880735729 ], [ -121.547181262628854, 38.371948880430999 ], [ -121.547181262316414, 38.372847195704239 ], [ -121.54664227443989, 38.372847196022157 ], [ -121.546642273563378, 38.372577701237851 ], [ -121.545743958547718, 38.372577701019246 ], [ -121.545743957711437, 38.371769217448836 ], [ -121.546732106534861, 38.37176921702094 ], [ -121.546732105635357, 38.37149972308606 ], [ -121.547181262307689, 38.371679386023992 ] ] ] } },
{ "type": "Feature", "properties": { "csb_id": "061825015520714", "acres": 555.962012071907, "geoid": "06113" }, "geometry": { "type": "Polygon", "coordinates": [ [ [ -121.566764537303541, 38.38138119095705 ], [ -121.566495042071821, 38.381381190874514 ], [ -121.566495042216701, 38.381560854265608 ], [ -121.567034031421159, 38.381381190686788 ], [ -121.56712386240595, 38.381920179943066 ], [ -121.566405210538093, 38.381920179867741 ], [ -121.566405210247339, 38.381650685332573 ], [ -121.566135716868175, 38.381650685709232 ], [ -121.566135716169015, 38.381920180244386 ], [ -121.566405211211148, 38.382010011873263 ], [ -121.566135715884769, 38.38245916907028 ], [ -121.563440769830095, 38.382459169067744 ], [ -121.562811948957517, 38.382189674528895 ], [ -121.562542455271156, 38.381650685382063 ], [ -121.562003466242672, 38.3816506857737 ], [ -121.562003466409081, 38.381381190878137 ], [ -121.561733971520738, 38.381381191404728 ], [ -121.561733971563001, 38.381111696743751 ], [ -121.561374645354661, 38.381291359348964 ], [ -121.561015319924635, 38.381111697378827 ], [ -121.561015319201857, 38.380393044145414 ], [ -121.560745824908096, 38.380393044080016 ], [ -121.560745824930692, 38.38012354926105 ], [ -121.559937340677024, 38.380123550150557 ], [ -121.559847508735061, 38.379315066001581 ], [ -121.559218689010947, 38.379225233977792 ], [ -121.559218688765554, 38.37895573947317 ], [ -121.558320373813487, 38.378596413692136 ], [ -121.558050878812438, 38.377787930174648 ], [ -121.557691552394132, 38.377698098592639 ], [ -121.557691551573697, 38.377428603538618 ], [ -121.557152564246181, 38.377428604660935 ], [ -121.557152561771431, 38.377069277848278 ], [ -121.556793237096471, 38.377069278540525 ], [ -121.556254248569218, 38.376799784285865 ], [ -121.556254247654437, 38.376170962101178 ], [ -121.555894922115698, 38.376170962216349 ], [ -121.555894922017174, 38.375901467472772 ], [ -121.554098291214345, 38.374643826683602 ], [ -121.553828797405401, 38.374374331954193 ], [ -121.553828796483558, 38.374104837132045 ], [ -121.558985863458844, 38.370278772468943 ], [ -121.565506894314538, 38.370331913789983 ], [ -121.566405210770498, 38.370421744792004 ], [ -121.567034032044617, 38.370781070785597 ], [ -121.567662852469638, 38.370781070558742 ], [ -121.567752683710779, 38.370421744401447 ], [ -121.56820184126741, 38.370421744097094 ], [ -121.582934211410006, 38.370960733382518 ], [ -121.58338337008702, 38.371140396709428 ], [ -121.583473201025271, 38.371769217119066 ], [ -121.583293537651414, 38.372487869759595 ], [ -121.583293538169357, 38.374194668403376 ], [ -121.582934211539651, 38.375272646844635 ], [ -121.580598592362733, 38.375272646735169 ], [ -121.580868086455482, 38.375542141436348 ], [ -121.580868087301639, 38.375901467427461 ], [ -121.579071455786092, 38.375991299089947 ], [ -121.578442635908772, 38.376260793736208 ], [ -121.57817314108091, 38.376530288120314 ], [ -121.57673583706277, 38.377159109047426 ], [ -121.576646003538954, 38.377518435887048 ], [ -121.576017184639213, 38.377698098003066 ], [ -121.576017184357767, 38.377967592809981 ], [ -121.575568026820932, 38.377967593284602 ], [ -121.575568026640426, 38.378326918562962 ], [ -121.574849374518891, 38.37832691887909 ], [ -121.574849374711206, 38.378596413591232 ], [ -121.57457987991512, 38.378596413858901 ], [ -121.574579880282187, 38.379225234369613 ], [ -121.573951058708332, 38.379225234410058 ], [ -121.573951059250291, 38.379494729262127 ], [ -121.571884934238966, 38.379854054721761 ], [ -121.571884934490342, 38.380123549864933 ], [ -121.571525607818884, 38.380393044071695 ], [ -121.570447629008683, 38.380393043814209 ], [ -121.570627292881738, 38.38012354983632 ], [ -121.56766285194324, 38.380123549501342 ], [ -121.567303526433193, 38.380393044493196 ], [ -121.567303526184872, 38.380123549232444 ], [ -121.566764536926783, 38.380662538627384 ], [ -121.566764537303541, 38.38138119095705 ] ], [ [ -121.574579879598687, 38.37832691938398 ], [ -121.574669711082876, 38.378416750852253 ], [ -121.574669711238755, 38.378326919281236 ], [ -121.574579879598687, 38.37832691938398 ] ], [ [ -121.581766402683996, 38.375003152440513 ], [ -121.582395222681569, 38.375003152304373 ], [ -121.582395222768767, 38.374643826360753 ], [ -121.58176640220158, 38.374643826348681 ], [ -121.581766402683996, 38.375003152440513 ] ], [ [ -121.559488183412242, 38.371409890842095 ], [ -121.559488183167488, 38.370781070822098 ], [ -121.559847508696265, 38.370781070334758 ], [ -121.559847509790245, 38.370511575896515 ], [ -121.559218688977253, 38.370511575637849 ], [ -121.559218688578881, 38.371409890867973 ], [ -121.559488183412242, 38.371409890842095 ] ] ] } },
{ "type": "Feature", "properties": { "csb_id": "061825015520804", "acres": 49.580447927511599, "geoid": "06113" }, "geometry": { "type": "Polygon", "coordinates": [ [ [ -121.553559301953413, 38.373745510988492 ], [ -121.553559302021355, 38.37347601616024 ], [ -121.553199975926205, 38.373476016887132 ], [ -121.55293048079389, 38.373206522075449 ], [ -121.552660986164341, 38.372847195612252 ], [ -121.552660986189707, 38.372577701486151 ], [ -121.554098291896054, 38.37140989105206 ], [ -121.554098291510812, 38.371050565047767 ], [ -121.552930481931256, 38.3696132602064 ], [ -121.552930481950824, 38.368355618888152 ], [ -121.555355932239152, 38.368355619092235 ], [ -121.55589492242278, 38.368086124534152 ], [ -121.555894922324256, 38.367816629709687 ], [ -121.556793236868288, 38.367816630529347 ], [ -121.558932087772618, 38.370119418336593 ], [ -121.554027759222592, 38.373705354232676 ], [ -121.553559301953413, 38.373745510988492 ] ] ] } },
{ "type": "Feature", "properties": { "csb_id": "061825015520824", "acres": 85.384043604978501, "geoid": "06113" }, "geometry": { "type": "Polygon", "coordinates": [ [ [ -121.548438905576873, 38.374104836924559 ], [ -121.547001599531214, 38.374104837184511 ], [ -121.547001600995401, 38.374284500364219 ], [ -121.544216821952887, 38.374643826271559 ], [ -121.544216823727766, 38.374104836998818 ], [ -121.543947329349194, 38.373835342772793 ], [ -121.543138845432409, 38.373835342388865 ], [ -121.543138844555529, 38.373565848500434 ], [ -121.543408339485424, 38.373565848329129 ], [ -121.543408339919452, 38.372937026993235 ], [ -121.542779518875577, 38.372937027215023 ], [ -121.542420192556435, 38.372398037795868 ], [ -121.542240529567678, 38.372398038311886 ], [ -121.541881203496885, 38.372667532606606 ], [ -121.541881204044145, 38.373745511357953 ], [ -121.542240528988685, 38.373835342317484 ], [ -121.542240529186458, 38.374464163220672 ], [ -121.542689686744822, 38.374464163184818 ], [ -121.542689687176875, 38.374643826187004 ], [ -121.541252382448576, 38.374643826191758 ], [ -121.537928616182896, 38.373206522 ], [ -121.537209963903564, 38.373026858460449 ], [ -121.53703030096608, 38.372847195501841 ], [ -121.537030301104465, 38.371948880783577 ], [ -121.537299795922721, 38.371679385632262 ], [ -121.537928616007946, 38.371499722921413 ], [ -121.538198110650498, 38.370511576112186 ], [ -121.538826931316265, 38.370152249600373 ], [ -121.538826932159566, 38.369253934591661 ], [ -121.539725247261941, 38.369253934979426 ], [ -121.539994740976212, 38.368086124971391 ], [ -121.541611709487285, 38.367277641010986 ], [ -121.542689687093826, 38.367277641142444 ], [ -121.542689687275924, 38.367816630527209 ], [ -121.542150697702127, 38.367816630500883 ], [ -121.541791372150371, 38.368086124543552 ], [ -121.541521876911119, 38.368984440002414 ], [ -121.542150698479176, 38.369074271241281 ], [ -121.542150698350952, 38.369613260738411 ], [ -121.543318507970426, 38.369613260739193 ], [ -121.543318508367122, 38.368984440407559 ], [ -121.543588002179987, 38.368984440203462 ], [ -121.544486318066589, 38.3699725869348 ], [ -121.543588002461817, 38.370152249810012 ], [ -121.543049013644492, 38.370511575601157 ], [ -121.543049013384277, 38.370781070617184 ], [ -121.542150698457903, 38.370781070116522 ], [ -121.542150698231566, 38.370601407325623 ], [ -121.541881203356198, 38.370601407972565 ], [ -121.541881203383113, 38.371409891026879 ], [ -121.542240529703747, 38.371679385850442 ], [ -121.543947328964109, 38.371679386053565 ], [ -121.543947328459879, 38.371409891432833 ], [ -121.544845643626857, 38.371409891511568 ], [ -121.544845643781557, 38.371679385982915 ], [ -121.545115139194039, 38.371679386050737 ], [ -121.544845643936242, 38.371948880451555 ], [ -121.544845642799771, 38.372847196295865 ], [ -121.545384633564041, 38.373206522066894 ], [ -121.547810084281991, 38.373206521758895 ], [ -121.547810084289594, 38.372577700810588 ], [ -121.548438904469535, 38.372577701253825 ], [ -121.548438905044804, 38.373296353496634 ], [ -121.548708399632375, 38.373296353613405 ], [ -121.548708399398791, 38.37347601712311 ], [ -121.548079579318355, 38.373476016397952 ], [ -121.548438905749634, 38.373745512106368 ], [ -121.548438905576873, 38.374104836924559 ] ] ] } },
{ "type": "Feature", "properties": { "csb_id": "061825015520832", "acres": 16.819499564497399, "geoid": "06113" }, "geometry": { "type": "Polygon", "coordinates": [ [ [ -121.544486317879006, 38.369882754944499 ], [ -121.543588002179987, 38.368984440203462 ], [ -121.543318508367122, 38.368984440407559 ], [ -121.543318507970426, 38.369613260739193 ], [ -121.542150698350952, 38.369613260738411 ], [ -121.542150698479176, 38.369074271241281 ], [ -121.541611708999511, 38.369074271496849 ], [ -121.541521876903303, 38.368714945292531 ], [ -121.541791372150371, 38.368086124543552 ], [ -121.542150697702127, 38.367816630500883 ], [ -121.542689687275924, 38.367816630527209 ], [ -121.542689686877793, 38.367187809616674 ], [ -121.543318507701372, 38.367187809601631 ], [ -121.543588002511811, 38.3674573041231 ], [ -121.545115139163414, 38.36745730434594 ], [ -121.545115138730424, 38.367816630469036 ], [ -121.545833791282192, 38.367816629989456 ], [ -121.546103284825193, 38.36817595603064 ], [ -121.545833790599033, 38.36880477713364 ], [ -121.545204970366811, 38.368804776747346 ], [ -121.54520497035989, 38.368445450637857 ], [ -121.544037160014938, 38.368445451359563 ], [ -121.544037159900071, 38.369074272028648 ], [ -121.544576149413047, 38.369074271323612 ], [ -121.544576149134144, 38.368804777062799 ], [ -121.544935475986421, 38.36880477705153 ], [ -121.544935475498136, 38.370242081353034 ], [ -121.544576148905051, 38.370242081662873 ], [ -121.544486317879006, 38.369882754944499 ] ] ] } },
{ "type": "Feature", "properties": { "csb_id": "061825015520875", "acres": 118.586569440915, "geoid": "06113" }, "geometry": { "type": "Polygon", "coordinates": [ [ [ -121.58383252728386, 38.368086124703453 ], [ -121.584191853358249, 38.368086125180284 ], [ -121.58419185361393, 38.367816630364167 ], [ -121.583922357388147, 38.367816630208758 ], [ -121.583742696197376, 38.368086124790963 ], [ -121.583742695874989, 38.36781663044939 ], [ -121.584191853526889, 38.366558988741545 ], [ -121.584461348355873, 38.36628949448302 ], [ -121.58446134823059, 38.365660673167575 ], [ -121.584191853739071, 38.365660673068675 ], [ -121.584191853356913, 38.363864042725368 ], [ -121.584461348547649, 38.363864043120586 ], [ -121.584461348136614, 38.364582695030073 ], [ -121.584281684708969, 38.36458269537578 ], [ -121.584281684783221, 38.364852190225818 ], [ -121.585090168343854, 38.365031852995052 ], [ -121.585090168376084, 38.364852189941146 ], [ -121.58562915771985, 38.364852189825676 ], [ -121.585629157933283, 38.365391178835473 ], [ -121.586257978332412, 38.365391179276422 ], [ -121.586257978402088, 38.365930168364031 ], [ -121.586886798861599, 38.365750505361987 ], [ -121.586886799331651, 38.365031853039497 ], [ -121.587785114557562, 38.365031852538515 ], [ -121.588054609056329, 38.364762358491014 ], [ -121.588054609249355, 38.364133536987985 ], [ -121.588324103740689, 38.364133537614165 ], [ -121.588324103722726, 38.363864044208874 ], [ -121.58868342994046, 38.363864042870176 ], [ -121.588683430322078, 38.365031853695513 ], [ -121.588324103954804, 38.365031853847555 ], [ -121.588324104017303, 38.365391179596543 ], [ -121.588952924571487, 38.365391180117683 ], [ -121.589222419177872, 38.365930167925427 ], [ -121.590749554934362, 38.366648820117177 ], [ -121.591378375343112, 38.367457304353728 ], [ -121.591378376074047, 38.367816630336939 ], [ -121.590839386396027, 38.368445450679118 ], [ -121.590569892147556, 38.369253934705483 ], [ -121.590480060182969, 38.368984439922613 ], [ -121.590120734135155, 38.369253934963659 ], [ -121.590120734517541, 38.36988275536482 ], [ -121.589851239267389, 38.369882755260676 ], [ -121.589851239324901, 38.370152249789925 ], [ -121.588683429272109, 38.370870902106027 ], [ -121.588683429626244, 38.371050565059612 ], [ -121.58922241875608, 38.371050565433073 ], [ -121.589222418713661, 38.371948880124187 ], [ -121.588952924602182, 38.372038712402478 ], [ -121.588952924701942, 38.372308206197999 ], [ -121.588683429602327, 38.372577701688463 ], [ -121.587425788577505, 38.372577700810055 ], [ -121.587425788872252, 38.373206521783921 ], [ -121.586886798849406, 38.373476016429912 ], [ -121.586527473612534, 38.373476016168041 ], [ -121.58625797891321, 38.373745510843335 ], [ -121.586257978878379, 38.3734760163806 ], [ -121.585988483985261, 38.373206521775089 ], [ -121.585359662854501, 38.373296353143004 ], [ -121.585359663482123, 38.3734760161393 ], [ -121.585090168556079, 38.373476016612358 ], [ -121.585090169064671, 38.373745510985863 ], [ -121.584730842124358, 38.373745511113896 ], [ -121.584730842835313, 38.374104837484779 ], [ -121.584461348134838, 38.374104836966453 ], [ -121.584461347755052, 38.374374331956481 ], [ -121.584191853234373, 38.374464163707039 ], [ -121.583563033269101, 38.374374331799693 ], [ -121.583563033105392, 38.373206522045585 ], [ -121.583832526930394, 38.371409891354162 ], [ -121.58383252728386, 38.368086124703453 ] ], [ [ -121.59048006023086, 38.368086124625613 ], [ -121.590749555373833, 38.368086124746178 ], [ -121.590749555665937, 38.367816630343739 ], [ -121.590480060398917, 38.367816630460489 ], [ -121.59048006023086, 38.368086124625613 ] ], [ [ -121.584191853272515, 38.371050565543619 ], [ -121.584461348201344, 38.3710505651391 ], [ -121.584461347467254, 38.370781070353232 ], [ -121.584191853528239, 38.370781070757779 ], [ -121.584191853272515, 38.371050565543619 ] ] ] } },
{ "type": "Feature", "properties": { "csb_id": "061825015520896", "acres": 4.7974033702382304, "geoid": "06113" }, "geometry": { "type": "Polygon", "coordinates": [ [ [ -121.551133850864332, 38.367906461745548 ], [ -121.551223682060183, 38.36754713541135 ], [ -121.550594862609614, 38.367008147176819 ], [ -121.54969654646284, 38.367008146132243 ], [ -121.549067725478409, 38.366648820249047 ], [ -121.549337220136593, 38.366558988804137 ], [ -121.54933722023145, 38.365930167671188 ], [ -121.549606715330938, 38.365660673704305 ], [ -121.550235535649634, 38.365660673613355 ], [ -121.55023553595538, 38.366289494454499 ], [ -121.550864356706896, 38.36628949405582 ], [ -121.550864356084546, 38.36718780992544 ], [ -121.551403346130726, 38.367187809575661 ], [ -121.551762671333819, 38.367457303982064 ], [ -121.551133850864332, 38.367906461745548 ] ] ] } },
{ "type": "Feature", "properties": { "csb_id": "061825015520933", "acres": 9.1182016682458809, "geoid": "06113" }, "geometry": { "type": "Polygon", "coordinates": [ [ [ -121.547810084479082, 38.366289494188969 ], [ -121.54781008448667, 38.36566067307573 ], [ -121.547181264008785, 38.365660673763813 ], [ -121.546911769410116, 38.365031853079927 ], [ -121.54700160044338, 38.364762357846033 ], [ -121.548528737055307, 38.364852189638718 ], [ -121.549067726394966, 38.364672526759584 ], [ -121.550505029092264, 38.365211516367324 ], [ -121.550505030415835, 38.365391178685869 ], [ -121.549966040506106, 38.365391178805538 ], [ -121.549966041529331, 38.36566067345268 ], [ -121.549606715330938, 38.365660673704305 ], [ -121.54933722023145, 38.365930167671188 ], [ -121.549337220136593, 38.366558988804137 ], [ -121.549067725865697, 38.366558988782771 ], [ -121.548708398670755, 38.366289494591307 ], [ -121.547810084479082, 38.366289494188969 ] ] ] } },
{ "type": "Feature", "properties": { "csb_id": "061825015520934", "acres": 10.6296858705915, "geoid": "06113" }, "geometry": { "type": "Polygon", "coordinates": [ [ [ -121.547181263236283, 38.367816630146294 ], [ -121.545115138730424, 38.367816630469036 ], [ -121.545115139163414, 38.36745730434594 ], [ -121.545384632911393, 38.367008146915765 ], [ -121.545833790570128, 38.367008146036625 ], [ -121.545833791132679, 38.366648820051537 ], [ -121.546103285802232, 38.366379326048843 ], [ -121.546372780606845, 38.366379325829605 ], [ -121.546372780186658, 38.366648819816973 ], [ -121.547271095094558, 38.366648820388683 ], [ -121.547630420849046, 38.36610983091289 ], [ -121.547630421025175, 38.365750504976859 ], [ -121.546732105554625, 38.365750504859832 ], [ -121.546372780177521, 38.36548101074797 ], [ -121.546372780748797, 38.364852190264251 ], [ -121.546911769279944, 38.36485218960032 ], [ -121.547181264008785, 38.365660673763813 ], [ -121.54781008448667, 38.36566067307573 ], [ -121.547810084479082, 38.366289494188969 ], [ -121.548708398670755, 38.366289494591307 ], [ -121.548169410428272, 38.366379325489284 ], [ -121.54816941082737, 38.367457303817638 ], [ -121.54781008497001, 38.367457304282986 ], [ -121.547810084655538, 38.368086124492329 ], [ -121.547181263557448, 38.36808612459258 ], [ -121.547181263236283, 38.367816630146294 ] ] ] } },
{ "type": "Feature", "properties": { "csb_id": "061825015520956", "acres": 38.459106813412497, "geoid": "06113" }, "geometry": { "type": "Polygon", "coordinates": [ [ [ -121.559128856954942, 38.370062418832639 ], [ -121.557691552053072, 38.368355619003111 ], [ -121.557691552096202, 38.367457304021563 ], [ -121.556793236962449, 38.366918315082316 ], [ -121.556793235691714, 38.366289494535309 ], [ -121.557152562810941, 38.366289494120252 ], [ -121.557152563268815, 38.365391178531979 ], [ -121.556613574340588, 38.365031852853598 ], [ -121.556793236893014, 38.3641335379995 ], [ -121.558589868285182, 38.364133537304845 ], [ -121.559218688669532, 38.364492863529179 ], [ -121.559847509487611, 38.364492863915025 ], [ -121.560117004354339, 38.36476235805501 ], [ -121.560296666941724, 38.365481010393331 ], [ -121.560296667290999, 38.36997258675936 ], [ -121.559128856954942, 38.370062418832639 ] ] ] } },
{ "type": "Feature", "properties": { "csb_id": "061825015521025", "acres": 2.3988440153512198, "geoid": "06113" }, "geometry": { "type": "Polygon", "coordinates": [ [ [ -121.640067064506809, 38.362696233345929 ], [ -121.640067064126086, 38.361797918009074 ], [ -121.640695884909263, 38.361887749048883 ], [ -121.640695884828446, 38.362067413406123 ], [ -121.641594200365063, 38.362336906618076 ], [ -121.641504368878017, 38.362696232765764 ], [ -121.640067064506809, 38.362696233345929 ] ] ] } },
{ "type": "Feature", "properties": { "csb_id": "061825015521078", "acres": 453.47820415978202, "geoid": "06113" }, "geometry": { "type": "Polygon", "coordinates": [ [ [ -121.536131984355762, 38.372308207691852 ], [ -121.535682827806099, 38.372308206747896 ], [ -121.534065860481505, 38.371679385585878 ], [ -121.533437038818519, 38.371679386770346 ], [ -121.526160685168023, 38.373745512543849 ], [ -121.524723381207622, 38.373745510964497 ], [ -121.523555571678244, 38.371409891617482 ], [ -121.523465739952542, 38.369253934641883 ], [ -121.523196245871731, 38.368804776679468 ], [ -121.523196246006961, 38.367457304268079 ], [ -121.522926750932939, 38.36718780975945 ], [ -121.522567423585727, 38.367187809303729 ], [ -121.522567424554936, 38.362696232858163 ], [ -121.523196246245888, 38.361797917772115 ], [ -121.524094559906658, 38.361797917839638 ], [ -121.524364055920387, 38.360899602138396 ], [ -121.524872866538814, 38.360660286093385 ], [ -121.533569243282656, 38.363911482069135 ], [ -121.535722919786693, 38.364355595214583 ], [ -121.537389627021497, 38.363055559121968 ], [ -121.537389626519357, 38.363953874234035 ], [ -121.537120132574046, 38.364582695180744 ], [ -121.536221816956981, 38.364582695450764 ], [ -121.53622181766427, 38.364852189617395 ], [ -121.536760806663864, 38.365211515512406 ], [ -121.538287941905281, 38.36521151585297 ], [ -121.538287942124413, 38.364852189445799 ], [ -121.537389627437875, 38.364852189937459 ], [ -121.537389627059667, 38.364223369354782 ], [ -121.537659121484268, 38.364223369030562 ], [ -121.537659122029126, 38.363325053217487 ], [ -121.538287942719634, 38.363055559290601 ], [ -121.538557437357682, 38.362786064508633 ], [ -121.538557436417335, 38.36224707515575 ], [ -121.539887362328187, 38.361130782951598 ], [ -121.543588002199968, 38.362516570181349 ], [ -121.543408339442109, 38.362696232720324 ], [ -121.544935475744609, 38.363864042565744 ], [ -121.546103285704405, 38.363953874426251 ], [ -121.546372779748225, 38.364582695634724 ], [ -121.546103285358484, 38.364582695318482 ], [ -121.545833790296726, 38.364852189901619 ], [ -121.545833791425082, 38.365750505303957 ], [ -121.545474464013736, 38.365750504760243 ], [ -121.545115138421451, 38.366558988941634 ], [ -121.545115139102421, 38.366918314840319 ], [ -121.545384632911393, 38.367008146915765 ], [ -121.545115139163414, 38.36745730434594 ], [ -121.543588002511811, 38.3674573041231 ], [ -121.543318507701372, 38.367187809601631 ], [ -121.541611709487285, 38.367277641010986 ], [ -121.539994740976212, 38.368086124971391 ], [ -121.539725247261941, 38.369253934979426 ], [ -121.538826932159566, 38.369253934591661 ], [ -121.538826931316265, 38.370152249600373 ], [ -121.538198110650498, 38.370511576112186 ], [ -121.537928616007946, 38.371499722921413 ], [ -121.537120133080322, 38.371769217452069 ], [ -121.53703030093817, 38.372577701566946 ], [ -121.536670973419604, 38.372577701548479 ], [ -121.536131984355762, 38.372308207691852 ] ], [ [ -121.531281083416914, 38.363325053595958 ], [ -121.530382767677011, 38.36323522225203 ], [ -121.529843778565478, 38.363594548499869 ], [ -121.529843778854755, 38.363864043338246 ], [ -121.53128108291169, 38.364762358708262 ], [ -121.531640408388682, 38.36476235843179 ], [ -121.531640408743385, 38.363594548160727 ], [ -121.531281083416914, 38.363325053595958 ] ] ] } },
{ "type": "Feature", "properties": { "csb_id": "061825015521158", "acres": 95.344666681213099, "geoid": "06113" }, "geometry": { "type": "Polygon", "coordinates": [ [ [ -121.600720854129662, 38.365031852907173 ], [ -121.60072085495797, 38.364582695081801 ], [ -121.597666582890582, 38.36449286339306 ], [ -121.596498772417462, 38.365031852961572 ], [ -121.594342815960275, 38.36503185250411 ], [ -121.594342815883152, 38.365211515766191 ], [ -121.59380382691505, 38.365391179342787 ], [ -121.592995342627702, 38.364852189816872 ], [ -121.592905511672598, 38.365031852500657 ], [ -121.592905511344327, 38.364762358362064 ], [ -121.593175006763744, 38.364762357915467 ], [ -121.593444500490307, 38.364492864457347 ], [ -121.593175006559505, 38.364492863536668 ], [ -121.593534332568055, 38.364223368837571 ], [ -121.59353433098984, 38.364582695757093 ], [ -121.594073321147164, 38.364492863994165 ], [ -121.594073321345277, 38.363864042598372 ], [ -121.594342816078495, 38.36359454831932 ], [ -121.594702140749305, 38.363594548892287 ], [ -121.594971636368385, 38.363235221936243 ], [ -121.59497163715605, 38.362067412589482 ], [ -121.595241131512779, 38.362067412214266 ], [ -121.595241131948725, 38.361258928534752 ], [ -121.595869952394807, 38.361258928763945 ], [ -121.595959783474584, 38.36098943436243 ], [ -121.596229278553864, 38.360899602860414 ], [ -121.597037761165652, 38.360899602940513 ], [ -121.597037762205105, 38.36000128669545 ], [ -121.597397088663385, 38.359641961247085 ], [ -121.598295402908619, 38.35937246701755 ], [ -121.598295403947034, 38.359192803296772 ], [ -121.599283550047929, 38.358743645829101 ], [ -121.600720854896494, 38.358743645852982 ], [ -121.600720853212152, 38.357845330678543 ], [ -121.600990348403599, 38.357575835826964 ], [ -121.601619169327392, 38.357575835945219 ], [ -121.601619170335169, 38.357306341097839 ], [ -121.602158158959824, 38.357306341153908 ], [ -121.601978495848357, 38.363953874692818 ], [ -121.601619169547902, 38.36449286409178 ], [ -121.601619169957758, 38.364852189767355 ], [ -121.600720854129662, 38.365031852907173 ] ], [ [ -121.598834391721809, 38.363864042822776 ], [ -121.598564897524767, 38.363864043147217 ], [ -121.598564898166117, 38.36413353703103 ], [ -121.598834392546621, 38.364133537803994 ], [ -121.598834391721809, 38.363864042822776 ] ] ] } },
{ "type": "Feature", "properties": { "csb_id": "061825015521162", "acres": 77.027629312350101, "geoid": "06113" }, "geometry": { "type": "Polygon", "coordinates": [ [ [ -121.533435635919304, 38.363669335149865 ], [ -121.525506512089748, 38.360709346381867 ], [ -121.525262371056044, 38.360270783106742 ], [ -121.526520012610703, 38.359641960597372 ], [ -121.527687821889458, 38.358563983733177 ], [ -121.527687822126836, 38.358204656231365 ], [ -121.528406473949801, 38.35757583602598 ], [ -121.528855632248721, 38.357306341457232 ], [ -121.529304789513745, 38.357306341166243 ], [ -121.529843779127489, 38.357396173203711 ], [ -121.529843778285539, 38.357935162389751 ], [ -121.530203104670846, 38.357935161786173 ], [ -121.530382767965193, 38.359102971904029 ], [ -121.531011588655176, 38.359641960890528 ], [ -121.531640409989592, 38.359641961342994 ], [ -121.531640409306846, 38.360091118977657 ], [ -121.532269230012844, 38.360360613074938 ], [ -121.533976028721625, 38.361797917705104 ], [ -121.534694680897246, 38.361797917993698 ], [ -121.534694681019204, 38.362157244332181 ], [ -121.534874344176401, 38.362336906722632 ], [ -121.53550316566286, 38.362336907120998 ], [ -121.535503165571441, 38.361797917721276 ], [ -121.536131984780255, 38.361797918110405 ], [ -121.536491309897571, 38.361528423682742 ], [ -121.536491309389206, 38.361169097397479 ], [ -121.537030298669137, 38.360899603019504 ], [ -121.537389626767279, 38.360899602661462 ], [ -121.537389626643318, 38.362426738494449 ], [ -121.537120133492806, 38.362786066390548 ], [ -121.536760806796124, 38.36278606555021 ], [ -121.536850637531657, 38.363055559034734 ], [ -121.535619578018157, 38.36417755388743 ], [ -121.533435635919304, 38.363669335149865 ] ], [ [ -121.52885563155111, 38.358204656818671 ], [ -121.529214958335999, 38.358204656519845 ], [ -121.529214957585367, 38.357845330409305 ], [ -121.528855632662726, 38.357935162392053 ], [ -121.528675968768312, 38.358474150954677 ], [ -121.528855631553327, 38.358474151005446 ], [ -121.52885563155111, 38.358204656818671 ] ] ] } },
{ "type": "Feature", "properties": { "csb_id": "061825015521220", "acres": 217.72193135181499, "geoid": "06113" }, "geometry": { "type": "Polygon", "coordinates": [ [ [ -121.619315980649773, 38.368625113690484 ], [ -121.610871815488139, 38.366738652387376 ], [ -121.610961647599453, 38.366289494263064 ], [ -121.611231143723259, 38.366289494197126 ], [ -121.610871817107068, 38.365031853052976 ], [ -121.610961648903967, 38.364223369179257 ], [ -121.611231142191585, 38.364133538081852 ], [ -121.610961648915492, 38.364133537378017 ], [ -121.61087181738182, 38.363864042704172 ], [ -121.610961648787125, 38.362157243304409 ], [ -121.610871817464641, 38.360540276918343 ], [ -121.610602321725935, 38.360270782686214 ], [ -121.610602322526475, 38.358743646020578 ], [ -121.610871815864058, 38.358743646053064 ], [ -121.610961649069964, 38.357306340975491 ], [ -121.611231142506682, 38.35730634185088 ], [ -121.611231142654447, 38.356947015165389 ], [ -121.613297268094144, 38.356947015758024 ], [ -121.613566763505474, 38.357036847023316 ], [ -121.613566761784625, 38.357306341201841 ], [ -121.615363392973151, 38.357036847150155 ], [ -121.616261707442632, 38.357036846689411 ], [ -121.616890527774032, 38.35730634207674 ], [ -121.617160024096293, 38.357306341385019 ], [ -121.617519350140341, 38.357036846539572 ], [ -121.619854970199526, 38.357126678093337 ], [ -121.619854969039778, 38.357575836113078 ], [ -121.619405813006168, 38.357935161824763 ], [ -121.619315981388326, 38.358743645749733 ], [ -121.619315980885133, 38.363594548101823 ], [ -121.619405812409923, 38.363953874389921 ], [ -121.61967530725714, 38.364133537234899 ], [ -121.620214296400832, 38.364133537287074 ], [ -121.620214295951143, 38.364762358370136 ], [ -121.619405812202103, 38.364762358249649 ], [ -121.61940581222693, 38.366109831212817 ], [ -121.619675307162225, 38.366109831281143 ], [ -121.619675307373257, 38.367457304264136 ], [ -121.619585475753354, 38.367816629923013 ], [ -121.619405812304308, 38.367816629879826 ], [ -121.619315981076937, 38.36808612461364 ], [ -121.619315980649773, 38.368625113690484 ] ] ] } },
{ "type": "Feature", "properties": { "csb_id": "061825015521225", "acres": 4.6625126748457904, "geoid": "06113" }, "geometry": { "type": "Polygon", "coordinates": [ [ [ -121.549606712596571, 38.356947015520838 ], [ -121.549606714800248, 38.357306341286005 ], [ -121.549966039520541, 38.35757583592715 ], [ -121.550505030904006, 38.357575836236848 ], [ -121.550864356401149, 38.357845330920092 ], [ -121.55086435635225, 38.358204656610525 ], [ -121.551133850600905, 38.358474151284106 ], [ -121.551762669863209, 38.358474151797246 ], [ -121.552032166479535, 38.3587436458347 ], [ -121.552032166472614, 38.359372466490477 ], [ -121.550864356121167, 38.359192803640418 ], [ -121.550864355863212, 38.358833477104525 ], [ -121.549696546932651, 38.357935161932993 ], [ -121.549606714776374, 38.357665667519768 ], [ -121.549337220693133, 38.357575836107387 ], [ -121.549606712596571, 38.356947015520838 ] ] ] } },
{ "type": "Feature", "properties": { "csb_id": "061825015521264", "acres": 3.2889755721250902, "geoid": "06113" }, "geometry": { "type": "Polygon", "coordinates": [ [ [ -121.688755752121594, 38.355869036683231 ], [ -121.689384572876207, 38.355869036961401 ], [ -121.68938457295161, 38.35613853193739 ], [ -121.689025247033001, 38.356138531708716 ], [ -121.689025247264411, 38.356767352019602 ], [ -121.689384572613321, 38.356767352103184 ], [ -121.689384573463755, 38.35766566697297 ], [ -121.688126931588442, 38.357665667802884 ], [ -121.688126931538008, 38.356767352352854 ], [ -121.688755752572007, 38.356767351876869 ], [ -121.688755752121594, 38.355869036683231 ] ], [ [ -121.688486258304735, 38.35703684625485 ], [ -121.688486257758285, 38.357396173302881 ], [ -121.688755751916176, 38.357396172792711 ], [ -121.68875575256493, 38.357036846366221 ], [ -121.688486258304735, 38.35703684625485 ] ] ] } },
{ "type": "Feature", "properties": { "csb_id": "061825015521305", "acres": 426.76910285947201, "geoid": "06113" }, "geometry": { "type": "Polygon", "coordinates": [ [ [ -121.580957918628101, 38.370601407380235 ], [ -121.579610445720135, 38.370691239182186 ], [ -121.574849374434109, 38.370511576400006 ], [ -121.574579880131267, 38.370242081785982 ], [ -121.574220554344819, 38.370152250030813 ], [ -121.574310384656556, 38.366109830908947 ], [ -121.574040891365101, 38.365930168282695 ], [ -121.574040890493322, 38.36566067329553 ], [ -121.574310385355048, 38.364492863980168 ], [ -121.574310385619526, 38.36116909669984 ], [ -121.573951059344083, 38.360899602613451 ], [ -121.572513754313562, 38.360899602126764 ], [ -121.571884933206761, 38.360630108275707 ], [ -121.571345943686623, 38.360630108518073 ], [ -121.571345943302944, 38.360989434300478 ], [ -121.570627292476061, 38.360899602346336 ], [ -121.570627292388167, 38.360630107956887 ], [ -121.570088303597032, 38.360630108088678 ], [ -121.570088303238578, 38.360989434405354 ], [ -121.5695493149573, 38.360989434282345 ], [ -121.566405210983348, 38.360899602548152 ], [ -121.566405210692636, 38.360630107801406 ], [ -121.565866221347832, 38.360540275988654 ], [ -121.563171275984075, 38.360540276569893 ], [ -121.562542454972345, 38.359641961422881 ], [ -121.562542454924682, 38.358474150952503 ], [ -121.562811949146365, 38.357845330348269 ], [ -121.562811950147363, 38.35694701532546 ], [ -121.564967906808747, 38.355419878879744 ], [ -121.566495042104336, 38.354611396146169 ], [ -121.567034031933431, 38.354611397491908 ], [ -121.567303525464595, 38.354880889913233 ], [ -121.569549314659398, 38.355779205474384 ], [ -121.571525607525075, 38.355779205002591 ], [ -121.571525607877703, 38.356048701017627 ], [ -121.572513754364394, 38.356228362851994 ], [ -121.572513753536825, 38.356408026057963 ], [ -121.57188493356999, 38.35640802629711 ], [ -121.572244259746881, 38.356767352093613 ], [ -121.572873080065634, 38.35676735244995 ], [ -121.572873080141179, 38.356497858074512 ], [ -121.573412069228283, 38.356497857729138 ], [ -121.573412071016719, 38.357396172964251 ], [ -121.57404088934949, 38.357396173551059 ], [ -121.574040889403307, 38.357036846826567 ], [ -121.573771396471358, 38.357036846981224 ], [ -121.573771394786959, 38.356497858144685 ], [ -121.579161287222959, 38.356497857779253 ], [ -121.579161286428629, 38.356767352598823 ], [ -121.579430781250664, 38.356767352058327 ], [ -121.579340950917285, 38.356318194971628 ], [ -121.581496907128354, 38.356318194581441 ], [ -121.58383252746502, 38.356408026331238 ], [ -121.584191853249465, 38.356677520678033 ], [ -121.58383252744656, 38.364223368636367 ], [ -121.583563032583186, 38.365750504894429 ], [ -121.581856233929855, 38.36521151619187 ], [ -121.580957918389117, 38.365211515588889 ], [ -121.580957918316557, 38.365481010639598 ], [ -121.580329097456243, 38.365481010818023 ], [ -121.58032909761053, 38.365211516241843 ], [ -121.579700277446477, 38.365211515402017 ], [ -121.579700277517702, 38.365481010363716 ], [ -121.579430782610885, 38.365481010248864 ], [ -121.57943078280617, 38.365750504970521 ], [ -121.580059603325751, 38.365750505318879 ], [ -121.580059603554318, 38.366109830730196 ], [ -121.57970027747902, 38.366109831356624 ], [ -121.579700277243006, 38.366379325448847 ], [ -121.580059602687356, 38.366648820483569 ], [ -121.580598592475397, 38.366648820127345 ], [ -121.58059859200182, 38.367008146237801 ], [ -121.579430782565382, 38.367008145978708 ], [ -121.579430782760696, 38.367277640684364 ], [ -121.579700277039549, 38.367547135442692 ], [ -121.5805985925589, 38.36754713558696 ], [ -121.580598592085281, 38.36790646168501 ], [ -121.580059603698615, 38.367906461625985 ], [ -121.580059602554584, 38.368175956174035 ], [ -121.58059859264236, 38.368445451015511 ], [ -121.581227413172897, 38.368445451239737 ], [ -121.581227412739651, 38.369074271330462 ], [ -121.582125728249721, 38.369074271716784 ], [ -121.582395222931439, 38.369343765834657 ], [ -121.582395222844241, 38.369703091848834 ], [ -121.583473201073403, 38.37015225024583 ], [ -121.583473201502272, 38.370511576338124 ], [ -121.582934211958388, 38.370781070458634 ], [ -121.581347422103221, 38.370750892453081 ], [ -121.580957918628101, 38.370601407380235 ] ], [ [ -121.569549314835854, 38.360360614136241 ], [ -121.569818809441429, 38.359462298045301 ], [ -121.569189988380288, 38.359462297682981 ], [ -121.569189988238406, 38.358294487838755 ], [ -121.56892049356712, 38.358294488788196 ], [ -121.568291673559983, 38.358833478357759 ], [ -121.568291673027062, 38.360091119841051 ], [ -121.568920493988415, 38.360360614414176 ], [ -121.569549314835854, 38.360360614136241 ] ] ] } },
{ "type": "Feature", "properties": { "csb_id": "061825015521363", "acres": 22.8980634770545, "geoid": "06113" }, "geometry": { "type": "Polygon", "coordinates": [ [ [ -121.549606714456715, 38.354521563828669 ], [ -121.548977894954575, 38.354521564182789 ], [ -121.548798231158671, 38.355150384742117 ], [ -121.547630421175526, 38.35524021595814 ], [ -121.547540589574098, 38.354970721278896 ], [ -121.547271095164305, 38.354880889895391 ], [ -121.547181263736832, 38.355150384600741 ], [ -121.546911768615331, 38.355150384325313 ], [ -121.546372779939517, 38.354341900515422 ], [ -121.546013453640924, 38.354252069602921 ], [ -121.54574395917372, 38.353623248752783 ], [ -121.54691176960003, 38.353623248270893 ], [ -121.546911769154732, 38.353353753903342 ], [ -121.547540589561322, 38.353353754382866 ], [ -121.548079577622303, 38.352455439328345 ], [ -121.548708399416114, 38.352185944356528 ], [ -121.550864356124833, 38.352275775766969 ], [ -121.550864356773971, 38.352724933296479 ], [ -121.550505030470617, 38.352724933012169 ], [ -121.550505030631399, 38.353982574571702 ], [ -121.550235535707884, 38.354252069318129 ], [ -121.550235536013574, 38.354880890451511 ], [ -121.549606714432855, 38.354880890104511 ], [ -121.549606714456715, 38.354521563828669 ] ] ] } },
{ "type": "Feature", "properties": { "csb_id": "061825015521364", "acres": 4.9917658808643202, "geoid": "06113" }, "geometry": { "type": "Polygon", "coordinates": [ [ [ -121.54691176960003, 38.353623248270893 ], [ -121.545384632574809, 38.353623248375342 ], [ -121.545384632975328, 38.353353754095458 ], [ -121.545115138688914, 38.35335375388734 ], [ -121.545384632756253, 38.352545270613774 ], [ -121.546911769424469, 38.352455438640611 ], [ -121.547181263381219, 38.352724933592512 ], [ -121.547181263554677, 38.353353753854144 ], [ -121.546911769154732, 38.353353753903342 ], [ -121.54691176960003, 38.353623248270893 ] ] ] } },
{ "type": "Feature", "properties": { "csb_id": "061825015521389", "acres": 11.3685465707918, "geoid": "06113" }, "geometry": { "type": "Polygon", "coordinates": [ [ [ -121.563440770324831, 38.354521563756094 ], [ -121.563440770282241, 38.354252069351823 ], [ -121.562811949234217, 38.353982575111893 ], [ -121.561913633949871, 38.353982574839705 ], [ -121.561913634567375, 38.354252069781772 ], [ -121.561644139491548, 38.354252069148004 ], [ -121.561374645277667, 38.353982574939216 ], [ -121.561374645134691, 38.353623248453403 ], [ -121.560745825016483, 38.353623248709027 ], [ -121.560745824254965, 38.353084259606817 ], [ -121.562272960442627, 38.353084259141724 ], [ -121.562272960970347, 38.352724933413896 ], [ -121.56281195004442, 38.352724932880534 ], [ -121.562811949928189, 38.353084259082536 ], [ -121.563440770533091, 38.353084259212679 ], [ -121.563440770105089, 38.352724933396537 ], [ -121.564339085738169, 38.352724933050403 ], [ -121.564339086109555, 38.353084259814992 ], [ -121.565237401300806, 38.353084259494032 ], [ -121.565237400951403, 38.353353754474348 ], [ -121.563999058987719, 38.354481407464981 ], [ -121.563440770324831, 38.354521563756094 ] ] ] } },
{ "type": "Feature", "properties": { "csb_id": "061825015521390", "acres": 3.5213107432406701, "geoid": "06113" }, "geometry": { "type": "Polygon", "coordinates": [ [ [ -121.559218687933196, 38.353982574504677 ], [ -121.559847508711911, 38.353623248388772 ], [ -121.559847508691959, 38.353353754001866 ], [ -121.559488183273928, 38.353353754119389 ], [ -121.559488183029231, 38.352724933643259 ], [ -121.560745824963263, 38.352724933581413 ], [ -121.560745824308157, 38.353982574720618 ], [ -121.559218687933196, 38.353982574504677 ] ] ] } },
{ "type": "Feature", "properties": { "csb_id": "061825015521391", "acres": 4.1210862379466597, "geoid": "06113" }, "geometry": { "type": "Polygon", "coordinates": [ [ [ -121.559488183152752, 38.353084259106325 ], [ -121.559488183273928, 38.353353754119389 ], [ -121.559847508691959, 38.353353754001866 ], [ -121.559847508711911, 38.353623248388772 ], [ -121.559218687933196, 38.353982574504677 ], [ -121.558050879090956, 38.353982574551914 ], [ -121.557691552698856, 38.3536232490736 ], [ -121.557691552185645, 38.353353754625921 ], [ -121.558320372879223, 38.353353754557276 ], [ -121.558320372809646, 38.352724933397411 ], [ -121.558949194105168, 38.352724933467499 ], [ -121.558949194124196, 38.353084259316567 ], [ -121.559488183152752, 38.353084259106325 ] ] ] } },
{ "type": "Feature", "properties": { "csb_id": "061825015521471", "acres": 88.728639730714207, "geoid": "06113" }, "geometry": { "type": "Polygon", "coordinates": [ [ [ -121.583383369795669, 38.356228362939618 ], [ -121.579610445769504, 38.356048699598553 ], [ -121.579610444108084, 38.355779205868131 ], [ -121.578712130196308, 38.355779205717269 ], [ -121.578712130693759, 38.354521563928358 ], [ -121.577813814745738, 38.353443585501324 ], [ -121.577005331673448, 38.353174091080689 ], [ -121.576915499673134, 38.352814765120392 ], [ -121.576376510524099, 38.352814765299613 ], [ -121.576376510872308, 38.353353753952526 ], [ -121.576646005601887, 38.353353754083827 ], [ -121.576646004923845, 38.354252069140024 ], [ -121.576376510543767, 38.354252069157091 ], [ -121.576466342329752, 38.356048699473739 ], [ -121.573322239193416, 38.356048700394666 ], [ -121.573322238426158, 38.355779204913844 ], [ -121.573771396726997, 38.355779205760626 ], [ -121.573771396274239, 38.354970721554018 ], [ -121.574310385593392, 38.354072406040927 ], [ -121.574310385308152, 38.35344358538994 ], [ -121.574669711120023, 38.353443585496301 ], [ -121.574669711793874, 38.351018134123905 ], [ -121.574939205505004, 38.350479145222842 ], [ -121.575837521210346, 38.350479144833699 ], [ -121.576017184384256, 38.350928302971859 ], [ -121.576646004594892, 38.350928303030443 ], [ -121.576915499369491, 38.351287628618195 ], [ -121.577634152362663, 38.351377460545116 ], [ -121.577813815059983, 38.351826618029094 ], [ -121.578442635401913, 38.35182661792178 ], [ -121.578442635225073, 38.352455438852658 ], [ -121.578712130726458, 38.352455439144798 ], [ -121.57871213063558, 38.352185943890262 ], [ -121.579610445150209, 38.352185944723516 ], [ -121.580598592400847, 38.352455439076351 ], [ -121.580598592679181, 38.352185944118396 ], [ -121.581137581434064, 38.352185943980977 ], [ -121.581766401837029, 38.352455439076728 ], [ -121.582395222881772, 38.352455439203979 ], [ -121.582395223017954, 38.352724933625019 ], [ -121.582664717606434, 38.352545270271378 ], [ -121.583832527128607, 38.352545270384901 ], [ -121.584461347410226, 38.352724933270935 ], [ -121.584371516888325, 38.355869036762002 ], [ -121.584281685123386, 38.356138531833217 ], [ -121.583383369795669, 38.356228362939618 ] ] ] } },
{ "type": "Feature", "properties": { "csb_id": "061825015521486", "acres": 6.6461880638153401, "geoid": "06113" }, "geometry": { "type": "Polygon", "coordinates": [ [ [ -121.59317500635656, 38.351557123201616 ], [ -121.5901207337443, 38.35155712319883 ], [ -121.590120733735887, 38.35065880821147 ], [ -121.59110888168658, 38.350389313691785 ], [ -121.591647870192375, 38.350389313809593 ], [ -121.59164787002274, 38.350928302463679 ], [ -121.592546185817582, 38.350928302485265 ], [ -121.59254618569517, 38.350658808426388 ], [ -121.593175006251982, 38.350658808596201 ], [ -121.59317500635656, 38.351557123201616 ] ] ] } },
{ "type": "Feature", "properties": { "csb_id": "061825015521492", "acres": 241.42709527721701, "geoid": "06113" }, "geometry": { "type": "Polygon", "coordinates": [ [ [ -121.559847509178411, 38.363594547883338 ], [ -121.557152563835615, 38.36269623267377 ], [ -121.556254248026647, 38.36269623327847 ], [ -121.556254248023947, 38.36296572753389 ], [ -121.555625427689137, 38.362965727202912 ], [ -121.555625426900619, 38.362336906734072 ], [ -121.555086437799517, 38.362067412768511 ], [ -121.554727111887985, 38.361528423297678 ], [ -121.554098291959647, 38.361169097026313 ], [ -121.553559302397318, 38.360540276580878 ], [ -121.553199975697154, 38.360540276107805 ], [ -121.552750817506222, 38.36027078199573 ], [ -121.55266098717523, 38.360001287380214 ], [ -121.552391492640609, 38.360001286861483 ], [ -121.552032166265732, 38.359731792483139 ], [ -121.552032166479535, 38.3587436458347 ], [ -121.551762669863209, 38.358474151797246 ], [ -121.551133850600905, 38.358474151284106 ], [ -121.55086435635225, 38.358204656610525 ], [ -121.550864356401149, 38.357845330920092 ], [ -121.550505030904006, 38.357575836236848 ], [ -121.549966039520541, 38.35757583592715 ], [ -121.549606714800248, 38.357306341286005 ], [ -121.549606712596571, 38.356947015520838 ], [ -121.549337220693133, 38.357575836107387 ], [ -121.548798231150883, 38.357575835843441 ], [ -121.548708399338665, 38.357036846594148 ], [ -121.548169410527152, 38.35703684796438 ], [ -121.548079578526156, 38.355779205463769 ], [ -121.547899915864363, 38.355779205244275 ], [ -121.547810083426498, 38.355419879498015 ], [ -121.547540589236064, 38.355419879265675 ], [ -121.547540588987147, 38.355240216338807 ], [ -121.548798231158671, 38.355150384742117 ], [ -121.548977894954575, 38.354521564182789 ], [ -121.549606714456715, 38.354521563828669 ], [ -121.549606714432855, 38.354880890104511 ], [ -121.550235536013574, 38.354880890451511 ], [ -121.550235535707884, 38.354252069318129 ], [ -121.550505030631399, 38.353982574571702 ], [ -121.550505030470617, 38.352724933012169 ], [ -121.550864356773971, 38.352724933296479 ], [ -121.550864356124833, 38.352275775766969 ], [ -121.551133850027611, 38.352185944529303 ], [ -121.551403345742145, 38.352185944220601 ], [ -121.551403345227811, 38.353084259213119 ], [ -121.552930481221026, 38.353084259981216 ], [ -121.553020312665552, 38.353623249108828 ], [ -121.553828797050556, 38.353623249078865 ], [ -121.554098291501461, 38.353174090726775 ], [ -121.555625427836631, 38.352455438578765 ], [ -121.555625427048213, 38.351826617834931 ], [ -121.556344079372792, 38.351826618027268 ], [ -121.556344079808966, 38.352185943862978 ], [ -121.558589867290564, 38.352185944148829 ], [ -121.558949193741086, 38.351646955026844 ], [ -121.559488182727932, 38.351287628917852 ], [ -121.559488183596883, 38.350658808148431 ], [ -121.5601170036242, 38.35065880800682 ], [ -121.561015319465255, 38.35038931357564 ], [ -121.561015318805303, 38.350119819299863 ], [ -121.561374645631062, 38.350119819381653 ], [ -121.561374645076143, 38.350389313271528 ], [ -121.562901780944586, 38.350389313492215 ], [ -121.565236524119754, 38.352730723033744 ], [ -121.565327232113233, 38.353084259806955 ], [ -121.564339086109555, 38.353084259814992 ], [ -121.564339085738169, 38.352724933050403 ], [ -121.563440770105089, 38.352724933396537 ], [ -121.563440770533091, 38.353084259212679 ], [ -121.562811949928189, 38.353084259082536 ], [ -121.56281195004442, 38.352724932880534 ], [ -121.562272960970347, 38.352724933413896 ], [ -121.562272960442627, 38.353084259141724 ], [ -121.560745824254965, 38.353084259606817 ], [ -121.560745824963263, 38.352724933581413 ], [ -121.559488183029231, 38.352724933643259 ], [ -121.559488183152752, 38.353084259106325 ], [ -121.558949194124196, 38.353084259316567 ], [ -121.558949194105168, 38.352724933467499 ], [ -121.558320372809646, 38.352724933397411 ], [ -121.558320372879223, 38.353353754557276 ], [ -121.557691552185645, 38.353353754625921 ], [ -121.557691552698856, 38.3536232490736 ], [ -121.558050879090956, 38.353982574551914 ], [ -121.560745824308157, 38.353982574720618 ], [ -121.560745825016483, 38.353623248709027 ], [ -121.561374645134691, 38.353623248453403 ], [ -121.561374645277667, 38.353982574939216 ], [ -121.561644139491548, 38.354252069148004 ], [ -121.561913634567375, 38.354252069781772 ], [ -121.561913633949871, 38.353982574839705 ], [ -121.562811949234217, 38.353982575111893 ], [ -121.563440770282241, 38.354252069351823 ], [ -121.563440770324831, 38.354521563756094 ], [ -121.562811949614925, 38.355150384792609 ], [ -121.562272961178181, 38.355419879515637 ], [ -121.561644140355696, 38.356408025905132 ], [ -121.561374644966421, 38.356408025838853 ], [ -121.561374645130471, 38.356048700250085 ], [ -121.561015319268577, 38.356048700261823 ], [ -121.561015319366376, 38.355869036723838 ], [ -121.559937340692983, 38.355869036809594 ], [ -121.559488183260257, 38.356138531073448 ], [ -121.558679700018374, 38.356138531606504 ], [ -121.558679698717953, 38.356497857403482 ], [ -121.556613574658513, 38.356497857513617 ], [ -121.556613573950798, 38.357036846869157 ], [ -121.555715258817841, 38.357575835747944 ], [ -121.555715258709725, 38.357935161882118 ], [ -121.556613573885031, 38.357935162197734 ], [ -121.556613574088018, 38.358204656742338 ], [ -121.557422057552316, 38.35820465699755 ], [ -121.55841020487469, 38.359462298040675 ], [ -121.559039025333206, 38.359462298086619 ], [ -121.559039025377658, 38.360091118534037 ], [ -121.560476329915772, 38.360540276588516 ], [ -121.560476329508305, 38.361258928548281 ], [ -121.561374644566996, 38.361169096873553 ], [ -121.561913634194823, 38.361797917729788 ], [ -121.562093297374872, 38.361797918098553 ], [ -121.562216289358403, 38.36214616832558 ], [ -121.561823802699109, 38.363235222069953 ], [ -121.560745824958772, 38.363684380043601 ], [ -121.559847509178411, 38.363594547883338 ] ] ] } },
{ "type": "Feature", "properties": { "csb_id": "061825015521501", "acres": 6.32688861391446, "geoid": "06113" }, "geometry": { "type": "Polygon", "coordinates": [ [ [ -121.605212431005455, 38.353084259543415 ], [ -121.605212430936575, 38.352724933571679 ], [ -121.605481925627956, 38.352455438990674 ], [ -121.605751420447888, 38.35245543851682 ], [ -121.605751420394256, 38.351826617740564 ], [ -121.605481925348727, 38.351826617829403 ], [ -121.605481925651702, 38.351557123743909 ], [ -121.606649735185542, 38.350389313734681 ], [ -121.607548050902224, 38.35038931298412 ], [ -121.607548050391173, 38.350658808745777 ], [ -121.607009061346972, 38.350658808553085 ], [ -121.607009060660786, 38.351557123334807 ], [ -121.60673956568229, 38.351557123598077 ], [ -121.606380240518433, 38.352724933165845 ], [ -121.60575142032846, 38.352724933689267 ], [ -121.605751420501534, 38.353084259276066 ], [ -121.605212431005455, 38.353084259543415 ] ] ] } },
{ "type": "Feature", "properties": { "csb_id": "061825015521503", "acres": 4.5759191141484301, "geoid": "06113" }, "geometry": { "type": "Polygon", "coordinates": [ [ [ -121.567932347259656, 38.350928303039062 ], [ -121.567662852486833, 38.350928302388255 ], [ -121.567034031014117, 38.351287628943787 ], [ -121.565237401376734, 38.351287628851082 ], [ -121.565237400911812, 38.350658808058803 ], [ -121.566764536886083, 38.350658808708324 ], [ -121.566764536389712, 38.350389313608062 ], [ -121.568201841428518, 38.350389313348266 ], [ -121.568201841020183, 38.35065880791408 ], [ -121.567932347259656, 38.350928303039062 ] ] ] } },
{ "type": "Feature", "properties": { "csb_id": "061825015521512", "acres": 4.7984329774369803, "geoid": "06113" }, "geometry": { "type": "Polygon", "coordinates": [ [ [ -121.555715258934072, 38.351826619056126 ], [ -121.55589492213862, 38.350658808084589 ], [ -121.556523743016001, 38.350658808541802 ], [ -121.557152562939052, 38.350389314594622 ], [ -121.557152562999406, 38.350029987782676 ], [ -121.558140711023725, 38.350119820136598 ], [ -121.558140709988933, 38.351018134362377 ], [ -121.556883068416923, 38.3510181343065 ], [ -121.556344079941226, 38.351377460487726 ], [ -121.556344079372792, 38.351826618027268 ], [ -121.555715258934072, 38.351826619056126 ] ] ] } },
{ "type": "Feature", "properties": { "csb_id": "061825015521526", "acres": 6.1624694711898202, "geoid": "06113" }, "geometry": { "type": "Polygon", "coordinates": [ [ [ -121.56981880877143, 38.351646954784094 ], [ -121.5700883039584, 38.351557123525183 ], [ -121.570357797713115, 38.349850324116325 ], [ -121.570986618712951, 38.349850324122649 ], [ -121.571345944829432, 38.351018134765376 ], [ -121.571884934407819, 38.35137746069249 ], [ -121.571884933961073, 38.352545269955087 ], [ -121.571345945253341, 38.35254527063838 ], [ -121.571345945137537, 38.351916449766719 ], [ -121.570986619250007, 38.351646955101657 ], [ -121.56981880877143, 38.351646954784094 ] ] ] } },
{ "type": "Feature", "properties": { "csb_id": "061825015521549", "acres": 9.7807937476146893, "geoid": "06113" }, "geometry": { "type": "Polygon", "coordinates": [ [ [ -121.5601170036242, 38.35065880800682 ], [ -121.558679698942328, 38.350748640045524 ], [ -121.558410204283732, 38.350479145379261 ], [ -121.558140710425633, 38.350479145315042 ], [ -121.558140711023725, 38.350119820136598 ], [ -121.557691553485142, 38.350029988506691 ], [ -121.558589868380466, 38.349490998421196 ], [ -121.558589867586349, 38.34913167212995 ], [ -121.559847509314764, 38.349131671888138 ], [ -121.560117003784299, 38.348952010406158 ], [ -121.560206835218722, 38.349221504269856 ], [ -121.561105150947071, 38.349221503576722 ], [ -121.561015319465255, 38.35038931357564 ], [ -121.5601170036242, 38.35065880800682 ] ] ] } },
{ "type": "Feature", "properties": { "csb_id": "061825015521550", "acres": 28.868218373249299, "geoid": "06113" }, "geometry": { "type": "Polygon", "coordinates": [ [ [ -121.588683430026592, 38.351826618282203 ], [ -121.587425788705545, 38.351916449536986 ], [ -121.586617304305832, 38.351826618383839 ], [ -121.586527473313737, 38.351646955276983 ], [ -121.585090168884491, 38.351646955059842 ], [ -121.585090168973622, 38.349760492858294 ], [ -121.585359663450433, 38.349760493360144 ], [ -121.585629157666972, 38.349490998162985 ], [ -121.585629157627139, 38.349131672206447 ], [ -121.588952924410805, 38.349131672020604 ], [ -121.5889529228904, 38.347963862522889 ], [ -121.588683430017682, 38.347963862625498 ], [ -121.588683428778566, 38.347335041686598 ], [ -121.589222418622825, 38.347335041809899 ], [ -121.589222419435217, 38.347694367677512 ], [ -121.589581744826361, 38.347694368306719 ], [ -121.589581744820549, 38.349490998449298 ], [ -121.588952923097651, 38.349490998956959 ], [ -121.588952924310917, 38.34976049276144 ], [ -121.589581745002107, 38.349760492965807 ], [ -121.589581744777604, 38.350928303024403 ], [ -121.589222419259514, 38.350928302749885 ], [ -121.588683430026592, 38.351826618282203 ] ] ] } },
{ "type": "Feature", "properties": { "csb_id": "061825015521556", "acres": 43.778597999625198, "geoid": "06113" }, "geometry": { "type": "Polygon", "coordinates": [ [ [ -121.565506895325242, 38.352814764778465 ], [ -121.562992314823148, 38.350298780330512 ], [ -121.562811949706287, 38.350029987833203 ], [ -121.562901780571778, 38.349580829590991 ], [ -121.563800096395568, 38.348862177819782 ], [ -121.564428917572599, 38.348682514531987 ], [ -121.567034031233447, 38.348862177503285 ], [ -121.567393357199791, 38.34913167218005 ], [ -121.568022178644611, 38.348952009452695 ], [ -121.568022178690185, 38.349221503798312 ], [ -121.568291672326495, 38.349580829886648 ], [ -121.568291672381307, 38.351018134459231 ], [ -121.569100156690325, 38.35101813442386 ], [ -121.569189986887793, 38.351287629529807 ], [ -121.568650999297716, 38.351826618102344 ], [ -121.568650999347781, 38.353802911773073 ], [ -121.567183516215451, 38.353383931683091 ], [ -121.565866221981224, 38.353353753716441 ], [ -121.565506895325242, 38.352814764778465 ] ], [ [ -121.567662852486833, 38.350928302388255 ], [ -121.567932347259656, 38.350928303039062 ], [ -121.568201841020183, 38.35065880791408 ], [ -121.568201841428518, 38.350389313348266 ], [ -121.566764536389712, 38.350389313608062 ], [ -121.566764536886083, 38.350658808708324 ], [ -121.565237400911812, 38.350658808058803 ], [ -121.565237401376734, 38.351287628851082 ], [ -121.567034031014117, 38.351287628943787 ], [ -121.567662852486833, 38.350928302388255 ] ] ] } },
{ "type": "Feature", "properties": { "csb_id": "061825015521569", "acres": 16.494836069589699, "geoid": "06113" }, "geometry": { "type": "Polygon", "coordinates": [ [ [ -121.593175006251982, 38.350658808596201 ], [ -121.59254618569517, 38.350658808426388 ], [ -121.592546185817582, 38.350928302485265 ], [ -121.59164787002274, 38.350928302463679 ], [ -121.591647870192375, 38.350389313809593 ], [ -121.59110888168658, 38.350389313691785 ], [ -121.590120733735887, 38.35065880821147 ], [ -121.5901207347829, 38.35092830295148 ], [ -121.589581744777604, 38.350928303024403 ], [ -121.589581745002107, 38.349760492965807 ], [ -121.588952924310917, 38.34976049276144 ], [ -121.588952923097651, 38.349490998956959 ], [ -121.589581744820549, 38.349490998449298 ], [ -121.589581745408097, 38.348862177374329 ], [ -121.589851239966663, 38.348862177499022 ], [ -121.589851239909152, 38.34859268273447 ], [ -121.590480060541154, 38.348592682706752 ], [ -121.590480060680434, 38.348862177945932 ], [ -121.591108881202672, 38.348862177996708 ], [ -121.591108881288903, 38.348592683142826 ], [ -121.592007195837198, 38.348592683122703 ], [ -121.59200719651497, 38.348862177591293 ], [ -121.592546185979387, 38.348862177657999 ], [ -121.592546185683588, 38.34976049262994 ], [ -121.593264837422694, 38.349760493268285 ], [ -121.593444500423175, 38.350928302680813 ], [ -121.59317500645615, 38.350928303129805 ], [ -121.593175006251982, 38.350658808596201 ] ] ] } },
{ "type": "Feature", "properties": { "csb_id": "061825015521576", "acres": 6.8462615463270398, "geoid": "06113" }, "geometry": { "type": "Polygon", "coordinates": [ [ [ -121.561015318805303, 38.350119819299863 ], [ -121.561105150947071, 38.349221503576722 ], [ -121.560206835218722, 38.349221504269856 ], [ -121.560206835881019, 38.348682514678451 ], [ -121.560835655909599, 38.348682514663011 ], [ -121.560835655909898, 38.348952008955841 ], [ -121.56110515107089, 38.348952009050009 ], [ -121.561374645673226, 38.348682514884139 ], [ -121.561374645837233, 38.348323189175524 ], [ -121.561733971470019, 38.348323189365708 ], [ -121.562811950055007, 38.348952009067041 ], [ -121.562781772072725, 38.349281157246786 ], [ -121.561913633145167, 38.34976049282966 ], [ -121.561913633762614, 38.350029987820939 ], [ -121.562542455234421, 38.350029987711508 ], [ -121.562542454912446, 38.350389313718459 ], [ -121.561374645076143, 38.350389313271528 ], [ -121.561374645631062, 38.350119819381653 ], [ -121.561015318805303, 38.350119819299863 ] ] ] } },
{ "type": "Feature", "properties": { "csb_id": "061825015521589", "acres": 3.8891434227878698, "geoid": "06113" }, "geometry": { "type": "Polygon", "coordinates": [ [ [ -121.68606080716178, 38.349850324787432 ], [ -121.686060807099523, 38.349221504133837 ], [ -121.685431985838434, 38.349221503795228 ], [ -121.68543198599194, 38.348952009018276 ], [ -121.685701480827902, 38.348592683347512 ], [ -121.68633030177142, 38.34859268307558 ], [ -121.686330301664626, 38.348053694032025 ], [ -121.686959121759088, 38.348053694368936 ], [ -121.6866896273566, 38.348952009444623 ], [ -121.686689627142258, 38.3501198190609 ], [ -121.686330301249114, 38.350119819114433 ], [ -121.68606080716178, 38.349850324787432 ] ] ] } },
{ "type": "Feature", "properties": { "csb_id": "061825015521626", "acres": 10.7000424481257, "geoid": "06113" }, "geometry": { "type": "Polygon", "coordinates": [ [ [ -121.600361529075798, 38.349221503575393 ], [ -121.600361528877713, 38.3476943674208 ], [ -121.600720855005122, 38.347694367756745 ], [ -121.600720854347031, 38.347963862863338 ], [ -121.600990349452189, 38.347963862760395 ], [ -121.600990349255042, 38.34733504133407 ], [ -121.601259843779744, 38.347335042123369 ], [ -121.601259843543929, 38.34769436782053 ], [ -121.601888664210662, 38.347694368 ], [ -121.601978495474441, 38.347335041421658 ], [ -121.602517484686331, 38.347694367783191 ], [ -121.602517484737135, 38.35002998778085 ], [ -121.602158159615016, 38.350029987262268 ], [ -121.602158158951127, 38.349760493187894 ], [ -121.601259844300458, 38.349760493025272 ], [ -121.600720854725537, 38.349490998704375 ], [ -121.600720854270165, 38.349221503853414 ], [ -121.600361529075798, 38.349221503575393 ] ] ] } },
{ "type": "Feature", "properties": { "csb_id": "061825015521627", "acres": 5.1855611853457102, "geoid": "06113" }, "geometry": { "type": "Polygon", "coordinates": [ [ [ -121.592546185979387, 38.348862177657999 ], [ -121.592276690690412, 38.348862178038445 ], [ -121.592276691250191, 38.348592683095127 ], [ -121.592546185284036, 38.348233356978582 ], [ -121.592905511625602, 38.348233356590796 ], [ -121.592905511297403, 38.347963862262631 ], [ -121.592546185845421, 38.347694367696306 ], [ -121.592276691196403, 38.347694367928852 ], [ -121.592276690829266, 38.347335041555702 ], [ -121.593444500481041, 38.347335041958722 ], [ -121.593444500543399, 38.348233357407793 ], [ -121.593264837513601, 38.348682514584837 ], [ -121.59344450089533, 38.349760494277092 ], [ -121.592546185683588, 38.34976049262994 ], [ -121.592546185979387, 38.348862177657999 ] ] ] } },
{ "type": "Feature", "properties": { "csb_id": "061825015521628", "acres": 16.95947644836, "geoid": "06113" }, "geometry": { "type": "Polygon", "coordinates": [ [ [ -121.585629157627139, 38.349131672206447 ], [ -121.585629157666972, 38.349490998162985 ], [ -121.585359663450433, 38.349760493360144 ], [ -121.585090168973622, 38.349760492858294 ], [ -121.58509016835319, 38.347335042043881 ], [ -121.588683428778566, 38.347335041686598 ], [ -121.588683430017682, 38.347963862625498 ], [ -121.5889529228904, 38.347963862522889 ], [ -121.588952924410805, 38.349131672020604 ], [ -121.585629157627139, 38.349131672206447 ] ] ] } },
{ "type": "Feature", "properties": { "csb_id": "061825015521640", "acres": 9.4714580165837408, "geoid": "06113" }, "geometry": { "type": "Polygon", "coordinates": [ [ [ -121.59200719651497, 38.348862177591293 ], [ -121.592007195837198, 38.348592683122703 ], [ -121.591108881288903, 38.348592683142826 ], [ -121.591108881202672, 38.348862177996708 ], [ -121.590480060680434, 38.348862177945932 ], [ -121.590480060541154, 38.348592682706752 ], [ -121.589851239909152, 38.34859268273447 ], [ -121.589851239966663, 38.348862177499022 ], [ -121.589581745408097, 38.348862177374329 ], [ -121.589581744826361, 38.347694368306719 ], [ -121.58985123955118, 38.347694367481964 ], [ -121.589851239250706, 38.347065546979486 ], [ -121.590749554728745, 38.347065547331439 ], [ -121.591378375353514, 38.347335041469009 ], [ -121.591378376084251, 38.347694367752631 ], [ -121.592546185845421, 38.347694367696306 ], [ -121.592905511297403, 38.347963862262631 ], [ -121.592905511625602, 38.348233356590796 ], [ -121.592546185284036, 38.348233356978582 ], [ -121.592276691250191, 38.348592683095127 ], [ -121.592276690690412, 38.348862178038445 ], [ -121.59200719651497, 38.348862177591293 ] ] ] } },
{ "type": "Feature", "properties": { "csb_id": "061825015521682", "acres": 12.6450499763647, "geoid": "06113" }, "geometry": { "type": "Polygon", "coordinates": [ [ [ -121.620304128116373, 38.347335041497239 ], [ -121.618417665599907, 38.347335041770819 ], [ -121.618417665576217, 38.347694367755295 ], [ -121.618058339236384, 38.347694368238976 ], [ -121.618058339598079, 38.347335041632121 ], [ -121.617788845327439, 38.347335041484442 ], [ -121.617788845219252, 38.346796052587372 ], [ -121.618058339737743, 38.346796052259847 ], [ -121.618417665659038, 38.346436726784283 ], [ -121.618507496961684, 38.345358747933105 ], [ -121.618956654634275, 38.344909590318728 ], [ -121.618956654496998, 38.344640095870695 ], [ -121.619854970543443, 38.344640095702502 ], [ -121.620214296135231, 38.344909590733927 ], [ -121.620393959754864, 38.345358748341809 ], [ -121.620304128116373, 38.347335041497239 ] ] ] } },
{ "type": "Feature", "properties": { "csb_id": "061825015521683", "acres": 3.3958869369196298, "geoid": "06113" }, "geometry": { "type": "Polygon", "coordinates": [ [ [ -121.582754548888317, 38.346526557503907 ], [ -121.582395223281651, 38.346257063113164 ], [ -121.582125728728428, 38.346257063503387 ], [ -121.582125728161003, 38.345987568382704 ], [ -121.582395223232623, 38.345628242247187 ], [ -121.583563033203703, 38.34580790597996 ], [ -121.583832527798094, 38.345538411051912 ], [ -121.583832527146001, 38.345268916456178 ], [ -121.584191853870564, 38.345268916128546 ], [ -121.584191853355293, 38.345987568989692 ], [ -121.583652864576351, 38.345987569072591 ], [ -121.583652864561287, 38.346526558243355 ], [ -121.582754548888317, 38.346526557503907 ] ] ] } },
{ "type": "Feature", "properties": { "csb_id": "061825015521687", "acres": 23.344891881576299, "geoid": "06113" }, "geometry": { "type": "Polygon", "coordinates": [ [ [ -121.584461347482616, 38.350029987255404 ], [ -121.583024043112303, 38.34958083016663 ], [ -121.582934211963632, 38.349221503947263 ], [ -121.581227413893728, 38.348682515798316 ], [ -121.580059602746331, 38.347963862209674 ], [ -121.579610446194124, 38.347963862665736 ], [ -121.579610444225679, 38.347694367980878 ], [ -121.580239266363876, 38.347065546823295 ], [ -121.580868085984349, 38.346796052822562 ], [ -121.580868087536444, 38.345807905962765 ], [ -121.581227412104298, 38.345538411515108 ], [ -121.581766402066336, 38.345358748534807 ], [ -121.581766401905639, 38.346526558222912 ], [ -121.582395222217158, 38.346885884198642 ], [ -121.582664715963688, 38.347335042375363 ], [ -121.583293537529244, 38.347335041410396 ], [ -121.583563032048076, 38.347784199894271 ], [ -121.584461346566698, 38.347963862955595 ], [ -121.584461347482616, 38.350029987255404 ] ] ] } },
{ "type": "Feature", "properties": { "csb_id": "061825015521722", "acres": 59.374769735127003, "geoid": "06113" }, "geometry": { "type": "Polygon", "coordinates": [ [ [ -121.614195583685458, 38.34859268270327 ], [ -121.613027773755221, 38.34769436779505 ], [ -121.612398953259444, 38.347694368047108 ], [ -121.612398952911704, 38.347155378398995 ], [ -121.610602323048028, 38.346796052192559 ], [ -121.610602322933858, 38.346436726056183 ], [ -121.610242997217966, 38.346167232073618 ], [ -121.610242996328452, 38.345807905542067 ], [ -121.609973502389408, 38.345538411228986 ], [ -121.609704008004101, 38.345538411465625 ], [ -121.609704008202485, 38.345268916797416 ], [ -121.610871817457408, 38.344460433154786 ], [ -121.614015919677001, 38.344460433346754 ], [ -121.614015919526793, 38.344640095944655 ], [ -121.614824403860027, 38.344640096089101 ], [ -121.614824404258101, 38.344460433016074 ], [ -121.616261708671928, 38.344460432590715 ], [ -121.617160024410794, 38.344640095540086 ], [ -121.618956654496998, 38.344640095870695 ], [ -121.618956654634275, 38.344909590318728 ], [ -121.618507496961684, 38.345358747933105 ], [ -121.618417665659038, 38.346436726784283 ], [ -121.618058339737743, 38.346796052259847 ], [ -121.617788845219252, 38.346796052587372 ], [ -121.617788845327439, 38.347335041484442 ], [ -121.618058339598079, 38.347335041632121 ], [ -121.618058339236384, 38.347694368238976 ], [ -121.616621036645626, 38.347694367419663 ], [ -121.616621035561295, 38.34742487318627 ], [ -121.616351541172747, 38.347694367801289 ], [ -121.615453224681076, 38.347335042171068 ], [ -121.615093899505553, 38.347424873544945 ], [ -121.614824404080622, 38.347694367542239 ], [ -121.614465078712612, 38.348233356750569 ], [ -121.614465078691794, 38.348592683219131 ], [ -121.614195583685458, 38.34859268270327 ] ], [ [ -121.614824404831538, 38.347424873399177 ], [ -121.614554909726792, 38.347335041805678 ], [ -121.614554910465131, 38.347424873523124 ], [ -121.614824404831538, 38.347424873399177 ] ], [ [ -121.61329726934062, 38.347065547364004 ], [ -121.613027772762578, 38.347065547673211 ], [ -121.613027772710822, 38.347335042115162 ], [ -121.613297268857352, 38.347335041183527 ], [ -121.61329726934062, 38.347065547364004 ] ] ] } },
{ "type": "Feature", "properties": { "csb_id": "061825015521723", "acres": 2.7960628149066298, "geoid": "06113" }, "geometry": { "type": "Polygon", "coordinates": [ [ [ -121.593175004807122, 38.346167232455912 ], [ -121.593175005608316, 38.344640096290611 ], [ -121.593803827092302, 38.344640095939823 ], [ -121.593803826203853, 38.346167232136288 ], [ -121.594073321236451, 38.346167231909419 ], [ -121.594073319977639, 38.346436726586177 ], [ -121.593444499305207, 38.346436726710948 ], [ -121.593175004807122, 38.346167232455912 ] ] ] } },
{ "type": "Feature", "properties": { "csb_id": "061825015521731", "acres": 3.6378175715736401, "geoid": "06113" }, "geometry": { "type": "Polygon", "coordinates": [ [ [ -121.599193718390723, 38.345268916278819 ], [ -121.597936077000824, 38.345268916247242 ], [ -121.597666583201161, 38.344909590482466 ], [ -121.597666582333105, 38.344370601737829 ], [ -121.599463212738812, 38.344370601093289 ], [ -121.599463213936914, 38.344909590729593 ], [ -121.599193718390723, 38.345268916278819 ] ] ] } },
{ "type": "Feature", "properties": { "csb_id": "061825015521732", "acres": 19.011340123765802, "geoid": "06113" }, "geometry": { "type": "Polygon", "coordinates": [ [ [ -121.5958699522442, 38.346796052374387 ], [ -121.595241131812472, 38.346436725860713 ], [ -121.594702141879395, 38.346436726687671 ], [ -121.594702142063412, 38.34679605286896 ], [ -121.594342815845422, 38.346796052572913 ], [ -121.59434281619383, 38.345538411551182 ], [ -121.594073321887194, 38.345268916435387 ], [ -121.593803826505095, 38.345268916514364 ], [ -121.5938936586534, 38.344460433005274 ], [ -121.59434281642713, 38.34419093831719 ], [ -121.597666582333105, 38.344370601737829 ], [ -121.597666583201161, 38.344909590482466 ], [ -121.597936077000824, 38.345268916247242 ], [ -121.598834392811156, 38.345268916674854 ], [ -121.598834392679507, 38.346167231504211 ], [ -121.597666582359949, 38.346167231755039 ], [ -121.59766658336828, 38.345807905917368 ], [ -121.597397087693523, 38.345538410936214 ], [ -121.595600457393104, 38.34553841138947 ], [ -121.595600458093486, 38.345807905925994 ], [ -121.596139446366692, 38.345807906086499 ], [ -121.596498772388628, 38.346167231954134 ], [ -121.596498772739494, 38.346436726335249 ], [ -121.596139446668445, 38.34679605287171 ], [ -121.5958699522442, 38.346796052374387 ] ] ] } },
{ "type": "Feature", "properties": { "csb_id": "061825015521794", "acres": 431.86777932113898, "geoid": "06113" }, "geometry": { "type": "Polygon", "coordinates": [ [ [ -121.602786979958324, 38.356048699668897 ], [ -121.602158159329562, 38.356048699915299 ], [ -121.6016191697137, 38.356408026075336 ], [ -121.600990348806405, 38.356497857311247 ], [ -121.593264838308158, 38.356408025826518 ], [ -121.593264837865405, 38.353084259784623 ], [ -121.593444500547932, 38.352724933259857 ], [ -121.593444500694901, 38.352185944616835 ], [ -121.59317500635656, 38.351557123201616 ], [ -121.59317500645615, 38.350928303129805 ], [ -121.593444500423175, 38.350928302680813 ], [ -121.593264837422694, 38.349760493268285 ], [ -121.59344450089533, 38.349760494277092 ], [ -121.593264837513601, 38.348682514584837 ], [ -121.593444500543399, 38.348233357407793 ], [ -121.593444500481041, 38.347335041958722 ], [ -121.592276690829266, 38.347335041555702 ], [ -121.592276691196403, 38.347694367928852 ], [ -121.591378376084251, 38.347694367752631 ], [ -121.591378375353514, 38.347335041469009 ], [ -121.590749554728745, 38.347065547331439 ], [ -121.589851239250706, 38.347065546979486 ], [ -121.58985123955118, 38.347694367481964 ], [ -121.589581744826361, 38.347694368306719 ], [ -121.589222419435217, 38.347694367677512 ], [ -121.589222418622825, 38.347335041809899 ], [ -121.58509016835319, 38.347335042043881 ], [ -121.585090168362555, 38.343112959688952 ], [ -121.585359663275128, 38.342843465415534 ], [ -121.585988483799525, 38.342843464911056 ], [ -121.592276690981322, 38.344101106901569 ], [ -121.593444500570072, 38.344190938461409 ], [ -121.593444499487816, 38.344640096491553 ], [ -121.593175005608316, 38.344640096290611 ], [ -121.593175004807122, 38.346167232455912 ], [ -121.593444499305207, 38.346436726710948 ], [ -121.594073319977639, 38.346436726586177 ], [ -121.594073321236451, 38.346167231909419 ], [ -121.593803826203853, 38.346167232136288 ], [ -121.593803826505095, 38.345268916514364 ], [ -121.594073321887194, 38.345268916435387 ], [ -121.59434281619383, 38.345538411551182 ], [ -121.594342815845422, 38.346796052572913 ], [ -121.594702142063412, 38.34679605286896 ], [ -121.594702141879395, 38.346436726687671 ], [ -121.595241131812472, 38.346436725860713 ], [ -121.5958699522442, 38.346796052374387 ], [ -121.596139446668445, 38.34679605287171 ], [ -121.596498772739494, 38.346436726335249 ], [ -121.596498772388628, 38.346167231954134 ], [ -121.596139446366692, 38.345807906086499 ], [ -121.595600458093486, 38.345807905925994 ], [ -121.595600457393104, 38.34553841138947 ], [ -121.597397087693523, 38.345538410936214 ], [ -121.59766658336828, 38.345807905917368 ], [ -121.597666582359949, 38.346167231755039 ], [ -121.598834392679507, 38.346167231504211 ], [ -121.598834392811156, 38.345268916674854 ], [ -121.599193718390723, 38.345268916278819 ], [ -121.599463213936914, 38.344909590729593 ], [ -121.599463212738812, 38.344370601093289 ], [ -121.607548050947472, 38.344370600884098 ], [ -121.607548051242347, 38.344640095620576 ], [ -121.608176870597333, 38.344640096309909 ], [ -121.608176870220561, 38.344370601098333 ], [ -121.609075187194222, 38.34437060098459 ], [ -121.609434513188219, 38.344640095549352 ], [ -121.609344681785913, 38.345538410942055 ], [ -121.609704008004101, 38.345538411465625 ], [ -121.609704006862557, 38.346167231564472 ], [ -121.609973502443196, 38.346167231565474 ], [ -121.609973502174668, 38.347065546771255 ], [ -121.609793839532045, 38.347065547062762 ], [ -121.60970400702459, 38.347963862234778 ], [ -121.609344681297074, 38.347963862775835 ], [ -121.609344680892832, 38.348233357173932 ], [ -121.609075186656881, 38.34832318895905 ], [ -121.609075186376586, 38.348592683115328 ], [ -121.608446366371794, 38.348592682709111 ], [ -121.607907376566317, 38.349131672501898 ], [ -121.607907376657835, 38.349490998562416 ], [ -121.608176871155024, 38.349490998853767 ], [ -121.608176871144877, 38.349850324286159 ], [ -121.607907376749338, 38.349850324617215 ], [ -121.607548050902224, 38.35038931298412 ], [ -121.606649735185542, 38.350389313734681 ], [ -121.605481925651702, 38.351557123743909 ], [ -121.605481925348727, 38.351826617829403 ], [ -121.605751420394256, 38.351826617740564 ], [ -121.605751420447888, 38.35245543851682 ], [ -121.605481925627956, 38.352455438990674 ], [ -121.605212430936575, 38.352724933571679 ], [ -121.605212431133921, 38.353353754233638 ], [ -121.603954790027018, 38.35398257488886 ], [ -121.603056474588186, 38.354880890435581 ], [ -121.603056474410792, 38.355419879264417 ], [ -121.603685294837447, 38.355419878875153 ], [ -121.603685294725878, 38.355779205100781 ], [ -121.603415800183214, 38.355779205792174 ], [ -121.60341580038596, 38.356408025865321 ], [ -121.602786980210354, 38.356408025795155 ], [ -121.602786979958324, 38.356048699668897 ] ], [ [ -121.602517484737135, 38.35002998778085 ], [ -121.602517484686331, 38.347694367783191 ], [ -121.601978495474441, 38.347335041421658 ], [ -121.601888664210662, 38.347694368 ], [ -121.601259843543929, 38.34769436782053 ], [ -121.601259843779744, 38.347335042123369 ], [ -121.600990349255042, 38.34733504133407 ], [ -121.600990349452189, 38.347963862760395 ], [ -121.600720854347031, 38.347963862863338 ], [ -121.600720855005122, 38.347694367756745 ], [ -121.600361528877713, 38.3476943674208 ], [ -121.600361529075798, 38.349221503575393 ], [ -121.600720854270165, 38.349221503853414 ], [ -121.600720854725537, 38.349490998704375 ], [ -121.601259844300458, 38.349760493025272 ], [ -121.602158158951127, 38.349760493187894 ], [ -121.602158159615016, 38.350029987262268 ], [ -121.602517484737135, 38.35002998778085 ] ] ] } },
{ "type": "Feature", "properties": { "csb_id": "061825015521798", "acres": 4.4312627188266402, "geoid": "06113" }, "geometry": { "type": "Polygon", "coordinates": [ [ [ -121.593444500619057, 38.344011275513736 ], [ -121.593264837821962, 38.343741780779162 ], [ -121.593264837912855, 38.342663801803447 ], [ -121.594342815931441, 38.342663802664092 ], [ -121.594342815547009, 38.342843465237607 ], [ -121.594971636960892, 38.342843464907226 ], [ -121.594971636855803, 38.34347228571248 ], [ -121.594702142694175, 38.34347228612863 ], [ -121.594702142323314, 38.343741780215744 ], [ -121.594073321929855, 38.343741780087086 ], [ -121.594073322091859, 38.344011275416143 ], [ -121.593444500619057, 38.344011275513736 ] ] ] } },
{ "type": "Feature", "properties": { "csb_id": "061825015521881", "acres": 2.6027490939005502, "geoid": "06113" }, "geometry": { "type": "Polygon", "coordinates": [ [ [ -121.625604188197684, 38.341046834666557 ], [ -121.625334694099536, 38.341316329540945 ], [ -121.625334693237562, 38.341046834832937 ], [ -121.62290924275807, 38.341046834794454 ], [ -121.622909242392225, 38.340777340026712 ], [ -121.623807557487552, 38.340777339987852 ], [ -121.623807557465881, 38.340418013821676 ], [ -121.624705872851834, 38.340418013627875 ], [ -121.624705872509978, 38.340777339884838 ], [ -121.625604187767294, 38.340777340577411 ], [ -121.625604188197684, 38.341046834666557 ] ] ] } },
{ "type": "Feature", "properties": { "csb_id": "061825015521900", "acres": 26.955463275197701, "geoid": "06113" }, "geometry": { "type": "Polygon", "coordinates": [ [ [ -121.598564897593846, 38.343741781064303 ], [ -121.597936077119016, 38.343741780333275 ], [ -121.59793607687233, 38.344011275071082 ], [ -121.5970377620948, 38.34401127484864 ], [ -121.597037761757534, 38.343831611957754 ], [ -121.59676826753099, 38.343741780129939 ], [ -121.596768267722027, 38.342843465027023 ], [ -121.597037761316258, 38.342573970345278 ], [ -121.597397087563095, 38.342573970389871 ], [ -121.597397088468512, 38.341945149585328 ], [ -121.59883439212679, 38.341945149885014 ], [ -121.59883439282055, 38.341406162607527 ], [ -121.599193718748324, 38.341046834512021 ], [ -121.599193719858278, 38.34014852110144 ], [ -121.599463213606668, 38.34014852036497 ], [ -121.599463213260549, 38.341046833390429 ], [ -121.600092033880216, 38.341046834320004 ], [ -121.600092033369648, 38.341675655361882 ], [ -121.600361528885855, 38.341675655327386 ], [ -121.600361528758128, 38.341316329621421 ], [ -121.601259844080261, 38.341316328969782 ], [ -121.601259844051825, 38.3419451501833 ], [ -121.601619169601108, 38.342034981643756 ], [ -121.601619170232524, 38.343741780703034 ], [ -121.601888664734531, 38.343741780083072 ], [ -121.601888664716384, 38.344011275090139 ], [ -121.599463213360906, 38.344011275284323 ], [ -121.598564897593846, 38.343741781064303 ] ] ] } },
{ "type": "Feature", "properties": { "csb_id": "061825015521910", "acres": 12.1524708618212, "geoid": "06113" }, "geometry": { "type": "Polygon", "coordinates": [ [ [ -121.591108879833172, 38.341945150238892 ], [ -121.590749553304406, 38.342214644766102 ], [ -121.590120734017376, 38.342214644574199 ], [ -121.590120732895556, 38.34131632944667 ], [ -121.590749553479725, 38.340777340275928 ], [ -121.590749553892351, 38.340148519633068 ], [ -121.59110888085624, 38.340148519624783 ], [ -121.591108880942457, 38.339879024663759 ], [ -121.592007196744262, 38.339879024781666 ], [ -121.592815680282484, 38.340238350541682 ], [ -121.592815679938042, 38.342214644205129 ], [ -121.592007196372094, 38.342214644730994 ], [ -121.591647868535787, 38.341945150054322 ], [ -121.591108879833172, 38.341945150238892 ] ] ] } },
{ "type": "Feature", "properties": { "csb_id": "061825015521922", "acres": 9.1337862909340508, "geoid": "06113" }, "geometry": { "type": "Polygon", "coordinates": [ [ [ -121.600092033369648, 38.341675655361882 ], [ -121.600092033880216, 38.341046834320004 ], [ -121.599463213260549, 38.341046833390429 ], [ -121.599463213606668, 38.34014852036497 ], [ -121.599193719858278, 38.34014852110144 ], [ -121.59919371852051, 38.339879024743063 ], [ -121.599463213322323, 38.339519698745363 ], [ -121.600361528617924, 38.339519699044068 ], [ -121.600361528995194, 38.340148519508226 ], [ -121.600720855158855, 38.340148519363446 ], [ -121.600720855043562, 38.339519698186905 ], [ -121.60161917007305, 38.339519698614993 ], [ -121.601619170482778, 38.339879024678318 ], [ -121.601888664280196, 38.339879024886358 ], [ -121.601888664895725, 38.340238351181057 ], [ -121.601259843402758, 38.340418014261729 ], [ -121.601259844280278, 38.340777339834993 ], [ -121.601888664552021, 38.340777340419201 ], [ -121.601888664860184, 38.34113666583886 ], [ -121.601619169895017, 38.341316329346043 ], [ -121.600361528758128, 38.341316329621421 ], [ -121.600361528885855, 38.341675655327386 ], [ -121.600092033369648, 38.341675655361882 ] ] ] } },
{ "type": "Feature", "properties": { "csb_id": "061825015521923", "acres": 38.459964633853197, "geoid": "06113" }, "geometry": { "type": "Polygon", "coordinates": [ [ [ -121.595241131013267, 38.343741780987969 ], [ -121.595241131507805, 38.344011275309157 ], [ -121.594702142259791, 38.344011275159545 ], [ -121.594702142694175, 38.34347228612863 ], [ -121.594971636855803, 38.34347228571248 ], [ -121.594971636960892, 38.342843464907226 ], [ -121.594342815547009, 38.342843465237607 ], [ -121.594342815931441, 38.342663802664092 ], [ -121.593264837912855, 38.342663801803447 ], [ -121.593264837821962, 38.343741780779162 ], [ -121.592995343592904, 38.343741780036794 ], [ -121.593175006001104, 38.342573970759666 ], [ -121.593175006598045, 38.340777339689005 ], [ -121.594073319881119, 38.340777340558958 ], [ -121.594702142148051, 38.340418014107357 ], [ -121.596139446574455, 38.340418014361163 ], [ -121.596498770516689, 38.340148519814505 ], [ -121.596768267181716, 38.340148519731621 ], [ -121.596768265065506, 38.339519698797822 ], [ -121.59766658058652, 38.339519699289696 ], [ -121.597666582918322, 38.339879024519277 ], [ -121.598295403322183, 38.339879025139972 ], [ -121.598295403479099, 38.339519698723308 ], [ -121.598834392731547, 38.339519698310987 ], [ -121.598834392986276, 38.33987902520245 ], [ -121.598564896887197, 38.33987902527381 ], [ -121.598564897528348, 38.340148519437278 ], [ -121.599193719858278, 38.34014852110144 ], [ -121.599193718748324, 38.341046834512021 ], [ -121.59883439282055, 38.341406162607527 ], [ -121.59883439212679, 38.341945149885014 ], [ -121.597397088468512, 38.341945149585328 ], [ -121.597397087563095, 38.342573970389871 ], [ -121.597037761316258, 38.342573970345278 ], [ -121.596768267722027, 38.342843465027023 ], [ -121.596768267757852, 38.344011274778147 ], [ -121.595869952713699, 38.344011275341479 ], [ -121.595869952137335, 38.343741780545464 ], [ -121.595241131013267, 38.343741780987969 ] ] ] } },
{ "type": "Feature", "properties": { "csb_id": "061825015521924", "acres": 37.537721479697503, "geoid": "06113" }, "geometry": { "type": "Polygon", "coordinates": [ [ [ -121.59254618534203, 38.343741780829191 ], [ -121.591108881539228, 38.34365194879787 ], [ -121.589581745388244, 38.343112960809584 ], [ -121.586886799668562, 38.342843464783847 ], [ -121.586886798745795, 38.342573970599268 ], [ -121.586527472619181, 38.342573970375597 ], [ -121.586527472942961, 38.342214644217556 ], [ -121.586886799728106, 38.341945149536926 ], [ -121.586886799904235, 38.34131632955355 ], [ -121.586257978562642, 38.341316329282179 ], [ -121.586257978527826, 38.341046834455796 ], [ -121.586886798674271, 38.341046834489873 ], [ -121.587156294110926, 38.340777340525122 ], [ -121.587425788623605, 38.340418013514352 ], [ -121.58742578869483, 38.339879024754467 ], [ -121.587785114648938, 38.339519698611724 ], [ -121.590120733992066, 38.339519698366701 ], [ -121.590120734440802, 38.339879024452365 ], [ -121.591108880942457, 38.339879024663759 ], [ -121.59110888085624, 38.340148519624783 ], [ -121.590749553892351, 38.340148519633068 ], [ -121.590749553479725, 38.340777340275928 ], [ -121.590120732895556, 38.34131632944667 ], [ -121.590120734017376, 38.342214644574199 ], [ -121.590749553304406, 38.342214644766102 ], [ -121.591108879833172, 38.341945150238892 ], [ -121.591647868535787, 38.341945150054322 ], [ -121.592007196372094, 38.342214644730994 ], [ -121.592636015391861, 38.342214644593462 ], [ -121.59254618534203, 38.343741780829191 ] ] ] } },
{ "type": "Feature", "properties": { "csb_id": "061825015521940", "acres": 4.8475334354858699, "geoid": "06113" }, "geometry": { "type": "Polygon", "coordinates": [ [ [ -121.622909241945223, 38.339250204140953 ], [ -121.624975367010947, 38.339250204156414 ], [ -121.624975367531079, 38.33987902515922 ], [ -121.625604188417441, 38.339879024934625 ], [ -121.625604187734567, 38.340148519272716 ], [ -121.625334693286845, 38.340418014011497 ], [ -121.624975367729974, 38.340418014363642 ], [ -121.624975367073887, 38.340148519881922 ], [ -121.624436378700167, 38.339879024670303 ], [ -121.622909242696267, 38.339879025018739 ], [ -121.622909241641182, 38.340148519175486 ], [ -121.622639747371878, 38.340148519548826 ], [ -121.622280421664144, 38.339879024458739 ], [ -121.622280422130416, 38.339519698843311 ], [ -121.622909242311039, 38.339519698927973 ], [ -121.622909241945223, 38.339250204140953 ] ] ] } },
{ "type": "Feature", "properties": { "csb_id": "061825015521952", "acres": 80.732041743437904, "geoid": "06113" }, "geometry": { "type": "Polygon", "coordinates": [ [ [ -121.579071456234658, 38.345807905424586 ], [ -121.577903646583763, 38.345628242982272 ], [ -121.575478194761885, 38.343472285608179 ], [ -121.574579879414912, 38.343472285832078 ], [ -121.574220553978449, 38.343112959407428 ], [ -121.573951059590286, 38.342304475798365 ], [ -121.572423923334753, 38.341945150295693 ], [ -121.572737631641374, 38.3402953071745 ], [ -121.573512253403223, 38.339394579645337 ], [ -121.57493920556837, 38.338441720063173 ], [ -121.576107016477835, 38.338801046798523 ], [ -121.58023926583175, 38.341675655458026 ], [ -121.580239265971613, 38.342573970921272 ], [ -121.579969771262014, 38.343472286108003 ], [ -121.579969771391376, 38.344640096222143 ], [ -121.580239266573656, 38.344640095453144 ], [ -121.580239266089578, 38.344909590264024 ], [ -121.579969771933619, 38.345268916285725 ], [ -121.579340951212458, 38.345268916812579 ], [ -121.579071456234658, 38.345807905424586 ] ], [ [ -121.573951059163988, 38.339609530324466 ], [ -121.573771396234207, 38.33960953009295 ], [ -121.57377139580926, 38.339879024522169 ], [ -121.57395105939861, 38.339879024753685 ], [ -121.573951059163988, 38.339609530324466 ] ] ] } },
{ "type": "Feature", "properties": { "csb_id": "061825015521979", "acres": 40.512218947677503, "geoid": "06113" }, "geometry": { "type": "Polygon", "coordinates": [ [ [ -121.628029639637063, 38.341316329284894 ], [ -121.627670312872681, 38.341046834550575 ], [ -121.627670313378573, 38.340418013988277 ], [ -121.628029639478157, 38.340418013979892 ], [ -121.62802963931928, 38.339519698637154 ], [ -121.627670312941078, 38.339250203824093 ], [ -121.626771998236833, 38.339519698692513 ], [ -121.625873682431674, 38.339519698822031 ], [ -121.625873682238705, 38.340148519760589 ], [ -121.626233009025142, 38.340418013699392 ], [ -121.626771997287719, 38.340418013762829 ], [ -121.626771997538, 38.340777340201264 ], [ -121.626502503032683, 38.341046835147999 ], [ -121.625604188197684, 38.341046834666557 ], [ -121.625604187767294, 38.340777340577411 ], [ -121.624705872509978, 38.340777339884838 ], [ -121.624705872851834, 38.340418013627875 ], [ -121.623807557465881, 38.340418013821676 ], [ -121.623807557487552, 38.340777339987852 ], [ -121.620214296668067, 38.340777339757672 ], [ -121.620214296318338, 38.339879024523825 ], [ -121.620483790286642, 38.3398790246884 ], [ -121.620483791269436, 38.339250204173062 ], [ -121.620214295962185, 38.339250203861383 ], [ -121.620214295968594, 38.33898070925207 ], [ -121.62084311638003, 38.338351888617069 ], [ -121.621382106389945, 38.338351889244358 ], [ -121.621382105910087, 38.33862138395218 ], [ -121.62201092718449, 38.338621383049968 ], [ -121.622010926776738, 38.33835188896439 ], [ -121.622639747280829, 38.33835188914771 ], [ -121.622639747770563, 38.338621383708549 ], [ -121.624705872642167, 38.338621383587537 ], [ -121.624705872975468, 38.338351889082993 ], [ -121.624975367255686, 38.338351889252742 ], [ -121.625334693082451, 38.338621383461344 ], [ -121.625334693284444, 38.338980709364009 ], [ -121.625873682931896, 38.338980709888666 ], [ -121.625873682318144, 38.338621383510649 ], [ -121.626502503798918, 38.338621383672681 ], [ -121.626502503535576, 38.338980709043888 ], [ -121.627131324564459, 38.338980709522296 ], [ -121.627131323976258, 38.338621383675786 ], [ -121.627670313446984, 38.338621383208697 ], [ -121.627670313333738, 38.3389807097683 ], [ -121.628299133982296, 38.338980709912818 ], [ -121.628299133551749, 38.338621383737738 ], [ -121.628927954579666, 38.338621383632471 ], [ -121.629466943774474, 38.33925020377464 ], [ -121.629466944411348, 38.339519699015469 ], [ -121.630095764346052, 38.339519698520306 ], [ -121.63009576467897, 38.341046834858666 ], [ -121.629826269673799, 38.341046834691376 ], [ -121.629826270208895, 38.34131632928726 ], [ -121.628029639637063, 38.341316329284894 ] ], [ [ -121.624975367531079, 38.33987902515922 ], [ -121.624975367010947, 38.339250204156414 ], [ -121.622909241945223, 38.339250204140953 ], [ -121.622909242311039, 38.339519698927973 ], [ -121.622280422130416, 38.339519698843311 ], [ -121.622280421664144, 38.339879024458739 ], [ -121.622639747371878, 38.340148519548826 ], [ -121.622909241641182, 38.340148519175486 ], [ -121.622909242696267, 38.339879025018739 ], [ -121.624436378700167, 38.339879024670303 ], [ -121.624975367073887, 38.340148519881922 ], [ -121.624975367729974, 38.340418014363642 ], [ -121.625334693286845, 38.340418014011497 ], [ -121.625604187734567, 38.340148519272716 ], [ -121.625604188417441, 38.339879024934625 ], [ -121.624975367531079, 38.33987902515922 ] ] ] } },
{ "type": "Feature", "properties": { "csb_id": "061825015522088", "acres": 55.381418543231597, "geoid": "06113" }, "geometry": { "type": "Polygon", "coordinates": [ [ [ -121.567662852789894, 38.338082394466269 ], [ -121.567662852172063, 38.337184079310063 ], [ -121.56918998786206, 38.335926437754914 ], [ -121.56945948291829, 38.335297616443235 ], [ -121.569728977728502, 38.335028122648758 ], [ -121.570357797459693, 38.335028122230874 ], [ -121.573951059285122, 38.337543404918563 ], [ -121.574579879990452, 38.337812899883552 ], [ -121.574849374937173, 38.338172226091196 ], [ -121.573246092619613, 38.339367954456257 ], [ -121.572559459580447, 38.340226113453426 ], [ -121.572423923136313, 38.341406161040368 ], [ -121.572154428431674, 38.341316329057236 ], [ -121.572154428918623, 38.341046834972076 ], [ -121.571615439627209, 38.340867171900314 ], [ -121.570986618298818, 38.340238350637755 ], [ -121.569189988046759, 38.339340035757253 ], [ -121.568920493465981, 38.339070541521792 ], [ -121.56892049366644, 38.338711215184823 ], [ -121.568291672292929, 38.33871121484249 ], [ -121.568201841709808, 38.33835188836165 ], [ -121.567662852789894, 38.338082394466269 ] ] ] } },
{ "type": "Feature", "properties": { "csb_id": "061825015522120", "acres": 14.195302739237899, "geoid": "06113" }, "geometry": { "type": "Polygon", "coordinates": [ [ [ -121.635305992821259, 38.33511795378611 ], [ -121.633778857102357, 38.335117953717791 ], [ -121.63377885740627, 38.335297616441395 ], [ -121.63279071015171, 38.335297616854156 ], [ -121.63225172146322, 38.335028122192227 ], [ -121.630814416141874, 38.335028122266394 ], [ -121.63045509034842, 38.334758627733926 ], [ -121.630994079233375, 38.334399301683945 ], [ -121.630994079501704, 38.333950143643321 ], [ -121.631353406198528, 38.33395014370069 ], [ -121.631353405461994, 38.332961997078385 ], [ -121.631892394895246, 38.332961997017605 ], [ -121.631892394984959, 38.333321323416584 ], [ -121.6322517208541, 38.333500986078143 ], [ -121.633419531243902, 38.333500986611888 ], [ -121.634048352088769, 38.333860312066498 ], [ -121.634048351947456, 38.334399301838666 ], [ -121.633778856692061, 38.3343993017101 ], [ -121.633778856996003, 38.334578964439956 ], [ -121.635305993557679, 38.334578964710516 ], [ -121.635305992821259, 38.33511795378611 ] ] ] } },
{ "type": "Feature", "properties": { "csb_id": "061825015522125", "acres": 10.469853477376001, "geoid": "06113" }, "geometry": { "type": "Polygon", "coordinates": [ [ [ -121.638539928180776, 38.334758628119182 ], [ -121.63791110699546, 38.334758627990887 ], [ -121.637911107457157, 38.335297617188708 ], [ -121.638180601458146, 38.335387448260924 ], [ -121.635934813543258, 38.33538744812337 ], [ -121.635934813580619, 38.335117954094137 ], [ -121.635305992821259, 38.33511795378611 ], [ -121.63530599357496, 38.334219638444928 ], [ -121.635575488224205, 38.333950144238678 ], [ -121.635844981948665, 38.333950144108798 ], [ -121.635844982548633, 38.334129806933689 ], [ -121.637641612389146, 38.334129807202551 ], [ -121.637641613265828, 38.333950144048735 ], [ -121.63862975988053, 38.333950143514031 ], [ -121.639168749001982, 38.334219638456368 ], [ -121.639438243841937, 38.335028122609266 ], [ -121.638809422148597, 38.335028122059931 ], [ -121.638539928180776, 38.334758628119182 ] ], [ [ -121.636743298079949, 38.33502812221586 ], [ -121.636383971201141, 38.33502812200345 ], [ -121.636383972007238, 38.335297617131559 ], [ -121.636743297671046, 38.335297616959572 ], [ -121.636743298079949, 38.33502812221586 ] ] ] } },
{ "type": "Feature", "properties": { "csb_id": "061825015522130", "acres": 11.892270236430299, "geoid": "06113" }, "geometry": { "type": "Polygon", "coordinates": [ [ [ -121.641234872292273, 38.335477280060438 ], [ -121.640965379323248, 38.335297616689751 ], [ -121.639707737146651, 38.335297617487278 ], [ -121.639797569146239, 38.334219638797599 ], [ -121.639528074693885, 38.334219638273865 ], [ -121.639528074508263, 38.333860312259304 ], [ -121.640606053530618, 38.333860312202511 ], [ -121.64069588432109, 38.333590817637557 ], [ -121.640965379614869, 38.333590817707076 ], [ -121.64186369427965, 38.334129807061124 ], [ -121.64186369362595, 38.334399302181737 ], [ -121.642762008785937, 38.334399301639749 ], [ -121.642762010519235, 38.334758627918909 ], [ -121.643121336514682, 38.33511795401531 ], [ -121.643300997672867, 38.334758628385821 ], [ -121.643660324131361, 38.334758627641335 ], [ -121.64366032529567, 38.334399301655004 ], [ -121.643929818725724, 38.334399301816624 ], [ -121.64392981740383, 38.33502812286028 ], [ -121.643660324765094, 38.335297616563388 ], [ -121.643121335246363, 38.335477280373333 ], [ -121.641234872292273, 38.335477280060438 ] ], [ [ -121.641594200032287, 38.335297617104665 ], [ -121.641504367494321, 38.335117954200811 ], [ -121.641504368776495, 38.335297617051388 ], [ -121.641594200032287, 38.335297617104665 ] ] ] } },
{ "type": "Feature", "properties": { "csb_id": "061825015522230", "acres": 6.7156349990724697, "geoid": "06113" }, "geometry": { "type": "Polygon", "coordinates": [ [ [ -121.624975367131441, 38.332602670907043 ], [ -121.623807557917061, 38.332602670765517 ], [ -121.623807557938733, 38.332961997066491 ], [ -121.623178737184162, 38.332961997026224 ], [ -121.622280421084596, 38.332333176344818 ], [ -121.622280421267007, 38.331704356188695 ], [ -121.623268568174453, 38.331165366321812 ], [ -121.623538062879902, 38.331704355765901 ], [ -121.62470587258349, 38.331704356236131 ], [ -121.624526209325964, 38.331794187420769 ], [ -121.624526209217962, 38.332153513589105 ], [ -121.624975367909798, 38.33242300790112 ], [ -121.624975367131441, 38.332602670907043 ] ] ] } },
{ "type": "Feature", "properties": { "csb_id": "061825015522231", "acres": 5.9704394473262496, "geoid": "06113" }, "geometry": { "type": "Polygon", "coordinates": [ [ [ -121.598834392872561, 38.334758627932686 ], [ -121.598834392802971, 38.331434861204841 ], [ -121.599463213322579, 38.331434860768326 ], [ -121.599463212808303, 38.331704355991363 ], [ -121.599193718654121, 38.331704356021035 ], [ -121.599193718939588, 38.332063681565458 ], [ -121.600092034561072, 38.332063681889487 ], [ -121.600092033821284, 38.332333176719018 ], [ -121.599193718549273, 38.332333176542683 ], [ -121.599193719272193, 38.332602671278842 ], [ -121.599732708053665, 38.333231491539777 ], [ -121.599732708280115, 38.334129807294758 ], [ -121.599463213614101, 38.334399301202723 ], [ -121.599463213299487, 38.334758628034507 ], [ -121.599732707447771, 38.334848459716341 ], [ -121.599732708199255, 38.335028122150398 ], [ -121.599193719290312, 38.335028122351538 ], [ -121.599193718567363, 38.334758627647304 ], [ -121.598834392872561, 38.334758627932686 ] ] ] } },
{ "type": "Feature", "properties": { "csb_id": "061825015522235", "acres": 318.02748103825002, "geoid": "06113" }, "geometry": { "type": "Polygon", "coordinates": [ [ [ -121.608446366187906, 38.344011275303494 ], [ -121.602517485338041, 38.34410110704016 ], [ -121.60215815970156, 38.343831612054672 ], [ -121.601619170232524, 38.343741780703034 ], [ -121.601619169601108, 38.342034981643756 ], [ -121.601259844051825, 38.3419451501833 ], [ -121.601259844080261, 38.341316328969782 ], [ -121.601888664860184, 38.34113666583886 ], [ -121.601888664552021, 38.340777340419201 ], [ -121.601259844280278, 38.340777339834993 ], [ -121.601259843266959, 38.340507845499928 ], [ -121.601888664895725, 38.340238351181057 ], [ -121.601888664280196, 38.339879024886358 ], [ -121.601619170482778, 38.339879024678318 ], [ -121.60161917007305, 38.339519698614993 ], [ -121.600720855043562, 38.339519698186905 ], [ -121.600720855158855, 38.340148519363446 ], [ -121.600361528995194, 38.340148519508226 ], [ -121.600361528617924, 38.339519699044068 ], [ -121.599463213322323, 38.339519698745363 ], [ -121.59919371852051, 38.339879024743063 ], [ -121.599193719858278, 38.34014852110144 ], [ -121.598564897528348, 38.340148519437278 ], [ -121.598564896887197, 38.33987902527381 ], [ -121.598834392986276, 38.33987902520245 ], [ -121.598834392731547, 38.339519698310987 ], [ -121.598295403479099, 38.339519698723308 ], [ -121.598295403322183, 38.339879025139972 ], [ -121.597666582918322, 38.339879024519277 ], [ -121.59766658058652, 38.339519699289696 ], [ -121.596768265065506, 38.339519698797822 ], [ -121.596768267181716, 38.340148519731621 ], [ -121.596498770516689, 38.340148519814505 ], [ -121.596498772392607, 38.339879024880666 ], [ -121.594342816320903, 38.340148519212022 ], [ -121.593264836392066, 38.339609530593727 ], [ -121.593175006075242, 38.336285764092004 ], [ -121.59344450180356, 38.336285764763907 ], [ -121.593444500400793, 38.335656943154412 ], [ -121.59380382718733, 38.335656942657167 ], [ -121.593803826356933, 38.335477279637438 ], [ -121.595600457585405, 38.335477279558042 ], [ -121.5958699525101, 38.335656944283464 ], [ -121.595869952176542, 38.335297616728553 ], [ -121.596498773416101, 38.335297617985617 ], [ -121.5970377621246, 38.335028122080772 ], [ -121.601888664341061, 38.33502812261321 ], [ -121.601888664359223, 38.334758627492043 ], [ -121.602158158709045, 38.334758627610384 ], [ -121.60215815937282, 38.335028121871623 ], [ -121.602517485622073, 38.335028123147659 ], [ -121.602786980830388, 38.334758628872358 ], [ -121.604853104674064, 38.334848459437985 ], [ -121.60521243114222, 38.334758627747483 ], [ -121.6053022622268, 38.334219638242125 ], [ -121.605481925752997, 38.334129807126942 ], [ -121.606110746908286, 38.334129807116518 ], [ -121.606110746687278, 38.334399301893207 ], [ -121.60664973586465, 38.33439930181337 ], [ -121.606649735996683, 38.333860312404028 ], [ -121.607997208207237, 38.333860312414103 ], [ -121.60799720827454, 38.333321323670461 ], [ -121.607548051497602, 38.333231492069721 ], [ -121.608446366264843, 38.333231492928029 ], [ -121.60970400729417, 38.332961996766386 ], [ -121.609793838522492, 38.332602670745821 ], [ -121.609973501934519, 38.332602671068237 ], [ -121.610063333932985, 38.33206368184635 ], [ -121.610332828185634, 38.332063681403689 ], [ -121.610961648845645, 38.331524692827095 ], [ -121.6115006382378, 38.331434860790509 ], [ -121.611859964416254, 38.331165366940795 ], [ -121.612398953374836, 38.331255197651053 ], [ -121.61266844848204, 38.3317043568549 ], [ -121.612668448315659, 38.332333176096085 ], [ -121.611859964656801, 38.332333176678254 ], [ -121.611770132897888, 38.333500986500141 ], [ -121.610332828059612, 38.333950143735485 ], [ -121.610063333876198, 38.334219638662113 ], [ -121.610063333578722, 38.334578964528944 ], [ -121.60979383850021, 38.334578964438471 ], [ -121.609793838631632, 38.33484845924189 ], [ -121.611231143522375, 38.334848458815785 ], [ -121.611231143851427, 38.335028121789541 ], [ -121.611770132779142, 38.33502812252781 ], [ -121.611770132520093, 38.335656942821473 ], [ -121.610961648955922, 38.336285763219884 ], [ -121.610961648602398, 38.336645090000957 ], [ -121.6109616487241, 38.337184078633321 ], [ -121.611770132357833, 38.337543405308004 ], [ -121.61177013289273, 38.337723068496032 ], [ -121.610602322554357, 38.338351889197014 ], [ -121.610602322691548, 38.340777341308588 ], [ -121.609973501813116, 38.343741780894263 ], [ -121.609704007882584, 38.344190938329106 ], [ -121.608446366187906, 38.344011275303494 ] ], [ [ -121.61060232242265, 38.337453573923824 ], [ -121.610242996463256, 38.337453573305105 ], [ -121.610332828114977, 38.33772306873999 ], [ -121.610602322988058, 38.33772306830506 ], [ -121.61060232242265, 38.337453573923824 ] ], [ [ -121.609344681170356, 38.33754340521093 ], [ -121.609075186551976, 38.337453573417605 ], [ -121.609075186458568, 38.337543404848368 ], [ -121.609344681170356, 38.33754340521093 ] ] ] } },
{ "type": "Feature", "properties": { "csb_id": "061825015522236", "acres": 2.9998036088064701, "geoid": "06113" }, "geometry": { "type": "Polygon", "coordinates": [ [ [ -121.602517485711488, 38.331165366575313 ], [ -121.60341580006066, 38.331165366470003 ], [ -121.603415800580692, 38.331434860868605 ], [ -121.602786979978404, 38.331434861165192 ], [ -121.602786979610784, 38.331704356182698 ], [ -121.603685295296316, 38.331704356156642 ], [ -121.60368529487738, 38.332063681912686 ], [ -121.601888664158594, 38.33206368171988 ], [ -121.601619170078592, 38.331704355851947 ], [ -121.601619169972793, 38.331434860924304 ], [ -121.6025174854678, 38.331434861358964 ], [ -121.602517485711488, 38.331165366575313 ] ] ] } },
{ "type": "Feature", "properties": { "csb_id": "061825015522244", "acres": 6.0480319239454197, "geoid": "06113" }, "geometry": { "type": "Polygon", "coordinates": [ [ [ -121.690821877194537, 38.331524692418064 ], [ -121.690821878024565, 38.331255197666394 ], [ -121.691181203651908, 38.330895871634475 ], [ -121.691450698819054, 38.330895871954489 ], [ -121.691450697884832, 38.331255197991709 ], [ -121.69172019325805, 38.331255197959599 ], [ -121.691720192447193, 38.329458567470475 ], [ -121.691989687406831, 38.329458567376108 ], [ -121.692618507814828, 38.330356882968282 ], [ -121.692349013563145, 38.331524693074982 ], [ -121.692618507900235, 38.331794187490722 ], [ -121.692618508618082, 38.332423007578541 ], [ -121.692079519005873, 38.332423007984225 ], [ -121.691720192704793, 38.332153513812095 ], [ -121.691720193191287, 38.331524692327967 ], [ -121.690821877194537, 38.331524692418064 ] ] ] } },
{ "type": "Feature", "properties": { "csb_id": "061825015522245", "acres": 445.11956906254602, "geoid": "06113" }, "geometry": { "type": "Polygon", "coordinates": [ [ [ -121.629197449316621, 38.344280769821744 ], [ -121.620843116910365, 38.344370601605931 ], [ -121.620214296898823, 38.344011275434021 ], [ -121.619854969617819, 38.344011275031725 ], [ -121.619854970755725, 38.344370601398289 ], [ -121.616621035221854, 38.344280770002761 ], [ -121.61635154022575, 38.344101106391669 ], [ -121.615992214510854, 38.344280769913908 ], [ -121.614195584197148, 38.344101106284292 ], [ -121.613566763628327, 38.34428076938989 ], [ -121.612758279340667, 38.344280770146369 ], [ -121.612668448074359, 38.344011274721765 ], [ -121.61212945922405, 38.344011274936094 ], [ -121.612129458408475, 38.344280769800058 ], [ -121.611500637593096, 38.34428076991739 ], [ -121.611500638183045, 38.344011274668524 ], [ -121.610871817258797, 38.34401127486457 ], [ -121.610871817700286, 38.34428076940079 ], [ -121.610602322556232, 38.3442807699752 ], [ -121.610242996451277, 38.344011275524153 ], [ -121.610242996897568, 38.343741780362187 ], [ -121.610602322231216, 38.343741780276993 ], [ -121.610871817476649, 38.343112959976331 ], [ -121.611500636804948, 38.341046834868273 ], [ -121.611500637461873, 38.339519698510095 ], [ -121.611231143478633, 38.33951969839012 ], [ -121.611231143138824, 38.339250204416729 ], [ -121.61150063814344, 38.338980709847377 ], [ -121.611770132682054, 38.33898070976192 ], [ -121.611770132541693, 38.338082394245063 ], [ -121.612129459469259, 38.338082394555926 ], [ -121.612129458579162, 38.337184079148038 ], [ -121.61239895301108, 38.337184079077318 ], [ -121.613297268823459, 38.336555258468948 ], [ -121.613566763247192, 38.335926437407757 ], [ -121.614195584205959, 38.335297616384686 ], [ -121.614195584143076, 38.33475862725205 ], [ -121.614465078503272, 38.33475862724967 ], [ -121.614465078831643, 38.334399301409945 ], [ -121.615722720385705, 38.334399301894592 ], [ -121.615722720065293, 38.3341298071092 ], [ -121.615363393399349, 38.334129807482462 ], [ -121.615363394397974, 38.333860312693488 ], [ -121.615992214326454, 38.332961997162847 ], [ -121.616082046446678, 38.331794187262659 ], [ -121.615992214143944, 38.331165366635375 ], [ -121.615363394365247, 38.331165366745999 ], [ -121.615363393636386, 38.330806040130149 ], [ -121.616890529466133, 38.33053654555318 ], [ -121.617788845070862, 38.330536545945236 ], [ -121.617788844568381, 38.330806040721562 ], [ -121.618417665575024, 38.330806040251893 ], [ -121.618417666303145, 38.330536545860333 ], [ -121.622999073957303, 38.330536545638495 ], [ -121.623268568564512, 38.330806040464225 ], [ -121.623538062783808, 38.330806040658679 ], [ -121.623538062599636, 38.331165366753915 ], [ -121.623178737378112, 38.331165366827328 ], [ -121.622280421267007, 38.331704356188695 ], [ -121.622280421084596, 38.332333176344818 ], [ -121.622639747941619, 38.33260267080778 ], [ -121.623178737184162, 38.332961997026224 ], [ -121.623807557938733, 38.332961997066491 ], [ -121.623807557917061, 38.332602670765517 ], [ -121.625334693133894, 38.332602671548955 ], [ -121.625604188270003, 38.333051828657176 ], [ -121.62722115609472, 38.334219638991485 ], [ -121.628029639309645, 38.334578964307681 ], [ -121.628029639430636, 38.334848459517886 ], [ -121.629197449497866, 38.334848459421593 ], [ -121.629287280135387, 38.335117953586767 ], [ -121.629826270265383, 38.33511795377661 ], [ -121.630095764779441, 38.335297616744128 ], [ -121.630095764346052, 38.339519698520306 ], [ -121.629466944411348, 38.339519699015469 ], [ -121.629466943774474, 38.33925020377464 ], [ -121.628927954579666, 38.338621383632471 ], [ -121.628299133551749, 38.338621383737738 ], [ -121.628299133982296, 38.338980709912818 ], [ -121.627670313333738, 38.3389807097683 ], [ -121.627670313446984, 38.338621383208697 ], [ -121.627131323976258, 38.338621383675786 ], [ -121.627131324564459, 38.338980709522296 ], [ -121.626502503535576, 38.338980709043888 ], [ -121.626502503798918, 38.338621383672681 ], [ -121.625873682318144, 38.338621383510649 ], [ -121.625873682931896, 38.338980709888666 ], [ -121.625334693284444, 38.338980709364009 ], [ -121.625334693082451, 38.338621383461344 ], [ -121.624975367255686, 38.338351889252742 ], [ -121.624705872975468, 38.338351889082993 ], [ -121.624705872642167, 38.338621383587537 ], [ -121.622639747770563, 38.338621383708549 ], [ -121.622639747280829, 38.33835188914771 ], [ -121.622010926776738, 38.33835188896439 ], [ -121.62201092718449, 38.338621383049968 ], [ -121.621382105910087, 38.33862138395218 ], [ -121.621382106389945, 38.338351889244358 ], [ -121.62084311638003, 38.338351888617069 ], [ -121.620214295968594, 38.33898070925207 ], [ -121.620214295962185, 38.339250203861383 ], [ -121.620483791269436, 38.339250204173062 ], [ -121.620483790286642, 38.3398790246884 ], [ -121.620214296318338, 38.339879024523825 ], [ -121.620214296668067, 38.340777339757672 ], [ -121.622909242392225, 38.340777340026712 ], [ -121.62290924275807, 38.341046834794454 ], [ -121.625334693237562, 38.341046834832937 ], [ -121.625334694099536, 38.341316329540945 ], [ -121.625604188197684, 38.341046834666557 ], [ -121.626502503032683, 38.341046835147999 ], [ -121.626771997538, 38.340777340201264 ], [ -121.626771997287719, 38.340418013762829 ], [ -121.626233009025142, 38.340418013699392 ], [ -121.625873682238705, 38.340148519760589 ], [ -121.625873682431674, 38.339519698822031 ], [ -121.626771998236833, 38.339519698692513 ], [ -121.627670312941078, 38.339250203824093 ], [ -121.62802963931928, 38.339519698637154 ], [ -121.628029639478157, 38.340418013979892 ], [ -121.627670313378573, 38.340418013988277 ], [ -121.627670312872681, 38.341046834550575 ], [ -121.628029639637063, 38.341316329284894 ], [ -121.629826270208895, 38.34131632928726 ], [ -121.629826269673799, 38.341046834691376 ], [ -121.63009576467897, 38.341046834858666 ], [ -121.630095764413355, 38.343112960091744 ], [ -121.629826270263933, 38.343741780589859 ], [ -121.629197449316621, 38.344280769821744 ] ], [ [ -121.623627894766656, 38.333051828800414 ], [ -121.622999073550289, 38.333051828701691 ], [ -121.62299907424584, 38.333321323569095 ], [ -121.622100758942565, 38.333321323341622 ], [ -121.622100757897499, 38.333051828327235 ], [ -121.621471937223362, 38.333051828637068 ], [ -121.62147193818646, 38.333321323176143 ], [ -121.620843117547622, 38.333321323473911 ], [ -121.620573622321288, 38.333590817987144 ], [ -121.620304128129234, 38.333950143770863 ], [ -121.620304127339381, 38.334219638682825 ], [ -121.620843116977454, 38.33457896493384 ], [ -121.623627894461066, 38.33457896478928 ], [ -121.623627894766656, 38.333051828800414 ] ] ] } },
{ "type": "Feature", "properties": { "csb_id": "061825015522289", "acres": 20.9796719905221, "geoid": "06113" }, "geometry": { "type": "Polygon", "coordinates": [ [ [ -121.622999073957303, 38.330536545638495 ], [ -121.618417666303145, 38.330536545860333 ], [ -121.618417665575024, 38.330806040251893 ], [ -121.617788844568381, 38.330806040721562 ], [ -121.617788845070862, 38.330536545945236 ], [ -121.616890529466133, 38.33053654555318 ], [ -121.615093898889668, 38.330806040651531 ], [ -121.614824405291657, 38.330356883030525 ], [ -121.614195583885021, 38.329907725277856 ], [ -121.614195583297032, 38.329638230760509 ], [ -121.615992213961462, 38.329368735947526 ], [ -121.616621035283131, 38.329368736413571 ], [ -121.616621034946505, 38.329638230255242 ], [ -121.619315980846906, 38.329638230249465 ], [ -121.619315981194276, 38.329458567488935 ], [ -121.620843117006615, 38.329458567364966 ], [ -121.620843117056992, 38.329638230838327 ], [ -121.621202442976809, 38.329638230289007 ], [ -121.621741432093927, 38.329368735680745 ], [ -121.621741431551158, 38.329009409734518 ], [ -121.622010926352146, 38.329009409891214 ], [ -121.622010927100803, 38.329368736075082 ], [ -121.622280421562138, 38.329907724995628 ], [ -121.622909242066257, 38.329907725022025 ], [ -121.622999073957303, 38.330536545638495 ] ] ] } },
{ "type": "Feature", "properties": { "csb_id": "061825015522371", "acres": 28.3155645220452, "geoid": "06113" }, "geometry": { "type": "Polygon", "coordinates": [ [ [ -121.616621034946505, 38.329638230255242 ], [ -121.616621035283131, 38.329368736413571 ], [ -121.615992213961462, 38.329368735947526 ], [ -121.614195583297032, 38.329638230760509 ], [ -121.614195584048829, 38.329009409444168 ], [ -121.613926089525606, 38.329009409692482 ], [ -121.613926089336786, 38.327572105681298 ], [ -121.61482440500653, 38.326673790386828 ], [ -121.615453225201392, 38.326673791211093 ], [ -121.615453225562675, 38.326404295461828 ], [ -121.616261708564949, 38.326314463932974 ], [ -121.616261708930281, 38.326673790720584 ], [ -121.616710866938121, 38.326673790333238 ], [ -121.616710866660455, 38.327033115869519 ], [ -121.61698036114953, 38.327033116309501 ], [ -121.617249855383946, 38.32730261050768 ], [ -121.61724985557079, 38.32793143170769 ], [ -121.618507497056214, 38.327931431922373 ], [ -121.618776991903729, 38.328200926383225 ], [ -121.618776991695796, 38.32882974672841 ], [ -121.619046486844468, 38.329368736185621 ], [ -121.619315981194276, 38.329458567488935 ], [ -121.619315980846906, 38.329638230249465 ], [ -121.616621034946505, 38.329638230255242 ] ] ] } },
{ "type": "Feature", "properties": { "csb_id": "061825015522372", "acres": 247.17553142615901, "geoid": "06113" }, "geometry": { "type": "Polygon", "coordinates": [ [ [ -121.586078315379709, 38.342753633884065 ], [ -121.585488620657557, 38.342624676496925 ], [ -121.585180000621392, 38.342304476419436 ], [ -121.584191854071634, 38.342304476245481 ], [ -121.582664718050765, 38.341675655722099 ], [ -121.582395223280514, 38.341316329285178 ], [ -121.58239522282291, 38.339879024565867 ], [ -121.582664716152522, 38.339879025334611 ], [ -121.582664717770911, 38.337453573364613 ], [ -121.583563032455615, 38.336375594998543 ], [ -121.584191853619984, 38.3359264374972 ], [ -121.584730842090877, 38.333500986058631 ], [ -121.585629157815376, 38.331434860819002 ], [ -121.58607831574227, 38.330806040329094 ], [ -121.586886799197131, 38.330267050896069 ], [ -121.586886799563842, 38.329368735965225 ], [ -121.587156294439794, 38.32900940987728 ], [ -121.5871562936412, 38.328739915275563 ], [ -121.586288156062537, 38.327092769648715 ], [ -121.586347810045169, 38.326404295765052 ], [ -121.586527473443525, 38.326404295630716 ], [ -121.586617304519493, 38.326673789980148 ], [ -121.587785114654793, 38.327033116413588 ], [ -121.588952924513961, 38.32784160043613 ], [ -121.589851239631855, 38.327841600774235 ], [ -121.589851239689366, 38.328111095804175 ], [ -121.590120733574267, 38.32847042043182 ], [ -121.590839386369467, 38.329099241270825 ], [ -121.592276690851449, 38.329728062147694 ], [ -121.592546185816744, 38.329997556943276 ], [ -121.592995342939545, 38.329997556972494 ], [ -121.592995343407424, 38.332333176227195 ], [ -121.591108881281784, 38.332423008194027 ], [ -121.591108881390554, 38.332602670913744 ], [ -121.590480060052144, 38.332602671112696 ], [ -121.590480060671055, 38.333231491271093 ], [ -121.590839386307636, 38.333590817707723 ], [ -121.592007197087511, 38.33350098661564 ], [ -121.592546185255031, 38.333860312090607 ], [ -121.592636017084274, 38.33359081785558 ], [ -121.592995342664295, 38.333590817820863 ], [ -121.59299534348979, 38.334578964366273 ], [ -121.592905511822948, 38.335028122498592 ], [ -121.592546185081673, 38.335028121944077 ], [ -121.592546185776897, 38.335656943008431 ], [ -121.592905511641561, 38.335656942555055 ], [ -121.592815679984966, 38.338621383070404 ], [ -121.592636017235634, 38.339340035183142 ], [ -121.592815680282484, 38.340238350541682 ], [ -121.592007196744262, 38.339879024781666 ], [ -121.590120734440802, 38.339879024452365 ], [ -121.590120733992066, 38.339519698366701 ], [ -121.587785114648938, 38.339519698611724 ], [ -121.58742578869483, 38.339879024754467 ], [ -121.587425788623605, 38.340418013514352 ], [ -121.587156294110926, 38.340777340525122 ], [ -121.586886798674271, 38.341046834489873 ], [ -121.586257978527826, 38.341046834455796 ], [ -121.586257978562642, 38.341316329282179 ], [ -121.586886799904235, 38.34131632955355 ], [ -121.586886799728106, 38.341945149536926 ], [ -121.586527472942961, 38.342214644217556 ], [ -121.58652747269187, 38.342663802344141 ], [ -121.586078315379709, 38.342753633884065 ] ] ] } },
{ "type": "Feature", "properties": { "csb_id": "061825015522415", "acres": 378.06050816017699, "geoid": "06113" }, "geometry": { "type": "Polygon", "coordinates": [ [ [ -121.60521243114222, 38.334758627747483 ], [ -121.602786980830388, 38.334758628872358 ], [ -121.602517484978662, 38.334578964550474 ], [ -121.601888664359223, 38.334758627492043 ], [ -121.601888664341061, 38.33502812261321 ], [ -121.600990349565265, 38.335028121938265 ], [ -121.600990349541291, 38.334758627529425 ], [ -121.599463213299487, 38.334758628034507 ], [ -121.599463213614101, 38.334399301202723 ], [ -121.599732708280115, 38.334129807294758 ], [ -121.599732708053665, 38.333231491539777 ], [ -121.599193719272193, 38.332602671278842 ], [ -121.599193718549273, 38.332333176542683 ], [ -121.600092033821284, 38.332333176719018 ], [ -121.600092034561072, 38.332063681889487 ], [ -121.599193718939588, 38.332063681565458 ], [ -121.599193718654121, 38.331704356021035 ], [ -121.599463212808303, 38.331704355991363 ], [ -121.599463213322579, 38.331434860768326 ], [ -121.598834392802971, 38.331434861204841 ], [ -121.598834392872561, 38.334758627932686 ], [ -121.599193718567363, 38.334758627647304 ], [ -121.599193719290312, 38.335028122351538 ], [ -121.5970377621246, 38.335028122080772 ], [ -121.596498773416101, 38.335297617985617 ], [ -121.595869952176542, 38.335297616728553 ], [ -121.595869952189645, 38.33547728007678 ], [ -121.595690289120157, 38.335477279796599 ], [ -121.59569028843346, 38.335297616685722 ], [ -121.595600457585405, 38.335477279558042 ], [ -121.593803826356933, 38.335477279637438 ], [ -121.59380382718733, 38.335656942657167 ], [ -121.593175006174803, 38.335656943579941 ], [ -121.593264838146965, 38.330806040717121 ], [ -121.593444500302823, 38.330806040445708 ], [ -121.593264837205481, 38.328470420482851 ], [ -121.59344450064124, 38.326044969408372 ], [ -121.593803827200659, 38.325775474646875 ], [ -121.613027773992158, 38.325865306318889 ], [ -121.613297268555101, 38.326314463758777 ], [ -121.613027773905927, 38.326314464177081 ], [ -121.613027774418356, 38.327841599720209 ], [ -121.61239895356178, 38.329638230848488 ], [ -121.612129458254898, 38.329997556729026 ], [ -121.612129458552616, 38.330267051536119 ], [ -121.612398953928476, 38.330267051399161 ], [ -121.612398953794823, 38.330536545580188 ], [ -121.61185996399459, 38.330895872383294 ], [ -121.611859964416254, 38.331165366940795 ], [ -121.6115006382378, 38.331434860790509 ], [ -121.611231143144636, 38.331434861686716 ], [ -121.61123114361051, 38.331165366510433 ], [ -121.610602322921551, 38.331165366543118 ], [ -121.610602322373722, 38.331434861244276 ], [ -121.61033282858476, 38.331704356114933 ], [ -121.610332828185634, 38.332063681403689 ], [ -121.609434512387836, 38.33233317643824 ], [ -121.609793838522492, 38.332602670745821 ], [ -121.60970400729417, 38.332961996766386 ], [ -121.608446366264843, 38.333231492928029 ], [ -121.607548051497602, 38.333231492069721 ], [ -121.606739567652525, 38.333590818152857 ], [ -121.60664973586465, 38.33439930181337 ], [ -121.606110746687278, 38.334399301893207 ], [ -121.606110746908286, 38.334129807116518 ], [ -121.605481925752997, 38.334129807126942 ], [ -121.6053022622268, 38.334219638242125 ], [ -121.60521243114222, 38.334758627747483 ] ], [ [ -121.608536197542804, 38.332961996791525 ], [ -121.608805692634277, 38.333051828802247 ], [ -121.608805691944227, 38.332961997589457 ], [ -121.608536197542804, 38.332961996791525 ] ], [ [ -121.60368529487738, 38.332063681912686 ], [ -121.603685295296316, 38.331704356156642 ], [ -121.602786979610784, 38.331704356182698 ], [ -121.602786979978404, 38.331434861165192 ], [ -121.603415800580692, 38.331434860868605 ], [ -121.60341580006066, 38.331165366470003 ], [ -121.602517485711488, 38.331165366575313 ], [ -121.6025174854678, 38.331434861358964 ], [ -121.601619169972793, 38.331434860924304 ], [ -121.601619170078592, 38.331704355851947 ], [ -121.601888664158594, 38.33206368171988 ], [ -121.60368529487738, 38.332063681912686 ] ] ] } },
{ "type": "Feature", "properties": { "csb_id": "061825015522448", "acres": 178.71547383720201, "geoid": "06113" }, "geometry": { "type": "Polygon", "coordinates": [ [ [ -121.629287280135387, 38.335117953586767 ], [ -121.629197449497866, 38.334848459421593 ], [ -121.628568629075346, 38.334848459345181 ], [ -121.628658459521304, 38.333590817506206 ], [ -121.628388965630094, 38.333051828725168 ], [ -121.628119471221808, 38.333051828181723 ], [ -121.628119470559383, 38.333321323649713 ], [ -121.627760144143949, 38.333321323074074 ], [ -121.627760144993488, 38.332692502041368 ], [ -121.626592334641018, 38.332692502356572 ], [ -121.626592335343588, 38.332423008068716 ], [ -121.626861829552325, 38.332423007804898 ], [ -121.6268618299965, 38.331794187548184 ], [ -121.626592334843892, 38.331524692505333 ], [ -121.625694019127693, 38.331524692753675 ], [ -121.625694019393308, 38.331165366245763 ], [ -121.625065199023936, 38.330895872206185 ], [ -121.624526210306371, 38.330895872283158 ], [ -121.624526209890732, 38.331255197607554 ], [ -121.62479570445538, 38.331255198101907 ], [ -121.624795704448374, 38.331794187292864 ], [ -121.623538062879902, 38.331704355765901 ], [ -121.623268568174453, 38.331165366321812 ], [ -121.623538062599636, 38.331165366753915 ], [ -121.623538062783808, 38.330806040658679 ], [ -121.622999074086607, 38.330626376985897 ], [ -121.622909242066257, 38.329907725022025 ], [ -121.622280421562138, 38.329907724995628 ], [ -121.622010927100803, 38.329368736075082 ], [ -121.622010926352146, 38.329009409891214 ], [ -121.621741431551158, 38.329009409734518 ], [ -121.621471938280607, 38.3284704227544 ], [ -121.621741432730531, 38.327661937154545 ], [ -121.622100758307667, 38.327661936617403 ], [ -121.622100758915721, 38.327033116551704 ], [ -121.621382106622789, 38.327033116282259 ], [ -121.62120244323161, 38.326763623322464 ], [ -121.619944802388346, 38.326763623323693 ], [ -121.619944802623323, 38.327302612386674 ], [ -121.619585475494361, 38.327572105304554 ], [ -121.619585475983214, 38.327212779506759 ], [ -121.618687160579256, 38.327212779584258 ], [ -121.617249855893306, 38.326763621806592 ], [ -121.616261708930281, 38.326673790720584 ], [ -121.616261708564949, 38.326314463932974 ], [ -121.615453225562675, 38.326404295461828 ], [ -121.615453225201392, 38.326673791211093 ], [ -121.615093898865311, 38.326673790184799 ], [ -121.615093899762925, 38.326314464347526 ], [ -121.615722720193787, 38.325775475009095 ], [ -121.615722720273524, 38.324787328292771 ], [ -121.630095764208747, 38.324877159177831 ], [ -121.63036525899642, 38.325146654431038 ], [ -121.630365259313024, 38.325865306134148 ], [ -121.630365259181687, 38.326763621764066 ], [ -121.630185596305012, 38.327212778852257 ], [ -121.630275427713471, 38.3299077252655 ], [ -121.630095764594714, 38.330267050914621 ], [ -121.630095764675985, 38.33502812269338 ], [ -121.629287280135387, 38.335117953586767 ] ], [ [ -121.624077052628536, 38.326943284816778 ], [ -121.62353806337228, 38.326943285023255 ], [ -121.623538063512427, 38.32721277958828 ], [ -121.624077052213337, 38.327212778997144 ], [ -121.624077052628536, 38.326943284816778 ] ], [ [ -121.622639747170638, 38.327212779112003 ], [ -121.622639748101648, 38.326943285022281 ], [ -121.62228042147207, 38.326943284407072 ], [ -121.622280421755875, 38.327212778881432 ], [ -121.622639747170638, 38.327212779112003 ] ] ] } },
{ "type": "Feature", "properties": { "csb_id": "061825015522648", "acres": 4.0261912441166503, "geoid": "06113" }, "geometry": { "type": "Polygon", "coordinates": [ [ [ -121.618687160626095, 38.320026257160308 ], [ -121.618687160490353, 38.319397436765776 ], [ -121.618956654548754, 38.318858447528648 ], [ -121.619585475954338, 38.318858446928459 ], [ -121.619854970442574, 38.319756762013711 ], [ -121.620214296406218, 38.319756762347986 ], [ -121.620483790624235, 38.320026257506015 ], [ -121.620483791299378, 38.320295751511459 ], [ -121.618956654870601, 38.320295751892644 ], [ -121.618956654733381, 38.320026257117753 ], [ -121.618687160626095, 38.320026257160308 ] ] ] } },
{ "type": "Feature", "properties": { "csb_id": "061825015522684", "acres": 47.753540407058601, "geoid": "06113" }, "geometry": { "type": "Polygon", "coordinates": [ [ [ -121.622280421726416, 38.320295751920973 ], [ -121.620483791299378, 38.320295751511459 ], [ -121.620483790624235, 38.320026257506015 ], [ -121.620214296406218, 38.319756762347986 ], [ -121.619854970442574, 38.319756762013711 ], [ -121.619585475954338, 38.318858446928459 ], [ -121.618956654548754, 38.318858447528648 ], [ -121.618687160490353, 38.319397436765776 ], [ -121.618687160626095, 38.320026257160308 ], [ -121.618956654733381, 38.320026257117753 ], [ -121.618956654870601, 38.320295751892644 ], [ -121.617519350687104, 38.320295751443915 ], [ -121.617519351026885, 38.32065507781207 ], [ -121.616621035407661, 38.320655079047441 ], [ -121.616261709543679, 38.3206550774375 ], [ -121.615992214623517, 38.320295752889777 ], [ -121.615722720259228, 38.320295751834308 ], [ -121.61572271993883, 38.320026256855506 ], [ -121.615453224952617, 38.320026257404528 ], [ -121.615453225621351, 38.319756762421903 ], [ -121.615722720233421, 38.319756763592729 ], [ -121.615992214378537, 38.31939743663348 ], [ -121.615992214489523, 38.319127942264124 ], [ -121.615722719959365, 38.319127942158936 ], [ -121.615722719626092, 38.318588953023962 ], [ -121.615992214515032, 38.318319458273038 ], [ -121.615992214614536, 38.317331311316238 ], [ -121.616261707794749, 38.316702490854553 ], [ -121.616890528808781, 38.316702490918956 ], [ -121.616890528297347, 38.317061816881015 ], [ -121.618058339798978, 38.317061816475551 ], [ -121.61805833917272, 38.31733131167789 ], [ -121.619315981426283, 38.317331310983221 ], [ -121.619315980656381, 38.317600806272161 ], [ -121.618956655226313, 38.317600805451988 ], [ -121.618956655306761, 38.317960131577522 ], [ -121.619854969939027, 38.317960132372477 ], [ -121.620214296315638, 38.318229626560871 ], [ -121.620214296309229, 38.318499121452042 ], [ -121.620483790801146, 38.318499121412678 ], [ -121.620483790931431, 38.318229626283824 ], [ -121.620843117329898, 38.318229626795116 ], [ -121.620843116655735, 38.317600806215736 ], [ -121.621382106148147, 38.317600805902444 ], [ -121.621382106302221, 38.317061817006625 ], [ -121.621112611403433, 38.317061816525033 ], [ -121.621112611002232, 38.316522827228759 ], [ -121.6220109267515, 38.316522827721819 ], [ -121.622010926453825, 38.317061816723935 ], [ -121.623178737058723, 38.318858447486448 ], [ -121.623538063262572, 38.319127942010745 ], [ -121.623538063402719, 38.319397436685577 ], [ -121.622909242130078, 38.319756762651899 ], [ -121.622639747900351, 38.320655077477994 ], [ -121.622280421726416, 38.320295751920973 ] ] ] } },
{ "type": "Feature", "properties": { "csb_id": "061825015522714", "acres": 203.967427798698, "geoid": "06113" }, "geometry": { "type": "Polygon", "coordinates": [ [ [ -121.630365259107379, 38.324517833160506 ], [ -121.628927954339218, 38.32451783372759 ], [ -121.62892795482631, 38.32469749674906 ], [ -121.616980360788844, 38.324607664842645 ], [ -121.616890529636237, 38.323889012970461 ], [ -121.61581255143831, 38.3236195180164 ], [ -121.615992213943514, 38.323439855151861 ], [ -121.616261707794933, 38.323439855412801 ], [ -121.616261707679314, 38.322721203430845 ], [ -121.618058339153436, 38.322721202984809 ], [ -121.618148171147169, 38.320744909016845 ], [ -121.617519351026885, 38.32065507781207 ], [ -121.617519350687104, 38.320295751443915 ], [ -121.622280421726416, 38.320295751920973 ], [ -121.622639747900351, 38.320655077477994 ], [ -121.622909242130078, 38.319756762651899 ], [ -121.623538063402719, 38.319397436685577 ], [ -121.623538063262572, 38.319127942010745 ], [ -121.623178737058723, 38.318858447486448 ], [ -121.622010926453825, 38.317061816723935 ], [ -121.622010926410624, 38.316432995686228 ], [ -121.62263974747431, 38.316432996397701 ], [ -121.62263974778736, 38.316253332709898 ], [ -121.623538063141737, 38.316163500953422 ], [ -121.624077051791758, 38.316253333290597 ], [ -121.624077052154405, 38.316432995733862 ], [ -121.624975367201031, 38.316432995779103 ], [ -121.624975366866337, 38.316253332860526 ], [ -121.626502503744675, 38.316163500829987 ], [ -121.628927955105524, 38.316432995789562 ], [ -121.629826270181667, 38.3158041759458 ], [ -121.630095764390731, 38.315804175008026 ], [ -121.630455090885178, 38.317061816957356 ], [ -121.630455090144991, 38.320295752087333 ], [ -121.630095764155726, 38.321014403808306 ], [ -121.630095764670259, 38.321553393148022 ], [ -121.630365258983318, 38.322092382258688 ], [ -121.630455090600577, 38.324248338426187 ], [ -121.630365259107379, 38.324517833160506 ] ], [ [ -121.617878676038885, 38.324338170081056 ], [ -121.617788845371052, 38.324248338363454 ], [ -121.617788845306094, 38.324338170271325 ], [ -121.617878676038885, 38.324338170081056 ] ], [ [ -121.627490649948712, 38.319217773375158 ], [ -121.627490649767154, 38.318588952600876 ], [ -121.628119470272878, 38.318588952498246 ], [ -121.628119470743215, 38.317690637651005 ], [ -121.626322839983658, 38.317690637176533 ], [ -121.626322840261764, 38.318049963550067 ], [ -121.625963513965587, 38.318049963478444 ], [ -121.625963514601693, 38.318319458112548 ], [ -121.626322840525134, 38.31858895266739 ], [ -121.626592335200897, 38.318588952233092 ], [ -121.626592334790402, 38.318319457987556 ], [ -121.62722115509662, 38.318319458324957 ], [ -121.627221155688659, 38.319217773344874 ], [ -121.627490649948712, 38.319217773375158 ] ] ] } },
{ "type": "Feature", "properties": { "csb_id": "061825015522715", "acres": 10.2206863843218, "geoid": "06113" }, "geometry": { "type": "Polygon", "coordinates": [ [ [ -121.620214296309229, 38.318499121452042 ], [ -121.620214296315638, 38.318229626560871 ], [ -121.619854969939027, 38.317960132372477 ], [ -121.618956655306761, 38.317960131577522 ], [ -121.618956655226313, 38.317600805451988 ], [ -121.619315980656381, 38.317600806272161 ], [ -121.619315981426283, 38.317331310983221 ], [ -121.61805833917272, 38.31733131167789 ], [ -121.618058339798978, 38.317061816475551 ], [ -121.618417666120806, 38.317061816389923 ], [ -121.618417665339024, 38.316702490959756 ], [ -121.618687160570602, 38.316522827109985 ], [ -121.619854969957942, 38.316522827704162 ], [ -121.619854970170167, 38.316253333021862 ], [ -121.621382105823074, 38.316253333322209 ], [ -121.621382106148729, 38.31652282723509 ], [ -121.621112611002232, 38.316522827228759 ], [ -121.621112611403433, 38.317061816525033 ], [ -121.621382106302221, 38.317061817006625 ], [ -121.621382106148147, 38.317600805902444 ], [ -121.620843116655735, 38.317600806215736 ], [ -121.620843117329898, 38.318229626795116 ], [ -121.620483790931431, 38.318229626283824 ], [ -121.620483790801146, 38.318499121412678 ], [ -121.620214296309229, 38.318499121452042 ] ] ] } },
{ "type": "Feature", "properties": { "csb_id": "061825015522808", "acres": 15.1574071202088, "geoid": "06113" }, "geometry": { "type": "Polygon", "coordinates": [ [ [ -121.624795704896968, 38.31535501763053 ], [ -121.624795703686246, 38.314995691148319 ], [ -121.624526210143088, 38.314726196528291 ], [ -121.62416688403286, 38.314726196492465 ], [ -121.624166884254961, 38.314995691706585 ], [ -121.623268568487163, 38.314995691516152 ], [ -121.623178737080082, 38.314726197260796 ], [ -121.622639747998392, 38.314636365550939 ], [ -121.622639747326815, 38.314097376624659 ], [ -121.623538062635873, 38.314007544789007 ], [ -121.623807557942456, 38.313109229141773 ], [ -121.625604188045173, 38.3131092296031 ], [ -121.626233008410892, 38.313738049705179 ], [ -121.626502503822792, 38.313738051062195 ], [ -121.626502503903595, 38.314007545374785 ], [ -121.626771997771201, 38.314007545756724 ], [ -121.626502502769853, 38.315175354333576 ], [ -121.626233008643325, 38.315355018010031 ], [ -121.625694019540603, 38.31535501802712 ], [ -121.625694019806161, 38.314995691216538 ], [ -121.62542452465533, 38.314995691674596 ], [ -121.625334693323452, 38.315624512308453 ], [ -121.625065198398232, 38.31562451236374 ], [ -121.624795704896968, 38.31535501763053 ] ] ] } },
{ "type": "Feature", "properties": { "csb_id": "061825015522834", "acres": 57.4295877967214, "geoid": "06113" }, "geometry": { "type": "Polygon", "coordinates": [ [ [ -121.5954207951158, 38.320385583375497 ], [ -121.592007196713425, 38.320475415028298 ], [ -121.591378376055914, 38.320295751985917 ], [ -121.591108881165496, 38.319397436497269 ], [ -121.591108880794039, 38.317960131760678 ], [ -121.59236652289691, 38.316163501425656 ], [ -121.592905511552814, 38.315804174916593 ], [ -121.592905511734159, 38.315175354218127 ], [ -121.593175006237431, 38.314905859901771 ], [ -121.593175006440092, 38.314007544537468 ], [ -121.593803826980647, 38.314007544899169 ], [ -121.594073321808082, 38.313738050612862 ], [ -121.594073321953346, 38.313468555732548 ], [ -121.594971636915005, 38.313378724633218 ], [ -121.595061469072846, 38.313738050323465 ], [ -121.595690289608058, 38.313827881532966 ], [ -121.595600457601563, 38.317960132063774 ], [ -121.595330963417524, 38.318499121300782 ], [ -121.595330962436023, 38.319127941859364 ], [ -121.595690289088296, 38.319397435948709 ], [ -121.595560278771927, 38.320225176058678 ], [ -121.5954207951158, 38.320385583375497 ] ] ] } },
{ "type": "Feature", "properties": { "csb_id": "061825015522859", "acres": 13.212065405013499, "geoid": "06113" }, "geometry": { "type": "Polygon", "coordinates": [ [ [ -121.621741432789278, 38.314277038866862 ], [ -121.619854969712847, 38.314007544324326 ], [ -121.619854970515519, 38.313378724166363 ], [ -121.620483791094529, 38.313378723940694 ], [ -121.621112611389492, 38.312839734772588 ], [ -121.621112612053821, 38.312210914155308 ], [ -121.622280421926888, 38.312210913997873 ], [ -121.623178737166739, 38.313109229310108 ], [ -121.623807557942456, 38.313109229141773 ], [ -121.623538062635873, 38.314007544789007 ], [ -121.622639747326815, 38.314097376624659 ], [ -121.622639747998392, 38.314636365550939 ], [ -121.622010926929406, 38.314636365348946 ], [ -121.621741432789278, 38.314277038866862 ] ] ] } },
{ "type": "Feature", "properties": { "csb_id": "061825015522880", "acres": 7.4432617670581296, "geoid": "06113" }, "geometry": { "type": "Polygon", "coordinates": [ [ [ -121.619854969712847, 38.314007544324326 ], [ -121.616710866625624, 38.314277039260695 ], [ -121.616621035006162, 38.313378724097362 ], [ -121.616351540810996, 38.313378724249183 ], [ -121.616351541118746, 38.313199061040507 ], [ -121.616890528856302, 38.313109230142402 ], [ -121.616890528407779, 38.312480409160919 ], [ -121.617519350036687, 38.312480408342033 ], [ -121.617519350683921, 38.3128397357222 ], [ -121.617788845546869, 38.313109230142899 ], [ -121.617788844737021, 38.313378724305807 ], [ -121.618687161312224, 38.313378724952358 ], [ -121.618687160879389, 38.313738050062923 ], [ -121.619315981577429, 38.313738050886158 ], [ -121.619315980851624, 38.313378724440405 ], [ -121.619854970515519, 38.313378724166363 ], [ -121.619854969712847, 38.314007544324326 ] ] ] } }
]
}
